archive_path	repository_source	bytes	sha256
ALIGNMENT_ACCESS.md	ALIGNMENT_ACCESS.md	1870	e50e6e40756ae4062823943822d6a4fd5d97a1e6049280111761bc0e97813ea5
CITATION.cff	CITATION.cff	680	7a08fda5c1294ad29954681b19dd16f5daf8114919367a9ead18c4993d6ea059
LICENSE	LICENSE	1097	05bbfe05241db2760a8c9901f564b8f6a944edba8da2e08ab6b3cf6ef1ca9bef
LICENSE_CONTENT.txt	LICENSE_CONTENT.txt	1209	63c1f92c7e4e2a96a24cf34328e7225c7234a7d0068e325e88bd1c56526243e7
LICENSING.md	LICENSING.md	2331	05320f998b9a74f5425380c4a244685d5b0a89076a205a21423d84aee625e31f
data/000_input_data/metadata.xlsx	data/000_input_data/metadata.xlsx	32718	24abc9cfb2479dda410daa2f23378b1062741efdbb8f703c6a591a9b766afee5
data/README.md	data/README.md	953	b983efaadad000e7320111bf7fe65ed7ad79f8d3528ddf6ea0374e1452b5baca
docs/CONCEPTS.md	docs/CONCEPTS.md	5743	ef0a2e061438e20119bffea98cfe370f724ec3f344661e4aa1d168278abdf328
docs/INSTALL.md	docs/INSTALL.md	4923	6af37c3771742630c6bf9d0f05cf8d01e9e61ab2b2f48cb3623b55366e7fc037
docs/METADATA.md	docs/METADATA.md	2455	15da219849d1db294685a4b216818d80dc777224470389b89345222d4b8cef4c
docs/NATIVE_R_VERIFICATION.md	docs/NATIVE_R_VERIFICATION.md	4472	ae96779ffbeb464a15991baa301795e638187dc88dc0089abdc237483a4d218d
docs/REPORTING_CRITERIA.md	docs/REPORTING_CRITERIA.md	4225	3ad9eebec9c9e55a55150214feeb3afd1cd95606b174ce33e9981d3117d4a852
docs/S6_SOURCE_MAP.md	docs/S6_SOURCE_MAP.md	3410	a654af2a658b851831677ef7d03b395304f824b0a5266f971c1a66afd11a07b5
docs/cli_parameters.tsv	docs/cli_parameters.tsv	35877	1febd7f9370566a168b677b5da81873fa39360a58d96e156a974d604ca1cd32b
docs/licensing_decision.json	docs/licensing_decision.json	867	df777e81f4910c288f5f43bd911ff91b5fe88eae1813af83cb64a1f9cada7736
docs/location_index_changes.tsv	docs/location_index_changes.tsv	31921	f361ca6157b7dab77cee0acdab766ca8ea92175b2d504627816da004aa433705
docs/native_R_verification/accepted_label_differences.tsv	docs/native_R_verification/accepted_label_differences.tsv	20312	51677a4a569ea49b67d046f92ce22c535e55143dc2fd5b635c9d072c48c29236
docs/native_R_verification/independent_comparison_summary.tsv	docs/native_R_verification/independent_comparison_summary.tsv	805	347f7aedb3705b4cd8a786fb6d1bf57bbf79094db6b52d529a3e4f50b3861121
docs/native_R_verification/native_reporting_verification.json	docs/native_R_verification/native_reporting_verification.json	5353	0987d48b59ab7a565038a05eb2ec202b5b173888515fb05435b67863cd4617c4
docs/native_R_verification/original_comparison_failures.tsv	docs/native_R_verification/original_comparison_failures.tsv	10435	2926201188ab56d6b4df0265641398787dee4c8b8d08d50ae1d617c86d6d2dc2
docs/native_R_verification/original_comparison_summary.tsv	docs/native_R_verification/original_comparison_summary.tsv	176	97183f566b5df802f51d1ce348d2ea238141338159069a1d23eb4599ff71e13e
docs/native_R_verification/original_release_check.zip	docs/native_R_verification/original_release_check.zip	235909	85b9c1e19c1e3984cf4095359b235e60b792296eef3436799af02db79ba2a63a
docs/native_R_verification/original_release_check_summary.txt	docs/native_R_verification/original_release_check_summary.txt	167	5b04dfff7ab9b19f00b7560b673bf797b7e766d60e8b0139f04d62e0eb956bfa
docs/native_R_verification/original_reporting_package_versions.tsv	docs/native_R_verification/original_reporting_package_versions.tsv	70	d03d529acb13a034856ef72a1dc80fed8ae419c0e78dd561488756306c789bad
docs/native_R_verification/original_session_info.txt	docs/native_R_verification/original_session_info.txt	731	aa48aab3b8bb9ad028794c89f0b6e687d745f4d1d4afa146ebf350b16a31bc54
docs/native_R_verification/original_verification_log.txt	docs/native_R_verification/original_verification_log.txt	2344	b86874c579f497e713504c98960587396b8da734973269c335c1b9ebae91ce93
docs/native_R_verification/preview_relationships.json	docs/native_R_verification/preview_relationships.json	4573	20009437c7ad72f784afeef7c77cf6c871b462063577a68bb13d58df88e41fc2
docs/reporting_criteria_diagnostic.tsv	docs/reporting_criteria_diagnostic.tsv	6416	50697b6633fdf9252c3ca7562c10746eed35b08394f8ddc6403d333eb2a3a9dd
docs/runtime_version_evidence.tsv	docs/runtime_version_evidence.tsv	4826	78550fb9f088b6ba05f0cd10bfad42147c0d52ce5ed6a20093733e7d2b31c20c
docs/textual_output_changes.tsv	docs/textual_output_changes.tsv	3341	36e551a1b8ecb8f7a389ff0e79c8b45e844ca48cbb63aae237d89539dc3475d4
environment/benchmark_versions.tsv	environment/benchmark_versions.tsv	152	8a637361d79bc6baf7047a983661a53ef7ee71efe219bc31dc5c696fc33e77ab
environment/check_environment.R	environment/check_environment.R	1826	ada45c9d21f95abf68c8d7068e765464e1af612aa73de2f46029032b712e23f3
results/01_qc/label_consistency_by_og_phy.rds	results/01_qc/label_consistency_by_og_phy.rds	112859	6a3a66be8214583361ffcbb202ff111433a3fd863626d25bf024e68c61b30cc7
results/01_qc/label_consistency_by_og_phy.tsv	results/01_qc/label_consistency_by_og_phy.tsv	1892334	1aedee682b23b235fdd29c3c1c5530cf5299106048e3aa540c8c2c1e0b91ab42
results/01_qc/label_consistency_labels_not_in_metadata_phy.tsv	results/01_qc/label_consistency_labels_not_in_metadata_phy.tsv	431852	9fd09c8a42322dc0d821e36d56473b33f0cdc8a79c0be603a60b3d1a5e5e6063
results/01_qc/label_consistency_labels_not_in_metadata_unexpected_phy.tsv	results/01_qc/label_consistency_labels_not_in_metadata_unexpected_phy.tsv	24	e3102507f62a164b480ed0abd43d886810044195cdc4cb3a73f29fd8168692c2
results/01_qc/label_consistency_metadata_not_seen_phy.tsv	results/01_qc/label_consistency_metadata_not_seen_phy.tsv	555704	1e38215f73185a4d3b328f6cfe60b3addda9a6aaf5daa8db5cecdb045b101d8a
results/01_qc/label_consistency_report_phy.txt	results/01_qc/label_consistency_report_phy.txt	681	02496a9b5d714d6d4983d46791306dabd3438ec31eae8fb9762a62e5661f5559
results/01_qc/label_consistency_sample_summary_phy.rds	results/01_qc/label_consistency_sample_summary_phy.rds	1816	bea65b40811d6c7902e80eba581cb8480dc2ae57603a9aafe525bb6a553fa27a
results/01_qc/label_consistency_sample_summary_phy.tsv	results/01_qc/label_consistency_sample_summary_phy.tsv	10201	2aa1de48a602e5a8d92924aa2a8165fe2c69a3176708329418274ca1a76248b9
results/01_qc/metadata_clean.rds	results/01_qc/metadata_clean.rds	5695	05f63e376f772310b7659e2948c488826909457a0993dfc62066b6fbac6019d4
results/01_qc/metadata_clean.tsv	results/01_qc/metadata_clean.tsv	43783	495fae51856be3024da55501d42893d59c51a619c2041157e8c44f8134973adf
results/01_qc/metadata_region_counts.rds	results/01_qc/metadata_region_counts.rds	276	ea5001c2e4602a9e665681de0d60afb2c289976318619abc010e5b77cee4383a
results/01_qc/metadata_region_counts.tsv	results/01_qc/metadata_region_counts.tsv	248	63edd5c17f3819d7e65ca634ccd760b8b33ed064a588bc84a316919af59debe5
results/01_qc/og_qc.rds	results/01_qc/og_qc.rds	188420	83f087dfe2d922f0c7538aa8a025dc813ed8c350fbe6b499082f3c7be6f23dcc
results/01_qc/og_qc.tsv	results/01_qc/og_qc.tsv	2096136	24feebab5af9d119b7ec88ea8f6cb0ba02dce5897cc9559bc700d1cde4472918
results/01_qc/ogs_fail_qc.rds	results/01_qc/ogs_fail_qc.rds	632	5294dbc5b143aedd85d51ea194efd28b3278c747951197c94537819dc340404c
results/01_qc/ogs_fail_qc.txt	results/01_qc/ogs_fail_qc.txt	2376	d2ecd99b0be1ce1edab1fd851bd48f3553fcd99a5e27141aafdc0270a8be57a0
results/01_qc/ogs_pass_qc.rds	results/01_qc/ogs_pass_qc.rds	25523	d2d6091d3c81ae2f927dbd0b0fa2103a72d1a705241e1a79341bc45840e4f76e
results/01_qc/ogs_pass_qc.txt	results/01_qc/ogs_pass_qc.txt	88677	97193e0df88b661051b8574990c550094c2c9b273a3e9fd01125843c6e7d7a6f
results/01_qc/qc_params.rds	results/01_qc/qc_params.rds	513	87879093ab298a8a950fea92cbfabda15de7d32e51901abf2184acf1de5e8ee4
results/01_qc/qc_params.tsv	results/01_qc/qc_params.tsv	690	9e7630a3d19406a3971d11aa3ccf6727c28fdbd6596b156b6f56a65c4bea8310
results/01_qc/reference_nonmissing_by_og.rds	results/01_qc/reference_nonmissing_by_og.rds	220617	4d6b5d3deaa3cb15074af1a74114226b1670f4aa7f89feb5a28cfd1f10fe4f25
results/01_qc/sample_missingness.rds	results/01_qc/sample_missingness.rds	9261123	111ec8dc8595fb7d6367257eeaecfb8fe5e87450b07dd5ff531ebb3c5db6846f
results/01_qc/step1_2_run_info.rds	results/01_qc/step1_2_run_info.rds	19806	82fba0bfdde81a86144658d2f58c9995a423297431719f921b0c5514dfa1f9db
results/02_snp_panels/panels/P1_macroregion_africa_vs_asia/og_panel_topK_100.txt	results/02_snp_panels/panels/P1_macroregion_africa_vs_asia/og_panel_topK_100.txt	757	6e5a7a0d63ef5a0b447c4032c1cf8fd26fc7027eba293df14bd8ae5759c65819
results/02_snp_panels/panels/P1_macroregion_africa_vs_asia/og_panel_topK_1000.txt	results/02_snp_panels/panels/P1_macroregion_africa_vs_asia/og_panel_topK_1000.txt	7733	4100968aade95566aa8b4b4b8e9820ff6cf3e7d066ba2a2f8e057e0a4dd2da01
results/02_snp_panels/panels/P1_macroregion_africa_vs_asia/og_panel_topK_20.txt	results/02_snp_panels/panels/P1_macroregion_africa_vs_asia/og_panel_topK_20.txt	150	b01b059c2bd49424912cec49480266a8798744eb1e943d4a2f2b3d9e80f1b8df
results/02_snp_panels/panels/P1_macroregion_africa_vs_asia/og_panel_topK_200.txt	results/02_snp_panels/panels/P1_macroregion_africa_vs_asia/og_panel_topK_200.txt	1529	b4c3a749827a7b3b4711d8ab490e3cbc6ed56a21ee22cd15fd3cb82e5afb7f89
results/02_snp_panels/panels/P1_macroregion_africa_vs_asia/og_panel_topK_2000.txt	results/02_snp_panels/panels/P1_macroregion_africa_vs_asia/og_panel_topK_2000.txt	15547	bfa5aac1544a032b132d02f4be24daeb191d7dd77e52b1064365b83a58953c38
results/02_snp_panels/panels/P1_macroregion_africa_vs_asia/og_panel_topK_50.txt	results/02_snp_panels/panels/P1_macroregion_africa_vs_asia/og_panel_topK_50.txt	377	71e3bd6f79022bb39f26a3e586e5aefb84b31b2c4dbbab1807d16f91c4e26da6
results/02_snp_panels/panels/P1_macroregion_africa_vs_asia/og_panel_topK_500.txt	results/02_snp_panels/panels/P1_macroregion_africa_vs_asia/og_panel_topK_500.txt	3852	89792a05b9d1731259d98f1e2fe0938aa0c688f34692d0f570b4dfe36e21cbaa
results/02_snp_panels/panels/P1_macroregion_africa_vs_asia/og_panel_topK_5000.txt	results/02_snp_panels/panels/P1_macroregion_africa_vs_asia/og_panel_topK_5000.txt	39343	2b90e041b4bf282e5985b2892aedb4053f5fad3dc5113f2609c3d4024a83bd51
results/02_snp_panels/panels/P1_macroregion_africa_vs_asia/panel_run_info.rds	results/02_snp_panels/panels/P1_macroregion_africa_vs_asia/panel_run_info.rds	996	db3da93a47715a8bf5cb12988f713a7b871b49f7b768e46934c4c7e69846c30b
results/02_snp_panels/panels/P1_macroregion_africa_vs_asia/per_og_stats.rds	results/02_snp_panels/panels/P1_macroregion_africa_vs_asia/per_og_stats.rds	229324	9f966ad557cce6155f24e71a05a4cc61ade64bf240fd9fea1f62252253795878
results/02_snp_panels/panels/P1_macroregion_africa_vs_asia/per_og_stats.tsv	results/02_snp_panels/panels/P1_macroregion_africa_vs_asia/per_og_stats.tsv	2335643	d342de1fb9ecebbcbebe9afdd87489b7f921c7c49a6bf791ca97a5b72df8f868
results/02_snp_panels/panels/P1_macroregion_africa_vs_asia/reference_group_counts.rds	results/02_snp_panels/panels/P1_macroregion_africa_vs_asia/reference_group_counts.rds	180	476a3a448ef99dc8f4f0c28fd93925055382390d593cff8a5497258d75e61358
results/02_snp_panels/panels/P1_macroregion_africa_vs_asia/reference_group_counts.tsv	results/02_snp_panels/panels/P1_macroregion_africa_vs_asia/reference_group_counts.tsv	31	0c32222a48434022857417122d070435119cf53fa5dde38ade9d9e6f9a1449ac
results/02_snp_panels/panels/P1_macroregion_africa_vs_asia/snp_map.rds	results/02_snp_panels/panels/P1_macroregion_africa_vs_asia/snp_map.rds	303036	34df5bd3b493d89a24422e0f9b0f9d8bf1f6b21bcd9a38d608f27aff58d1ecc9
results/02_snp_panels/panels/P1_macroregion_africa_vs_asia/snp_map.tsv	results/02_snp_panels/panels/P1_macroregion_africa_vs_asia/snp_map.tsv	2795470	13bd14687828468107d3bd72753b0f1822bce112c69e7d883b0c1f496684273f
results/02_snp_panels/panels/P1_macroregion_africa_vs_asia/snp_matrix.rds	results/02_snp_panels/panels/P1_macroregion_africa_vs_asia/snp_matrix.rds	889775	bdf66ec5c3f74ff791ca1b4cc35d81752a3d29db4a85d4f65ac4096d2ea8521f
results/02_snp_panels/panels/P1_macroregion_africa_vs_asia/snp_mi.rds	results/02_snp_panels/panels/P1_macroregion_africa_vs_asia/snp_mi.rds	380967	e537b2932f1c7fd4766a8100cea51042ad58a605ec93567f7be7f8f5b76a10ad
results/02_snp_panels/panels/P1_macroregion_africa_vs_asia/snp_mi.tsv	results/02_snp_panels/panels/P1_macroregion_africa_vs_asia/snp_mi.tsv	3262899	8f321d0da05740c905ea65c9a93373bbd5a833ab3c343c82614e1565fed0277d
results/02_snp_panels/panels/P2_subregion_within_africa/og_panel_topK_100.txt	results/02_snp_panels/panels/P2_subregion_within_africa/og_panel_topK_100.txt	760	c5c77db28699f627ced39873889552f054d3c6acf1abad3d2f438d2a266fd959
results/02_snp_panels/panels/P2_subregion_within_africa/og_panel_topK_1000.txt	results/02_snp_panels/panels/P2_subregion_within_africa/og_panel_topK_1000.txt	7771	667c237961019c9cca5861627b9fca23d4da960e18cf6951bf3cc4d1021cb481
results/02_snp_panels/panels/P2_subregion_within_africa/og_panel_topK_20.txt	results/02_snp_panels/panels/P2_subregion_within_africa/og_panel_topK_20.txt	146	f11aefccabcbebd4b8d9aec01c936e1dc2e3d67c5b07edaaf95a9f1840cb87d4
results/02_snp_panels/panels/P2_subregion_within_africa/og_panel_topK_200.txt	results/02_snp_panels/panels/P2_subregion_within_africa/og_panel_topK_200.txt	1534	050bec55299f24317b8564167e75dd48dfaa13c63765a05ec9aafd6ccb0cf4d5
results/02_snp_panels/panels/P2_subregion_within_africa/og_panel_topK_2000.txt	results/02_snp_panels/panels/P2_subregion_within_africa/og_panel_topK_2000.txt	15608	511206790b3b0a62bfca7a1bef1e6e78ce91dc28b16e599c592c6bc340fb977a
results/02_snp_panels/panels/P2_subregion_within_africa/og_panel_topK_50.txt	results/02_snp_panels/panels/P2_subregion_within_africa/og_panel_topK_50.txt	374	f48c1a090d3f3ea814cee6d96fe45b59b096b64b60ee06b96d2e3dd35b163949
results/02_snp_panels/panels/P2_subregion_within_africa/og_panel_topK_500.txt	results/02_snp_panels/panels/P2_subregion_within_africa/og_panel_topK_500.txt	3862	b7681ca0a09301c4fd2ace6e62a6b699c6254f9badb04aed0f24f3796925252e
results/02_snp_panels/panels/P2_subregion_within_africa/og_panel_topK_5000.txt	results/02_snp_panels/panels/P2_subregion_within_africa/og_panel_topK_5000.txt	39392	bbf85086ad0a54ac025e1d02f3ddcd2abce9904b4eae5e5b9d86b82fc5fba572
results/02_snp_panels/panels/P2_subregion_within_africa/panel_run_info.rds	results/02_snp_panels/panels/P2_subregion_within_africa/panel_run_info.rds	1016	ae2860b930ef24082efd8f364b608025f4b3b0bdbdcc14d9218017390b5ac5eb
results/02_snp_panels/panels/P2_subregion_within_africa/per_og_stats.rds	results/02_snp_panels/panels/P2_subregion_within_africa/per_og_stats.rds	176450	2010b4c6b23329258fdb1da189e9c0ee66386ee2777f40c7821ea51c85fe476c
results/02_snp_panels/panels/P2_subregion_within_africa/per_og_stats.tsv	results/02_snp_panels/panels/P2_subregion_within_africa/per_og_stats.tsv	2270627	4dcf0bafab1f2c5d005a7388d850bf4b53eb0b01b253aecf1e3e305c6dd08e08
results/02_snp_panels/panels/P2_subregion_within_africa/reference_group_counts.rds	results/02_snp_panels/panels/P2_subregion_within_africa/reference_group_counts.rds	196	1f9389fbd0317961528801df0617268edd91edf5ecf0a8b489341fbdfcb10ceb
results/02_snp_panels/panels/P2_subregion_within_africa/reference_group_counts.tsv	results/02_snp_panels/panels/P2_subregion_within_africa/reference_group_counts.tsv	60	98e3e1f1913313c18669ba818cb99e880d4243cf64a0335f57278a7e56fdc0bb
results/02_snp_panels/panels/P2_subregion_within_africa/snp_map.rds	results/02_snp_panels/panels/P2_subregion_within_africa/snp_map.rds	229784	f5f31a2b06b056e890aa7be1b26ad39c227e6ac22a117cd519e74e6b4e188407
results/02_snp_panels/panels/P2_subregion_within_africa/snp_map.tsv	results/02_snp_panels/panels/P2_subregion_within_africa/snp_map.tsv	2725314	811e7097b45a0d57b2c0d81b60d72da8e9a9b468977b1763897af2ca671cd751
results/02_snp_panels/panels/P2_subregion_within_africa/snp_matrix.rds	results/02_snp_panels/panels/P2_subregion_within_africa/snp_matrix.rds	960699	b36434a50df48e63f0b46bb83705ece7242b81763651547b43650b79b1f04332
results/02_snp_panels/panels/P2_subregion_within_africa/snp_mi.rds	results/02_snp_panels/panels/P2_subregion_within_africa/snp_mi.rds	332461	965dbc324f8956e95498c8d5f329248d48ba329bc4749d04cec1bba5456a753c
results/02_snp_panels/panels/P2_subregion_within_africa/snp_mi.tsv	results/02_snp_panels/panels/P2_subregion_within_africa/snp_mi.tsv	3151403	c808ee142c229cf2c2befbebc6cc03391e731d5d22074142d06044da31d5f4c8
results/02_snp_panels/panels/P3_subregion_within_asia/og_panel_topK_100.txt	results/02_snp_panels/panels/P3_subregion_within_asia/og_panel_topK_100.txt	784	3b3f4c83c91cdc05ca97aebe800e1d2d8a8adf2781e55dc09c2c9bcc4f305cc1
results/02_snp_panels/panels/P3_subregion_within_asia/og_panel_topK_1000.txt	results/02_snp_panels/panels/P3_subregion_within_asia/og_panel_topK_1000.txt	7773	11edf5d26b4e0f2fe868ca1e4b4fe6820a1fdf97bcb43d93651dec739ffbfc86
results/02_snp_panels/panels/P3_subregion_within_asia/og_panel_topK_20.txt	results/02_snp_panels/panels/P3_subregion_within_asia/og_panel_topK_20.txt	160	820fdd1f93b92fb3ee03831c7245525ca10f8b830d551cd0d5ac2bd164368e53
results/02_snp_panels/panels/P3_subregion_within_asia/og_panel_topK_200.txt	results/02_snp_panels/panels/P3_subregion_within_asia/og_panel_topK_200.txt	1569	2c7b8616dd3066956acf17cf3fd4c52d1ba57f068a2e7a9f393b0a460605aeb0
results/02_snp_panels/panels/P3_subregion_within_asia/og_panel_topK_2000.txt	results/02_snp_panels/panels/P3_subregion_within_asia/og_panel_topK_2000.txt	15617	9b9eea97ef67cfe7b475f01c2e48d080360a49af4de62412a601d93b5f70f61a
results/02_snp_panels/panels/P3_subregion_within_asia/og_panel_topK_50.txt	results/02_snp_panels/panels/P3_subregion_within_asia/og_panel_topK_50.txt	397	1c2c9cb547bde188c1cc34a64b931d75cd71d4092fadf80db7c8e7cff2257947
results/02_snp_panels/panels/P3_subregion_within_asia/og_panel_topK_500.txt	results/02_snp_panels/panels/P3_subregion_within_asia/og_panel_topK_500.txt	3888	79bbb2e19c6687844d7e17df529a5fbfc432480efc86be288ddc32b7824b71b1
results/02_snp_panels/panels/P3_subregion_within_asia/og_panel_topK_5000.txt	results/02_snp_panels/panels/P3_subregion_within_asia/og_panel_topK_5000.txt	39355	22f28cf8f6fb3d99527c286efde1f618ea5be575ee624c9513876a2fa199cea0
results/02_snp_panels/panels/P3_subregion_within_asia/panel_run_info.rds	results/02_snp_panels/panels/P3_subregion_within_asia/panel_run_info.rds	1009	8653de4267c3e1e2ea1df696651a13d824f7fe99dddeef7d1eb8218b751cd31d
results/02_snp_panels/panels/P3_subregion_within_asia/per_og_stats.rds	results/02_snp_panels/panels/P3_subregion_within_asia/per_og_stats.rds	213342	0117b080e579730da403e1f06c3c13cb233b1762ba51e09fd235e0e5e5bdf25e
results/02_snp_panels/panels/P3_subregion_within_asia/per_og_stats.tsv	results/02_snp_panels/panels/P3_subregion_within_asia/per_og_stats.tsv	2280799	18306150c164b61ab88c9787e96cf31610caca5d95449a26b3fbb8d633a731ea
results/02_snp_panels/panels/P3_subregion_within_asia/reference_group_counts.rds	results/02_snp_panels/panels/P3_subregion_within_asia/reference_group_counts.rds	190	85bf919db4d879c3aaaa2b78cec7a2de4337f1d0f03f1e95efbdd86ca9017b74
results/02_snp_panels/panels/P3_subregion_within_asia/reference_group_counts.tsv	results/02_snp_panels/panels/P3_subregion_within_asia/reference_group_counts.tsv	43	099ffe35c2bf22ca0e3b4dc6fd66105183ea415d1fc490ecea4e22058b9586d5
results/02_snp_panels/panels/P3_subregion_within_asia/snp_map.rds	results/02_snp_panels/panels/P3_subregion_within_asia/snp_map.rds	279876	8140b9482cc1ebd5135af1824826f3683cb423d67c0067fb60e972732ff9d2f8
results/02_snp_panels/panels/P3_subregion_within_asia/snp_map.tsv	results/02_snp_panels/panels/P3_subregion_within_asia/snp_map.tsv	2738424	50c5d6af26380a85df3e79c4d86b5fb8d70f7134eaba0008625f9ab503eecbf2
results/02_snp_panels/panels/P3_subregion_within_asia/snp_matrix.rds	results/02_snp_panels/panels/P3_subregion_within_asia/snp_matrix.rds	804534	a085559803911afc5fe7d57748606d798b99918d189c0c7a82d1339eeb4e0ea7
results/02_snp_panels/panels/P3_subregion_within_asia/snp_mi.rds	results/02_snp_panels/panels/P3_subregion_within_asia/snp_mi.rds	368485	2f04927b713579f952cb2dced30d709213f4b43c0bf98e0d06873d245e165f09
results/02_snp_panels/panels/P3_subregion_within_asia/snp_mi.tsv	results/02_snp_panels/panels/P3_subregion_within_asia/snp_mi.tsv	3168001	902bca1c9ab7551a3f851874bbeebfd68054ca2368e988dc4494a412ff0e41b5
results/02_snp_panels/panels_index.rds	results/02_snp_panels/panels_index.rds	507	a7fa68a01e6565980b442d780b2a998a7e591d394eda84fa99379cfcea105f28
results/02_snp_panels/panels_index.tsv	results/02_snp_panels/panels_index.tsv	480	6866a9ffbbbb3e54179fb1d6dab7e65f6eca897647ede12eb161cee1c5799a6d
results/02_snp_panels/snp_map.rds	results/02_snp_panels/snp_map.rds	782741	761b3731ef037ea6716b3654769902d2b9be8259fa4fdecaa4586542f81286bc
results/02_snp_panels/snp_map.tsv	results/02_snp_panels/snp_map.tsv	8258912	e06813172963dfe1758266e4ea10776be47b116c2924b0b8a2fffb506a5cabc0
results/02_snp_panels/step3_run_info.rds	results/02_snp_panels/step3_run_info.rds	15062	a3491e1e666113477cb39b36ac4c5d35a7e1e95aca0c390d291d20f554d58abc
results/03_mi_diagnostics/panels_mi_index.rds	results/03_mi_diagnostics/panels_mi_index.rds	530	85b37524efed36a4cf0115fe09b0f220e1408dc8b6db8eaa8ca79b9a5c6e9d19
results/03_mi_diagnostics/panels_mi_index.tsv	results/03_mi_diagnostics/panels_mi_index.tsv	895	766455f60401b486c8c7a1dfe10bb295b361a63b799b44ebd27d456ded455fd5
results/03_mi_diagnostics/step03_run_info.rds	results/03_mi_diagnostics/step03_run_info.rds	5830	0a311b7c0f8cbc8b66f63ed7d30eebc026cc7dd246bc9c255cab0eab73c02a39
results/04_origin_assignment/P1_macroregion_raw.rds	results/04_origin_assignment/P1_macroregion_raw.rds	2045	553dc67da3449fa185553a736b2cbd776a2fe434c3ac04f74063d75ba5d5ab39
results/04_origin_assignment/P1_macroregion_raw.tsv	results/04_origin_assignment/P1_macroregion_raw.tsv	35387	e62697732495b0c6eb95abf4a56dae5f6a5858bfa6d7c8a222eecb1c83fc9ed4
results/04_origin_assignment/P1_macroregion_stability.rds	results/04_origin_assignment/P1_macroregion_stability.rds	678	8ce0902dd44f9b8571ee2c06b6052af991f531a7e3e89986ea0dcfd03af71cef
results/04_origin_assignment/P1_macroregion_stability.tsv	results/04_origin_assignment/P1_macroregion_stability.tsv	2346	4e83f20829a2d130755fff6e71cece6923a82c0e2857edc3b7480cc952658290
results/04_origin_assignment/P2_africa_subregion_raw.rds	results/04_origin_assignment/P2_africa_subregion_raw.rds	2114	bc7e1c7c85e9b10a73b2621d0634a59043f20729f571ca68cb6ee0ee80807124
results/04_origin_assignment/P2_africa_subregion_raw.tsv	results/04_origin_assignment/P2_africa_subregion_raw.tsv	20399	bf551092a1d9bcd01453a4426f1f2b73429ade28f48f87fd83d6785a26d57422
results/04_origin_assignment/P2_africa_subregion_stability.rds	results/04_origin_assignment/P2_africa_subregion_stability.rds	798	ee06ac7363e1d8d0226486ca5a1d268efcae2e56865a5efe5e18797b5bc29c07
results/04_origin_assignment/P2_africa_subregion_stability.tsv	results/04_origin_assignment/P2_africa_subregion_stability.tsv	1827	de6b28bab1181d830b18fb6eddb322b95fb0e67328bb570928eff0324bde068a
results/04_origin_assignment/P3_asia_subregion_raw.rds	results/04_origin_assignment/P3_asia_subregion_raw.rds	1232	235fda5b12ec5bb5d0575907966f67c48a2680350a4ad12402ccbd6d24e8ea8d
results/04_origin_assignment/P3_asia_subregion_raw.tsv	results/04_origin_assignment/P3_asia_subregion_raw.tsv	11351	c594c51c2a17e12322c671e6fc478360c9218c70b1c1e2efa6c879e7a09da4b1
results/04_origin_assignment/P3_asia_subregion_stability.rds	results/04_origin_assignment/P3_asia_subregion_stability.rds	625	d548842fde03caaaa06600f2cbd3748572b777d1173e7884850bdd018852e8f2
results/04_origin_assignment/P3_asia_subregion_stability.tsv	results/04_origin_assignment/P3_asia_subregion_stability.tsv	1051	aeb5a966de7c80c6d089f1dc30a608f1d46579d7ce3935648b38e907f3941565
results/04_origin_assignment/final_assignment.rds	results/04_origin_assignment/final_assignment.rds	1157	338712f3c52781042094b890968cba6324e11d007d1166af1c95a017f6211ab0
results/04_origin_assignment/final_assignment.tsv	results/04_origin_assignment/final_assignment.tsv	4528	2e2e9cc6740d56f610fe0ea249aaa405d3b6dd490e43f1e003f7c7eebcf99ac4
results/04_origin_assignment/step4_K_grid_used.rds	results/04_origin_assignment/step4_K_grid_used.rds	325	4553d69ce263e1c6f7d94860588bb1485da0f44ee45e1a85df7e25f33fe84d05
results/04_origin_assignment/step4_K_grid_used.tsv	results/04_origin_assignment/step4_K_grid_used.tsv	1851	c04e94475be6e23babceac2a593930cb61f1aaa1afc6d4c58c8cc5f5a7ff4fbf
results/04_origin_assignment/step4_assignment_multilevel_macroregion_first.xlsx	results/04_origin_assignment/step4_assignment_multilevel_macroregion_first.xlsx	63595	6f46cec23b5754ee79b7fedb611f0ea9823aa4d3fab9ed2e5af333aa08b04f30
results/04_origin_assignment/step4_params.rds	results/04_origin_assignment/step4_params.rds	649	f13dbc8b2e20b2e46c93bad87a265dda073fd11c37b5100b025b77ad0fe6d29a
results/04_origin_assignment/step4_params.tsv	results/04_origin_assignment/step4_params.tsv	1029	d8ebc3a99eb456999b9659b901afa6951c4425f2693005d3f07fc3cd79ef81c5
results/04_origin_assignment/step4_run_info.rds	results/04_origin_assignment/step4_run_info.rds	9483	435bcf11d489d679e3fcb083f5aca676df8af6c518bad29f75288c9c678c8689
results/05_loo_validation/FIG_LOO_P1_macroregion_validation_A4.pdf	results/05_loo_validation/FIG_LOO_P1_macroregion_validation_A4.pdf	5020	5d23b321abec60bdc98aaac6fa7455c27f155e97f85b872a59d39f91e87b05f9
results/05_loo_validation/FIG_LOO_P2_africa_subregion_validation_A4.pdf	results/05_loo_validation/FIG_LOO_P2_africa_subregion_validation_A4.pdf	5293	46f7505d0df4c001f8efa9de23d5b6fcd62150364a2465737338aa5ef8b8faf9
results/05_loo_validation/FIG_LOO_P3_asia_subregion_validation_A4.pdf	results/05_loo_validation/FIG_LOO_P3_asia_subregion_validation_A4.pdf	5128	c4b19693daff0734d86c316c4fae03915d027509f271ef64bb830599b40afffb
results/05_loo_validation/LOO_P1_macroregion_loo_confusion.rds	results/05_loo_validation/LOO_P1_macroregion_loo_confusion.rds	261	3c42aa7b2c4d566d05530f09fab1e48dfdee1a9621d633050508f6865e126c04
results/05_loo_validation/LOO_P1_macroregion_loo_confusion.tsv	results/05_loo_validation/LOO_P1_macroregion_loo_confusion.tsv	154	1442f382fdfc67b77e1901d103c6186c3dd4a40b61fc19b28e03f42ee42cafcc
results/05_loo_validation/LOO_P1_macroregion_loo_perclass.rds	results/05_loo_validation/LOO_P1_macroregion_loo_perclass.rds	332	d5c766ef580015bd4009b28618320049eddf0a48176955b36c6629ecae5cf26e
results/05_loo_validation/LOO_P1_macroregion_loo_perclass.tsv	results/05_loo_validation/LOO_P1_macroregion_loo_perclass.tsv	260	d463198913e5ca25d5ca7a3f7ce3477f4e609b5193631451342c1674c0e80885
results/05_loo_validation/LOO_P1_macroregion_loo_predictions.rds	results/05_loo_validation/LOO_P1_macroregion_loo_predictions.rds	2793	24c843f2acff09dce012a6d8c4786f145c2982e2d4c75d17128e85581c4eea21
results/05_loo_validation/LOO_P1_macroregion_loo_predictions.tsv	results/05_loo_validation/LOO_P1_macroregion_loo_predictions.tsv	42070	c9649577c9402da28d25267a5f59ead6b8c08137f177f408c6e4300184ab97f4
results/05_loo_validation/LOO_P1_macroregion_loo_raw.tsv.gz	results/05_loo_validation/LOO_P1_macroregion_loo_raw.tsv.gz	33128	e0083c3ae746b37e45f26eeb75fa10768dfcc411908881366dea5bef51f239d2
results/05_loo_validation/LOO_P1_macroregion_loo_reason_counts.tsv	results/05_loo_validation/LOO_P1_macroregion_loo_reason_counts.tsv	113	8b944893757cb164dad215e56dcd3ecf6bafad88b0d724f69d99c29d4d67d241
results/05_loo_validation/LOO_P1_macroregion_loo_summary.rds	results/05_loo_validation/LOO_P1_macroregion_loo_summary.rds	410	5ce152cdbb82facb1b288a255468fc373506f96ae7dfe95b2127efec0e243c17
results/05_loo_validation/LOO_P1_macroregion_loo_summary.tsv	results/05_loo_validation/LOO_P1_macroregion_loo_summary.tsv	383	10f42a3398e5038bf259a593735b54a8502c7bd78ba6015bf37c1964b6d3e048
results/05_loo_validation/LOO_P2_africa_subregion_loo_confusion.rds	results/05_loo_validation/LOO_P2_africa_subregion_loo_confusion.rds	298	81b06e40c9e5bbae02d33b8a892509455b6397963c668e5f8ab8f875f9d07f4e
results/05_loo_validation/LOO_P2_africa_subregion_loo_confusion.tsv	results/05_loo_validation/LOO_P2_africa_subregion_loo_confusion.tsv	342	bae6d6d1272fb87abd7160ca40fa1278ef1da3d03268c9ccd8261fe725e7fbd2
results/05_loo_validation/LOO_P2_africa_subregion_loo_perclass.rds	results/05_loo_validation/LOO_P2_africa_subregion_loo_perclass.rds	381	656e526bd3a83616a25242bd0d1a73c364d414f0f74745990cb6af4ab0f6bc20
results/05_loo_validation/LOO_P2_africa_subregion_loo_perclass.tsv	results/05_loo_validation/LOO_P2_africa_subregion_loo_perclass.tsv	421	167e3b5d5e9483928afea00d37577085f990155ae05d10a45d3ba67f5e3ce358
results/05_loo_validation/LOO_P2_africa_subregion_loo_predictions.rds	results/05_loo_validation/LOO_P2_africa_subregion_loo_predictions.rds	2103	422fca0a5dff9cf242c1ffb69cc17708db0feb84671d22e592592fbf7d743d75
results/05_loo_validation/LOO_P2_africa_subregion_loo_predictions.tsv	results/05_loo_validation/LOO_P2_africa_subregion_loo_predictions.tsv	16144	0df35f760dbfe7d7c8014a2c7de91437c9d5d853cc0724b96daf1e5732036573
results/05_loo_validation/LOO_P2_africa_subregion_loo_raw.tsv.gz	results/05_loo_validation/LOO_P2_africa_subregion_loo_raw.tsv.gz	17961	9d7ab98438bdce76142483b4fea10e5e1f6e62274b2b0ff6fa15d9aed8cc7bed
results/05_loo_validation/LOO_P2_africa_subregion_loo_reason_counts.tsv	results/05_loo_validation/LOO_P2_africa_subregion_loo_reason_counts.tsv	156	42a557ed8b60fe04c6f899b1157e40d0406a09d022225eca51fe842ae0823d64
results/05_loo_validation/LOO_P2_africa_subregion_loo_summary.rds	results/05_loo_validation/LOO_P2_africa_subregion_loo_summary.rds	455	ada3dc3c523a9d56510449aa2918a8dc6d070328a4342da26ed7d2228bfb2602
results/05_loo_validation/LOO_P2_africa_subregion_loo_summary.tsv	results/05_loo_validation/LOO_P2_africa_subregion_loo_summary.tsv	492	adff893471528bd802c6be6c67fb6943ebba814d2c079a56ebd19ccd28a96f15
results/05_loo_validation/LOO_P3_asia_subregion_loo_confusion.rds	results/05_loo_validation/LOO_P3_asia_subregion_loo_confusion.rds	299	cf71fa410bdcb1db3597f0e458928fd4083875d89644eb69482276cb0159a9b9
results/05_loo_validation/LOO_P3_asia_subregion_loo_confusion.tsv	results/05_loo_validation/LOO_P3_asia_subregion_loo_confusion.tsv	333	2d39f3f5cf5b4e40d6b54f81a7dff465508a720125a14f4b84f19f7967e0e1ca
results/05_loo_validation/LOO_P3_asia_subregion_loo_perclass.rds	results/05_loo_validation/LOO_P3_asia_subregion_loo_perclass.rds	358	8bf4b11f937e105e6fa6643b59376d538985ba9723f15b3c390107db2da2d6f4
results/05_loo_validation/LOO_P3_asia_subregion_loo_perclass.tsv	results/05_loo_validation/LOO_P3_asia_subregion_loo_perclass.tsv	335	bb7f160613e118cd5bd35227409aca538ac12b217c73debcaaae301a31241a3c
results/05_loo_validation/LOO_P3_asia_subregion_loo_predictions.rds	results/05_loo_validation/LOO_P3_asia_subregion_loo_predictions.rds	3006	19be1e88ba1a6b0065305b9a6e86d02ea368631a6758a7d8a7073cf8ec6a39a8
results/05_loo_validation/LOO_P3_asia_subregion_loo_predictions.tsv	results/05_loo_validation/LOO_P3_asia_subregion_loo_predictions.tsv	29850	23a9c91c172b3d76a311e36d65ab3acc7297bc9a8db40f8d65e47e0e7e0c583b
results/05_loo_validation/LOO_P3_asia_subregion_loo_raw.tsv.gz	results/05_loo_validation/LOO_P3_asia_subregion_loo_raw.tsv.gz	31523	9d59ba36108b60989c494338d840f910a82ccf95d3ca649a1bd24b3688b3aa67
results/05_loo_validation/LOO_P3_asia_subregion_loo_reason_counts.tsv	results/05_loo_validation/LOO_P3_asia_subregion_loo_reason_counts.tsv	155	f4e0da3aaaf6564afe3ddc27409ac9167d3e8d1768ca25b1368406ef765abdb9
results/05_loo_validation/LOO_P3_asia_subregion_loo_summary.rds	results/05_loo_validation/LOO_P3_asia_subregion_loo_summary.rds	484	8bb70c9052584f1c948962cb279b038a35933293abff802b32c1844512946784
results/05_loo_validation/LOO_P3_asia_subregion_loo_summary.tsv	results/05_loo_validation/LOO_P3_asia_subregion_loo_summary.tsv	522	976ccf1c3bd0b2b23da8971069223611a3ac58c53d1d85038c5b061d915b3b21
results/05_loo_validation/step4b_K_grid_used.rds	results/05_loo_validation/step4b_K_grid_used.rds	325	3bb70c379be8e5342496bc2ff83809f845777ad40390e27c85d238bd064d3fb4
results/05_loo_validation/step4b_K_grid_used.tsv	results/05_loo_validation/step4b_K_grid_used.tsv	1851	e8fde52b5cf46ed8c1df290d834ba1387d355f6d9cfdba0a2a73990c294f8340
results/05_loo_validation/step4b_loo_confusion_all_panels.rds	results/05_loo_validation/step4b_loo_confusion_all_panels.rds	405	ceee9725250bc0782b22cc301597cbb286688ff6edb57119b7cead244a0e0d6d
results/05_loo_validation/step4b_loo_confusion_all_panels.tsv	results/05_loo_validation/step4b_loo_confusion_all_panels.tsv	717	57e387f7f1fe5c0bfdb685ace53f1cdc8a2087c85fd82065a08fcaa77a439738
results/05_loo_validation/step4b_loo_panels_index.rds	results/05_loo_validation/step4b_loo_panels_index.rds	899	c9bcbf30114b934143ac383968ddcd209ff06f5a78582f6d9bea02f840c14498
results/05_loo_validation/step4b_loo_panels_index.tsv	results/05_loo_validation/step4b_loo_panels_index.tsv	3702	8266d109c931b0f03918f5a7aaca707df1f8bb0061208bcbd387de9f21f4fc4f
results/05_loo_validation/step4b_loo_perclass_all_panels.rds	results/05_loo_validation/step4b_loo_perclass_all_panels.rds	502	f4a92b2ba4147b9d0a905954e5b373f8455ba33047300fc153b0e42c4d4a49d6
results/05_loo_validation/step4b_loo_perclass_all_panels.tsv	results/05_loo_validation/step4b_loo_perclass_all_panels.tsv	792	1dc927adfb8b9f03133183a44fc6a61e0962de112f3285ac5b9caf4dc3ac1319
results/05_loo_validation/step4b_loo_predictions_all_panels.rds	results/05_loo_validation/step4b_loo_predictions_all_panels.rds	5906	af40454d44d647fc200253504b23222b0dc4999c1e53fb88d2a9e51991c7aa5b
results/05_loo_validation/step4b_loo_predictions_all_panels.tsv	results/05_loo_validation/step4b_loo_predictions_all_panels.tsv	87388	e03186ddf300ed7db5f21ad7482d0923087bf61f1bacaa9ba8e13c3897f9ed2f
results/05_loo_validation/step4b_loo_raw_all_panels.tsv.gz	results/05_loo_validation/step4b_loo_raw_all_panels.tsv.gz	82392	53345d53de2a0f8fc7a0f326302e9524213baaa6446270d04d8c4722d2599d4b
results/05_loo_validation/step4b_loo_reason_counts_all_panels.tsv	results/05_loo_validation/step4b_loo_reason_counts_all_panels.tsv	374	89afcc85ab7f80441f03684c647753d1365d997045feb9040210e5dcc481f154
results/05_loo_validation/step4b_loo_summary_all_panels.rds	results/05_loo_validation/step4b_loo_summary_all_panels.rds	626	7082cc65bd8cf383c5fe4e3d9df594d68c1db9a9f772c5aec45b6865cc16c3bb
results/05_loo_validation/step4b_loo_summary_all_panels.tsv	results/05_loo_validation/step4b_loo_summary_all_panels.tsv	869	d1cfad52a894db6242b50d35dd23dce1c6adf2e9f1c48b843ae0ce286fb227a2
results/05_loo_validation/step4b_loo_validation_summary.xlsx	results/05_loo_validation/step4b_loo_validation_summary.xlsx	77608	69a0b17eaf7fc15f0ca5641544d924dc3f33fa7be189810fec2929f8c7acb920
results/05_loo_validation/step4b_params.rds	results/05_loo_validation/step4b_params.rds	669	631d156584f4a247e615a29a53c2baac32fd8728b4ac1b056b26b817f43ee63c
results/05_loo_validation/step4b_params.tsv	results/05_loo_validation/step4b_params.tsv	1064	71117f69e77304258f8a77864bd015e472e8198fda82860a62216853ce72f535
results/05_loo_validation/step4b_run_info.rds	results/05_loo_validation/step4b_run_info.rds	10008	5ee34aa0969226ee398a32f18bbfdb9644238bb27a6c5ebb5d84c42ac9974389
results/06_rf_corroboration/FIG_RF_P1_macroregion_africa_vs_asia_validation_A4.pdf	results/06_rf_corroboration/FIG_RF_P1_macroregion_africa_vs_asia_validation_A4.pdf	34913	b56ee33336230e636a53ba6291523d5d48e893cbea94baaddaf0d8cddacae087
results/06_rf_corroboration/FIG_RF_P2_subregion_within_africa_validation_A4.pdf	results/06_rf_corroboration/FIG_RF_P2_subregion_within_africa_validation_A4.pdf	36565	da9a5c2b1683dbb4a1ed87b0c327b93bf21928f50fc3a7d909fa7de370d5d2ea
results/06_rf_corroboration/FIG_RF_P3_subregion_within_asia_validation_A4.pdf	results/06_rf_corroboration/FIG_RF_P3_subregion_within_asia_validation_A4.pdf	34790	3f18bb07fcef228df8d69cf16596ca4791a9118667fc67ff9e8b086fc289db2d
results/06_rf_corroboration/RF_P1_macroregion_africa_vs_asia_cv_perclass.tsv	results/06_rf_corroboration/RF_P1_macroregion_africa_vs_asia_cv_perclass.tsv	227	926c034d24f350470a970812e2baeca0311fa798982f8db5834672dfe48b8f02
results/06_rf_corroboration/RF_P1_macroregion_africa_vs_asia_cv_rows.tsv	results/06_rf_corroboration/RF_P1_macroregion_africa_vs_asia_cv_rows.tsv	174373	5992b5bf5895ff3be25b6d58bac02abbaaea1a807658f2e58f28bc22a98042b9
results/06_rf_corroboration/RF_P1_macroregion_africa_vs_asia_cv_summary.tsv	results/06_rf_corroboration/RF_P1_macroregion_africa_vs_asia_cv_summary.tsv	181	a2fbdf8c493b826447e3cde793c1ef45c23975a2b17094932b82ebc4013f8c78
results/06_rf_corroboration/RF_P1_macroregion_africa_vs_asia_predictions_queries.tsv	results/06_rf_corroboration/RF_P1_macroregion_africa_vs_asia_predictions_queries.tsv	5406	30fae8ddd141a4f7dca1980089de63c8a31db505ad2053f623622db730e656f8
results/06_rf_corroboration/RF_P1_macroregion_africa_vs_asia_variable_importance.tsv	results/06_rf_corroboration/RF_P1_macroregion_africa_vs_asia_variable_importance.tsv	258781	689e7d71e9ea64865a20888ad30afac579a7816f8adbc7c61e2e8c77390c0b4b
results/06_rf_corroboration/RF_P2_subregion_within_africa_cv_perclass.tsv	results/06_rf_corroboration/RF_P2_subregion_within_africa_cv_perclass.tsv	332	f142db4838e7f2fbee7ed7d5fea9fd486e15c2bed7287ba64c057959a983c3dd
results/06_rf_corroboration/RF_P2_subregion_within_africa_cv_rows.tsv	results/06_rf_corroboration/RF_P2_subregion_within_africa_cv_rows.tsv	58658	ee24a64328cfff6f93a97a269336835d7015059a7ae32cb3642088f3adb2f586
results/06_rf_corroboration/RF_P2_subregion_within_africa_cv_summary.tsv	results/06_rf_corroboration/RF_P2_subregion_within_africa_cv_summary.tsv	212	b72c446a01afa5d4d7daeed88d041401a7a79683c7cffc8b8fbfb4beebb72006
results/06_rf_corroboration/RF_P2_subregion_within_africa_predictions_queries.tsv	results/06_rf_corroboration/RF_P2_subregion_within_africa_predictions_queries.tsv	5435	ca19c811d24b6c61d7bd1b7671c07a5accb8185232b8593b0128cc366dc3fd87
results/06_rf_corroboration/RF_P2_subregion_within_africa_variable_importance.tsv	results/06_rf_corroboration/RF_P2_subregion_within_africa_variable_importance.tsv	300161	fda388f694b4c0275f828bea6716643ad6fe61d1c331dd08b3bb61f1967a265e
results/06_rf_corroboration/RF_P3_subregion_within_asia_cv_perclass.tsv	results/06_rf_corroboration/RF_P3_subregion_within_asia_cv_perclass.tsv	279	cf2a7c68e6565afe4c4357866f12d779dd3637754068f2b65574847d6e4da542
results/06_rf_corroboration/RF_P3_subregion_within_asia_cv_rows.tsv	results/06_rf_corroboration/RF_P3_subregion_within_asia_cv_rows.tsv	111729	3ab133ca78f7183e7412ed0bdf97a2a26676f078994c4bc5c99718c868d4e44e
results/06_rf_corroboration/RF_P3_subregion_within_asia_cv_summary.tsv	results/06_rf_corroboration/RF_P3_subregion_within_asia_cv_summary.tsv	212	3fe794cc5d3f0e7806503ab5728f8e55546946555d561d133e2e8a6e1fab44d5
results/06_rf_corroboration/RF_P3_subregion_within_asia_predictions_queries.tsv	results/06_rf_corroboration/RF_P3_subregion_within_asia_predictions_queries.tsv	5351	b833db2dfe91da75640186d89e5782b7c0c2099637d57020793752156c4a1b0e
results/06_rf_corroboration/RF_P3_subregion_within_asia_variable_importance.tsv	results/06_rf_corroboration/RF_P3_subregion_within_asia_variable_importance.tsv	334891	fca87d6f9bb0b18d64ffc1fdf7badda4cea3e4bc0a7ef67439f0e4043a101902
results/06_rf_corroboration/RF_all_panels_cv_perclass.rds	results/06_rf_corroboration/RF_all_panels_cv_perclass.rds	543	58cc6491aa671b391fb7ea3f61b02a02bd112f7e63ab05ae29a53c4142869991
results/06_rf_corroboration/RF_all_panels_cv_perclass.tsv	results/06_rf_corroboration/RF_all_panels_cv_perclass.tsv	702	a9296c66d55160ae6a8d384eb2aa613d10d3e78b7cb58daed460d9b6e1dda39a
results/06_rf_corroboration/RF_all_panels_cv_summary.rds	results/06_rf_corroboration/RF_all_panels_cv_summary.rds	462	a4e16c5c24c783946f3a3ba05ba3ff11882673768c064a42adfb85adaad1f5a6
results/06_rf_corroboration/RF_all_panels_cv_summary.tsv	results/06_rf_corroboration/RF_all_panels_cv_summary.tsv	421	df8a6a8d2513a3a2615260a5617ff434415391dab653fddfbecb3b4a629d8240
results/06_rf_corroboration/RF_all_panels_predictions_queries.rds	results/06_rf_corroboration/RF_all_panels_predictions_queries.rds	2376	587acdf4a815535a98c53f12e3a774490c42380471f8a33ab50c93fc92889804
results/06_rf_corroboration/RF_all_panels_predictions_queries.tsv	results/06_rf_corroboration/RF_all_panels_predictions_queries.tsv	15386	e9aed180a2539c2898bf72dc168d95dfa9a197301fa8149fa74f686c361a8272
results/06_rf_corroboration/step5_random_forest_summary.xlsx	results/06_rf_corroboration/step5_random_forest_summary.xlsx	24861	844b89c35cc15213284841b78c839671e04f825f90d3e17476674d6ffe4a524a
results/06_rf_corroboration/step5_rf_panels_index.rds	results/06_rf_corroboration/step5_rf_panels_index.rds	888	7a3b35231064a8aced00115b1285058cb8a2611104b42e3cb8b3a70ceba7245a
results/06_rf_corroboration/step5_rf_panels_index.tsv	results/06_rf_corroboration/step5_rf_panels_index.tsv	3710	4da99a8693774f295a70cc4a5fc4612ca1feafe48bc3266da4d12a69e595f740
results/06_rf_corroboration/step5_run_info.rds	results/06_rf_corroboration/step5_run_info.rds	12976	f0147898c7b8df57f48f59b2c75790740a04ec87e852a5075879ccac1b4ea90b
results/07_authority_report/FINAL_origin_tracing_authority_REPORT.xlsx	results/07_authority_report/FINAL_origin_tracing_authority_REPORT.xlsx	67636	7acba0de94d06097afe723381185b9e9e92f7ddc1dc2be052ee77aaa81fb1d96
results/07_authority_report/FINAL_origin_tracing_authority_criteria.tsv	results/07_authority_report/FINAL_origin_tracing_authority_criteria.tsv	31948	8a6182a95a11a956d217a1d9801fc6b2de8942d2737e062ecbe78c0d00ea0161
results/07_authority_report/FINAL_origin_tracing_authority_extended.rds	results/07_authority_report/FINAL_origin_tracing_authority_extended.rds	4654	cf47197b78bfad62e266e7ebc338530e4c5dd8f9133ca35f94cc330ea61d803c
results/07_authority_report/FINAL_origin_tracing_authority_extended.tsv	results/07_authority_report/FINAL_origin_tracing_authority_extended.tsv	33359	da9ee0c7a1ddc4232b621533f4e6d3676fdfed8c29109a62fdcab682271940ec
results/07_authority_report/FINAL_origin_tracing_authority_simplified.rds	results/07_authority_report/FINAL_origin_tracing_authority_simplified.rds	2502	af39c8206d2bc9fc8f84a41281ce06a81d7b99f6c30f373d4c3f9f31dd4b6f59
results/07_authority_report/FINAL_origin_tracing_authority_simplified.tsv	results/07_authority_report/FINAL_origin_tracing_authority_simplified.tsv	20032	40c4de54d82062bc2670c06bf5d74c90d4f503a4b1ee6f0c83276c94b17af4d4
results/07_authority_report/README.md	results/07_authority_report/README.md	1221	156c0e60bda64c0cd887d25ee65f2b385d540d5d8373670e40d0f217de05a881
results/07_authority_report/legacy_colour_report/FINAL_origin_tracing_authority_REPORT.xlsx	results/07_authority_report/legacy_colour_report/FINAL_origin_tracing_authority_REPORT.xlsx	49496	95f8b0c3e4b72c4595ad6ba90719915dadfa4ae0aba79bbefcbafa8449749bc7
results/07_authority_report/legacy_colour_report/FINAL_origin_tracing_authority_extended.rds	results/07_authority_report/legacy_colour_report/FINAL_origin_tracing_authority_extended.rds	4715	d3acf4d88395144082fa6cd06afd3ec0069dcea33adfe4ba1b1dfd5181020a66
results/07_authority_report/legacy_colour_report/FINAL_origin_tracing_authority_extended.tsv	results/07_authority_report/legacy_colour_report/FINAL_origin_tracing_authority_extended.tsv	37316	4c1ca495c070fb7eb30d98fe8bb10f5ac4d36ff64b5d14c3a6417044f0441bf8
results/07_authority_report/legacy_colour_report/FINAL_origin_tracing_authority_simplified.rds	results/07_authority_report/legacy_colour_report/FINAL_origin_tracing_authority_simplified.rds	2425	913c04117bf2ef33d0ab10e50cc759346a6978608a6c3bd79669a6877c7cb232
results/07_authority_report/legacy_colour_report/FINAL_origin_tracing_authority_simplified.tsv	results/07_authority_report/legacy_colour_report/FINAL_origin_tracing_authority_simplified.tsv	21093	dc722e4412c06af995042f7da2ca8e1353bd365026ac2afab3161fd64d29e426
results/07_authority_report/legacy_colour_report/README.md	results/07_authority_report/legacy_colour_report/README.md	295	5a4f50a88ca86f495fdfd94e1dc72426ba058ce0d6698ff493b3bc129afecaff
results/07_authority_report/legacy_colour_report/step7_run_info.rds	results/07_authority_report/legacy_colour_report/step7_run_info.rds	9319	2430956a430abef9f250d5ebb22f964a313c48c0417207aa43f28b8ca470df8e
results/07_authority_report/reconstruction_checkpoint/FINAL_origin_tracing_authority_REPORT.xlsx	results/07_authority_report/reconstruction_checkpoint/FINAL_origin_tracing_authority_REPORT.xlsx	62026	2101be433734aa44e0fb4ca081cb4e95d00806fc115b9f15376c4b807dff4d37
results/07_authority_report/reconstruction_checkpoint/FINAL_origin_tracing_authority_criteria.tsv	results/07_authority_report/reconstruction_checkpoint/FINAL_origin_tracing_authority_criteria.tsv	31611	5d4363387333a7a196726255edca2f900fcbd69ccf8c919fa93d31d8034153d2
results/07_authority_report/reconstruction_checkpoint/FINAL_origin_tracing_authority_extended.tsv	results/07_authority_report/reconstruction_checkpoint/FINAL_origin_tracing_authority_extended.tsv	33296	00472d723574b89a533054ea9f0407eab80debb710833fbd4c741603caec017e
results/07_authority_report/reconstruction_checkpoint/FINAL_origin_tracing_authority_simplified.tsv	results/07_authority_report/reconstruction_checkpoint/FINAL_origin_tracing_authority_simplified.tsv	19981	b3ac7b4fbf19882a76bc3401727b4dcdbd9fd6de4055a1a79559ad200c9c4f35
results/07_authority_report/reconstruction_checkpoint/README.md	results/07_authority_report/reconstruction_checkpoint/README.md	375	2d8ecd4feca7d2bc3f0f9764b137435409fd9f478ef045278f75ed86211880c9
results/07_authority_report/reconstruction_checkpoint/reporting_reconstruction_info.json	results/07_authority_report/reconstruction_checkpoint/reporting_reconstruction_info.json	1198	6d6079cb3dd64576cccc8734020ab116b676d98037e22dedbeb627e24847c1eb
results/07_authority_report/reconstruction_checkpoint/reporting_thresholds.tsv	results/07_authority_report/reconstruction_checkpoint/reporting_thresholds.tsv	730	8155cd09d9c78991190de80c37598e6dcfb683a1bf0132c3b407a58abde48533
results/07_authority_report/reporting_thresholds.tsv	results/07_authority_report/reporting_thresholds.tsv	743	571b6519ba64eb0ce75344506ed60d2f41a6cf72e57c8cb3bd57692f30a61c46
results/07_authority_report/step7_run_info.rds	results/07_authority_report/step7_run_info.rds	9612	28b10e5c0bb2dd933dacd23d889ed9987a74f089bf02b20d90e79163ac8dacf1
results/README.md	results/README.md	2635	2c2f82a1ce0f61ce64a293173e17aac386128a1d28af5ae2ef24192242738ae6
results/validation/01_out_of_scope_challenge/challenge_input/metadata_clean.tsv	results/validation/01_out_of_scope_challenge/challenge_input/metadata_clean.tsv	41065	c06e08adc6df8edac18993d4ed8bb2ad423eba3fe7868a02f3b4d6ebb572a06c
results/validation/01_out_of_scope_challenge/challenge_run_info.rds	results/validation/01_out_of_scope_challenge/challenge_run_info.rds	6588	eed6994fc411161e2327215651fdfc53be57365688e94fcff7459dd6107a087f
results/validation/01_out_of_scope_challenge/challenge_truth.rds	results/validation/01_out_of_scope_challenge/challenge_truth.rds	408	7cb31406cd2e50e302ec3fc8112da5fbc4a68c2e3b9502f4eff0cb6cbabc8b20
results/validation/01_out_of_scope_challenge/challenge_truth.tsv	results/validation/01_out_of_scope_challenge/challenge_truth.tsv	713	2e8308573d60f41d17b51518bab254e7b96b3cd4a8e53ec845c31e973e43c433
results/validation/01_out_of_scope_challenge/other_regions_challenge_by_location.rds	results/validation/01_out_of_scope_challenge/other_regions_challenge_by_location.rds	414	182a0c6e3090bf3a68abf2d0f18d9eaed642ca6db9f04dcabe3828430cd2bfc1
results/validation/01_out_of_scope_challenge/other_regions_challenge_by_location.tsv	results/validation/01_out_of_scope_challenge/other_regions_challenge_by_location.tsv	437	e4c9ce774e1be9e2747dcae30de66017e650a11572ca48d90439bb575d0431d0
results/validation/01_out_of_scope_challenge/other_regions_challenge_results.rds	results/validation/01_out_of_scope_challenge/other_regions_challenge_results.rds	734	56ca54eed9dc820ef7ce75f38a5386cc58f426fec13e1c04ac66c43a0f1b2d83
results/validation/01_out_of_scope_challenge/other_regions_challenge_results.tsv	results/validation/01_out_of_scope_challenge/other_regions_challenge_results.tsv	2889	a90646ab77022183dc1f181715837f1f150be2f8e966d772e710f19d238fa983
results/validation/01_out_of_scope_challenge/step04_closed_set/P1_macroregion_raw.rds	results/validation/01_out_of_scope_challenge/step04_closed_set/P1_macroregion_raw.rds	1125	905123edffa5e1ce9c26a45d7a4da95c76a752cf682fe9899c18675e56330eae
results/validation/01_out_of_scope_challenge/step04_closed_set/P1_macroregion_raw.tsv	results/validation/01_out_of_scope_challenge/step04_closed_set/P1_macroregion_raw.tsv	15791	9295aaac166045f9dedeafaf52e8b00202d1d9f30aba33be90c70a111ab2f04d
results/validation/01_out_of_scope_challenge/step04_closed_set/P1_macroregion_stability.rds	results/validation/01_out_of_scope_challenge/step04_closed_set/P1_macroregion_stability.rds	548	3d4ca57f6df9d18fa50e7b273735d84d504e8882f074776dc98d7bac2b47e55b
results/validation/01_out_of_scope_challenge/step04_closed_set/P1_macroregion_stability.tsv	results/validation/01_out_of_scope_challenge/step04_closed_set/P1_macroregion_stability.tsv	1173	61e33cbf9d301a8b36df4e490bf70d525c3871d001fafe55f4d28858e04d0ebb
results/validation/01_out_of_scope_challenge/step04_closed_set/P2_africa_subregion_raw.rds	results/validation/01_out_of_scope_challenge/step04_closed_set/P2_africa_subregion_raw.rds	140	751c22b38bb73a1c1cf7a71bca3d3d39c18453e5cf510f62b74870f32e00b08c
results/validation/01_out_of_scope_challenge/step04_closed_set/P2_africa_subregion_raw.tsv	results/validation/01_out_of_scope_challenge/step04_closed_set/P2_africa_subregion_raw.tsv	0	e3b0c44298fc1c149afbf4c8996fb92427ae41e4649b934ca495991b7852b855
results/validation/01_out_of_scope_challenge/step04_closed_set/P2_africa_subregion_stability.rds	results/validation/01_out_of_scope_challenge/step04_closed_set/P2_africa_subregion_stability.rds	173	b5f58500ee671c9723fc3576ece5a63387a3cc711615fbd7538e8ccfc0193de0
results/validation/01_out_of_scope_challenge/step04_closed_set/P2_africa_subregion_stability.tsv	results/validation/01_out_of_scope_challenge/step04_closed_set/P2_africa_subregion_stability.tsv	27	f37c0903b1aed63d79340a5f3e5e3d4cd72b8469f99a3f41c2be1e938be7c663
results/validation/01_out_of_scope_challenge/step04_closed_set/P3_asia_subregion_raw.rds	results/validation/01_out_of_scope_challenge/step04_closed_set/P3_asia_subregion_raw.rds	1467	6d56fd357172827acac46fdf24a2a38721cdec6d38b49a43fdeb4cf45ad9e696
results/validation/01_out_of_scope_challenge/step04_closed_set/P3_asia_subregion_raw.tsv	results/validation/01_out_of_scope_challenge/step04_closed_set/P3_asia_subregion_raw.tsv	15487	3580aa499e033e46d860d70dcd3ca02cfb14e474b8b7fcb4c05fa0c877d75ed9
results/validation/01_out_of_scope_challenge/step04_closed_set/P3_asia_subregion_stability.rds	results/validation/01_out_of_scope_challenge/step04_closed_set/P3_asia_subregion_stability.rds	653	83fe874d2c79aabc5910edb3f64577ba81510ff03cbb526081b847fcaa4875c5
results/validation/01_out_of_scope_challenge/step04_closed_set/P3_asia_subregion_stability.tsv	results/validation/01_out_of_scope_challenge/step04_closed_set/P3_asia_subregion_stability.tsv	1348	a0922da85a5a23720ea09256f2f940e3f9f40891775196f8cbc3ffb2dd8a946f
results/validation/01_out_of_scope_challenge/step04_closed_set/final_assignment.rds	results/validation/01_out_of_scope_challenge/step04_closed_set/final_assignment.rds	737	6e8884311e9922846cabcf776a8825b5b4cb617df87e9cf5d7c86be66e612387
results/validation/01_out_of_scope_challenge/step04_closed_set/final_assignment.tsv	results/validation/01_out_of_scope_challenge/step04_closed_set/final_assignment.tsv	2254	8eb7ac9c3cf418f19b77625aade6a433b391c83c4d1d19b0cad77266ce6c45a2
results/validation/01_out_of_scope_challenge/step04_closed_set/step4_K_grid_used.rds	results/validation/01_out_of_scope_challenge/step04_closed_set/step4_K_grid_used.rds	325	4553d69ce263e1c6f7d94860588bb1485da0f44ee45e1a85df7e25f33fe84d05
results/validation/01_out_of_scope_challenge/step04_closed_set/step4_K_grid_used.tsv	results/validation/01_out_of_scope_challenge/step04_closed_set/step4_K_grid_used.tsv	1851	c04e94475be6e23babceac2a593930cb61f1aaa1afc6d4c58c8cc5f5a7ff4fbf
results/validation/01_out_of_scope_challenge/step04_closed_set/step4_params.rds	results/validation/01_out_of_scope_challenge/step04_closed_set/step4_params.rds	688	0a83285047701af38db93d1ba5ea05dc11b6c08082deb1a445ddc032fcb00b50
results/validation/01_out_of_scope_challenge/step04_closed_set/step4_params.tsv	results/validation/01_out_of_scope_challenge/step04_closed_set/step4_params.tsv	1118	1ab91b95808b280942fc8fabfe3a6c28c66190fa01fb7f92fb1a38e3818a76a8
results/validation/01_out_of_scope_challenge/step04_closed_set/step4_run_info.rds	results/validation/01_out_of_scope_challenge/step04_closed_set/step4_run_info.rds	9521	4fdf0f93f09d84eb51b0caae67f4e2cbb32901c53f7533c2c7db42454af81dc9
results/validation/02_grouped_geographic_cv/grouped_cv_K_grid.rds	results/validation/02_grouped_geographic_cv/grouped_cv_K_grid.rds	3717	aa77db9542adf4435a0c32b7b18b8be0fe757595e36d38d672ccf9ba336fd05e
results/validation/02_grouped_geographic_cv/grouped_cv_K_grid.tsv	results/validation/02_grouped_geographic_cv/grouped_cv_K_grid.tsv	217627	7956b926b54883a142f2cbe4747ab86c5d6a1d6f4651d574b5ad94becfe1b788
results/validation/02_grouped_geographic_cv/grouped_cv_comparison_with_individual_loo.rds	results/validation/02_grouped_geographic_cv/grouped_cv_comparison_with_individual_loo.rds	1104	3a04a445bc4f1564fe1e21a38c6b8ddfc55b02d817effc81814a812e00aba979
results/validation/02_grouped_geographic_cv/grouped_cv_comparison_with_individual_loo.tsv	results/validation/02_grouped_geographic_cv/grouped_cv_comparison_with_individual_loo.tsv	2809	d22ffef1c27165a9c661fe1909c614cfcaa35c1cc51d795aebd53cb61ad60fdd
results/validation/02_grouped_geographic_cv/grouped_cv_confusion.rds	results/validation/02_grouped_geographic_cv/grouped_cv_confusion.rds	643	4c3bb798dcf28571d5afc77980da7a37ffc448972d90dac7d476ddbe505f9b73
results/validation/02_grouped_geographic_cv/grouped_cv_confusion.tsv	results/validation/02_grouped_geographic_cv/grouped_cv_confusion.tsv	3273	833e1c9581916cfeab0181a82fb8c80dd1ee36dd267e5d9234edcb671cde5d8f
results/validation/02_grouped_geographic_cv/grouped_cv_fold_marker_stats.rds	results/validation/02_grouped_geographic_cv/grouped_cv_fold_marker_stats.rds	3885	a1f27bfcbb666c54bb7af6fe30b64d48b85839ff3330754db8b0d65925fc2c44
results/validation/02_grouped_geographic_cv/grouped_cv_fold_marker_stats.tsv	results/validation/02_grouped_geographic_cv/grouped_cv_fold_marker_stats.tsv	37119	73a0903dc4eff20a7c35e72c153c77698a93c5e8061607f571b129bd44d531d8
results/validation/02_grouped_geographic_cv/grouped_cv_fold_performance.rds	results/validation/02_grouped_geographic_cv/grouped_cv_fold_performance.rds	3639	4b2c6dd967cd6de254b4461e45072330abc2f01ba69e64d8647f1df424b1783d
results/validation/02_grouped_geographic_cv/grouped_cv_fold_performance.tsv	results/validation/02_grouped_geographic_cv/grouped_cv_fold_performance.tsv	33729	b8ff18507617ba59d208bff415a96522cbfab96154132ea6bc43a675abd751f6
results/validation/02_grouped_geographic_cv/grouped_cv_folds.rds	results/validation/02_grouped_geographic_cv/grouped_cv_folds.rds	3229	6a1ee3ee37c41d37373b4511be2a4e5525f1bca48e9aa5fe1e114edb345f2ca4
results/validation/02_grouped_geographic_cv/grouped_cv_folds.tsv	results/validation/02_grouped_geographic_cv/grouped_cv_folds.tsv	32795	66a3fda74ef2f6378c49de0ea82e71c9eda6489ad0e61718f39dd052532b5c7b
results/validation/02_grouped_geographic_cv/grouped_cv_non_evaluable_folds.rds	results/validation/02_grouped_geographic_cv/grouped_cv_non_evaluable_folds.rds	576	b04e049fd76358a0e298170339d7f31e71dc6d6cb792f360c6196b4a613dd8ad
results/validation/02_grouped_geographic_cv/grouped_cv_non_evaluable_folds.tsv	results/validation/02_grouped_geographic_cv/grouped_cv_non_evaluable_folds.tsv	962	798f8e85ad016d12fe50672a9f4d3430b4affebd9968ccdf49a8686003e56481
results/validation/02_grouped_geographic_cv/grouped_cv_panel_summary.rds	results/validation/02_grouped_geographic_cv/grouped_cv_panel_summary.rds	1083	9be90ee321d5d400db7c988768597910b0e9f2478bdf9a95f6ced55485d76fcc
results/validation/02_grouped_geographic_cv/grouped_cv_panel_summary.tsv	results/validation/02_grouped_geographic_cv/grouped_cv_panel_summary.tsv	2204	a54bb62b7ef1a654bd982b7e0799beccc79c09b6195b87ff9669c06723b7caa2
results/validation/02_grouped_geographic_cv/grouped_cv_params.rds	results/validation/02_grouped_geographic_cv/grouped_cv_params.rds	567	581fc44e07da620947f3ab54b03cf9729b7c916e977b64900eba9f88e9fd485b
results/validation/02_grouped_geographic_cv/grouped_cv_params.tsv	results/validation/02_grouped_geographic_cv/grouped_cv_params.tsv	745	0303ad89149fe39c34dd8342da4222c52e05a4d910a85f709f2dbe7301ba3fd3
results/validation/02_grouped_geographic_cv/grouped_cv_per_class.rds	results/validation/02_grouped_geographic_cv/grouped_cv_per_class.rds	837	9abe7edd64d083d2899045afff4d5004dc0d06dd54d180595c4e5de4f9e2a31b
results/validation/02_grouped_geographic_cv/grouped_cv_per_class.tsv	results/validation/02_grouped_geographic_cv/grouped_cv_per_class.tsv	2104	a869cbd2a655b111c585165404cf0cce6685cedad6025dacdeb4266db3c0e7b5
results/validation/02_grouped_geographic_cv/grouped_cv_predictions.rds	results/validation/02_grouped_geographic_cv/grouped_cv_predictions.rds	18290	973ce6716af9672e55e39459a9bd8d6368c582efb20bbadaff31914b9db001cb
results/validation/02_grouped_geographic_cv/grouped_cv_predictions.tsv	results/validation/02_grouped_geographic_cv/grouped_cv_predictions.tsv	392519	266adba89927fea5842c18a64cd5b4585a8a16e38f6168a83661c0eca4f07e38
results/validation/02_grouped_geographic_cv/grouped_cv_raw.rds	results/validation/02_grouped_geographic_cv/grouped_cv_raw.rds	83849	b55fa5098483c47d2a8c4a8b0b1153f521df077a45de7458d5e17b7cc5ef4c54
results/validation/02_grouped_geographic_cv/grouped_cv_raw.tsv.gz	results/validation/02_grouped_geographic_cv/grouped_cv_raw.tsv.gz	187364	0114c327a7b1793b6da045a4ab8d82c27a84dc4104b7144bf5c2b33ede1398ac
results/validation/02_grouped_geographic_cv/grouped_cv_reason_counts.rds	results/validation/02_grouped_geographic_cv/grouped_cv_reason_counts.rds	432	20bd3c7d22eb028cb85f0d33680ad66837424163bc21fb99c07a03c76db50378
results/validation/02_grouped_geographic_cv/grouped_cv_reason_counts.tsv	results/validation/02_grouped_geographic_cv/grouped_cv_reason_counts.tsv	1332	0cfc627ea84560ddea2978572832619a2182befa4fad21809ba79414277fc4a2
results/validation/02_grouped_geographic_cv/grouped_cv_run_info.rds	results/validation/02_grouped_geographic_cv/grouped_cv_run_info.rds	10557	30b03e6fd72d5611d5d9bc0e4eb16741510b03e03c39a35980551dd66dc86980
results/validation/02_grouped_geographic_cv/grouped_cv_top_markers.rds	results/validation/02_grouped_geographic_cv/grouped_cv_top_markers.rds	30187	90ba1831c23553ef42d0eefdc82291250b105a355c87cfe4a0a9cd7845420451
results/validation/02_grouped_geographic_cv/grouped_cv_top_markers.tsv	results/validation/02_grouped_geographic_cv/grouped_cv_top_markers.tsv	630683	88dda213c8646de733399a2defe8592acc2c8c824f33d6fddde715e332eebdf1
results/validation/02_grouped_geographic_cv/grouped_cv_training_counts.rds	results/validation/02_grouped_geographic_cv/grouped_cv_training_counts.rds	2215	bf41b023ae2e54b59f3fa207e4d84003828968494f8797e76f33ce40286d8071
results/validation/02_grouped_geographic_cv/grouped_cv_training_counts.tsv	results/validation/02_grouped_geographic_cv/grouped_cv_training_counts.tsv	41353	0ea6889c572a5822c5524af14cb642ef5c25a396d945071d9481ff7c844ce79a
results/validation/02_grouped_geographic_cv/grouped_geographic_cv_summary.xlsx	results/validation/02_grouped_geographic_cv/grouped_geographic_cv_summary.xlsx	61247	7cc307f3dddbdc5fd3edb7019a2f27137788cadc6e1d21c4f49b51b64cc0cd34
results/validation/03_reference_set_audit/REFERENCE_SET_AUDIT_SUMMARY.txt	results/validation/03_reference_set_audit/REFERENCE_SET_AUDIT_SUMMARY.txt	1834	35d042c215acc5b64b0ffe619bba00b1b41c8bc9be430227eee9afa9a5c29182
results/validation/03_reference_set_audit/collection_holdout_feasibility.rds	results/validation/03_reference_set_audit/collection_holdout_feasibility.rds	566	2ebfbbaa673f4aa0983129fb80843620a268a5d80812986cbd1f4d1fb01fa638
results/validation/03_reference_set_audit/collection_holdout_feasibility.tsv	results/validation/03_reference_set_audit/collection_holdout_feasibility.tsv	1158	4f66c28168b4767dce97f4857f405df875aceb5fb137ee41d9ace223be1eb3cd
results/validation/03_reference_set_audit/collection_holdout_training_counts.rds	results/validation/03_reference_set_audit/collection_holdout_training_counts.rds	486	ba9f560c6615299bc0a0b290ffedd6a97634e45649438f51a864c96012b34776
results/validation/03_reference_set_audit/collection_holdout_training_counts.tsv	results/validation/03_reference_set_audit/collection_holdout_training_counts.tsv	1960	6171313712f3263f8312ae92b284aeaadcf717c480d50e6a01f89771d600cb38
results/validation/03_reference_set_audit/geographic_support_summary.rds	results/validation/03_reference_set_audit/geographic_support_summary.rds	734	0bf80c388da864f1d6cc325e9e43b94fe69537b547600796f0fce90d09133a0a
results/validation/03_reference_set_audit/geographic_support_summary.tsv	results/validation/03_reference_set_audit/geographic_support_summary.tsv	1468	f941a567853e4af97917252b2646d8784e137ff5b088350a6a86f843bf45084d
results/validation/03_reference_set_audit/metadata_duplicate_accessions.rds	results/validation/03_reference_set_audit/metadata_duplicate_accessions.rds	267	8f1c36f027ea00e591b03f47fa450f37af6bd8d84fb3178cb1ca060cf7858c6f
results/validation/03_reference_set_audit/metadata_duplicate_accessions.tsv	results/validation/03_reference_set_audit/metadata_duplicate_accessions.tsv	150	4ba9f862834661dfcce1c5d90c83a8d7f9e3b8e0d87a2f7ef8383e27e4a500fd
results/validation/03_reference_set_audit/metadata_duplicate_sample_ids.rds	results/validation/03_reference_set_audit/metadata_duplicate_sample_ids.rds	267	8f1c36f027ea00e591b03f47fa450f37af6bd8d84fb3178cb1ca060cf7858c6f
results/validation/03_reference_set_audit/metadata_duplicate_sample_ids.tsv	results/validation/03_reference_set_audit/metadata_duplicate_sample_ids.tsv	150	4ba9f862834661dfcce1c5d90c83a8d7f9e3b8e0d87a2f7ef8383e27e4a500fd
results/validation/03_reference_set_audit/metadata_issue_summary.rds	results/validation/03_reference_set_audit/metadata_issue_summary.rds	232	3e213dc8163768636b0dea5d9202a6bcd17f3a556506f6a70cba1f9d260862e9
results/validation/03_reference_set_audit/metadata_issue_summary.tsv	results/validation/03_reference_set_audit/metadata_issue_summary.tsv	113	d445178edcd12cf451108b929822359e2ae214a740a320e20a55e2fadc147205
results/validation/03_reference_set_audit/metadata_issues.rds	results/validation/03_reference_set_audit/metadata_issues.rds	503	cf1795b72a70dc592ca0cae6964e4917fd175d8733a97ecec10547b632746d89
results/validation/03_reference_set_audit/metadata_issues.tsv	results/validation/03_reference_set_audit/metadata_issues.tsv	5444	ef5f97c48f8ad7f77b27f5ffaba84cac2102be172fc1d1d4eaa40d54ca622557
results/validation/03_reference_set_audit/ortholog_coverage_by_collection.rds	results/validation/03_reference_set_audit/ortholog_coverage_by_collection.rds	590	d642bbd6efd8ddf73837ab08e701cc99bb711dc0338132ab7b46215d657151b8
results/validation/03_reference_set_audit/ortholog_coverage_by_collection.tsv	results/validation/03_reference_set_audit/ortholog_coverage_by_collection.tsv	996	7ab2aea190c01cf7919269147cac305413690bf799b523cfed4e98bddf9fffc1
results/validation/03_reference_set_audit/panel_reference_counts.rds	results/validation/03_reference_set_audit/panel_reference_counts.rds	365	c66aeecf5d63708e8cad0d8e8b1f5b05315aa983f4c9371c56e0e296171aea70
results/validation/03_reference_set_audit/panel_reference_counts.tsv	results/validation/03_reference_set_audit/panel_reference_counts.tsv	663	4c658b0f32ef8dc65d43a3293806648da5e42bce91633188c49a755863e3dd95
results/validation/03_reference_set_audit/panel_reference_membership.rds	results/validation/03_reference_set_audit/panel_reference_membership.rds	4615	b0d35d9bc757b86aba1fcca11bb19f3780ffa00f4da9004a546cfa92fdb4ca13
results/validation/03_reference_set_audit/panel_reference_membership.tsv	results/validation/03_reference_set_audit/panel_reference_membership.tsv	80296	64892e07811ac5ea51b6d494b3b5fb416837fbef8075ec2de49d2ea343b9943e
results/validation/03_reference_set_audit/published_flag_status_in_snapshot.rds	results/validation/03_reference_set_audit/published_flag_status_in_snapshot.rds	1581	37aa8a494123a0f621bc09f9a25493ec3dbac7c82e5e433664f19902e4023885
results/validation/03_reference_set_audit/published_flag_status_in_snapshot.tsv	results/validation/03_reference_set_audit/published_flag_status_in_snapshot.tsv	12361	4e6bd927d8622adafa264122b0e071de0a0537f3f22848d3ca1f5e03f0ba01d7
results/validation/03_reference_set_audit/published_specimen_flags.rds	results/validation/03_reference_set_audit/published_specimen_flags.rds	1178	3dcd28e2347e99b3f192620ad3dc563856355217d1667cce970cfb91aa677468
results/validation/03_reference_set_audit/published_specimen_flags.tsv	results/validation/03_reference_set_audit/published_specimen_flags.tsv	9044	d89aaa8d9ba1379285f9bca20234f78dbb4859b21c4d69918732f2ea1608e785
results/validation/03_reference_set_audit/reference_P1_genotype_completeness.rds	results/validation/03_reference_set_audit/reference_P1_genotype_completeness.rds	6960	7db5bc708e412252622da996b379d030d7e55ee7711ea8b27b9256c7f12900bd
results/validation/03_reference_set_audit/reference_P1_genotype_completeness.tsv	results/validation/03_reference_set_audit/reference_P1_genotype_completeness.tsv	31421	863d59d65eeac3876587c10bf60772af9ae680e66122040545dd513c0e47277f
results/validation/03_reference_set_audit/reference_class_counts.rds	results/validation/03_reference_set_audit/reference_class_counts.rds	257	49ec675646f3c7e377023caf0e01083578f74fa5b7a2d147b66167fbf58c674a
results/validation/03_reference_set_audit/reference_class_counts.tsv	results/validation/03_reference_set_audit/reference_class_counts.tsv	172	5af47931330acc3720531729644295b24bb1daed189e64ac4ba4c7df8633b57a
results/validation/03_reference_set_audit/reference_collection_counts.rds	results/validation/03_reference_set_audit/reference_collection_counts.rds	315	6619897a8cf56d27d56ab166fe3bcb38cc92ba7036947a5147f3cd3c949d094d
results/validation/03_reference_set_audit/reference_collection_counts.tsv	results/validation/03_reference_set_audit/reference_collection_counts.tsv	349	127618c5f2a440a143ba50934655a37a3e348e70f78f9d4cfe48ebff6b60e765
results/validation/03_reference_set_audit/reference_full_profile_identical_pairs.rds	results/validation/03_reference_set_audit/reference_full_profile_identical_pairs.rds	360	d8dd3596e18fe222f525f473dfea35977812e1e869837ff52ec2f668c4a85313
results/validation/03_reference_set_audit/reference_full_profile_identical_pairs.tsv	results/validation/03_reference_set_audit/reference_full_profile_identical_pairs.tsv	335	b471d7ca53a9135abca6b09452d13557f8068d9929c7b56b845df58316548f5d
results/validation/03_reference_set_audit/reference_geographic_counts.rds	results/validation/03_reference_set_audit/reference_geographic_counts.rds	1043	19f5a84572a753e0e1985cde7dbecb96c822a28c4715ec268479cf326ac7ee71
results/validation/03_reference_set_audit/reference_geographic_counts.tsv	results/validation/03_reference_set_audit/reference_geographic_counts.tsv	2857	e713ce4534e7e020b5884a7b5fe7ba3f68e512a915913d76217d14f55c9a88ef
results/validation/03_reference_set_audit/reference_identical_on_overlap_pairs.rds	results/validation/03_reference_set_audit/reference_identical_on_overlap_pairs.rds	360	d8dd3596e18fe222f525f473dfea35977812e1e869837ff52ec2f668c4a85313
results/validation/03_reference_set_audit/reference_identical_on_overlap_pairs.tsv	results/validation/03_reference_set_audit/reference_identical_on_overlap_pairs.tsv	335	b471d7ca53a9135abca6b09452d13557f8068d9929c7b56b845df58316548f5d
results/validation/03_reference_set_audit/reference_near_duplicate_pairs.rds	results/validation/03_reference_set_audit/reference_near_duplicate_pairs.rds	360	d8dd3596e18fe222f525f473dfea35977812e1e869837ff52ec2f668c4a85313
results/validation/03_reference_set_audit/reference_near_duplicate_pairs.tsv	results/validation/03_reference_set_audit/reference_near_duplicate_pairs.tsv	335	b471d7ca53a9135abca6b09452d13557f8068d9929c7b56b845df58316548f5d
results/validation/03_reference_set_audit/reference_ortholog_coverage.rds	results/validation/03_reference_set_audit/reference_ortholog_coverage.rds	4524	6a81cf46767c9f88b68353d17e46f76aaacef6a5701ea1fc82d8e9547ea33f07
results/validation/03_reference_set_audit/reference_ortholog_coverage.tsv	results/validation/03_reference_set_audit/reference_ortholog_coverage.tsv	30924	6e1cf99467690b87941ad55b30b9e994f75e2457320c8f745a252b083296415c
results/validation/03_reference_set_audit/reference_pairwise_similarity_top.rds	results/validation/03_reference_set_audit/reference_pairwise_similarity_top.rds	6843	f9fd33fcf129bc92f209f8fe261a92fe7105c6aa6151960ae482f9b85723447c
results/validation/03_reference_set_audit/reference_pairwise_similarity_top.tsv	results/validation/03_reference_set_audit/reference_pairwise_similarity_top.tsv	40878	d3fea00e45f6bc01139184fdf78c3f473c7e0dd84237b8b41c88c5a14d1e86a6
results/validation/03_reference_set_audit/reference_sample_audit.rds	results/validation/03_reference_set_audit/reference_sample_audit.rds	8704	ae81d6b661341b6bc62411416202ccaa912b07ccea97ac0b8c7f9189b35c89ae
results/validation/03_reference_set_audit/reference_sample_audit.tsv	results/validation/03_reference_set_audit/reference_sample_audit.tsv	68846	9c0c8fa29bb44e0439cf0a824e4385b0d4302881d0b84a23bf7377eaa3b4f288
results/validation/03_reference_set_audit/reference_set_audit_run_info.rds	results/validation/03_reference_set_audit/reference_set_audit_run_info.rds	9101	c18983265a10d824d3e545c15fc41298afd19cf0522e783ed70fe6f9382ce64b
results/validation/03_reference_set_audit/retained_reference_flag_summary.rds	results/validation/03_reference_set_audit/retained_reference_flag_summary.rds	721	d466e0a5d0c39c74611587bd97d75b3ca2e40caceb43f1588843378acbc9e72c
results/validation/03_reference_set_audit/retained_reference_flag_summary.tsv	results/validation/03_reference_set_audit/retained_reference_flag_summary.tsv	2414	25861eee7de05e286f4f0a1ca03aecf3abaa1bacb8dd4c3d185a619cdb674a86
results/validation/03_reference_set_audit/retained_reference_published_flags.rds	results/validation/03_reference_set_audit/retained_reference_published_flags.rds	1024	8339ab7032d1048b1ce0a2662fa789d80e907fcac7fa72f3be792a9a6f7c46be
results/validation/03_reference_set_audit/retained_reference_published_flags.tsv	results/validation/03_reference_set_audit/retained_reference_published_flags.tsv	5447	d70c6f5fe595b8c726b6eb4e38c9cf849b7c6aa1b19d402fc40e375e5fbb72ad
results/validation/03_reference_set_audit/sensitivity_scenario_counts.rds	results/validation/03_reference_set_audit/sensitivity_scenario_counts.rds	621	619446087161baff583379d565a6fb0bfae2729f80e2a9b060e9cfe0582a8bdc
results/validation/03_reference_set_audit/sensitivity_scenario_counts.tsv	results/validation/03_reference_set_audit/sensitivity_scenario_counts.tsv	4074	f46aa7706577a29e16bb42c2204d7bf20cf5acf01ba8b4b0484bc88844ce58a9
results/validation/03_reference_set_audit/sensitivity_scenario_membership.rds	results/validation/03_reference_set_audit/sensitivity_scenario_membership.rds	671	e0acc5d655498c1eeaa9662988431f52c06cbf1dc5a5d7b9553c0bde98f70f09
results/validation/03_reference_set_audit/sensitivity_scenario_membership.tsv	results/validation/03_reference_set_audit/sensitivity_scenario_membership.tsv	2600	4a8b53d3767323e92ae7301a6d4bb844c3ad8181e20f66f7bd878311acf838e5
results/validation/03_reference_set_audit/study_class_counts.rds	results/validation/03_reference_set_audit/study_class_counts.rds	566	302f9e6d8d36d51531187d425acca5cffcdd66e2552ec6bf24c4a795ad3735d7
results/validation/03_reference_set_audit/study_class_counts.tsv	results/validation/03_reference_set_audit/study_class_counts.tsv	1494	6d6b32cf8f689307cb3bfbff959e00429614c030ae5fb34e8444221426c07620
results/validation/03_reference_set_audit/study_class_summary.rds	results/validation/03_reference_set_audit/study_class_summary.rds	544	df232a67d321efe99cb40b38361cbb906fd8d18a57da9f9e06aed06315ec4f53
results/validation/03_reference_set_audit/study_class_summary.tsv	results/validation/03_reference_set_audit/study_class_summary.tsv	1048	adfd8a74f3b7a88eccd599a128ee0f284ff06c55cfa16a83872199c2751d8198
results/validation/04_mascarene_coding_sensitivity/return_bundle/MASCARENE_CODING_SENSITIVITY_SUMMARY.txt	results/validation/04_mascarene_coding_sensitivity/return_bundle/MASCARENE_CODING_SENSITIVITY_SUMMARY.txt	2027	fd47ead63e4d12b21028ac3d500bd97735d6987e78cd4ee7f3f4aa669df2bd4d
results/validation/04_mascarene_coding_sensitivity/return_bundle/baseline_asia_P1_loo_perclass.tsv	results/validation/04_mascarene_coding_sensitivity/return_bundle/baseline_asia_P1_loo_perclass.tsv	260	d463198913e5ca25d5ca7a3f7ce3477f4e609b5193631451342c1674c0e80885
results/validation/04_mascarene_coding_sensitivity/return_bundle/baseline_asia_P1_loo_summary.tsv	results/validation/04_mascarene_coding_sensitivity/return_bundle/baseline_asia_P1_loo_summary.tsv	383	10f42a3398e5038bf259a593735b54a8502c7bd78ba6015bf37c1964b6d3e048
results/validation/04_mascarene_coding_sensitivity/return_bundle/baseline_asia_P3_loo_perclass.tsv	results/validation/04_mascarene_coding_sensitivity/return_bundle/baseline_asia_P3_loo_perclass.tsv	335	bb7f160613e118cd5bd35227409aca538ac12b217c73debcaaae301a31241a3c
results/validation/04_mascarene_coding_sensitivity/return_bundle/baseline_asia_P3_loo_summary.tsv	results/validation/04_mascarene_coding_sensitivity/return_bundle/baseline_asia_P3_loo_summary.tsv	522	976ccf1c3bd0b2b23da8971069223611a3ac58c53d1d85038c5b061d915b3b21
results/validation/04_mascarene_coding_sensitivity/return_bundle/baseline_asia_final_assignment.tsv	results/validation/04_mascarene_coding_sensitivity/return_bundle/baseline_asia_final_assignment.tsv	4528	2e2e9cc6740d56f610fe0ea249aaa405d3b6dd490e43f1e003f7c7eebcf99ac4
results/validation/04_mascarene_coding_sensitivity/return_bundle/baseline_asia_panels_index.tsv	results/validation/04_mascarene_coding_sensitivity/return_bundle/baseline_asia_panels_index.tsv	546	38c6b0c313dd12bd2a414920ddfc24b6253d567a9b00fb8a0077367c94075d89
results/validation/04_mascarene_coding_sensitivity/return_bundle/excluded_other_panels_index.tsv	results/validation/04_mascarene_coding_sensitivity/return_bundle/excluded_other_panels_index.tsv	750	6508b2d9fc337ecb3b3e073856bd6d9d04539fec3a82c2983b94c7737e60a408
results/validation/04_mascarene_coding_sensitivity/return_bundle/geo_africa_panels_index.tsv	results/validation/04_mascarene_coding_sensitivity/return_bundle/geo_africa_panels_index.tsv	738	d4215b5b8a3e49076c771688acf1342885d7f90148d50006080ed863701c9d88
results/validation/04_mascarene_coding_sensitivity/return_bundle/loo_perclass_comparison.rds	results/validation/04_mascarene_coding_sensitivity/return_bundle/loo_perclass_comparison.rds	858	53239ce85153811a2140cd93c2862b42b5d798f665fe374caafcb12a31052f8f
results/validation/04_mascarene_coding_sensitivity/return_bundle/loo_perclass_comparison.tsv	results/validation/04_mascarene_coding_sensitivity/return_bundle/loo_perclass_comparison.tsv	4194	868aa70afa9feb3e077539180b31ae45e499790fccc2e01b90c161a64b721899
results/validation/04_mascarene_coding_sensitivity/return_bundle/loo_summary_comparison.rds	results/validation/04_mascarene_coding_sensitivity/return_bundle/loo_summary_comparison.rds	1031	65a17d55175c6752b6553cc046e4fe80d3a94e28c088873a6aa13c77ed933c72
results/validation/04_mascarene_coding_sensitivity/return_bundle/loo_summary_comparison.tsv	results/validation/04_mascarene_coding_sensitivity/return_bundle/loo_summary_comparison.tsv	2821	fb3252125ea6294332e5d79ac12a2a8817fe6a258fcc2c5bb28ca4b7d022e105
results/validation/04_mascarene_coding_sensitivity/return_bundle/marker_overlap_topK.rds	results/validation/04_mascarene_coding_sensitivity/return_bundle/marker_overlap_topK.rds	1235	ef2ecefa6d6502a756f4decf3800401fab1e001fc6a92c26306528460cb2fd39
results/validation/04_mascarene_coding_sensitivity/return_bundle/marker_overlap_topK.tsv	results/validation/04_mascarene_coding_sensitivity/return_bundle/marker_overlap_topK.tsv	7520	5dfc0a36a9b7de5fdf6a5bafbc024ff9a9f05ab66161acabaa1154e48bb29fca
results/validation/04_mascarene_coding_sensitivity/return_bundle/marker_rank_correlation.rds	results/validation/04_mascarene_coding_sensitivity/return_bundle/marker_rank_correlation.rds	622	e96ea5e656493dd722114d1275f0bcd4e016eab582057bb207e9367e80997e2d
results/validation/04_mascarene_coding_sensitivity/return_bundle/marker_rank_correlation.tsv	results/validation/04_mascarene_coding_sensitivity/return_bundle/marker_rank_correlation.tsv	1151	73667c87a9765334a6cce0c5195d8c0838e78942f0cbe63bf583d1e43d911688
results/validation/04_mascarene_coding_sensitivity/return_bundle/mascarene_coding_sensitivity_run_info.rds	results/validation/04_mascarene_coding_sensitivity/return_bundle/mascarene_coding_sensitivity_run_info.rds	6407	d6b032515fe974cb1eeb1d76b36527f3ff84b46a33aa154f3e8c8acd22bd3929
results/validation/04_mascarene_coding_sensitivity/return_bundle/panel_index_comparison.rds	results/validation/04_mascarene_coding_sensitivity/return_bundle/panel_index_comparison.rds	773	3d4c27fb97aa3efb0743811643b6a06c14c284123e0a4e1c378787b7aeb61bec
results/validation/04_mascarene_coding_sensitivity/return_bundle/panel_index_comparison.tsv	results/validation/04_mascarene_coding_sensitivity/return_bundle/panel_index_comparison.tsv	2245	524e4e56a43c732991298c930f05dbeb4a85ce5be74505ca2124836205ac4307
results/validation/04_mascarene_coding_sensitivity/return_bundle/query_assignment_change_summary.rds	results/validation/04_mascarene_coding_sensitivity/return_bundle/query_assignment_change_summary.rds	373	99114f62f406f3ee4658658994248e016ca084dbe444da5f3eb54d4c5660f81a
results/validation/04_mascarene_coding_sensitivity/return_bundle/query_assignment_change_summary.tsv	results/validation/04_mascarene_coding_sensitivity/return_bundle/query_assignment_change_summary.tsv	373	23860842f8c71de5e0bb05d203f1d9d264b0ce5a53685908bb8346506d5c2da3
results/validation/04_mascarene_coding_sensitivity/return_bundle/query_assignment_changes.rds	results/validation/04_mascarene_coding_sensitivity/return_bundle/query_assignment_changes.rds	1236	2957d1aba99b6b79e82c9801c0cad2297f9624900c2fad94c8d0b07fccdf5b18
results/validation/04_mascarene_coding_sensitivity/return_bundle/query_assignment_changes.tsv	results/validation/04_mascarene_coding_sensitivity/return_bundle/query_assignment_changes.tsv	11005	80108e5abb93ba0f253877f45488a8df4eda2ee63a3d0d8b5639ee1cae08faf7
results/validation/04_mascarene_coding_sensitivity/return_bundle/query_assignment_long.rds	results/validation/04_mascarene_coding_sensitivity/return_bundle/query_assignment_long.rds	1705	f045fb50dce3342ed19b346625fad9f749385e081aa267491cbdad091866e35f
results/validation/04_mascarene_coding_sensitivity/return_bundle/query_assignment_long.tsv	results/validation/04_mascarene_coding_sensitivity/return_bundle/query_assignment_long.tsv	15352	dffd40a43957126cc19f37baddc43d623bdffc63e8ad6096aa24327b8e3cbbbd
results/validation/04_mascarene_coding_sensitivity/return_bundle/scenario_definitions.rds	results/validation/04_mascarene_coding_sensitivity/return_bundle/scenario_definitions.rds	363	4e5ec2c6e4d5b011c101be547f05f0826066fdc8a4ea4121ae009f4e7b366a0d
results/validation/04_mascarene_coding_sensitivity/return_bundle/scenario_definitions.tsv	results/validation/04_mascarene_coding_sensitivity/return_bundle/scenario_definitions.tsv	291	f45b82c7a553965d4ce50869c1bf368e477815d834af5bda554338ab59343b92
results/validation/04_mascarene_coding_sensitivity/return_bundle/scenario_metadata_changes.rds	results/validation/04_mascarene_coding_sensitivity/return_bundle/scenario_metadata_changes.rds	729	459db911978790582c9f566fb7f6331319e332f74c4c080fa42ac1ec76f85a85
results/validation/04_mascarene_coding_sensitivity/return_bundle/scenario_metadata_changes.tsv	results/validation/04_mascarene_coding_sensitivity/return_bundle/scenario_metadata_changes.tsv	10056	aa5ad1629293f35476add66efd3efd1ad1489ac07d54887911d52e01c033a746
results/validation/04_mascarene_coding_sensitivity/return_bundle/scenario_reference_counts.rds	results/validation/04_mascarene_coding_sensitivity/return_bundle/scenario_reference_counts.rds	484	69006c8485d2a95ab508f26fece6d1ab5543a153f6d868d998219873764648d1
results/validation/04_mascarene_coding_sensitivity/return_bundle/scenario_reference_counts.tsv	results/validation/04_mascarene_coding_sensitivity/return_bundle/scenario_reference_counts.tsv	2403	0ba6a2ecf627342733d7cd93f2610e205b4b08054e6de380b771e28714e45557
results/validation/04_mascarene_coding_sensitivity/return_bundle/scenario_run_status.rds	results/validation/04_mascarene_coding_sensitivity/return_bundle/scenario_run_status.rds	545	e587eb1dc582da12b0f926eac546fcb6aa4ff6a0de0609b5618ea6249e00adff
results/validation/04_mascarene_coding_sensitivity/return_bundle/scenario_run_status.tsv	results/validation/04_mascarene_coding_sensitivity/return_bundle/scenario_run_status.tsv	908	d24553c4bdd95af2ae756e24d8e7ff7ca1387221fca5a8586612c6399c4e9ddd
results/validation/04_mascarene_coding_sensitivity/scenarios/excluded_other/01_qc/metadata_clean.rds	results/validation/04_mascarene_coding_sensitivity/scenarios/excluded_other/01_qc/metadata_clean.rds	5696	b290b44fd86f7aa8aa0c3024f749e175842e3cfa8de4b44432c383fb4966947d
results/validation/04_mascarene_coding_sensitivity/scenarios/excluded_other/01_qc/metadata_clean.tsv	results/validation/04_mascarene_coding_sensitivity/scenarios/excluded_other/01_qc/metadata_clean.tsv	43783	23f471e34e47988e22037e1fbbdaa4e6cfdab4c805cfac67db88f8c68dab7924
results/validation/04_mascarene_coding_sensitivity/scenarios/excluded_other/01_qc/ogs_pass_qc.txt	results/validation/04_mascarene_coding_sensitivity/scenarios/excluded_other/01_qc/ogs_pass_qc.txt	88677	97193e0df88b661051b8574990c550094c2c9b273a3e9fd01125843c6e7d7a6f
results/validation/04_mascarene_coding_sensitivity/scenarios/excluded_other/02_snp_panels/panels/P1_macroregion_africa_vs_asia/og_panel_topK_100.txt	results/validation/04_mascarene_coding_sensitivity/scenarios/excluded_other/02_snp_panels/panels/P1_macroregion_africa_vs_asia/og_panel_topK_100.txt	770	dfdeb177184ae2b88d64e5c8f83cf565189436fbac9614c9c13356cae27bf1ce
results/validation/04_mascarene_coding_sensitivity/scenarios/excluded_other/02_snp_panels/panels/P1_macroregion_africa_vs_asia/og_panel_topK_1000.txt	results/validation/04_mascarene_coding_sensitivity/scenarios/excluded_other/02_snp_panels/panels/P1_macroregion_africa_vs_asia/og_panel_topK_1000.txt	7737	fbd533f1b12518a303793bac64165f53897fc70539fef8c854cb8bf0b11e81aa
results/validation/04_mascarene_coding_sensitivity/scenarios/excluded_other/02_snp_panels/panels/P1_macroregion_africa_vs_asia/og_panel_topK_20.txt	results/validation/04_mascarene_coding_sensitivity/scenarios/excluded_other/02_snp_panels/panels/P1_macroregion_africa_vs_asia/og_panel_topK_20.txt	153	315c945c6deb8bb998514bbea47ad1997e590908c58bd6712fc6bc21206736f5
results/validation/04_mascarene_coding_sensitivity/scenarios/excluded_other/02_snp_panels/panels/P1_macroregion_africa_vs_asia/og_panel_topK_200.txt	results/validation/04_mascarene_coding_sensitivity/scenarios/excluded_other/02_snp_panels/panels/P1_macroregion_africa_vs_asia/og_panel_topK_200.txt	1536	c0662148459e46486f8500d84a6af9607b845346d56e23a6de55686b62202859
results/validation/04_mascarene_coding_sensitivity/scenarios/excluded_other/02_snp_panels/panels/P1_macroregion_africa_vs_asia/og_panel_topK_2000.txt	results/validation/04_mascarene_coding_sensitivity/scenarios/excluded_other/02_snp_panels/panels/P1_macroregion_africa_vs_asia/og_panel_topK_2000.txt	15566	5af95262470e1fd644ddbf49661dee18bfb93a75062ab30b9f59a0dd46c30b42
results/validation/04_mascarene_coding_sensitivity/scenarios/excluded_other/02_snp_panels/panels/P1_macroregion_africa_vs_asia/og_panel_topK_50.txt	results/validation/04_mascarene_coding_sensitivity/scenarios/excluded_other/02_snp_panels/panels/P1_macroregion_africa_vs_asia/og_panel_topK_50.txt	380	0d863c383766de75086c933e36611888c9ff3eac52274c81dada24a25e13d736
results/validation/04_mascarene_coding_sensitivity/scenarios/excluded_other/02_snp_panels/panels/P1_macroregion_africa_vs_asia/og_panel_topK_500.txt	results/validation/04_mascarene_coding_sensitivity/scenarios/excluded_other/02_snp_panels/panels/P1_macroregion_africa_vs_asia/og_panel_topK_500.txt	3860	cc6e4b396ec340e9ef57dffd037e78d7f62af1cdd1a256f895b6da7e8024e65d
results/validation/04_mascarene_coding_sensitivity/scenarios/excluded_other/02_snp_panels/panels/P1_macroregion_africa_vs_asia/og_panel_topK_5000.txt	results/validation/04_mascarene_coding_sensitivity/scenarios/excluded_other/02_snp_panels/panels/P1_macroregion_africa_vs_asia/og_panel_topK_5000.txt	39328	728babbb5faa7ba142e4365f0717a31d73d63149554dad2429f85c4ee51dd396
results/validation/04_mascarene_coding_sensitivity/scenarios/excluded_other/02_snp_panels/panels/P1_macroregion_africa_vs_asia/panel_run_info.rds	results/validation/04_mascarene_coding_sensitivity/scenarios/excluded_other/02_snp_panels/panels/P1_macroregion_africa_vs_asia/panel_run_info.rds	1049	24936b213f6069e60d697aa63f1c7a16bcfa749b4c28127d1290568a8b445683
results/validation/04_mascarene_coding_sensitivity/scenarios/excluded_other/02_snp_panels/panels/P1_macroregion_africa_vs_asia/per_og_stats.rds	results/validation/04_mascarene_coding_sensitivity/scenarios/excluded_other/02_snp_panels/panels/P1_macroregion_africa_vs_asia/per_og_stats.rds	219520	cbe249e4589c362ed959ff78d11d174a029304538fcd899fffbc772e14ef6831
results/validation/04_mascarene_coding_sensitivity/scenarios/excluded_other/02_snp_panels/panels/P1_macroregion_africa_vs_asia/per_og_stats.tsv	results/validation/04_mascarene_coding_sensitivity/scenarios/excluded_other/02_snp_panels/panels/P1_macroregion_africa_vs_asia/per_og_stats.tsv	2334985	3282688529f4b16a72385e0480e89865e53ccb2df3763050ec19a48a7f3c74e1
results/validation/04_mascarene_coding_sensitivity/scenarios/excluded_other/02_snp_panels/panels/P1_macroregion_africa_vs_asia/reference_group_counts.rds	results/validation/04_mascarene_coding_sensitivity/scenarios/excluded_other/02_snp_panels/panels/P1_macroregion_africa_vs_asia/reference_group_counts.rds	180	a3aed46f8789d553c700821d2c19ca8f605dd335b41312c0ef84027d1d149f51
results/validation/04_mascarene_coding_sensitivity/scenarios/excluded_other/02_snp_panels/panels/P1_macroregion_africa_vs_asia/reference_group_counts.tsv	results/validation/04_mascarene_coding_sensitivity/scenarios/excluded_other/02_snp_panels/panels/P1_macroregion_africa_vs_asia/reference_group_counts.tsv	31	58237ac82c3392663fdb5eaa3db6cf062da1017452b89ef1cbbe72d146bc30a8
results/validation/04_mascarene_coding_sensitivity/scenarios/excluded_other/02_snp_panels/panels/P1_macroregion_africa_vs_asia/snp_map.rds	results/validation/04_mascarene_coding_sensitivity/scenarios/excluded_other/02_snp_panels/panels/P1_macroregion_africa_vs_asia/snp_map.rds	281921	2d276063cc75a18fc35e4e942de43b9e4196216ea34022af2c843c4e5013b5c7
results/validation/04_mascarene_coding_sensitivity/scenarios/excluded_other/02_snp_panels/panels/P1_macroregion_africa_vs_asia/snp_map.tsv	results/validation/04_mascarene_coding_sensitivity/scenarios/excluded_other/02_snp_panels/panels/P1_macroregion_africa_vs_asia/snp_map.tsv	2760313	b6a50974202ae1136fae6fc294caf4abac0aa559a838a2b9b8ef25b3bb2e5642
results/validation/04_mascarene_coding_sensitivity/scenarios/excluded_other/02_snp_panels/panels/P1_macroregion_africa_vs_asia/snp_matrix.rds	results/validation/04_mascarene_coding_sensitivity/scenarios/excluded_other/02_snp_panels/panels/P1_macroregion_africa_vs_asia/snp_matrix.rds	887950	daed6ad5d0d0543749549f431611893944557b81fd555599176c6ec2575369f6
results/validation/04_mascarene_coding_sensitivity/scenarios/excluded_other/02_snp_panels/panels/P2_subregion_within_africa/og_panel_topK_100.txt	results/validation/04_mascarene_coding_sensitivity/scenarios/excluded_other/02_snp_panels/panels/P2_subregion_within_africa/og_panel_topK_100.txt	760	c5c77db28699f627ced39873889552f054d3c6acf1abad3d2f438d2a266fd959
results/validation/04_mascarene_coding_sensitivity/scenarios/excluded_other/02_snp_panels/panels/P2_subregion_within_africa/og_panel_topK_1000.txt	results/validation/04_mascarene_coding_sensitivity/scenarios/excluded_other/02_snp_panels/panels/P2_subregion_within_africa/og_panel_topK_1000.txt	7771	667c237961019c9cca5861627b9fca23d4da960e18cf6951bf3cc4d1021cb481
results/validation/04_mascarene_coding_sensitivity/scenarios/excluded_other/02_snp_panels/panels/P2_subregion_within_africa/og_panel_topK_20.txt	results/validation/04_mascarene_coding_sensitivity/scenarios/excluded_other/02_snp_panels/panels/P2_subregion_within_africa/og_panel_topK_20.txt	146	f11aefccabcbebd4b8d9aec01c936e1dc2e3d67c5b07edaaf95a9f1840cb87d4
results/validation/04_mascarene_coding_sensitivity/scenarios/excluded_other/02_snp_panels/panels/P2_subregion_within_africa/og_panel_topK_200.txt	results/validation/04_mascarene_coding_sensitivity/scenarios/excluded_other/02_snp_panels/panels/P2_subregion_within_africa/og_panel_topK_200.txt	1534	050bec55299f24317b8564167e75dd48dfaa13c63765a05ec9aafd6ccb0cf4d5
results/validation/04_mascarene_coding_sensitivity/scenarios/excluded_other/02_snp_panels/panels/P2_subregion_within_africa/og_panel_topK_2000.txt	results/validation/04_mascarene_coding_sensitivity/scenarios/excluded_other/02_snp_panels/panels/P2_subregion_within_africa/og_panel_topK_2000.txt	15608	511206790b3b0a62bfca7a1bef1e6e78ce91dc28b16e599c592c6bc340fb977a
results/validation/04_mascarene_coding_sensitivity/scenarios/excluded_other/02_snp_panels/panels/P2_subregion_within_africa/og_panel_topK_50.txt	results/validation/04_mascarene_coding_sensitivity/scenarios/excluded_other/02_snp_panels/panels/P2_subregion_within_africa/og_panel_topK_50.txt	374	f48c1a090d3f3ea814cee6d96fe45b59b096b64b60ee06b96d2e3dd35b163949
results/validation/04_mascarene_coding_sensitivity/scenarios/excluded_other/02_snp_panels/panels/P2_subregion_within_africa/og_panel_topK_500.txt	results/validation/04_mascarene_coding_sensitivity/scenarios/excluded_other/02_snp_panels/panels/P2_subregion_within_africa/og_panel_topK_500.txt	3862	b7681ca0a09301c4fd2ace6e62a6b699c6254f9badb04aed0f24f3796925252e
results/validation/04_mascarene_coding_sensitivity/scenarios/excluded_other/02_snp_panels/panels/P2_subregion_within_africa/og_panel_topK_5000.txt	results/validation/04_mascarene_coding_sensitivity/scenarios/excluded_other/02_snp_panels/panels/P2_subregion_within_africa/og_panel_topK_5000.txt	39392	bbf85086ad0a54ac025e1d02f3ddcd2abce9904b4eae5e5b9d86b82fc5fba572
results/validation/04_mascarene_coding_sensitivity/scenarios/excluded_other/02_snp_panels/panels/P2_subregion_within_africa/panel_run_info.rds	results/validation/04_mascarene_coding_sensitivity/scenarios/excluded_other/02_snp_panels/panels/P2_subregion_within_africa/panel_run_info.rds	1068	5b86fa172499f85eb603e0832c7c8932c955c7cc34584ab34c608d131893263d
results/validation/04_mascarene_coding_sensitivity/scenarios/excluded_other/02_snp_panels/panels/P2_subregion_within_africa/per_og_stats.rds	results/validation/04_mascarene_coding_sensitivity/scenarios/excluded_other/02_snp_panels/panels/P2_subregion_within_africa/per_og_stats.rds	176450	2010b4c6b23329258fdb1da189e9c0ee66386ee2777f40c7821ea51c85fe476c
results/validation/04_mascarene_coding_sensitivity/scenarios/excluded_other/02_snp_panels/panels/P2_subregion_within_africa/per_og_stats.tsv	results/validation/04_mascarene_coding_sensitivity/scenarios/excluded_other/02_snp_panels/panels/P2_subregion_within_africa/per_og_stats.tsv	2270627	4dcf0bafab1f2c5d005a7388d850bf4b53eb0b01b253aecf1e3e305c6dd08e08
results/validation/04_mascarene_coding_sensitivity/scenarios/excluded_other/02_snp_panels/panels/P2_subregion_within_africa/reference_group_counts.rds	results/validation/04_mascarene_coding_sensitivity/scenarios/excluded_other/02_snp_panels/panels/P2_subregion_within_africa/reference_group_counts.rds	196	1f9389fbd0317961528801df0617268edd91edf5ecf0a8b489341fbdfcb10ceb
results/validation/04_mascarene_coding_sensitivity/scenarios/excluded_other/02_snp_panels/panels/P2_subregion_within_africa/reference_group_counts.tsv	results/validation/04_mascarene_coding_sensitivity/scenarios/excluded_other/02_snp_panels/panels/P2_subregion_within_africa/reference_group_counts.tsv	60	98e3e1f1913313c18669ba818cb99e880d4243cf64a0335f57278a7e56fdc0bb
results/validation/04_mascarene_coding_sensitivity/scenarios/excluded_other/02_snp_panels/panels/P2_subregion_within_africa/snp_map.rds	results/validation/04_mascarene_coding_sensitivity/scenarios/excluded_other/02_snp_panels/panels/P2_subregion_within_africa/snp_map.rds	229784	f5f31a2b06b056e890aa7be1b26ad39c227e6ac22a117cd519e74e6b4e188407
results/validation/04_mascarene_coding_sensitivity/scenarios/excluded_other/02_snp_panels/panels/P2_subregion_within_africa/snp_map.tsv	results/validation/04_mascarene_coding_sensitivity/scenarios/excluded_other/02_snp_panels/panels/P2_subregion_within_africa/snp_map.tsv	2725314	811e7097b45a0d57b2c0d81b60d72da8e9a9b468977b1763897af2ca671cd751
results/validation/04_mascarene_coding_sensitivity/scenarios/excluded_other/02_snp_panels/panels/P2_subregion_within_africa/snp_matrix.rds	results/validation/04_mascarene_coding_sensitivity/scenarios/excluded_other/02_snp_panels/panels/P2_subregion_within_africa/snp_matrix.rds	960699	b36434a50df48e63f0b46bb83705ece7242b81763651547b43650b79b1f04332
results/validation/04_mascarene_coding_sensitivity/scenarios/excluded_other/02_snp_panels/panels/P3_subregion_within_asia/og_panel_topK_100.txt	results/validation/04_mascarene_coding_sensitivity/scenarios/excluded_other/02_snp_panels/panels/P3_subregion_within_asia/og_panel_topK_100.txt	784	27611c47b488bd6650c379207465731804e2b2b66c56e90945c44e851b0a6a9a
results/validation/04_mascarene_coding_sensitivity/scenarios/excluded_other/02_snp_panels/panels/P3_subregion_within_asia/og_panel_topK_1000.txt	results/validation/04_mascarene_coding_sensitivity/scenarios/excluded_other/02_snp_panels/panels/P3_subregion_within_asia/og_panel_topK_1000.txt	7828	4226927b8c83bf3106c08a0dfd6046451b144aae739648e4c2c92c41177b4280
results/validation/04_mascarene_coding_sensitivity/scenarios/excluded_other/02_snp_panels/panels/P3_subregion_within_asia/og_panel_topK_20.txt	results/validation/04_mascarene_coding_sensitivity/scenarios/excluded_other/02_snp_panels/panels/P3_subregion_within_asia/og_panel_topK_20.txt	158	5a13f51de312d34ce8fdffdc58e6df13000ee6b1862884292e5d679d1d181c36
results/validation/04_mascarene_coding_sensitivity/scenarios/excluded_other/02_snp_panels/panels/P3_subregion_within_asia/og_panel_topK_200.txt	results/validation/04_mascarene_coding_sensitivity/scenarios/excluded_other/02_snp_panels/panels/P3_subregion_within_asia/og_panel_topK_200.txt	1562	1e80732ce99e8a114aa26e9b24645717bf206b73447332a7c36ade86bca27324
results/validation/04_mascarene_coding_sensitivity/scenarios/excluded_other/02_snp_panels/panels/P3_subregion_within_asia/og_panel_topK_2000.txt	results/validation/04_mascarene_coding_sensitivity/scenarios/excluded_other/02_snp_panels/panels/P3_subregion_within_asia/og_panel_topK_2000.txt	15662	707df40a287d6af8dc230bcab91955f75b648fd3ba95171c0be962138635bc7a
results/validation/04_mascarene_coding_sensitivity/scenarios/excluded_other/02_snp_panels/panels/P3_subregion_within_asia/og_panel_topK_50.txt	results/validation/04_mascarene_coding_sensitivity/scenarios/excluded_other/02_snp_panels/panels/P3_subregion_within_asia/og_panel_topK_50.txt	392	69d731b0e369a5242bfa372d0592b336e3b89eabef0961d2e975a78a797120b5
results/validation/04_mascarene_coding_sensitivity/scenarios/excluded_other/02_snp_panels/panels/P3_subregion_within_asia/og_panel_topK_500.txt	results/validation/04_mascarene_coding_sensitivity/scenarios/excluded_other/02_snp_panels/panels/P3_subregion_within_asia/og_panel_topK_500.txt	3908	6ba7582661289817787e49fa6d79d2573e47df634063c43f2ad8770d80203dc2
results/validation/04_mascarene_coding_sensitivity/scenarios/excluded_other/02_snp_panels/panels/P3_subregion_within_asia/og_panel_topK_5000.txt	results/validation/04_mascarene_coding_sensitivity/scenarios/excluded_other/02_snp_panels/panels/P3_subregion_within_asia/og_panel_topK_5000.txt	39373	cf886a3e8b1e53a9d750cc4a831e758f88beeaae2782df4fbac4e20767d98098
results/validation/04_mascarene_coding_sensitivity/scenarios/excluded_other/02_snp_panels/panels/P3_subregion_within_asia/panel_run_info.rds	results/validation/04_mascarene_coding_sensitivity/scenarios/excluded_other/02_snp_panels/panels/P3_subregion_within_asia/panel_run_info.rds	1060	cf2d6e03b90980826362401428e2cd38b46257f8bee2db0fa164cef9d1c38c78
results/validation/04_mascarene_coding_sensitivity/scenarios/excluded_other/02_snp_panels/panels/P3_subregion_within_asia/per_og_stats.rds	results/validation/04_mascarene_coding_sensitivity/scenarios/excluded_other/02_snp_panels/panels/P3_subregion_within_asia/per_og_stats.rds	193764	13a88c27add1bcd299e1462f9115472bb59386e44472672c939766c6270ad7fd
results/validation/04_mascarene_coding_sensitivity/scenarios/excluded_other/02_snp_panels/panels/P3_subregion_within_asia/per_og_stats.tsv	results/validation/04_mascarene_coding_sensitivity/scenarios/excluded_other/02_snp_panels/panels/P3_subregion_within_asia/per_og_stats.tsv	2278848	e0ffb159fa73699b20c7f68a8f7af0a8409bc657e31c4efd5aba88af1f22115c
results/validation/04_mascarene_coding_sensitivity/scenarios/excluded_other/02_snp_panels/panels/P3_subregion_within_asia/reference_group_counts.rds	results/validation/04_mascarene_coding_sensitivity/scenarios/excluded_other/02_snp_panels/panels/P3_subregion_within_asia/reference_group_counts.rds	189	79f2082e5365eb5d267849b376a9cf2901adb3d0938b450ce94ea272f01f6007
results/validation/04_mascarene_coding_sensitivity/scenarios/excluded_other/02_snp_panels/panels/P3_subregion_within_asia/reference_group_counts.tsv	results/validation/04_mascarene_coding_sensitivity/scenarios/excluded_other/02_snp_panels/panels/P3_subregion_within_asia/reference_group_counts.tsv	43	112e9931bdd09a4c3145053d75edef89b8dee9a4896708db006b0b8c8874282a
results/validation/04_mascarene_coding_sensitivity/scenarios/excluded_other/02_snp_panels/panels/P3_subregion_within_asia/snp_map.rds	results/validation/04_mascarene_coding_sensitivity/scenarios/excluded_other/02_snp_panels/panels/P3_subregion_within_asia/snp_map.rds	244185	0baf182221852934a3d5d5471b1209ecc9ed6e5b15ab4198491f676013e64bb2
results/validation/04_mascarene_coding_sensitivity/scenarios/excluded_other/02_snp_panels/panels/P3_subregion_within_asia/snp_map.tsv	results/validation/04_mascarene_coding_sensitivity/scenarios/excluded_other/02_snp_panels/panels/P3_subregion_within_asia/snp_map.tsv	2668958	1c6935909b9329b4772df82f895273e6f918645ea0a779d2042f82f4e31f87fb
results/validation/04_mascarene_coding_sensitivity/scenarios/excluded_other/02_snp_panels/panels/P3_subregion_within_asia/snp_matrix.rds	results/validation/04_mascarene_coding_sensitivity/scenarios/excluded_other/02_snp_panels/panels/P3_subregion_within_asia/snp_matrix.rds	777922	86e4067626b062d99e6454f01b8358140c88c43a74bf717bf28956f47d20b56e
results/validation/04_mascarene_coding_sensitivity/scenarios/excluded_other/02_snp_panels/panels_index.rds	results/validation/04_mascarene_coding_sensitivity/scenarios/excluded_other/02_snp_panels/panels_index.rds	556	8b9f2f2b614c1e1b5e14d9a6574da7bce34c478de0f8188224c66fb005e4909a
results/validation/04_mascarene_coding_sensitivity/scenarios/excluded_other/02_snp_panels/panels_index.tsv	results/validation/04_mascarene_coding_sensitivity/scenarios/excluded_other/02_snp_panels/panels_index.tsv	480	979efc47584c758d864eb02c7c465c54457c0a5f81182ff8840b1a82d94e8347
results/validation/04_mascarene_coding_sensitivity/scenarios/excluded_other/02_snp_panels/snp_map.rds	results/validation/04_mascarene_coding_sensitivity/scenarios/excluded_other/02_snp_panels/snp_map.rds	730133	bac66133f04c42aefe9b23c55e60e71d10721ffe879cc504d1313c4a7a104244
results/validation/04_mascarene_coding_sensitivity/scenarios/excluded_other/02_snp_panels/snp_map.tsv	results/validation/04_mascarene_coding_sensitivity/scenarios/excluded_other/02_snp_panels/snp_map.tsv	8154289	28ca4fd437ebdd13bcc455db54fff69a40b5a69ec872734ca18ee4f6a574a216
results/validation/04_mascarene_coding_sensitivity/scenarios/excluded_other/02_snp_panels/step3_run_info.rds	results/validation/04_mascarene_coding_sensitivity/scenarios/excluded_other/02_snp_panels/step3_run_info.rds	15119	19b6feb2746212295023b11e564a27199ea1e7e613e221b31ca7913fdf87870f
results/validation/04_mascarene_coding_sensitivity/scenarios/excluded_other/04_origin_assignment/P1_macroregion_raw.rds	results/validation/04_mascarene_coding_sensitivity/scenarios/excluded_other/04_origin_assignment/P1_macroregion_raw.rds	2002	4315e7e41f44b663e48496061267a56221c23715c9933e094a1adac1fe1d9e23
results/validation/04_mascarene_coding_sensitivity/scenarios/excluded_other/04_origin_assignment/P1_macroregion_raw.tsv	results/validation/04_mascarene_coding_sensitivity/scenarios/excluded_other/04_origin_assignment/P1_macroregion_raw.tsv	35345	d51549c6965dede1de0191eb512d6f44422679255adb6451b0e1d0282920dc19
results/validation/04_mascarene_coding_sensitivity/scenarios/excluded_other/04_origin_assignment/P1_macroregion_stability.rds	results/validation/04_mascarene_coding_sensitivity/scenarios/excluded_other/04_origin_assignment/P1_macroregion_stability.rds	681	fdfa162eb819057060e99c770c6577840fc6b45d9fe202f16367de71ad5abc55
results/validation/04_mascarene_coding_sensitivity/scenarios/excluded_other/04_origin_assignment/P1_macroregion_stability.tsv	results/validation/04_mascarene_coding_sensitivity/scenarios/excluded_other/04_origin_assignment/P1_macroregion_stability.tsv	2346	786eec99d639c509a3c36767efbed64da48de3988e20c5c3ae130bab470260bd
results/validation/04_mascarene_coding_sensitivity/scenarios/excluded_other/04_origin_assignment/P2_africa_subregion_raw.rds	results/validation/04_mascarene_coding_sensitivity/scenarios/excluded_other/04_origin_assignment/P2_africa_subregion_raw.rds	2114	bc7e1c7c85e9b10a73b2621d0634a59043f20729f571ca68cb6ee0ee80807124
results/validation/04_mascarene_coding_sensitivity/scenarios/excluded_other/04_origin_assignment/P2_africa_subregion_raw.tsv	results/validation/04_mascarene_coding_sensitivity/scenarios/excluded_other/04_origin_assignment/P2_africa_subregion_raw.tsv	20399	bf551092a1d9bcd01453a4426f1f2b73429ade28f48f87fd83d6785a26d57422
results/validation/04_mascarene_coding_sensitivity/scenarios/excluded_other/04_origin_assignment/P2_africa_subregion_stability.rds	results/validation/04_mascarene_coding_sensitivity/scenarios/excluded_other/04_origin_assignment/P2_africa_subregion_stability.rds	798	ee06ac7363e1d8d0226486ca5a1d268efcae2e56865a5efe5e18797b5bc29c07
results/validation/04_mascarene_coding_sensitivity/scenarios/excluded_other/04_origin_assignment/P2_africa_subregion_stability.tsv	results/validation/04_mascarene_coding_sensitivity/scenarios/excluded_other/04_origin_assignment/P2_africa_subregion_stability.tsv	1827	de6b28bab1181d830b18fb6eddb322b95fb0e67328bb570928eff0324bde068a
results/validation/04_mascarene_coding_sensitivity/scenarios/excluded_other/04_origin_assignment/P3_asia_subregion_raw.rds	results/validation/04_mascarene_coding_sensitivity/scenarios/excluded_other/04_origin_assignment/P3_asia_subregion_raw.rds	1209	dbcd41f2a456fdc67b3752036d3500a6e0eb975e907379cc57ac9cf709f29268
results/validation/04_mascarene_coding_sensitivity/scenarios/excluded_other/04_origin_assignment/P3_asia_subregion_raw.tsv	results/validation/04_mascarene_coding_sensitivity/scenarios/excluded_other/04_origin_assignment/P3_asia_subregion_raw.tsv	11278	5dba0417a832bcec1741ea9e174140e70d21c2b42f8d08bc4c1205f19e5e6db6
results/validation/04_mascarene_coding_sensitivity/scenarios/excluded_other/04_origin_assignment/P3_asia_subregion_stability.rds	results/validation/04_mascarene_coding_sensitivity/scenarios/excluded_other/04_origin_assignment/P3_asia_subregion_stability.rds	602	cac315c3fbdaf4813ba3f79338707dc9fbb2125b57de63e4c1f62dc9bd724db8
results/validation/04_mascarene_coding_sensitivity/scenarios/excluded_other/04_origin_assignment/P3_asia_subregion_stability.tsv	results/validation/04_mascarene_coding_sensitivity/scenarios/excluded_other/04_origin_assignment/P3_asia_subregion_stability.tsv	1035	6cf96e5ab87e12ca7fa3b45a000cebc869d7599c80828b555c30ad736fc17d72
results/validation/04_mascarene_coding_sensitivity/scenarios/excluded_other/04_origin_assignment/final_assignment.rds	results/validation/04_mascarene_coding_sensitivity/scenarios/excluded_other/04_origin_assignment/final_assignment.rds	1142	9a7e1c62b98ecfe2477d69f69a83553aded80cc34233778a99037e91ae5e2f3d
results/validation/04_mascarene_coding_sensitivity/scenarios/excluded_other/04_origin_assignment/final_assignment.tsv	results/validation/04_mascarene_coding_sensitivity/scenarios/excluded_other/04_origin_assignment/final_assignment.tsv	4486	c7885e8db892965d0b835111472720fab22b5f156273e94bfbe29829ce6e3fa4
results/validation/04_mascarene_coding_sensitivity/scenarios/excluded_other/04_origin_assignment/step4_K_grid_used.rds	results/validation/04_mascarene_coding_sensitivity/scenarios/excluded_other/04_origin_assignment/step4_K_grid_used.rds	325	4a20047d2f7d9002bf868bb788f715ee518af3f42607609a0d40867e1ac87317
results/validation/04_mascarene_coding_sensitivity/scenarios/excluded_other/04_origin_assignment/step4_K_grid_used.tsv	results/validation/04_mascarene_coding_sensitivity/scenarios/excluded_other/04_origin_assignment/step4_K_grid_used.tsv	1851	3b92b8e69fe4d047a3de4cddc544b7041f7df573d7c1516be8a0817c1bd3a45b
results/validation/04_mascarene_coding_sensitivity/scenarios/excluded_other/04_origin_assignment/step4_excluded_other.xlsx	results/validation/04_mascarene_coding_sensitivity/scenarios/excluded_other/04_origin_assignment/step4_excluded_other.xlsx	63497	6365141277bc6420625a224dd927b1eb290c9960e3b0bebc47090d039b31559e
results/validation/04_mascarene_coding_sensitivity/scenarios/excluded_other/04_origin_assignment/step4_params.rds	results/validation/04_mascarene_coding_sensitivity/scenarios/excluded_other/04_origin_assignment/step4_params.rds	695	5da415399ca771f66a40feedb0c06131bd15938fb67be71507ddd46952719a83
results/validation/04_mascarene_coding_sensitivity/scenarios/excluded_other/04_origin_assignment/step4_params.tsv	results/validation/04_mascarene_coding_sensitivity/scenarios/excluded_other/04_origin_assignment/step4_params.tsv	1235	23f108b0f75056261e97baa562b79f6eef101ab228082c4e54cd73f086ee3f54
results/validation/04_mascarene_coding_sensitivity/scenarios/excluded_other/04_origin_assignment/step4_run_info.rds	results/validation/04_mascarene_coding_sensitivity/scenarios/excluded_other/04_origin_assignment/step4_run_info.rds	9528	5c9774bb57ecf77350e27446d435910bc5a5f14b27bb94828f8595b72048a8ba
results/validation/04_mascarene_coding_sensitivity/scenarios/excluded_other/05_loo_validation/FIG_LOO_P1_macroregion_validation_A4.pdf	results/validation/04_mascarene_coding_sensitivity/scenarios/excluded_other/05_loo_validation/FIG_LOO_P1_macroregion_validation_A4.pdf	5018	9ef500619cfa661b6398fc0738786ac94a0e8bd9ac2e4a8b4d3c7e596e308c7f
results/validation/04_mascarene_coding_sensitivity/scenarios/excluded_other/05_loo_validation/FIG_LOO_P2_africa_subregion_validation_A4.pdf	results/validation/04_mascarene_coding_sensitivity/scenarios/excluded_other/05_loo_validation/FIG_LOO_P2_africa_subregion_validation_A4.pdf	5293	00d8003327ceffa676aac7692bb852e3708d58b656b45a2092ed00a02621c2de
results/validation/04_mascarene_coding_sensitivity/scenarios/excluded_other/05_loo_validation/FIG_LOO_P3_asia_subregion_validation_A4.pdf	results/validation/04_mascarene_coding_sensitivity/scenarios/excluded_other/05_loo_validation/FIG_LOO_P3_asia_subregion_validation_A4.pdf	5126	bf404b3005615ceab3a01f804b0252f96a61627ffa234db26b7b0f86f5fe682f
results/validation/04_mascarene_coding_sensitivity/scenarios/excluded_other/05_loo_validation/LOO_P1_macroregion_loo_confusion.rds	results/validation/04_mascarene_coding_sensitivity/scenarios/excluded_other/05_loo_validation/LOO_P1_macroregion_loo_confusion.rds	261	aa3130f5323d5bdc45826fb1ad1a9b5d47a73c87b21c07076a537a9a02511bed
results/validation/04_mascarene_coding_sensitivity/scenarios/excluded_other/05_loo_validation/LOO_P1_macroregion_loo_confusion.tsv	results/validation/04_mascarene_coding_sensitivity/scenarios/excluded_other/05_loo_validation/LOO_P1_macroregion_loo_confusion.tsv	154	8862f6fec60c4414dceba8445c008fc8b999a49f07c127ed7ce67b373b275a34
results/validation/04_mascarene_coding_sensitivity/scenarios/excluded_other/05_loo_validation/LOO_P1_macroregion_loo_perclass.rds	results/validation/04_mascarene_coding_sensitivity/scenarios/excluded_other/05_loo_validation/LOO_P1_macroregion_loo_perclass.rds	303	63b2247074071db4ff1423319a7942c88dfe2e5c5646461b3f44e4f26b110a5a
results/validation/04_mascarene_coding_sensitivity/scenarios/excluded_other/05_loo_validation/LOO_P1_macroregion_loo_perclass.tsv	results/validation/04_mascarene_coding_sensitivity/scenarios/excluded_other/05_loo_validation/LOO_P1_macroregion_loo_perclass.tsv	226	fdd207542b13c422969a01dc54fcd5c4ee07de0aca0150a3f4d50ede7e02d0d5
results/validation/04_mascarene_coding_sensitivity/scenarios/excluded_other/05_loo_validation/LOO_P1_macroregion_loo_predictions.rds	results/validation/04_mascarene_coding_sensitivity/scenarios/excluded_other/05_loo_validation/LOO_P1_macroregion_loo_predictions.rds	2452	77a7be5fe9c8a168d5a5240653a23f29eaa8731570b148115185890dbcdb7ad3
results/validation/04_mascarene_coding_sensitivity/scenarios/excluded_other/05_loo_validation/LOO_P1_macroregion_loo_predictions.tsv	results/validation/04_mascarene_coding_sensitivity/scenarios/excluded_other/05_loo_validation/LOO_P1_macroregion_loo_predictions.tsv	36207	575a0f59fdb783c7ce7133e7665cdbbfc41d72f66673bbb3dec1545cc0645d1d
results/validation/04_mascarene_coding_sensitivity/scenarios/excluded_other/05_loo_validation/LOO_P1_macroregion_loo_raw.tsv.gz	results/validation/04_mascarene_coding_sensitivity/scenarios/excluded_other/05_loo_validation/LOO_P1_macroregion_loo_raw.tsv.gz	27975	618ddf64b44ab571c0b7e017742f5769c0799a7b52538503f95f5d46d006c1ac
results/validation/04_mascarene_coding_sensitivity/scenarios/excluded_other/05_loo_validation/LOO_P1_macroregion_loo_reason_counts.tsv	results/validation/04_mascarene_coding_sensitivity/scenarios/excluded_other/05_loo_validation/LOO_P1_macroregion_loo_reason_counts.tsv	63	7a73b92045c61825a4996aaaff2cbbb13d8319a7888fcfc7793416f03461a674
results/validation/04_mascarene_coding_sensitivity/scenarios/excluded_other/05_loo_validation/LOO_P1_macroregion_loo_summary.rds	results/validation/04_mascarene_coding_sensitivity/scenarios/excluded_other/05_loo_validation/LOO_P1_macroregion_loo_summary.rds	404	c5776317c9a38803c07174e33dfcac57002828efcdf8894f3de58eafa15e829f
results/validation/04_mascarene_coding_sensitivity/scenarios/excluded_other/05_loo_validation/LOO_P1_macroregion_loo_summary.tsv	results/validation/04_mascarene_coding_sensitivity/scenarios/excluded_other/05_loo_validation/LOO_P1_macroregion_loo_summary.tsv	355	729ed0dcbbd203afc3fbd3f72c0c93709a021d25b8706d8386d326ff291d5a14
results/validation/04_mascarene_coding_sensitivity/scenarios/excluded_other/05_loo_validation/LOO_P2_africa_subregion_loo_confusion.rds	results/validation/04_mascarene_coding_sensitivity/scenarios/excluded_other/05_loo_validation/LOO_P2_africa_subregion_loo_confusion.rds	298	81b06e40c9e5bbae02d33b8a892509455b6397963c668e5f8ab8f875f9d07f4e
results/validation/04_mascarene_coding_sensitivity/scenarios/excluded_other/05_loo_validation/LOO_P2_africa_subregion_loo_confusion.tsv	results/validation/04_mascarene_coding_sensitivity/scenarios/excluded_other/05_loo_validation/LOO_P2_africa_subregion_loo_confusion.tsv	342	bae6d6d1272fb87abd7160ca40fa1278ef1da3d03268c9ccd8261fe725e7fbd2
results/validation/04_mascarene_coding_sensitivity/scenarios/excluded_other/05_loo_validation/LOO_P2_africa_subregion_loo_perclass.rds	results/validation/04_mascarene_coding_sensitivity/scenarios/excluded_other/05_loo_validation/LOO_P2_africa_subregion_loo_perclass.rds	381	656e526bd3a83616a25242bd0d1a73c364d414f0f74745990cb6af4ab0f6bc20
results/validation/04_mascarene_coding_sensitivity/scenarios/excluded_other/05_loo_validation/LOO_P2_africa_subregion_loo_perclass.tsv	results/validation/04_mascarene_coding_sensitivity/scenarios/excluded_other/05_loo_validation/LOO_P2_africa_subregion_loo_perclass.tsv	421	167e3b5d5e9483928afea00d37577085f990155ae05d10a45d3ba67f5e3ce358
results/validation/04_mascarene_coding_sensitivity/scenarios/excluded_other/05_loo_validation/LOO_P2_africa_subregion_loo_predictions.rds	results/validation/04_mascarene_coding_sensitivity/scenarios/excluded_other/05_loo_validation/LOO_P2_africa_subregion_loo_predictions.rds	2103	422fca0a5dff9cf242c1ffb69cc17708db0feb84671d22e592592fbf7d743d75
results/validation/04_mascarene_coding_sensitivity/scenarios/excluded_other/05_loo_validation/LOO_P2_africa_subregion_loo_predictions.tsv	results/validation/04_mascarene_coding_sensitivity/scenarios/excluded_other/05_loo_validation/LOO_P2_africa_subregion_loo_predictions.tsv	16144	0df35f760dbfe7d7c8014a2c7de91437c9d5d853cc0724b96daf1e5732036573
results/validation/04_mascarene_coding_sensitivity/scenarios/excluded_other/05_loo_validation/LOO_P2_africa_subregion_loo_raw.tsv.gz	results/validation/04_mascarene_coding_sensitivity/scenarios/excluded_other/05_loo_validation/LOO_P2_africa_subregion_loo_raw.tsv.gz	17961	9d7ab98438bdce76142483b4fea10e5e1f6e62274b2b0ff6fa15d9aed8cc7bed
results/validation/04_mascarene_coding_sensitivity/scenarios/excluded_other/05_loo_validation/LOO_P2_africa_subregion_loo_reason_counts.tsv	results/validation/04_mascarene_coding_sensitivity/scenarios/excluded_other/05_loo_validation/LOO_P2_africa_subregion_loo_reason_counts.tsv	156	42a557ed8b60fe04c6f899b1157e40d0406a09d022225eca51fe842ae0823d64
results/validation/04_mascarene_coding_sensitivity/scenarios/excluded_other/05_loo_validation/LOO_P2_africa_subregion_loo_summary.rds	results/validation/04_mascarene_coding_sensitivity/scenarios/excluded_other/05_loo_validation/LOO_P2_africa_subregion_loo_summary.rds	455	ada3dc3c523a9d56510449aa2918a8dc6d070328a4342da26ed7d2228bfb2602
results/validation/04_mascarene_coding_sensitivity/scenarios/excluded_other/05_loo_validation/LOO_P2_africa_subregion_loo_summary.tsv	results/validation/04_mascarene_coding_sensitivity/scenarios/excluded_other/05_loo_validation/LOO_P2_africa_subregion_loo_summary.tsv	492	adff893471528bd802c6be6c67fb6943ebba814d2c079a56ebd19ccd28a96f15
results/validation/04_mascarene_coding_sensitivity/scenarios/excluded_other/05_loo_validation/LOO_P3_asia_subregion_loo_confusion.rds	results/validation/04_mascarene_coding_sensitivity/scenarios/excluded_other/05_loo_validation/LOO_P3_asia_subregion_loo_confusion.rds	293	a1cb6d86166784da66203060ee85dba322ccef663c8ba1b95bfb666b5bba97a1
results/validation/04_mascarene_coding_sensitivity/scenarios/excluded_other/05_loo_validation/LOO_P3_asia_subregion_loo_confusion.tsv	results/validation/04_mascarene_coding_sensitivity/scenarios/excluded_other/05_loo_validation/LOO_P3_asia_subregion_loo_confusion.tsv	271	93710ae9baf8faf840ebc485e6adcffe5b3e6f2404d73f45c378e7ca0dd5aa25
results/validation/04_mascarene_coding_sensitivity/scenarios/excluded_other/05_loo_validation/LOO_P3_asia_subregion_loo_perclass.rds	results/validation/04_mascarene_coding_sensitivity/scenarios/excluded_other/05_loo_validation/LOO_P3_asia_subregion_loo_perclass.rds	358	89c5cacafd0857212dfcb231ff7619721ebb888b750b0013d5c68c3484312a0f
results/validation/04_mascarene_coding_sensitivity/scenarios/excluded_other/05_loo_validation/LOO_P3_asia_subregion_loo_perclass.tsv	results/validation/04_mascarene_coding_sensitivity/scenarios/excluded_other/05_loo_validation/LOO_P3_asia_subregion_loo_perclass.tsv	333	2f2272cf49c97e0d8bd2e2ad0c1ad6d5d4ad9121725ad9565007d8341d0174a0
results/validation/04_mascarene_coding_sensitivity/scenarios/excluded_other/05_loo_validation/LOO_P3_asia_subregion_loo_predictions.rds	results/validation/04_mascarene_coding_sensitivity/scenarios/excluded_other/05_loo_validation/LOO_P3_asia_subregion_loo_predictions.rds	2626	1777d1e596574d61c2da7f93d18288e1a70e98e0064d2fd2ca71117b6349c3a5
results/validation/04_mascarene_coding_sensitivity/scenarios/excluded_other/05_loo_validation/LOO_P3_asia_subregion_loo_predictions.tsv	results/validation/04_mascarene_coding_sensitivity/scenarios/excluded_other/05_loo_validation/LOO_P3_asia_subregion_loo_predictions.tsv	24000	d118f92464f5431c3ce84ef4393ce508db946016428719469ce2e1e171d223d9
results/validation/04_mascarene_coding_sensitivity/scenarios/excluded_other/05_loo_validation/LOO_P3_asia_subregion_loo_raw.tsv.gz	results/validation/04_mascarene_coding_sensitivity/scenarios/excluded_other/05_loo_validation/LOO_P3_asia_subregion_loo_raw.tsv.gz	25758	f1709bb8d7ef19de6b8e9bce49bdf442cd8647fee779c97673c724e91da244b2
results/validation/04_mascarene_coding_sensitivity/scenarios/excluded_other/05_loo_validation/LOO_P3_asia_subregion_loo_reason_counts.tsv	results/validation/04_mascarene_coding_sensitivity/scenarios/excluded_other/05_loo_validation/LOO_P3_asia_subregion_loo_reason_counts.tsv	110	6f17da00ec0551fc146078f2a41646f72ff49614c48277b36e82b701feec43c7
results/validation/04_mascarene_coding_sensitivity/scenarios/excluded_other/05_loo_validation/LOO_P3_asia_subregion_loo_summary.rds	results/validation/04_mascarene_coding_sensitivity/scenarios/excluded_other/05_loo_validation/LOO_P3_asia_subregion_loo_summary.rds	432	7d58327c8e78c5b0d0269476e77d96abe00d5a8e2d7f0dd97dda5a66f3f45893
results/validation/04_mascarene_coding_sensitivity/scenarios/excluded_other/05_loo_validation/LOO_P3_asia_subregion_loo_summary.tsv	results/validation/04_mascarene_coding_sensitivity/scenarios/excluded_other/05_loo_validation/LOO_P3_asia_subregion_loo_summary.tsv	492	b6fcd3727efb502e372db6685fca36dd0fa9b87d475f8840dc4ba35d187511bc
results/validation/04_mascarene_coding_sensitivity/scenarios/excluded_other/05_loo_validation/step4b_K_grid_used.rds	results/validation/04_mascarene_coding_sensitivity/scenarios/excluded_other/05_loo_validation/step4b_K_grid_used.rds	325	e5d135f7a67a3d11528266c7d499fb747e7d2b19ec2307a396f8f47b29f4c387
results/validation/04_mascarene_coding_sensitivity/scenarios/excluded_other/05_loo_validation/step4b_K_grid_used.tsv	results/validation/04_mascarene_coding_sensitivity/scenarios/excluded_other/05_loo_validation/step4b_K_grid_used.tsv	1851	706359ab989304c8ebd686e6410668fcb3b6f2e3c49a67a6a5d819b12edc19e0
results/validation/04_mascarene_coding_sensitivity/scenarios/excluded_other/05_loo_validation/step4b_loo_confusion_all_panels.rds	results/validation/04_mascarene_coding_sensitivity/scenarios/excluded_other/05_loo_validation/step4b_loo_confusion_all_panels.rds	395	213b87864e6887a9bea8f9e2a0fb6cee5aa9d8676a2449f77725d789c4e8bc05
results/validation/04_mascarene_coding_sensitivity/scenarios/excluded_other/05_loo_validation/step4b_loo_confusion_all_panels.tsv	results/validation/04_mascarene_coding_sensitivity/scenarios/excluded_other/05_loo_validation/step4b_loo_confusion_all_panels.tsv	655	f091791b5237a104069c2a82883361eb2a5703e1f912ca1a6d5cdcc97942b84f
results/validation/04_mascarene_coding_sensitivity/scenarios/excluded_other/05_loo_validation/step4b_loo_panels_index.rds	results/validation/04_mascarene_coding_sensitivity/scenarios/excluded_other/05_loo_validation/step4b_loo_panels_index.rds	942	b428714acde5968a69e6081bc9b407e04dca30a14f04fcf2561ba7e436c55b9f
results/validation/04_mascarene_coding_sensitivity/scenarios/excluded_other/05_loo_validation/step4b_loo_panels_index.tsv	results/validation/04_mascarene_coding_sensitivity/scenarios/excluded_other/05_loo_validation/step4b_loo_panels_index.tsv	5280	b34a5e10c124f3340d37281b69274ddd8ab40d96525cf3c52540916995da7162
results/validation/04_mascarene_coding_sensitivity/scenarios/excluded_other/05_loo_validation/step4b_loo_perclass_all_panels.rds	results/validation/04_mascarene_coding_sensitivity/scenarios/excluded_other/05_loo_validation/step4b_loo_perclass_all_panels.rds	485	5321e18cacd33dafd5613414ba36099d5d1765596d50f4316a8aa273168e7601
results/validation/04_mascarene_coding_sensitivity/scenarios/excluded_other/05_loo_validation/step4b_loo_perclass_all_panels.tsv	results/validation/04_mascarene_coding_sensitivity/scenarios/excluded_other/05_loo_validation/step4b_loo_perclass_all_panels.tsv	756	357eb85566a74d241144a244102ba254714ca792f266da340c51bfbb9917a5e2
results/validation/04_mascarene_coding_sensitivity/scenarios/excluded_other/05_loo_validation/step4b_loo_predictions_all_panels.rds	results/validation/04_mascarene_coding_sensitivity/scenarios/excluded_other/05_loo_validation/step4b_loo_predictions_all_panels.rds	5304	f54b1a7f3d8b3680cf99ff4b16ee962192965b4a2cf9431e4455c9a555cebbbb
results/validation/04_mascarene_coding_sensitivity/scenarios/excluded_other/05_loo_validation/step4b_loo_predictions_all_panels.tsv	results/validation/04_mascarene_coding_sensitivity/scenarios/excluded_other/05_loo_validation/step4b_loo_predictions_all_panels.tsv	75675	8d341e9a74c1bf910c7869abf0959490beea04c87787303a0cc13110b674a176
results/validation/04_mascarene_coding_sensitivity/scenarios/excluded_other/05_loo_validation/step4b_loo_raw_all_panels.tsv.gz	results/validation/04_mascarene_coding_sensitivity/scenarios/excluded_other/05_loo_validation/step4b_loo_raw_all_panels.tsv.gz	71499	be2c6cb7e79e56c94d1b4f62814e6d4ca389f7b3a1d3eeab4329753e5b53efad
results/validation/04_mascarene_coding_sensitivity/scenarios/excluded_other/05_loo_validation/step4b_loo_reason_counts_all_panels.tsv	results/validation/04_mascarene_coding_sensitivity/scenarios/excluded_other/05_loo_validation/step4b_loo_reason_counts_all_panels.tsv	279	88c7696be54616aebee82350ad3b83a9175e89a6d1f953bdd7851beac31f8a10
results/validation/04_mascarene_coding_sensitivity/scenarios/excluded_other/05_loo_validation/step4b_loo_summary_all_panels.rds	results/validation/04_mascarene_coding_sensitivity/scenarios/excluded_other/05_loo_validation/step4b_loo_summary_all_panels.rds	572	f05f76eba7ab36a8388ae0ff92897f7f73e8e0ba7737588ff4f0d073be398a56
results/validation/04_mascarene_coding_sensitivity/scenarios/excluded_other/05_loo_validation/step4b_loo_summary_all_panels.tsv	results/validation/04_mascarene_coding_sensitivity/scenarios/excluded_other/05_loo_validation/step4b_loo_summary_all_panels.tsv	811	c0e89703e604523798fe1218e0d1e3765b4d3616ffa6c23f536c963d5a16bb27
results/validation/04_mascarene_coding_sensitivity/scenarios/excluded_other/05_loo_validation/step4b_loo_validation_summary.xlsx	results/validation/04_mascarene_coding_sensitivity/scenarios/excluded_other/05_loo_validation/step4b_loo_validation_summary.xlsx	70682	06d456cc57018b6e50aad8dab7289bcb19577412a42ec9c505fed28962e1e141
results/validation/04_mascarene_coding_sensitivity/scenarios/excluded_other/05_loo_validation/step4b_params.rds	results/validation/04_mascarene_coding_sensitivity/scenarios/excluded_other/05_loo_validation/step4b_params.rds	725	b27f2d4ef30720936a7657263721fbe0a2ba049b5157aadb5e79d095242ebcfc
results/validation/04_mascarene_coding_sensitivity/scenarios/excluded_other/05_loo_validation/step4b_params.tsv	results/validation/04_mascarene_coding_sensitivity/scenarios/excluded_other/05_loo_validation/step4b_params.tsv	1295	dc156ccc7ef72d572cca7f5d8e952b65beaefd0a912193bd00eb67b2067ce4b2
results/validation/04_mascarene_coding_sensitivity/scenarios/excluded_other/05_loo_validation/step4b_run_info.rds	results/validation/04_mascarene_coding_sensitivity/scenarios/excluded_other/05_loo_validation/step4b_run_info.rds	10062	03bc4fdb9eec084a90263cbe4e57ff1ce1e440fea8247d6950f2ce23396de037
results/validation/04_mascarene_coding_sensitivity/scenarios/geo_africa/01_qc/metadata_clean.rds	results/validation/04_mascarene_coding_sensitivity/scenarios/geo_africa/01_qc/metadata_clean.rds	5691	9f7d8b39dd1db5f24b590e6e1e6806d08a276cfc72c30551e9436c8eb6ab73ff
results/validation/04_mascarene_coding_sensitivity/scenarios/geo_africa/01_qc/metadata_clean.tsv	results/validation/04_mascarene_coding_sensitivity/scenarios/geo_africa/01_qc/metadata_clean.tsv	43918	8bd7adaf3bf65b98e667bd9c9b0ed874d69d479dcd8a5fc13efebbfd6fdc4d99
results/validation/04_mascarene_coding_sensitivity/scenarios/geo_africa/01_qc/ogs_pass_qc.txt	results/validation/04_mascarene_coding_sensitivity/scenarios/geo_africa/01_qc/ogs_pass_qc.txt	88677	97193e0df88b661051b8574990c550094c2c9b273a3e9fd01125843c6e7d7a6f
results/validation/04_mascarene_coding_sensitivity/scenarios/geo_africa/02_snp_panels/panels/P1_macroregion_africa_vs_asia/og_panel_topK_100.txt	results/validation/04_mascarene_coding_sensitivity/scenarios/geo_africa/02_snp_panels/panels/P1_macroregion_africa_vs_asia/og_panel_topK_100.txt	768	62f0ce88c963d1baf472ff322bd05bf6674d30e5135ef8349219a6047af42bea
results/validation/04_mascarene_coding_sensitivity/scenarios/geo_africa/02_snp_panels/panels/P1_macroregion_africa_vs_asia/og_panel_topK_1000.txt	results/validation/04_mascarene_coding_sensitivity/scenarios/geo_africa/02_snp_panels/panels/P1_macroregion_africa_vs_asia/og_panel_topK_1000.txt	7758	20525ac3cae5b744531ac5366f87233b87a48a98630fee81f424592365435377
results/validation/04_mascarene_coding_sensitivity/scenarios/geo_africa/02_snp_panels/panels/P1_macroregion_africa_vs_asia/og_panel_topK_20.txt	results/validation/04_mascarene_coding_sensitivity/scenarios/geo_africa/02_snp_panels/panels/P1_macroregion_africa_vs_asia/og_panel_topK_20.txt	157	1c2a0f0a3080120e7e090db876c4cc3cdbc17210a06af292c8f1d332e52d1063
results/validation/04_mascarene_coding_sensitivity/scenarios/geo_africa/02_snp_panels/panels/P1_macroregion_africa_vs_asia/og_panel_topK_200.txt	results/validation/04_mascarene_coding_sensitivity/scenarios/geo_africa/02_snp_panels/panels/P1_macroregion_africa_vs_asia/og_panel_topK_200.txt	1551	e8aa4d92687ff2a66d4a7e6b74239abe0d936e788dd664e3a4136683a6487456
results/validation/04_mascarene_coding_sensitivity/scenarios/geo_africa/02_snp_panels/panels/P1_macroregion_africa_vs_asia/og_panel_topK_2000.txt	results/validation/04_mascarene_coding_sensitivity/scenarios/geo_africa/02_snp_panels/panels/P1_macroregion_africa_vs_asia/og_panel_topK_2000.txt	15550	7cf5adea87985368318bd73b44c1800d144960c4dab1d8597069b9473ae1675a
results/validation/04_mascarene_coding_sensitivity/scenarios/geo_africa/02_snp_panels/panels/P1_macroregion_africa_vs_asia/og_panel_topK_50.txt	results/validation/04_mascarene_coding_sensitivity/scenarios/geo_africa/02_snp_panels/panels/P1_macroregion_africa_vs_asia/og_panel_topK_50.txt	388	01f91035763c7ab10fe21f778cb76140253bfec3edf1f2d95ecf7e84ff6c6623
results/validation/04_mascarene_coding_sensitivity/scenarios/geo_africa/02_snp_panels/panels/P1_macroregion_africa_vs_asia/og_panel_topK_500.txt	results/validation/04_mascarene_coding_sensitivity/scenarios/geo_africa/02_snp_panels/panels/P1_macroregion_africa_vs_asia/og_panel_topK_500.txt	3875	21b912d957e1b58c05577f41cd798bee6efde0fb90f32736ecaed3555cc789df
results/validation/04_mascarene_coding_sensitivity/scenarios/geo_africa/02_snp_panels/panels/P1_macroregion_africa_vs_asia/og_panel_topK_5000.txt	results/validation/04_mascarene_coding_sensitivity/scenarios/geo_africa/02_snp_panels/panels/P1_macroregion_africa_vs_asia/og_panel_topK_5000.txt	39309	08e46f0a9a3b777bc16a50349ada3f3a944f20ddb7ad36298a0b8479004c30e3
results/validation/04_mascarene_coding_sensitivity/scenarios/geo_africa/02_snp_panels/panels/P1_macroregion_africa_vs_asia/panel_run_info.rds	results/validation/04_mascarene_coding_sensitivity/scenarios/geo_africa/02_snp_panels/panels/P1_macroregion_africa_vs_asia/panel_run_info.rds	1050	ad70e7f64892cb57ed6f252bc9ba981fb64f4e570a0dc69cfdbe590c83456519
results/validation/04_mascarene_coding_sensitivity/scenarios/geo_africa/02_snp_panels/panels/P1_macroregion_africa_vs_asia/per_og_stats.rds	results/validation/04_mascarene_coding_sensitivity/scenarios/geo_africa/02_snp_panels/panels/P1_macroregion_africa_vs_asia/per_og_stats.rds	227819	90a799980a279bf9265a8cb6553ce7d9f349fb9fc55ebc58ec181e1e4b027b68
results/validation/04_mascarene_coding_sensitivity/scenarios/geo_africa/02_snp_panels/panels/P1_macroregion_africa_vs_asia/per_og_stats.tsv	results/validation/04_mascarene_coding_sensitivity/scenarios/geo_africa/02_snp_panels/panels/P1_macroregion_africa_vs_asia/per_og_stats.tsv	2336476	139df3717fc3d89be813748c44b30782eb90d0955f0db40667deab1935123ac3
results/validation/04_mascarene_coding_sensitivity/scenarios/geo_africa/02_snp_panels/panels/P1_macroregion_africa_vs_asia/reference_group_counts.rds	results/validation/04_mascarene_coding_sensitivity/scenarios/geo_africa/02_snp_panels/panels/P1_macroregion_africa_vs_asia/reference_group_counts.rds	181	f4e82b2a8036018056bb263a005c1f8493cb47f10a37111f4aa76c8fc729a3d8
results/validation/04_mascarene_coding_sensitivity/scenarios/geo_africa/02_snp_panels/panels/P1_macroregion_africa_vs_asia/reference_group_counts.tsv	results/validation/04_mascarene_coding_sensitivity/scenarios/geo_africa/02_snp_panels/panels/P1_macroregion_africa_vs_asia/reference_group_counts.tsv	31	0dc7150fec4b8e392568a67906ba81d0d58d68c7affdeb0aa64cf8cb5059a396
results/validation/04_mascarene_coding_sensitivity/scenarios/geo_africa/02_snp_panels/panels/P1_macroregion_africa_vs_asia/snp_map.rds	results/validation/04_mascarene_coding_sensitivity/scenarios/geo_africa/02_snp_panels/panels/P1_macroregion_africa_vs_asia/snp_map.rds	300075	62f09f9095a559b8e5343ce623a16db45eee90eafe388ae1356da7e8a0ee3c5d
results/validation/04_mascarene_coding_sensitivity/scenarios/geo_africa/02_snp_panels/panels/P1_macroregion_africa_vs_asia/snp_map.tsv	results/validation/04_mascarene_coding_sensitivity/scenarios/geo_africa/02_snp_panels/panels/P1_macroregion_africa_vs_asia/snp_map.tsv	2794516	4dca55c40a9f4cda656a6ed57881a3b06284a680698436a9b1e1de6945b380fa
results/validation/04_mascarene_coding_sensitivity/scenarios/geo_africa/02_snp_panels/panels/P1_macroregion_africa_vs_asia/snp_matrix.rds	results/validation/04_mascarene_coding_sensitivity/scenarios/geo_africa/02_snp_panels/panels/P1_macroregion_africa_vs_asia/snp_matrix.rds	857218	38b66a2c32f95a8d0e1b419c2141ac2e5df07aad282eae67230c428cbadd87f4
results/validation/04_mascarene_coding_sensitivity/scenarios/geo_africa/02_snp_panels/panels/P2_subregion_within_africa/og_panel_topK_100.txt	results/validation/04_mascarene_coding_sensitivity/scenarios/geo_africa/02_snp_panels/panels/P2_subregion_within_africa/og_panel_topK_100.txt	760	e73732b4d8f2c1f8d9aa1423078a4ae08ad78026c7e8bd17b1c2f0d7af5aac2e
results/validation/04_mascarene_coding_sensitivity/scenarios/geo_africa/02_snp_panels/panels/P2_subregion_within_africa/og_panel_topK_1000.txt	results/validation/04_mascarene_coding_sensitivity/scenarios/geo_africa/02_snp_panels/panels/P2_subregion_within_africa/og_panel_topK_1000.txt	7773	dd1a2ea942d59bcd0b5760aab10b0d41fcdd3f6e18ad28d2b672f48ee7ac8ba0
results/validation/04_mascarene_coding_sensitivity/scenarios/geo_africa/02_snp_panels/panels/P2_subregion_within_africa/og_panel_topK_20.txt	results/validation/04_mascarene_coding_sensitivity/scenarios/geo_africa/02_snp_panels/panels/P2_subregion_within_africa/og_panel_topK_20.txt	145	fd211315781411aae45394ce1e4ac259df2b14b2451f4006901ee4e226276f9b
results/validation/04_mascarene_coding_sensitivity/scenarios/geo_africa/02_snp_panels/panels/P2_subregion_within_africa/og_panel_topK_200.txt	results/validation/04_mascarene_coding_sensitivity/scenarios/geo_africa/02_snp_panels/panels/P2_subregion_within_africa/og_panel_topK_200.txt	1534	bf30e02d6f4ebfce05af3e0e5b937ff0e8cd901575cd57aa095fad98f73e10de
results/validation/04_mascarene_coding_sensitivity/scenarios/geo_africa/02_snp_panels/panels/P2_subregion_within_africa/og_panel_topK_2000.txt	results/validation/04_mascarene_coding_sensitivity/scenarios/geo_africa/02_snp_panels/panels/P2_subregion_within_africa/og_panel_topK_2000.txt	15599	8ad5dc5ce13b46c7dbe7c5c9da282011b16a2f2ef48f0627f8f3693b0658a43b
results/validation/04_mascarene_coding_sensitivity/scenarios/geo_africa/02_snp_panels/panels/P2_subregion_within_africa/og_panel_topK_50.txt	results/validation/04_mascarene_coding_sensitivity/scenarios/geo_africa/02_snp_panels/panels/P2_subregion_within_africa/og_panel_topK_50.txt	376	2ea78cca68cf2bdd490736ee4b00e132eb9dec76d1fbc7ded71d3f0661f61329
results/validation/04_mascarene_coding_sensitivity/scenarios/geo_africa/02_snp_panels/panels/P2_subregion_within_africa/og_panel_topK_500.txt	results/validation/04_mascarene_coding_sensitivity/scenarios/geo_africa/02_snp_panels/panels/P2_subregion_within_africa/og_panel_topK_500.txt	3861	8141099e7e7566e4b78aab81df171a722915c01264151638527a927ddee37935
results/validation/04_mascarene_coding_sensitivity/scenarios/geo_africa/02_snp_panels/panels/P2_subregion_within_africa/og_panel_topK_5000.txt	results/validation/04_mascarene_coding_sensitivity/scenarios/geo_africa/02_snp_panels/panels/P2_subregion_within_africa/og_panel_topK_5000.txt	39384	ec18b48582e1b3f221597984fda4757dd75d93256db05f1eabf6222010653541
results/validation/04_mascarene_coding_sensitivity/scenarios/geo_africa/02_snp_panels/panels/P2_subregion_within_africa/panel_run_info.rds	results/validation/04_mascarene_coding_sensitivity/scenarios/geo_africa/02_snp_panels/panels/P2_subregion_within_africa/panel_run_info.rds	1065	d34e8095fc48f1030466f4effbe1aa7d8cb4ab7d7cdc74b7c5b9a718805395ed
results/validation/04_mascarene_coding_sensitivity/scenarios/geo_africa/02_snp_panels/panels/P2_subregion_within_africa/per_og_stats.rds	results/validation/04_mascarene_coding_sensitivity/scenarios/geo_africa/02_snp_panels/panels/P2_subregion_within_africa/per_og_stats.rds	185473	60e467bc7d2b2264882f4cb896ebf932f0f3bffd861dc48ff80560b4e2d4c8d3
results/validation/04_mascarene_coding_sensitivity/scenarios/geo_africa/02_snp_panels/panels/P2_subregion_within_africa/per_og_stats.tsv	results/validation/04_mascarene_coding_sensitivity/scenarios/geo_africa/02_snp_panels/panels/P2_subregion_within_africa/per_og_stats.tsv	2276349	da77e6da3d0cc91c8d052dec0a7b1495ad00b1e513328f0f560730ab23563168
results/validation/04_mascarene_coding_sensitivity/scenarios/geo_africa/02_snp_panels/panels/P2_subregion_within_africa/reference_group_counts.rds	results/validation/04_mascarene_coding_sensitivity/scenarios/geo_africa/02_snp_panels/panels/P2_subregion_within_africa/reference_group_counts.rds	196	08f99b826076c0f445f92f2bd5654a8f6ffc1a9ac25ebb70f6988d6b7af00cc3
results/validation/04_mascarene_coding_sensitivity/scenarios/geo_africa/02_snp_panels/panels/P2_subregion_within_africa/reference_group_counts.tsv	results/validation/04_mascarene_coding_sensitivity/scenarios/geo_africa/02_snp_panels/panels/P2_subregion_within_africa/reference_group_counts.tsv	61	f90d6944952ae1038502a31b69867e19095ee4f5610024fb4758d1b920a8643a
results/validation/04_mascarene_coding_sensitivity/scenarios/geo_africa/02_snp_panels/panels/P2_subregion_within_africa/snp_map.rds	results/validation/04_mascarene_coding_sensitivity/scenarios/geo_africa/02_snp_panels/panels/P2_subregion_within_africa/snp_map.rds	244471	6c0a6c2277ceac5a38399edc9bf2d583d1424ebb9558be9e8e55c7c913385672
results/validation/04_mascarene_coding_sensitivity/scenarios/geo_africa/02_snp_panels/panels/P2_subregion_within_africa/snp_map.tsv	results/validation/04_mascarene_coding_sensitivity/scenarios/geo_africa/02_snp_panels/panels/P2_subregion_within_africa/snp_map.tsv	2782930	adc79ee707e2b056c41733d823f206ad65c46d0cb4181a4b01f228418d360de7
results/validation/04_mascarene_coding_sensitivity/scenarios/geo_africa/02_snp_panels/panels/P2_subregion_within_africa/snp_matrix.rds	results/validation/04_mascarene_coding_sensitivity/scenarios/geo_africa/02_snp_panels/panels/P2_subregion_within_africa/snp_matrix.rds	949108	83745beb9192df70b7b484757b3b8c56c5f117c322346dada809c8260514540b
results/validation/04_mascarene_coding_sensitivity/scenarios/geo_africa/02_snp_panels/panels/P3_subregion_within_asia/og_panel_topK_100.txt	results/validation/04_mascarene_coding_sensitivity/scenarios/geo_africa/02_snp_panels/panels/P3_subregion_within_asia/og_panel_topK_100.txt	784	27611c47b488bd6650c379207465731804e2b2b66c56e90945c44e851b0a6a9a
results/validation/04_mascarene_coding_sensitivity/scenarios/geo_africa/02_snp_panels/panels/P3_subregion_within_asia/og_panel_topK_1000.txt	results/validation/04_mascarene_coding_sensitivity/scenarios/geo_africa/02_snp_panels/panels/P3_subregion_within_asia/og_panel_topK_1000.txt	7828	4226927b8c83bf3106c08a0dfd6046451b144aae739648e4c2c92c41177b4280
results/validation/04_mascarene_coding_sensitivity/scenarios/geo_africa/02_snp_panels/panels/P3_subregion_within_asia/og_panel_topK_20.txt	results/validation/04_mascarene_coding_sensitivity/scenarios/geo_africa/02_snp_panels/panels/P3_subregion_within_asia/og_panel_topK_20.txt	158	5a13f51de312d34ce8fdffdc58e6df13000ee6b1862884292e5d679d1d181c36
results/validation/04_mascarene_coding_sensitivity/scenarios/geo_africa/02_snp_panels/panels/P3_subregion_within_asia/og_panel_topK_200.txt	results/validation/04_mascarene_coding_sensitivity/scenarios/geo_africa/02_snp_panels/panels/P3_subregion_within_asia/og_panel_topK_200.txt	1562	1e80732ce99e8a114aa26e9b24645717bf206b73447332a7c36ade86bca27324
results/validation/04_mascarene_coding_sensitivity/scenarios/geo_africa/02_snp_panels/panels/P3_subregion_within_asia/og_panel_topK_2000.txt	results/validation/04_mascarene_coding_sensitivity/scenarios/geo_africa/02_snp_panels/panels/P3_subregion_within_asia/og_panel_topK_2000.txt	15662	707df40a287d6af8dc230bcab91955f75b648fd3ba95171c0be962138635bc7a
results/validation/04_mascarene_coding_sensitivity/scenarios/geo_africa/02_snp_panels/panels/P3_subregion_within_asia/og_panel_topK_50.txt	results/validation/04_mascarene_coding_sensitivity/scenarios/geo_africa/02_snp_panels/panels/P3_subregion_within_asia/og_panel_topK_50.txt	392	69d731b0e369a5242bfa372d0592b336e3b89eabef0961d2e975a78a797120b5
results/validation/04_mascarene_coding_sensitivity/scenarios/geo_africa/02_snp_panels/panels/P3_subregion_within_asia/og_panel_topK_500.txt	results/validation/04_mascarene_coding_sensitivity/scenarios/geo_africa/02_snp_panels/panels/P3_subregion_within_asia/og_panel_topK_500.txt	3908	6ba7582661289817787e49fa6d79d2573e47df634063c43f2ad8770d80203dc2
results/validation/04_mascarene_coding_sensitivity/scenarios/geo_africa/02_snp_panels/panels/P3_subregion_within_asia/og_panel_topK_5000.txt	results/validation/04_mascarene_coding_sensitivity/scenarios/geo_africa/02_snp_panels/panels/P3_subregion_within_asia/og_panel_topK_5000.txt	39373	cf886a3e8b1e53a9d750cc4a831e758f88beeaae2782df4fbac4e20767d98098
results/validation/04_mascarene_coding_sensitivity/scenarios/geo_africa/02_snp_panels/panels/P3_subregion_within_asia/panel_run_info.rds	results/validation/04_mascarene_coding_sensitivity/scenarios/geo_africa/02_snp_panels/panels/P3_subregion_within_asia/panel_run_info.rds	1055	57d1f0f88c5c4c45fefbee2702d148a4723ed936e91d09302c24de9fe2052bf4
results/validation/04_mascarene_coding_sensitivity/scenarios/geo_africa/02_snp_panels/panels/P3_subregion_within_asia/per_og_stats.rds	results/validation/04_mascarene_coding_sensitivity/scenarios/geo_africa/02_snp_panels/panels/P3_subregion_within_asia/per_og_stats.rds	193764	13a88c27add1bcd299e1462f9115472bb59386e44472672c939766c6270ad7fd
results/validation/04_mascarene_coding_sensitivity/scenarios/geo_africa/02_snp_panels/panels/P3_subregion_within_asia/per_og_stats.tsv	results/validation/04_mascarene_coding_sensitivity/scenarios/geo_africa/02_snp_panels/panels/P3_subregion_within_asia/per_og_stats.tsv	2278848	e0ffb159fa73699b20c7f68a8f7af0a8409bc657e31c4efd5aba88af1f22115c
results/validation/04_mascarene_coding_sensitivity/scenarios/geo_africa/02_snp_panels/panels/P3_subregion_within_asia/reference_group_counts.rds	results/validation/04_mascarene_coding_sensitivity/scenarios/geo_africa/02_snp_panels/panels/P3_subregion_within_asia/reference_group_counts.rds	189	79f2082e5365eb5d267849b376a9cf2901adb3d0938b450ce94ea272f01f6007
results/validation/04_mascarene_coding_sensitivity/scenarios/geo_africa/02_snp_panels/panels/P3_subregion_within_asia/reference_group_counts.tsv	results/validation/04_mascarene_coding_sensitivity/scenarios/geo_africa/02_snp_panels/panels/P3_subregion_within_asia/reference_group_counts.tsv	43	112e9931bdd09a4c3145053d75edef89b8dee9a4896708db006b0b8c8874282a
results/validation/04_mascarene_coding_sensitivity/scenarios/geo_africa/02_snp_panels/panels/P3_subregion_within_asia/snp_map.rds	results/validation/04_mascarene_coding_sensitivity/scenarios/geo_africa/02_snp_panels/panels/P3_subregion_within_asia/snp_map.rds	244185	0baf182221852934a3d5d5471b1209ecc9ed6e5b15ab4198491f676013e64bb2
results/validation/04_mascarene_coding_sensitivity/scenarios/geo_africa/02_snp_panels/panels/P3_subregion_within_asia/snp_map.tsv	results/validation/04_mascarene_coding_sensitivity/scenarios/geo_africa/02_snp_panels/panels/P3_subregion_within_asia/snp_map.tsv	2668958	1c6935909b9329b4772df82f895273e6f918645ea0a779d2042f82f4e31f87fb
results/validation/04_mascarene_coding_sensitivity/scenarios/geo_africa/02_snp_panels/panels/P3_subregion_within_asia/snp_matrix.rds	results/validation/04_mascarene_coding_sensitivity/scenarios/geo_africa/02_snp_panels/panels/P3_subregion_within_asia/snp_matrix.rds	777922	86e4067626b062d99e6454f01b8358140c88c43a74bf717bf28956f47d20b56e
results/validation/04_mascarene_coding_sensitivity/scenarios/geo_africa/02_snp_panels/panels_index.rds	results/validation/04_mascarene_coding_sensitivity/scenarios/geo_africa/02_snp_panels/panels_index.rds	551	827d01bea57cceaf30e984169dca4af8a12f8576f77a3d95e233f724cae973cd
results/validation/04_mascarene_coding_sensitivity/scenarios/geo_africa/02_snp_panels/panels_index.tsv	results/validation/04_mascarene_coding_sensitivity/scenarios/geo_africa/02_snp_panels/panels_index.tsv	480	a5c6a3c0379a6ca5ce9c7dbef4af5e228225c3613dadb2e05185d3609fd4bc11
results/validation/04_mascarene_coding_sensitivity/scenarios/geo_africa/02_snp_panels/snp_map.rds	results/validation/04_mascarene_coding_sensitivity/scenarios/geo_africa/02_snp_panels/snp_map.rds	759006	e49da8d0793b6fa4e61c6c3f4dda03f69dd2e4631390da75b2a36bea91bcef41
results/validation/04_mascarene_coding_sensitivity/scenarios/geo_africa/02_snp_panels/snp_map.tsv	results/validation/04_mascarene_coding_sensitivity/scenarios/geo_africa/02_snp_panels/snp_map.tsv	8246108	69543da0c869d64eac768f78ba7a730d9697823d5bbcb6ea4dd39b117548a758
results/validation/04_mascarene_coding_sensitivity/scenarios/geo_africa/02_snp_panels/step3_run_info.rds	results/validation/04_mascarene_coding_sensitivity/scenarios/geo_africa/02_snp_panels/step3_run_info.rds	15115	9ed1f76a3c50f2250373f6c566d5ce076ef3954137b2a91123a5aca599174547
results/validation/04_mascarene_coding_sensitivity/scenarios/geo_africa/04_origin_assignment/P1_macroregion_raw.rds	results/validation/04_mascarene_coding_sensitivity/scenarios/geo_africa/04_origin_assignment/P1_macroregion_raw.rds	2090	9f4139f4a6532c1190964cabf4466830f1d6b2907708217e5a067b1abce84c7b
results/validation/04_mascarene_coding_sensitivity/scenarios/geo_africa/04_origin_assignment/P1_macroregion_raw.tsv	results/validation/04_mascarene_coding_sensitivity/scenarios/geo_africa/04_origin_assignment/P1_macroregion_raw.tsv	35586	838d972ad9efeb746ba239e0b9394aff67a98ee0d0104e00ec98f0b25f2e773b
results/validation/04_mascarene_coding_sensitivity/scenarios/geo_africa/04_origin_assignment/P1_macroregion_stability.rds	results/validation/04_mascarene_coding_sensitivity/scenarios/geo_africa/04_origin_assignment/P1_macroregion_stability.rds	684	ae444b9f104cc80643847e1ebc38ada73ca7b302ae6700803ef155bb11e2a1e9
results/validation/04_mascarene_coding_sensitivity/scenarios/geo_africa/04_origin_assignment/P1_macroregion_stability.tsv	results/validation/04_mascarene_coding_sensitivity/scenarios/geo_africa/04_origin_assignment/P1_macroregion_stability.tsv	2366	7bc5d0ef04606451eb54e01e3fa20e5cd95d166a6e8ae822ed94393e6d1a20ea
results/validation/04_mascarene_coding_sensitivity/scenarios/geo_africa/04_origin_assignment/P2_africa_subregion_raw.rds	results/validation/04_mascarene_coding_sensitivity/scenarios/geo_africa/04_origin_assignment/P2_africa_subregion_raw.rds	2132	71f4a0c9e79fea9a279bb78f72db045d366bf90e10d2c3f3806f24df685b0d2e
results/validation/04_mascarene_coding_sensitivity/scenarios/geo_africa/04_origin_assignment/P2_africa_subregion_raw.tsv	results/validation/04_mascarene_coding_sensitivity/scenarios/geo_africa/04_origin_assignment/P2_africa_subregion_raw.tsv	20449	dd8022c5d3e094bb2cf3961a590c5c3f437ed7d6c78d34574ff617f9109a3a90
results/validation/04_mascarene_coding_sensitivity/scenarios/geo_africa/04_origin_assignment/P2_africa_subregion_stability.rds	results/validation/04_mascarene_coding_sensitivity/scenarios/geo_africa/04_origin_assignment/P2_africa_subregion_stability.rds	752	5059941083de04b0db2f3dc540ce8280ea881a91464e0c163c1595911f235137
results/validation/04_mascarene_coding_sensitivity/scenarios/geo_africa/04_origin_assignment/P2_africa_subregion_stability.tsv	results/validation/04_mascarene_coding_sensitivity/scenarios/geo_africa/04_origin_assignment/P2_africa_subregion_stability.tsv	1753	9510d1b2fea4896016097a193b54219e27d246b2cc2c26107c0d791129abe019
results/validation/04_mascarene_coding_sensitivity/scenarios/geo_africa/04_origin_assignment/P3_asia_subregion_raw.rds	results/validation/04_mascarene_coding_sensitivity/scenarios/geo_africa/04_origin_assignment/P3_asia_subregion_raw.rds	1209	dbcd41f2a456fdc67b3752036d3500a6e0eb975e907379cc57ac9cf709f29268
results/validation/04_mascarene_coding_sensitivity/scenarios/geo_africa/04_origin_assignment/P3_asia_subregion_raw.tsv	results/validation/04_mascarene_coding_sensitivity/scenarios/geo_africa/04_origin_assignment/P3_asia_subregion_raw.tsv	11278	5dba0417a832bcec1741ea9e174140e70d21c2b42f8d08bc4c1205f19e5e6db6
results/validation/04_mascarene_coding_sensitivity/scenarios/geo_africa/04_origin_assignment/P3_asia_subregion_stability.rds	results/validation/04_mascarene_coding_sensitivity/scenarios/geo_africa/04_origin_assignment/P3_asia_subregion_stability.rds	602	cac315c3fbdaf4813ba3f79338707dc9fbb2125b57de63e4c1f62dc9bd724db8
results/validation/04_mascarene_coding_sensitivity/scenarios/geo_africa/04_origin_assignment/P3_asia_subregion_stability.tsv	results/validation/04_mascarene_coding_sensitivity/scenarios/geo_africa/04_origin_assignment/P3_asia_subregion_stability.tsv	1035	6cf96e5ab87e12ca7fa3b45a000cebc869d7599c80828b555c30ad736fc17d72
results/validation/04_mascarene_coding_sensitivity/scenarios/geo_africa/04_origin_assignment/final_assignment.rds	results/validation/04_mascarene_coding_sensitivity/scenarios/geo_africa/04_origin_assignment/final_assignment.rds	1108	530858f196f2a2adbc6c510ff4652ed6e0752fec147e08de7a40b17c6d3f5642
results/validation/04_mascarene_coding_sensitivity/scenarios/geo_africa/04_origin_assignment/final_assignment.tsv	results/validation/04_mascarene_coding_sensitivity/scenarios/geo_africa/04_origin_assignment/final_assignment.tsv	4363	495be395c801c77709ce6e63051202ba7171248cf9760ad7bca500633b74504e
results/validation/04_mascarene_coding_sensitivity/scenarios/geo_africa/04_origin_assignment/step4_K_grid_used.rds	results/validation/04_mascarene_coding_sensitivity/scenarios/geo_africa/04_origin_assignment/step4_K_grid_used.rds	325	8a2663b36b55418fab4da68f750ff0ef955b2a365e2aed0e4d14c93a7a4fcd31
results/validation/04_mascarene_coding_sensitivity/scenarios/geo_africa/04_origin_assignment/step4_K_grid_used.tsv	results/validation/04_mascarene_coding_sensitivity/scenarios/geo_africa/04_origin_assignment/step4_K_grid_used.tsv	1851	3c628b2d6d705f173a21cb1818f0e6300126d3e4fa07f54241a5a0ac1f802f07
results/validation/04_mascarene_coding_sensitivity/scenarios/geo_africa/04_origin_assignment/step4_geo_africa.xlsx	results/validation/04_mascarene_coding_sensitivity/scenarios/geo_africa/04_origin_assignment/step4_geo_africa.xlsx	63659	1a31c873fb8b6f9614dda394acfb59da0c335a4f0d4dbdd6e62d97a4acc08a3b
results/validation/04_mascarene_coding_sensitivity/scenarios/geo_africa/04_origin_assignment/step4_params.rds	results/validation/04_mascarene_coding_sensitivity/scenarios/geo_africa/04_origin_assignment/step4_params.rds	693	0cc9088342631ab9c4d55346f9806741d31606f677c1934be753762f9f37dc25
results/validation/04_mascarene_coding_sensitivity/scenarios/geo_africa/04_origin_assignment/step4_params.tsv	results/validation/04_mascarene_coding_sensitivity/scenarios/geo_africa/04_origin_assignment/step4_params.tsv	1219	861fafff5cf9567576deb4d89f5664e4beda8ec6f9c8720a08a4e81a100e40b8
results/validation/04_mascarene_coding_sensitivity/scenarios/geo_africa/04_origin_assignment/step4_run_info.rds	results/validation/04_mascarene_coding_sensitivity/scenarios/geo_africa/04_origin_assignment/step4_run_info.rds	9525	225da02088f3842fe92c047c11989caa5abc97ca292e6e6e2e531acab17d1203
results/validation/04_mascarene_coding_sensitivity/scenarios/geo_africa/05_loo_validation/FIG_LOO_P1_macroregion_validation_A4.pdf	results/validation/04_mascarene_coding_sensitivity/scenarios/geo_africa/05_loo_validation/FIG_LOO_P1_macroregion_validation_A4.pdf	5041	08ba2bdb11f21db9ab8b119f06f02288a3dbbce9a7207f9c935ea9ced573af84
results/validation/04_mascarene_coding_sensitivity/scenarios/geo_africa/05_loo_validation/FIG_LOO_P2_africa_subregion_validation_A4.pdf	results/validation/04_mascarene_coding_sensitivity/scenarios/geo_africa/05_loo_validation/FIG_LOO_P2_africa_subregion_validation_A4.pdf	5291	3857073840ed9b022f680603a4c4b5f9c250caf865576bed7642c3a682784d67
results/validation/04_mascarene_coding_sensitivity/scenarios/geo_africa/05_loo_validation/FIG_LOO_P3_asia_subregion_validation_A4.pdf	results/validation/04_mascarene_coding_sensitivity/scenarios/geo_africa/05_loo_validation/FIG_LOO_P3_asia_subregion_validation_A4.pdf	5126	155ab2cba8d360d62ae21fc9f2e496b6368e1504232699abaa3dd39d90eb7696
results/validation/04_mascarene_coding_sensitivity/scenarios/geo_africa/05_loo_validation/LOO_P1_macroregion_loo_confusion.rds	results/validation/04_mascarene_coding_sensitivity/scenarios/geo_africa/05_loo_validation/LOO_P1_macroregion_loo_confusion.rds	294	f0f6374f7645961c93af581d0b40a042f8f757ae403970239bf74f37665bbbe8
results/validation/04_mascarene_coding_sensitivity/scenarios/geo_africa/05_loo_validation/LOO_P1_macroregion_loo_confusion.tsv	results/validation/04_mascarene_coding_sensitivity/scenarios/geo_africa/05_loo_validation/LOO_P1_macroregion_loo_confusion.tsv	207	3430eb4e97c65033148e25b22c94de945c94677f7ec99fa91e3cffa40c89e021
results/validation/04_mascarene_coding_sensitivity/scenarios/geo_africa/05_loo_validation/LOO_P1_macroregion_loo_perclass.rds	results/validation/04_mascarene_coding_sensitivity/scenarios/geo_africa/05_loo_validation/LOO_P1_macroregion_loo_perclass.rds	344	ddc397e339b65037a8f00279756819303fb911736fe8dc07524f98e21b7b8ed6
results/validation/04_mascarene_coding_sensitivity/scenarios/geo_africa/05_loo_validation/LOO_P1_macroregion_loo_perclass.tsv	results/validation/04_mascarene_coding_sensitivity/scenarios/geo_africa/05_loo_validation/LOO_P1_macroregion_loo_perclass.tsv	265	7ea81b80394e37348f86684f3c9ccbad0fccd97ac15dc27ccb17f8133b820b91
results/validation/04_mascarene_coding_sensitivity/scenarios/geo_africa/05_loo_validation/LOO_P1_macroregion_loo_predictions.rds	results/validation/04_mascarene_coding_sensitivity/scenarios/geo_africa/05_loo_validation/LOO_P1_macroregion_loo_predictions.rds	3453	72fa781a3517dd92501c0442dc90a68ca2b68f19ab81490d918a5eb96a59bdca
results/validation/04_mascarene_coding_sensitivity/scenarios/geo_africa/05_loo_validation/LOO_P1_macroregion_loo_predictions.tsv	results/validation/04_mascarene_coding_sensitivity/scenarios/geo_africa/05_loo_validation/LOO_P1_macroregion_loo_predictions.tsv	43798	8ab639b0999a40dafa81036bfde759040537b4fb35d29467aefe5a24a692259d
results/validation/04_mascarene_coding_sensitivity/scenarios/geo_africa/05_loo_validation/LOO_P1_macroregion_loo_raw.tsv.gz	results/validation/04_mascarene_coding_sensitivity/scenarios/geo_africa/05_loo_validation/LOO_P1_macroregion_loo_raw.tsv.gz	37655	859d38f20f49e2b37bb3e2a960d777334aa04699a1540c8815fbb64be8a5f601
results/validation/04_mascarene_coding_sensitivity/scenarios/geo_africa/05_loo_validation/LOO_P1_macroregion_loo_reason_counts.tsv	results/validation/04_mascarene_coding_sensitivity/scenarios/geo_africa/05_loo_validation/LOO_P1_macroregion_loo_reason_counts.tsv	169	2457a82adc55707ed5d92ace99ac491d4ea3200b01d56133cf16a6d837d3bd5c
results/validation/04_mascarene_coding_sensitivity/scenarios/geo_africa/05_loo_validation/LOO_P1_macroregion_loo_summary.rds	results/validation/04_mascarene_coding_sensitivity/scenarios/geo_africa/05_loo_validation/LOO_P1_macroregion_loo_summary.rds	450	b6b765f365e2e97b9e0525f77bc5b60bee934a1e61e4bfc90cf171906b9bb619
results/validation/04_mascarene_coding_sensitivity/scenarios/geo_africa/05_loo_validation/LOO_P1_macroregion_loo_summary.tsv	results/validation/04_mascarene_coding_sensitivity/scenarios/geo_africa/05_loo_validation/LOO_P1_macroregion_loo_summary.tsv	458	4325f4d48f38652320c7d81dd9fbf14b41e8c05fb142c4f43ad03c384e79e865
results/validation/04_mascarene_coding_sensitivity/scenarios/geo_africa/05_loo_validation/LOO_P2_africa_subregion_loo_confusion.rds	results/validation/04_mascarene_coding_sensitivity/scenarios/geo_africa/05_loo_validation/LOO_P2_africa_subregion_loo_confusion.rds	296	23406e05233f921a2dcf08f33a0b7456abf02288b9291828c79701d569ff0a94
results/validation/04_mascarene_coding_sensitivity/scenarios/geo_africa/05_loo_validation/LOO_P2_africa_subregion_loo_confusion.tsv	results/validation/04_mascarene_coding_sensitivity/scenarios/geo_africa/05_loo_validation/LOO_P2_africa_subregion_loo_confusion.tsv	343	c44dd8f6f32e407af8cb8109eabfc2caba05f72c21932c14fb2c34874e2623d9
results/validation/04_mascarene_coding_sensitivity/scenarios/geo_africa/05_loo_validation/LOO_P2_africa_subregion_loo_perclass.rds	results/validation/04_mascarene_coding_sensitivity/scenarios/geo_africa/05_loo_validation/LOO_P2_africa_subregion_loo_perclass.rds	376	b91a9887be93ee10898026f36bd2172a65448d26491d8dbf3e7d7be20bd6d01d
results/validation/04_mascarene_coding_sensitivity/scenarios/geo_africa/05_loo_validation/LOO_P2_africa_subregion_loo_perclass.tsv	results/validation/04_mascarene_coding_sensitivity/scenarios/geo_africa/05_loo_validation/LOO_P2_africa_subregion_loo_perclass.tsv	425	5ad579ad85f7d97884bc3c4b22bfb4a9949de68f3fc620b872bcf7a3ab005b89
results/validation/04_mascarene_coding_sensitivity/scenarios/geo_africa/05_loo_validation/LOO_P2_africa_subregion_loo_predictions.rds	results/validation/04_mascarene_coding_sensitivity/scenarios/geo_africa/05_loo_validation/LOO_P2_africa_subregion_loo_predictions.rds	2695	73ad48ecc02aa21b51f96a358b5fa083f4aa5b31d90fe64b969c9b5d3a075cd0
results/validation/04_mascarene_coding_sensitivity/scenarios/geo_africa/05_loo_validation/LOO_P2_africa_subregion_loo_predictions.tsv	results/validation/04_mascarene_coding_sensitivity/scenarios/geo_africa/05_loo_validation/LOO_P2_africa_subregion_loo_predictions.tsv	22840	6b90a73423ef477a0a9d7d43ea8b89580a7975a4f6998abc5e44fb46648c5aa6
results/validation/04_mascarene_coding_sensitivity/scenarios/geo_africa/05_loo_validation/LOO_P2_africa_subregion_loo_raw.tsv.gz	results/validation/04_mascarene_coding_sensitivity/scenarios/geo_africa/05_loo_validation/LOO_P2_africa_subregion_loo_raw.tsv.gz	24855	90df46fb0bbd6f263b78ce77b4858a808911ece96ec2888ad7daf48242a69990
results/validation/04_mascarene_coding_sensitivity/scenarios/geo_africa/05_loo_validation/LOO_P2_africa_subregion_loo_reason_counts.tsv	results/validation/04_mascarene_coding_sensitivity/scenarios/geo_africa/05_loo_validation/LOO_P2_africa_subregion_loo_reason_counts.tsv	161	c663dc83780213dc0ffab645ceb4f69fd350ca4ff7dd097b20c762663d7c73dc
results/validation/04_mascarene_coding_sensitivity/scenarios/geo_africa/05_loo_validation/LOO_P2_africa_subregion_loo_summary.rds	results/validation/04_mascarene_coding_sensitivity/scenarios/geo_africa/05_loo_validation/LOO_P2_africa_subregion_loo_summary.rds	475	a79723ba8c287fcdf08393c999927dbf24b45ce4da1918a63c3fe8d4bfb7661b
results/validation/04_mascarene_coding_sensitivity/scenarios/geo_africa/05_loo_validation/LOO_P2_africa_subregion_loo_summary.tsv	results/validation/04_mascarene_coding_sensitivity/scenarios/geo_africa/05_loo_validation/LOO_P2_africa_subregion_loo_summary.tsv	523	148aa8654d6a85f70109ebae030fa8aef52b7da017a819b3fec1f2ebdb08ff50
results/validation/04_mascarene_coding_sensitivity/scenarios/geo_africa/05_loo_validation/LOO_P3_asia_subregion_loo_confusion.rds	results/validation/04_mascarene_coding_sensitivity/scenarios/geo_africa/05_loo_validation/LOO_P3_asia_subregion_loo_confusion.rds	293	a1cb6d86166784da66203060ee85dba322ccef663c8ba1b95bfb666b5bba97a1
results/validation/04_mascarene_coding_sensitivity/scenarios/geo_africa/05_loo_validation/LOO_P3_asia_subregion_loo_confusion.tsv	results/validation/04_mascarene_coding_sensitivity/scenarios/geo_africa/05_loo_validation/LOO_P3_asia_subregion_loo_confusion.tsv	271	93710ae9baf8faf840ebc485e6adcffe5b3e6f2404d73f45c378e7ca0dd5aa25
results/validation/04_mascarene_coding_sensitivity/scenarios/geo_africa/05_loo_validation/LOO_P3_asia_subregion_loo_perclass.rds	results/validation/04_mascarene_coding_sensitivity/scenarios/geo_africa/05_loo_validation/LOO_P3_asia_subregion_loo_perclass.rds	358	89c5cacafd0857212dfcb231ff7619721ebb888b750b0013d5c68c3484312a0f
results/validation/04_mascarene_coding_sensitivity/scenarios/geo_africa/05_loo_validation/LOO_P3_asia_subregion_loo_perclass.tsv	results/validation/04_mascarene_coding_sensitivity/scenarios/geo_africa/05_loo_validation/LOO_P3_asia_subregion_loo_perclass.tsv	333	2f2272cf49c97e0d8bd2e2ad0c1ad6d5d4ad9121725ad9565007d8341d0174a0
results/validation/04_mascarene_coding_sensitivity/scenarios/geo_africa/05_loo_validation/LOO_P3_asia_subregion_loo_predictions.rds	results/validation/04_mascarene_coding_sensitivity/scenarios/geo_africa/05_loo_validation/LOO_P3_asia_subregion_loo_predictions.rds	2626	1777d1e596574d61c2da7f93d18288e1a70e98e0064d2fd2ca71117b6349c3a5
results/validation/04_mascarene_coding_sensitivity/scenarios/geo_africa/05_loo_validation/LOO_P3_asia_subregion_loo_predictions.tsv	results/validation/04_mascarene_coding_sensitivity/scenarios/geo_africa/05_loo_validation/LOO_P3_asia_subregion_loo_predictions.tsv	24000	d118f92464f5431c3ce84ef4393ce508db946016428719469ce2e1e171d223d9
results/validation/04_mascarene_coding_sensitivity/scenarios/geo_africa/05_loo_validation/LOO_P3_asia_subregion_loo_raw.tsv.gz	results/validation/04_mascarene_coding_sensitivity/scenarios/geo_africa/05_loo_validation/LOO_P3_asia_subregion_loo_raw.tsv.gz	25758	f1709bb8d7ef19de6b8e9bce49bdf442cd8647fee779c97673c724e91da244b2
results/validation/04_mascarene_coding_sensitivity/scenarios/geo_africa/05_loo_validation/LOO_P3_asia_subregion_loo_reason_counts.tsv	results/validation/04_mascarene_coding_sensitivity/scenarios/geo_africa/05_loo_validation/LOO_P3_asia_subregion_loo_reason_counts.tsv	110	6f17da00ec0551fc146078f2a41646f72ff49614c48277b36e82b701feec43c7
results/validation/04_mascarene_coding_sensitivity/scenarios/geo_africa/05_loo_validation/LOO_P3_asia_subregion_loo_summary.rds	results/validation/04_mascarene_coding_sensitivity/scenarios/geo_africa/05_loo_validation/LOO_P3_asia_subregion_loo_summary.rds	432	7d58327c8e78c5b0d0269476e77d96abe00d5a8e2d7f0dd97dda5a66f3f45893
results/validation/04_mascarene_coding_sensitivity/scenarios/geo_africa/05_loo_validation/LOO_P3_asia_subregion_loo_summary.tsv	results/validation/04_mascarene_coding_sensitivity/scenarios/geo_africa/05_loo_validation/LOO_P3_asia_subregion_loo_summary.tsv	492	b6fcd3727efb502e372db6685fca36dd0fa9b87d475f8840dc4ba35d187511bc
results/validation/04_mascarene_coding_sensitivity/scenarios/geo_africa/05_loo_validation/step4b_K_grid_used.rds	results/validation/04_mascarene_coding_sensitivity/scenarios/geo_africa/05_loo_validation/step4b_K_grid_used.rds	325	e6cf0d0de30ce57e75aed84c69b1257964bdc14a61dd173b5538d5540aaf8ef9
results/validation/04_mascarene_coding_sensitivity/scenarios/geo_africa/05_loo_validation/step4b_K_grid_used.tsv	results/validation/04_mascarene_coding_sensitivity/scenarios/geo_africa/05_loo_validation/step4b_K_grid_used.tsv	1851	acba5c6f4088ea80d44d048b31711e70de3539e043e635c0db63d060be67559d
results/validation/04_mascarene_coding_sensitivity/scenarios/geo_africa/05_loo_validation/step4b_loo_confusion_all_panels.rds	results/validation/04_mascarene_coding_sensitivity/scenarios/geo_africa/05_loo_validation/step4b_loo_confusion_all_panels.rds	421	c4af71bb77504a1b1f2c53e41a4fa2ecc1414992b2716d95f04582b0f6e0adce
results/validation/04_mascarene_coding_sensitivity/scenarios/geo_africa/05_loo_validation/step4b_loo_confusion_all_panels.tsv	results/validation/04_mascarene_coding_sensitivity/scenarios/geo_africa/05_loo_validation/step4b_loo_confusion_all_panels.tsv	709	98b155c9495f803f1a57d1e5951fedeb3879b0eaf46448ba601ed182af2aafdc
results/validation/04_mascarene_coding_sensitivity/scenarios/geo_africa/05_loo_validation/step4b_loo_panels_index.rds	results/validation/04_mascarene_coding_sensitivity/scenarios/geo_africa/05_loo_validation/step4b_loo_panels_index.rds	944	c83e94d6a8ae723549270510b021c0c8a553e2078ff7d51083ddadda1ee4a2f3
results/validation/04_mascarene_coding_sensitivity/scenarios/geo_africa/05_loo_validation/step4b_loo_panels_index.tsv	results/validation/04_mascarene_coding_sensitivity/scenarios/geo_africa/05_loo_validation/step4b_loo_panels_index.tsv	5222	0868c002d3e1e7faaad91ff3141fe9bc4191ed95b6b324b31db00409f94509ce
results/validation/04_mascarene_coding_sensitivity/scenarios/geo_africa/05_loo_validation/step4b_loo_perclass_all_panels.rds	results/validation/04_mascarene_coding_sensitivity/scenarios/geo_africa/05_loo_validation/step4b_loo_perclass_all_panels.rds	511	f011c4c565d5867bfe9cd0697aaae01f54cbb6ad609343cb73ed9b7a958c4207
results/validation/04_mascarene_coding_sensitivity/scenarios/geo_africa/05_loo_validation/step4b_loo_perclass_all_panels.tsv	results/validation/04_mascarene_coding_sensitivity/scenarios/geo_africa/05_loo_validation/step4b_loo_perclass_all_panels.tsv	799	0d581b62c200d2d2d19420a25cc38aabc565913767bed7e695ea75ea67f4d659
results/validation/04_mascarene_coding_sensitivity/scenarios/geo_africa/05_loo_validation/step4b_loo_predictions_all_panels.rds	results/validation/04_mascarene_coding_sensitivity/scenarios/geo_africa/05_loo_validation/step4b_loo_predictions_all_panels.rds	6635	bbd2de80f1d408afac5da8f47876e905f0cb41a41eddb6aa60d497dfcde59db1
results/validation/04_mascarene_coding_sensitivity/scenarios/geo_africa/05_loo_validation/step4b_loo_predictions_all_panels.tsv	results/validation/04_mascarene_coding_sensitivity/scenarios/geo_africa/05_loo_validation/step4b_loo_predictions_all_panels.tsv	89962	caef086a5e34f6bee10db892d8d74fb05682ee338233048b2131e5e4dd17ab98
results/validation/04_mascarene_coding_sensitivity/scenarios/geo_africa/05_loo_validation/step4b_loo_raw_all_panels.tsv.gz	results/validation/04_mascarene_coding_sensitivity/scenarios/geo_africa/05_loo_validation/step4b_loo_raw_all_panels.tsv.gz	88082	3870cc0ec0477d5fef72f87f71160d5c56b553b126953ff37a1322611f2b4815
results/validation/04_mascarene_coding_sensitivity/scenarios/geo_africa/05_loo_validation/step4b_loo_reason_counts_all_panels.tsv	results/validation/04_mascarene_coding_sensitivity/scenarios/geo_africa/05_loo_validation/step4b_loo_reason_counts_all_panels.tsv	390	9e6b54579d65c2f69429f73b9be1746132006fc9f0d375ce6aa15d17c7dbab62
results/validation/04_mascarene_coding_sensitivity/scenarios/geo_africa/05_loo_validation/step4b_loo_summary_all_panels.rds	results/validation/04_mascarene_coding_sensitivity/scenarios/geo_africa/05_loo_validation/step4b_loo_summary_all_panels.rds	626	dc686e56634278974ab0b3f5d46825ade8e5e72b172ce3fc948a630f28aeb4f7
results/validation/04_mascarene_coding_sensitivity/scenarios/geo_africa/05_loo_validation/step4b_loo_summary_all_panels.tsv	results/validation/04_mascarene_coding_sensitivity/scenarios/geo_africa/05_loo_validation/step4b_loo_summary_all_panels.tsv	945	ca497a825ce83e8b88c50cbe202f77c1ca8aecf610866252a70534bafaa53ba4
results/validation/04_mascarene_coding_sensitivity/scenarios/geo_africa/05_loo_validation/step4b_loo_validation_summary.xlsx	results/validation/04_mascarene_coding_sensitivity/scenarios/geo_africa/05_loo_validation/step4b_loo_validation_summary.xlsx	79014	78316d32f7ee541c1a2779fbb0c451cc77a56ee49b8c37483a4ae1f5890f2053
results/validation/04_mascarene_coding_sensitivity/scenarios/geo_africa/05_loo_validation/step4b_params.rds	results/validation/04_mascarene_coding_sensitivity/scenarios/geo_africa/05_loo_validation/step4b_params.rds	720	fc17e71e2f4417b36288aa8e849a209d1c0441e16701f22d6aff189b5206c7a0
results/validation/04_mascarene_coding_sensitivity/scenarios/geo_africa/05_loo_validation/step4b_params.tsv	results/validation/04_mascarene_coding_sensitivity/scenarios/geo_africa/05_loo_validation/step4b_params.tsv	1283	f233b4a948a8dd82689eabf337078a84ac12dff32631617af31b82c948bc4b76
results/validation/04_mascarene_coding_sensitivity/scenarios/geo_africa/05_loo_validation/step4b_run_info.rds	results/validation/04_mascarene_coding_sensitivity/scenarios/geo_africa/05_loo_validation/step4b_run_info.rds	10075	253b8f9bc0b55aca1a4628e178c4548810a24ffa7ec4e76153bdeb907f25e424
results/validation/05_reference_downsampling/FIG_reference_downsampling_sensitivity.pdf	results/validation/05_reference_downsampling/FIG_reference_downsampling_sensitivity.pdf	12105	e44dc4e6c5b499cc8e9ac307acf8ff777aa559f481bd2bf452c762159122d028
results/validation/05_reference_downsampling/REFERENCE_DOWNSAMPLING_SUMMARY.txt	results/validation/05_reference_downsampling/REFERENCE_DOWNSAMPLING_SUMMARY.txt	2031	b198fe908a5fb88da14c6437548ae2ea418db54dbcd4ff8ffc1bf785042235a1
results/validation/05_reference_downsampling/baseline_individual_loo_summary.rds	results/validation/05_reference_downsampling/baseline_individual_loo_summary.rds	629	e215d4383cd33d1b2051bb60e7503c9f969d9e10fc021fd1d964ede98941e544
results/validation/05_reference_downsampling/baseline_individual_loo_summary.tsv	results/validation/05_reference_downsampling/baseline_individual_loo_summary.tsv	869	d1cfad52a894db6242b50d35dd23dce1c6adf2e9f1c48b843ae0ce286fb227a2
results/validation/05_reference_downsampling/baseline_query_assignments_by_panel.rds	results/validation/05_reference_downsampling/baseline_query_assignments_by_panel.rds	561	90ab78e9be7d2678d7d4d60fbe3fc940769492840d63a94e08ae3d9b1a8e4c75
results/validation/05_reference_downsampling/baseline_query_assignments_by_panel.tsv	results/validation/05_reference_downsampling/baseline_query_assignments_by_panel.tsv	3337	0ff701ceb2ee459b3d013047dd8bbe931b933c321666d938a4024ce644a46520
results/validation/05_reference_downsampling/downsampling_K_grid.rds	results/validation/05_reference_downsampling/downsampling_K_grid.rds	5836	a52892a124a14746cc7181bde65c9d8421e4b14238d3efa9ddff4590d19cb26d
results/validation/05_reference_downsampling/downsampling_K_grid.tsv.gz	results/validation/05_reference_downsampling/downsampling_K_grid.tsv.gz	23596	044f6531ee26a030f7281fb40cebee835a8635b3000aa62f483aefe4a402be68
results/validation/05_reference_downsampling/downsampling_design.rds	results/validation/05_reference_downsampling/downsampling_design.rds	420	16f711a08c0723e45118259f2f8442134016a25d943a70955d563d1990d749bd
results/validation/05_reference_downsampling/downsampling_design.tsv	results/validation/05_reference_downsampling/downsampling_design.tsv	1138	7e5ce7ab38d8be8424128fcf98fd7f3ebb6617db50d1ce8078f07fed1350afd9
results/validation/05_reference_downsampling/downsampling_marker_overlap.rds	results/validation/05_reference_downsampling/downsampling_marker_overlap.rds	24287	d4684c5b64fdc213558849ae7f7ed96062dfbf1f87390ce23d23d869eaecf9d0
results/validation/05_reference_downsampling/downsampling_marker_overlap.tsv.gz	results/validation/05_reference_downsampling/downsampling_marker_overlap.tsv.gz	32116	e8d5fda99be5db38288edd69e5c4c0a92df32cc70c7a06c168f43945818ad155
results/validation/05_reference_downsampling/downsampling_marker_overlap_summary.rds	results/validation/05_reference_downsampling/downsampling_marker_overlap_summary.rds	2629	a911de9cb3013ff7a230d47ceb646434582a2d480b13eab0ba42685d50141725
results/validation/05_reference_downsampling/downsampling_marker_overlap_summary.tsv	results/validation/05_reference_downsampling/downsampling_marker_overlap_summary.tsv	8684	39edb707f3155b4828e2b01d16853638e024ff4323f649b21df378e3bab47c17
results/validation/05_reference_downsampling/downsampling_marker_stats.rds	results/validation/05_reference_downsampling/downsampling_marker_stats.rds	12258	5c29f7fda9d3ff69e48226615b0ea08d4a865babcab2550af98582cf394bb074
results/validation/05_reference_downsampling/downsampling_marker_stats.tsv	results/validation/05_reference_downsampling/downsampling_marker_stats.tsv	61755	41fb3e64b90d8592b86ec2cb92dfed1099311a2e05ed0870bff719c12bdfbe9d
results/validation/05_reference_downsampling/downsampling_marker_summary.rds	results/validation/05_reference_downsampling/downsampling_marker_summary.rds	1229	c7df65710e946a28c80f4cfeb22c537540a5ab904c95f8a1e409930f6faa18f2
results/validation/05_reference_downsampling/downsampling_marker_summary.tsv	results/validation/05_reference_downsampling/downsampling_marker_summary.tsv	2741	742d5ff86850bc85bbbbd1e0a7881f9fcfef817b4fc50ee21145af9f75df1c75
results/validation/05_reference_downsampling/downsampling_panel_index.rds	results/validation/05_reference_downsampling/downsampling_panel_index.rds	452	10483ef61a047eebb1b6b9bde8de0a65dc6bbe4c1527e75e28ac4bc71829d9d7
results/validation/05_reference_downsampling/downsampling_panel_index.tsv	results/validation/05_reference_downsampling/downsampling_panel_index.tsv	458	e8ca301e427b2c356f5067bda556540e0984f1e26055e200202f11d25abd1a1a
results/validation/05_reference_downsampling/downsampling_params.rds	results/validation/05_reference_downsampling/downsampling_params.rds	604	d4028313c7fe1cb4286179a2514964b974159c1ac32abddc855afb77e049046f
results/validation/05_reference_downsampling/downsampling_params.tsv	results/validation/05_reference_downsampling/downsampling_params.tsv	695	121c5ac7ee796dc97790e31446ac6286e0ad8b6c6fb36681832276190146e55c
results/validation/05_reference_downsampling/downsampling_per_class_replicate.rds	results/validation/05_reference_downsampling/downsampling_per_class_replicate.rds	4289	83e299333781e58dc2fd8b8da9dc77beaabbae075725b0806cfd66a98208abb0
results/validation/05_reference_downsampling/downsampling_per_class_replicate.tsv	results/validation/05_reference_downsampling/downsampling_per_class_replicate.tsv	107155	fcc217f2c1385ec6d2da4e5ccd76d7b17e6fcf97bb3c123c4f1e3343e3fca004
results/validation/05_reference_downsampling/downsampling_per_class_summary.rds	results/validation/05_reference_downsampling/downsampling_per_class_summary.rds	1080	c4cb6e50fb4ae38c1039b70b029ac6c7668b4624775bd890b9aea5eec1a7a338
results/validation/05_reference_downsampling/downsampling_per_class_summary.tsv	results/validation/05_reference_downsampling/downsampling_per_class_summary.tsv	4673	e3dd6aa6c73307c42c4cdf815eb747ba972f7119921eefefa18037275eaa9781
results/validation/05_reference_downsampling/downsampling_performance_summary.rds	results/validation/05_reference_downsampling/downsampling_performance_summary.rds	1417	d857b3b88627059164ad3e4b666a58b455806af40327d21d22c0dbcfa7cc7132
results/validation/05_reference_downsampling/downsampling_performance_summary.tsv	results/validation/05_reference_downsampling/downsampling_performance_summary.tsv	3779	14b5ac1f7719bac5ede63c2ac9a71b5d7a493b4794893189c0b08f026eb4922f
results/validation/05_reference_downsampling/downsampling_pooled_performance.rds	results/validation/05_reference_downsampling/downsampling_pooled_performance.rds	764	f37c995b012b48e7ad95445b084e28cb18dfdb57f6091d8a3aae1283e7132482
results/validation/05_reference_downsampling/downsampling_pooled_performance.tsv	results/validation/05_reference_downsampling/downsampling_pooled_performance.tsv	1984	3eb63c13e56aa2fc32ff74329e5727fe247421d46e1301c0c62f5b801ecaacb4
results/validation/05_reference_downsampling/downsampling_query_overall_summary.rds	results/validation/05_reference_downsampling/downsampling_query_overall_summary.rds	704	77af93951a11f5bd37f1c0dde00178a08e5bb3c7722a91a81518fad9fc84d1f4
results/validation/05_reference_downsampling/downsampling_query_overall_summary.tsv	results/validation/05_reference_downsampling/downsampling_query_overall_summary.tsv	2041	a12f6312adc65d75ca6706524cf59c42af2a21402529b0e3cc56e2c8f4c337c6
results/validation/05_reference_downsampling/downsampling_query_predictions.rds	results/validation/05_reference_downsampling/downsampling_query_predictions.rds	57331	adbdf2e1d6408f0b1d8fa2f382ee3d7e5c13de186d842aa7575606ae80e36582
results/validation/05_reference_downsampling/downsampling_query_predictions.tsv.gz	results/validation/05_reference_downsampling/downsampling_query_predictions.tsv.gz	99536	5d6d06dbd410985dd0a8b18e3f828e37a20004fa3c832f1ab03ef4d751bde262
results/validation/05_reference_downsampling/downsampling_query_replicate.rds	results/validation/05_reference_downsampling/downsampling_query_replicate.rds	2547	d0167b3a414a4de793144b24df7bf49536e4cf35d24eb4ac24159b07c4977d79
results/validation/05_reference_downsampling/downsampling_query_replicate.tsv	results/validation/05_reference_downsampling/downsampling_query_replicate.tsv	49165	8f3499a70222d5886ef8f888c9b025af8cb45177e9e739ffb6be40459279bd5d
results/validation/05_reference_downsampling/downsampling_query_stability.rds	results/validation/05_reference_downsampling/downsampling_query_stability.rds	2723	c610c393ea42b34a0ec29cac22961e0513da3e0d0c6b0a140aa46c46468ddff8
results/validation/05_reference_downsampling/downsampling_query_stability.tsv	results/validation/05_reference_downsampling/downsampling_query_stability.tsv	32512	c12d560c2c1705d80935b38b933f6652f8cc11e7a35236b35db9caccf6bd1d8d
results/validation/05_reference_downsampling/downsampling_reference_counts.rds	results/validation/05_reference_downsampling/downsampling_reference_counts.rds	355	6fb766476c16ae58a01d00cb34d3c43f96cc1c74c7cac8e623f9382c75062d00
results/validation/05_reference_downsampling/downsampling_reference_counts.tsv	results/validation/05_reference_downsampling/downsampling_reference_counts.tsv	569	2d295e144f2018620837886ba870144de02798110c816368fc73392f4438476f
results/validation/05_reference_downsampling/downsampling_replicate_performance.rds	results/validation/05_reference_downsampling/downsampling_replicate_performance.rds	5454	6586c6261607d8f30609e48ac0b752a9bdf90236114320766ced9de9a52a8b8f
results/validation/05_reference_downsampling/downsampling_replicate_performance.tsv	results/validation/05_reference_downsampling/downsampling_replicate_performance.tsv	60815	d51326ca448c842b16e0a1945e260849a8298e4df0a4f25a2d008cd4963683c2
results/validation/05_reference_downsampling/downsampling_test_manifest.rds	results/validation/05_reference_downsampling/downsampling_test_manifest.rds	15421	5421fa5e935fd1f317131038903d4f7cb9758b6351d6c131ab9800ac4b384d75
results/validation/05_reference_downsampling/downsampling_test_manifest.tsv.gz	results/validation/05_reference_downsampling/downsampling_test_manifest.tsv.gz	22557	9b4b18930de9221313652f4d891a580157b9a36618eb6904f5b95dc36f1875b9
results/validation/05_reference_downsampling/downsampling_test_predictions.rds	results/validation/05_reference_downsampling/downsampling_test_predictions.rds	59016	b626df018f5610d30abfc7630b503c9c3b6c0e20e4b7ab73173c20407608cd09
results/validation/05_reference_downsampling/downsampling_test_predictions.tsv.gz	results/validation/05_reference_downsampling/downsampling_test_predictions.tsv.gz	81311	05ca591dc87de8bf563223418f5d083bc95ac5a236232cb663a248f5e2e2b639
results/validation/05_reference_downsampling/downsampling_training_manifest.rds	results/validation/05_reference_downsampling/downsampling_training_manifest.rds	57490	c6e511c957414cf678ab9a780440a52c265f5ddc08b85f357bedd9e3b572a7b1
results/validation/05_reference_downsampling/downsampling_training_manifest.tsv.gz	results/validation/05_reference_downsampling/downsampling_training_manifest.tsv.gz	118411	33caf8eb21f82fa91bb55c2ee980877d0c070e170899ce6bb87564b9d0128d6c
results/validation/05_reference_downsampling/reference_downsampling_run_info.rds	results/validation/05_reference_downsampling/reference_downsampling_run_info.rds	6717	e82217b68517dff72c6476ad61ea15addae9b06224fbde196a49fa2664ea228f
results/validation/06_marker_resampling/FIG_marker_resampling_sensitivity.pdf	results/validation/06_marker_resampling/FIG_marker_resampling_sensitivity.pdf	7985	b20662799dd37a5f9dfd134cfa3d5883c1727d968904a6c19333a03bc7158278
results/validation/06_marker_resampling/MARKER_RESAMPLING_SUMMARY.txt	results/validation/06_marker_resampling/MARKER_RESAMPLING_SUMMARY.txt	3801	05ccbf037c35b5ba9ed1eb685911d8e88bc0e4c31c372b7de9b02c8487953c78
results/validation/06_marker_resampling/baseline_fixed_topK_loo_performance.rds	results/validation/06_marker_resampling/baseline_fixed_topK_loo_performance.rds	1026	31366890a13de95342e419ccafc436f9d425c54a6166510a0a2fab66ed38385c
results/validation/06_marker_resampling/baseline_fixed_topK_loo_performance.tsv	results/validation/06_marker_resampling/baseline_fixed_topK_loo_performance.tsv	3108	e9f6ec775c1ab82aa1f2d07a3a3918522c7f0ae7c989654a9886b20ae3ef1be9
results/validation/06_marker_resampling/baseline_fixed_topK_loo_predictions.rds	results/validation/06_marker_resampling/baseline_fixed_topK_loo_predictions.rds	24172	f52c39b30a64c5b1283e60600ca79647975ba506cff89a3b929e90cd266fca90
results/validation/06_marker_resampling/baseline_fixed_topK_loo_predictions.tsv.gz	results/validation/06_marker_resampling/baseline_fixed_topK_loo_predictions.tsv.gz	37997	af9d673d72da01e8724f76b764c32c9fa6483951a100ee9a4f3e7cb1484c629c
results/validation/06_marker_resampling/baseline_fixed_topK_query_predictions.rds	results/validation/06_marker_resampling/baseline_fixed_topK_query_predictions.rds	3032	2fca5a4300ba82881e3cdd45a2df1edd62ea23565739c43a0db13ae61ec20bc1
results/validation/06_marker_resampling/baseline_fixed_topK_query_predictions.tsv	results/validation/06_marker_resampling/baseline_fixed_topK_query_predictions.tsv	33785	91f0fbc3c681a2bb9baa3574d89902a0cdfd05df9c160ec91f00b048e4fb58c8
results/validation/06_marker_resampling/baseline_individual_loo_summary.rds	results/validation/06_marker_resampling/baseline_individual_loo_summary.rds	631	85a102e8b847fe45c5fc8cf2ef541be477200dd4fc439e581799b9df1c314aef
results/validation/06_marker_resampling/baseline_individual_loo_summary.tsv	results/validation/06_marker_resampling/baseline_individual_loo_summary.tsv	869	d1cfad52a894db6242b50d35dd23dce1c6adf2e9f1c48b843ae0ce286fb227a2
results/validation/06_marker_resampling/marker_resampling_complement_checks.rds	results/validation/06_marker_resampling/marker_resampling_complement_checks.rds	888	1968d7bd2f15ee181185c366a2e53df53df97b1b55f782870c2eed6bdcc3103a
results/validation/06_marker_resampling/marker_resampling_complement_checks.tsv	results/validation/06_marker_resampling/marker_resampling_complement_checks.tsv	16569	9d69c84a62b579be6fa018d2e7391345f399400784dae0e67cee4f1dc480e539
results/validation/06_marker_resampling/marker_resampling_design.rds	results/validation/06_marker_resampling/marker_resampling_design.rds	451	96f2fdf448183d4ba62a316d2c90f6a537d272cc163999323500b98cc3696492
results/validation/06_marker_resampling/marker_resampling_design.tsv	results/validation/06_marker_resampling/marker_resampling_design.tsv	1071	c277ae86d5fa214924f7785fac1825a01b647bf074b1760c6297c5d079df3670
results/validation/06_marker_resampling/marker_resampling_loo_call_stability.rds	results/validation/06_marker_resampling/marker_resampling_loo_call_stability.rds	1460	feef8c9b07d248df7c16073dec4e8b4ab047386496c888275a5b4f71d0bc5110
results/validation/06_marker_resampling/marker_resampling_loo_call_stability.tsv	results/validation/06_marker_resampling/marker_resampling_loo_call_stability.tsv	32187	cdc556f09cb34e57b4b43000b5717d9aa1f30f18f3a1024b232a8f6468590ba1
results/validation/06_marker_resampling/marker_resampling_loo_call_stability_summary.rds	results/validation/06_marker_resampling/marker_resampling_loo_call_stability_summary.rds	672	d5ef74f7bdd117edf0b39ae0a5ce7ef922e4978562053330db519c089bba41af
results/validation/06_marker_resampling/marker_resampling_loo_call_stability_summary.tsv	results/validation/06_marker_resampling/marker_resampling_loo_call_stability_summary.tsv	1631	68c8ed7fcb9c978581a25e08f00d6ab57ef58f2541f9c383e8e8e81eec0a1946
results/validation/06_marker_resampling/marker_resampling_loo_per_class_set.rds	results/validation/06_marker_resampling/marker_resampling_loo_per_class_set.rds	5381	360a1f7b560700c5df2d5397cb8f44c7613f4a8b6b2caa3a76fd15e96f493193
results/validation/06_marker_resampling/marker_resampling_loo_per_class_set.tsv.gz	results/validation/06_marker_resampling/marker_resampling_loo_per_class_set.tsv.gz	7160	25b46a6f259211a8a1ec9f9a5efbae11a8d1817f04f7adf69abeab8b39e69a86
results/validation/06_marker_resampling/marker_resampling_loo_per_class_summary.rds	results/validation/06_marker_resampling/marker_resampling_loo_per_class_summary.rds	1295	cf9798373f940dd1764ba8b1ca96edc530e1bb5b2a57faf3080ec3486a16a116
results/validation/06_marker_resampling/marker_resampling_loo_per_class_summary.tsv	results/validation/06_marker_resampling/marker_resampling_loo_per_class_summary.tsv	4602	ea2f7bf080049288be1057119bda17963f7c115077d6a4a764d7265e2f46ef24
results/validation/06_marker_resampling/marker_resampling_loo_performance_summary.rds	results/validation/06_marker_resampling/marker_resampling_loo_performance_summary.rds	1661	edba7ecad5a4a446da13a6e2c5cbda6a20beee8336d7bc214637ca956e86a688
results/validation/06_marker_resampling/marker_resampling_loo_performance_summary.tsv	results/validation/06_marker_resampling/marker_resampling_loo_performance_summary.tsv	4263	a2797ff77380e7f187afc98a37d4db527e70916a646b4a0440e1f4e817950b74
results/validation/06_marker_resampling/marker_resampling_loo_predictions.rds	results/validation/06_marker_resampling/marker_resampling_loo_predictions.rds	641209	c50f721ae07afad657c9e0e10eb7032e8d086ca45c5fbdbeb919fdec91815c1f
results/validation/06_marker_resampling/marker_resampling_loo_predictions.tsv.gz	results/validation/06_marker_resampling/marker_resampling_loo_predictions.tsv.gz	1164884	f0c067b4c9d3029450dbe7248bcf9a368692906b405316eb097359603f66e4c3
results/validation/06_marker_resampling/marker_resampling_loo_set_performance.rds	results/validation/06_marker_resampling/marker_resampling_loo_set_performance.rds	8922	eab85c1fa81f26b519835ab7664f3b322636122e059f76d2fb728272934135ec
results/validation/06_marker_resampling/marker_resampling_loo_set_performance.tsv	results/validation/06_marker_resampling/marker_resampling_loo_set_performance.tsv	82664	7ebd995c342b2d848262bf3c7f0f6558d2aa716446bc1732fa8dd4d21562f267
results/validation/06_marker_resampling/marker_resampling_marker_manifest.rds	results/validation/06_marker_resampling/marker_resampling_marker_manifest.rds	9524246	73379f1513ecba955aa67ac063bb3d2602256cca09061206627c825b7c05a228
results/validation/06_marker_resampling/marker_resampling_marker_manifest.tsv.gz	results/validation/06_marker_resampling/marker_resampling_marker_manifest.tsv.gz	13267004	4563d2ce05bb80907fcc96b50ca81ef3f824e89b8e8c3c92f64be86f9768ebba
results/validation/06_marker_resampling/marker_resampling_marker_set_summary.rds	results/validation/06_marker_resampling/marker_resampling_marker_set_summary.rds	4504	4731bd6211a4cae80c8b2c473372850fa549d22cca1e9f3684ccf144b84df7f2
results/validation/06_marker_resampling/marker_resampling_marker_set_summary.tsv	results/validation/06_marker_resampling/marker_resampling_marker_set_summary.tsv	56386	3400d6f5f242c2f864ab4798c5a13edc8b7fef54f757084ffbe2fc1c5052bdea
results/validation/06_marker_resampling/marker_resampling_pairwise_overlap.rds	results/validation/06_marker_resampling/marker_resampling_pairwise_overlap.rds	33632	e6026603b2d8d4583de2f60b100103eb469a98663b73251ae65cdd143d8840eb
results/validation/06_marker_resampling/marker_resampling_pairwise_overlap.tsv.gz	results/validation/06_marker_resampling/marker_resampling_pairwise_overlap.tsv.gz	43561	402c8639faf1d62b1d2030124370022bc2b66bdc562c57a1665756cf4cba5db5
results/validation/06_marker_resampling/marker_resampling_pairwise_overlap_summary.rds	results/validation/06_marker_resampling/marker_resampling_pairwise_overlap_summary.rds	996	e76bdcd7ce527673bfeb864bc262257199917754ee6b4ffb0244fe84a04e4927
results/validation/06_marker_resampling/marker_resampling_pairwise_overlap_summary.tsv	results/validation/06_marker_resampling/marker_resampling_pairwise_overlap_summary.tsv	3429	45be480d9f9f85cd5559938e6b959eff6859cd39d87183cfd2cee9d0cc955483
results/validation/06_marker_resampling/marker_resampling_panel_index.rds	results/validation/06_marker_resampling/marker_resampling_panel_index.rds	458	c5564c996d8bb2021a199345326774e929fac3b0035b5aca71829782e6ae302a
results/validation/06_marker_resampling/marker_resampling_panel_index.tsv	results/validation/06_marker_resampling/marker_resampling_panel_index.tsv	513	30ddfe96667ee8ae51c9d9085a0b8405876d274db8dd8db6e4278ce84aa763f3
results/validation/06_marker_resampling/marker_resampling_params.rds	results/validation/06_marker_resampling/marker_resampling_params.rds	570	7fb6285cde40d8a1323f3bf29e109f3cb5c088f6261953a4183f7ed416497b3f
results/validation/06_marker_resampling/marker_resampling_params.tsv	results/validation/06_marker_resampling/marker_resampling_params.tsv	645	1236722892cc65ec50bf0f21e1a46c008032bbbd3b50c9ffdf18652dd0457cea
results/validation/06_marker_resampling/marker_resampling_query_overall_summary.rds	results/validation/06_marker_resampling/marker_resampling_query_overall_summary.rds	1050	e05d6f459d6ef8ce4e2266f97f043d434f2eccd28acded8c2454f18ee8a11b2a
results/validation/06_marker_resampling/marker_resampling_query_overall_summary.tsv	results/validation/06_marker_resampling/marker_resampling_query_overall_summary.tsv	3112	f1e987183942ed9f511bcbd2f285abe55feb5bd22249832b83f27c924457a0bb
results/validation/06_marker_resampling/marker_resampling_query_predictions.rds	results/validation/06_marker_resampling/marker_resampling_query_predictions.rds	61904	72421b8149cbb290641330f7c7e6c40e3a074dbdb22d1ec845927644b9a2d0fd
results/validation/06_marker_resampling/marker_resampling_query_predictions.tsv.gz	results/validation/06_marker_resampling/marker_resampling_query_predictions.tsv.gz	90840	9de307739a1b6ffc601b83c2aaa8db7842b69af233e32a6d4c9fd4f5cd15c786
results/validation/06_marker_resampling/marker_resampling_query_set_summary.rds	results/validation/06_marker_resampling/marker_resampling_query_set_summary.rds	5874	f7376aa3f40df2b01d823769dcbd3ffd1f9deb751c664d3d18e3d89b1647cd47
results/validation/06_marker_resampling/marker_resampling_query_set_summary.tsv	results/validation/06_marker_resampling/marker_resampling_query_set_summary.tsv	65142	f4486a5639458e87013a2dcc00dc2a705ab6a53c6207e2d2436ed2beced45490
results/validation/06_marker_resampling/marker_resampling_query_stability.rds	results/validation/06_marker_resampling/marker_resampling_query_stability.rds	2791	cd9a3352f3851b1e7a039e5e16fe8216a09c02821c4226f9e615f81634aae4b6
results/validation/06_marker_resampling/marker_resampling_query_stability.tsv	results/validation/06_marker_resampling/marker_resampling_query_stability.tsv	23825	b6ea987488f60dcbb2df672d4c083156df7a3f467b757a4ce5b4d78f8630c94e
results/validation/06_marker_resampling/marker_resampling_reference_counts.rds	results/validation/06_marker_resampling/marker_resampling_reference_counts.rds	355	6fb766476c16ae58a01d00cb34d3c43f96cc1c74c7cac8e623f9382c75062d00
results/validation/06_marker_resampling/marker_resampling_reference_counts.tsv	results/validation/06_marker_resampling/marker_resampling_reference_counts.tsv	569	2d295e144f2018620837886ba870144de02798110c816368fc73392f4438476f
results/validation/06_marker_resampling/marker_resampling_run_info.rds	results/validation/06_marker_resampling/marker_resampling_run_info.rds	6439	0b9f28899fd663177a92abbaaabd654a6ecd6129d4c49e12ddad036a90248f91
results/validation/06_marker_resampling/primary_multiK_query_baseline.rds	results/validation/06_marker_resampling/primary_multiK_query_baseline.rds	570	9260daff5e0eeb659523271f5b8daeaa813647787efd6740970983f4f88b6b24
results/validation/06_marker_resampling/primary_multiK_query_baseline.tsv	results/validation/06_marker_resampling/primary_multiK_query_baseline.tsv	3361	1954a6ca5b23e375a0c40193f1bafe84d135b293925a2f1ac7055488f095a131
results/validation/07_exclusion/return_bundle/REFERENCE_EXCLUSION_SENSITIVITY_SUMMARY.txt	results/validation/07_exclusion/return_bundle/REFERENCE_EXCLUSION_SENSITIVITY_SUMMARY.txt	2736	f822b7e2cf8280e4b086d76984d3551376dbdcebfff043a0ae3a64f7e9ab4e08
results/validation/07_exclusion/return_bundle/exclude_combined_panels_index.tsv	results/validation/07_exclusion/return_bundle/exclude_combined_panels_index.tsv	699	8edf117a5cf2c83a1f76b27761ef02d85638607d86e9264a517c326e26201aad
results/validation/07_exclusion/return_bundle/exclude_low_coverage_panels_index.tsv	results/validation/07_exclusion/return_bundle/exclude_low_coverage_panels_index.tsv	711	7b0f4f67570af34a9f143deda3bc41196405ed08cd261ff96fd8b75524986a58
results/validation/07_exclusion/return_bundle/exclude_published_caution_panels_index.tsv	results/validation/07_exclusion/return_bundle/exclude_published_caution_panels_index.tsv	726	73eb684ded849c3a4c1e665979fe8c1bb96555d02d71fed79549380fb6769ec1
results/validation/07_exclusion/return_bundle/loo_perclass_comparison.rds	results/validation/07_exclusion/return_bundle/loo_perclass_comparison.rds	946	7a822cf9d2a5f9321d594c79b28127753fce26fea8266c6b02efc1e016c44d32
results/validation/07_exclusion/return_bundle/loo_perclass_comparison.tsv	results/validation/07_exclusion/return_bundle/loo_perclass_comparison.tsv	6081	75d9df91c3162abf649330b84445b88605d3781b0d5877b79a447270488ecfa8
results/validation/07_exclusion/return_bundle/loo_summary_comparison.rds	results/validation/07_exclusion/return_bundle/loo_summary_comparison.rds	1179	d1a4903a41605b80115547d480622b42fceb349a70e1e19871e5e928f86d7a8c
results/validation/07_exclusion/return_bundle/loo_summary_comparison.tsv	results/validation/07_exclusion/return_bundle/loo_summary_comparison.tsv	3773	8973291323a7e8486b25011b8964f00c20301b00370446749bf7ebdca133b5a4
results/validation/07_exclusion/return_bundle/marker_overlap_topK.rds	results/validation/07_exclusion/return_bundle/marker_overlap_topK.rds	1073	ab4ad34de38499750361f5cf2907fb7835fde8e4596fc5e9b75411934b193d87
results/validation/07_exclusion/return_bundle/marker_overlap_topK.tsv	results/validation/07_exclusion/return_bundle/marker_overlap_topK.tsv	6052	636c29bbb32ea328a9ecb3da40958db74a6682e0bab2e5e42327f0e15dad9c03
results/validation/07_exclusion/return_bundle/marker_rank_correlation.rds	results/validation/07_exclusion/return_bundle/marker_rank_correlation.rds	777	4f287a4565254ed7a34986c28e9fe2c3f6d1a83303b9498e8ea2076f2b66310b
results/validation/07_exclusion/return_bundle/marker_rank_correlation.tsv	results/validation/07_exclusion/return_bundle/marker_rank_correlation.tsv	1748	c92e7d97b2384d7771dbcfaeb3fb598501ff8bb4ba667e823809d45ee633c45f
results/validation/07_exclusion/return_bundle/panel_index_comparison.rds	results/validation/07_exclusion/return_bundle/panel_index_comparison.rds	846	ca7399c079942dba75b948f26e9c191bf1499495c9deea8e5750991fdbc46aa0
results/validation/07_exclusion/return_bundle/panel_index_comparison.tsv	results/validation/07_exclusion/return_bundle/panel_index_comparison.tsv	3093	117c9b0e34fe742e7e54977aaa11b870f5a2bcaca3f887961e10cc3d57cda490
results/validation/07_exclusion/return_bundle/primary_all_references_P1_loo_perclass.tsv	results/validation/07_exclusion/return_bundle/primary_all_references_P1_loo_perclass.tsv	260	d463198913e5ca25d5ca7a3f7ce3477f4e609b5193631451342c1674c0e80885
results/validation/07_exclusion/return_bundle/primary_all_references_P1_loo_summary.tsv	results/validation/07_exclusion/return_bundle/primary_all_references_P1_loo_summary.tsv	383	10f42a3398e5038bf259a593735b54a8502c7bd78ba6015bf37c1964b6d3e048
results/validation/07_exclusion/return_bundle/primary_all_references_P3_loo_perclass.tsv	results/validation/07_exclusion/return_bundle/primary_all_references_P3_loo_perclass.tsv	335	bb7f160613e118cd5bd35227409aca538ac12b217c73debcaaae301a31241a3c
results/validation/07_exclusion/return_bundle/primary_all_references_P3_loo_summary.tsv	results/validation/07_exclusion/return_bundle/primary_all_references_P3_loo_summary.tsv	522	976ccf1c3bd0b2b23da8971069223611a3ac58c53d1d85038c5b061d915b3b21
results/validation/07_exclusion/return_bundle/primary_all_references_final_assignment.tsv	results/validation/07_exclusion/return_bundle/primary_all_references_final_assignment.tsv	4528	2e2e9cc6740d56f610fe0ea249aaa405d3b6dd490e43f1e003f7c7eebcf99ac4
results/validation/07_exclusion/return_bundle/primary_all_references_panels_index.tsv	results/validation/07_exclusion/return_bundle/primary_all_references_panels_index.tsv	546	38c6b0c313dd12bd2a414920ddfc24b6253d567a9b00fb8a0077367c94075d89
results/validation/07_exclusion/return_bundle/query_assignment_change_summary.rds	results/validation/07_exclusion/return_bundle/query_assignment_change_summary.rds	411	2851d3ac65efc28e327ca7339d524bda4363cfd948a6383e4003e71ac5c3f8d4
results/validation/07_exclusion/return_bundle/query_assignment_change_summary.tsv	results/validation/07_exclusion/return_bundle/query_assignment_change_summary.tsv	488	34a8659cb2584e7b475421151bac42bef861d86ccbba5bc90fabd74b0faa4931
results/validation/07_exclusion/return_bundle/query_assignment_changes.rds	results/validation/07_exclusion/return_bundle/query_assignment_changes.rds	1409	ee7684c22260efd537228cbe0472a7a7cdb06de0785f7b4ddc91bc248b435d93
results/validation/07_exclusion/return_bundle/query_assignment_changes.tsv	results/validation/07_exclusion/return_bundle/query_assignment_changes.tsv	17010	370cd436d152ba80fce486ea8849e3f1a0460919e710fa352efa2ab1bd1cf345
results/validation/07_exclusion/return_bundle/query_assignment_long.rds	results/validation/07_exclusion/return_bundle/query_assignment_long.rds	1913	2d55b4b72c4b548f925893fa78072aca8c5e4468a5102e516c3df31b8f1a6c63
results/validation/07_exclusion/return_bundle/query_assignment_long.tsv	results/validation/07_exclusion/return_bundle/query_assignment_long.tsv	21722	5b44feb238c440afd3455cdd8a68beef42a83fdb95a4abe2b3a32c9a75db634c
results/validation/07_exclusion/return_bundle/reference_exclusion_evidence.rds	results/validation/07_exclusion/return_bundle/reference_exclusion_evidence.rds	1276	066bec3dd5d99cb55ca41168682036b5e95964534400819faab74f2c5f82eae0
results/validation/07_exclusion/return_bundle/reference_exclusion_evidence.tsv	results/validation/07_exclusion/return_bundle/reference_exclusion_evidence.tsv	3711	8cfae4e850f4f455da2da5484c809034132493d6d9c69e015f07a4d331a3ed72
results/validation/07_exclusion/return_bundle/reference_exclusion_sensitivity_run_info.rds	results/validation/07_exclusion/return_bundle/reference_exclusion_sensitivity_run_info.rds	6602	ed271de20cc818eb217992d27b87cb11360d10e0ff60de61483a290830539cda
results/validation/07_exclusion/return_bundle/scenario_definitions.rds	results/validation/07_exclusion/return_bundle/scenario_definitions.rds	368	ad20b256254bc4824304ab1db894c5b1ccbfbdf0098a8fbbcb9325b7feefea44
results/validation/07_exclusion/return_bundle/scenario_definitions.tsv	results/validation/07_exclusion/return_bundle/scenario_definitions.tsv	362	7a9c54353b452c225e99bea87d474da9945199e1b58963ef32e9721e8bb3ee8a
results/validation/07_exclusion/return_bundle/scenario_metadata_changes.rds	results/validation/07_exclusion/return_bundle/scenario_metadata_changes.rds	1466	dbd2e947fd108bde749acf2bd078a281784959725339b820668895daf0a432ae
results/validation/07_exclusion/return_bundle/scenario_metadata_changes.tsv	results/validation/07_exclusion/return_bundle/scenario_metadata_changes.tsv	9369	068952c790b6f00301e81925dc394e2945d39281374734d8b27da708471a0c02
results/validation/07_exclusion/return_bundle/scenario_reference_counts.rds	results/validation/07_exclusion/return_bundle/scenario_reference_counts.rds	548	5f820f304d4cc67d9584acb10dff004d1c51b6c31c4ec87b871359f45f617a96
results/validation/07_exclusion/return_bundle/scenario_reference_counts.tsv	results/validation/07_exclusion/return_bundle/scenario_reference_counts.tsv	3724	e3e23ed041f9b2c64a49ff992a021aa5d3e2bc94e4b4add8f81699d11d0ea288
results/validation/07_exclusion/return_bundle/scenario_run_status.rds	results/validation/07_exclusion/return_bundle/scenario_run_status.rds	657	43baa15d7a3e97731714b42d04f6cc2cf3e7a6bd299d96ae047f097393b72af8
results/validation/07_exclusion/return_bundle/scenario_run_status.tsv	results/validation/07_exclusion/return_bundle/scenario_run_status.tsv	1328	1b150ae6294641ba1e1d51422602fc8f7f6872310ddedcfbb77e5abbe3b20106
results/validation/07_exclusion/scenarios/exclude_combined/01_qc/metadata_clean.rds	results/validation/07_exclusion/scenarios/exclude_combined/01_qc/metadata_clean.rds	6720	f1285d30571bb4c2fbfcf82364d7d1ace20ff96039e27f561dadaeef362821f4
results/validation/07_exclusion/scenarios/exclude_combined/01_qc/metadata_clean.tsv	results/validation/07_exclusion/scenarios/exclude_combined/01_qc/metadata_clean.tsv	43786	882e92876c34413710d6002ea78c8b090ed0e62f129d5b95749687fafb6c0745
results/validation/07_exclusion/scenarios/exclude_combined/01_qc/ogs_pass_qc.txt	results/validation/07_exclusion/scenarios/exclude_combined/01_qc/ogs_pass_qc.txt	88677	97193e0df88b661051b8574990c550094c2c9b273a3e9fd01125843c6e7d7a6f
results/validation/07_exclusion/scenarios/exclude_combined/02_snp_panels/panels/P1_macroregion_africa_vs_asia/og_panel_topK_100.txt	results/validation/07_exclusion/scenarios/exclude_combined/02_snp_panels/panels/P1_macroregion_africa_vs_asia/og_panel_topK_100.txt	759	c1f32f2078bceb719cee93a18689be4dc25ab26e679e3e239ae67eb5140a6172
results/validation/07_exclusion/scenarios/exclude_combined/02_snp_panels/panels/P1_macroregion_africa_vs_asia/og_panel_topK_1000.txt	results/validation/07_exclusion/scenarios/exclude_combined/02_snp_panels/panels/P1_macroregion_africa_vs_asia/og_panel_topK_1000.txt	7741	076147190dbe429c8fc19411b84f5cac6c91347efc27a7839953569611d652cb
results/validation/07_exclusion/scenarios/exclude_combined/02_snp_panels/panels/P1_macroregion_africa_vs_asia/og_panel_topK_20.txt	results/validation/07_exclusion/scenarios/exclude_combined/02_snp_panels/panels/P1_macroregion_africa_vs_asia/og_panel_topK_20.txt	149	ef42236457e91d78ced0ad7b58b17462c47d38cd63cdbd26cc73e78fb7b1987b
results/validation/07_exclusion/scenarios/exclude_combined/02_snp_panels/panels/P1_macroregion_africa_vs_asia/og_panel_topK_200.txt	results/validation/07_exclusion/scenarios/exclude_combined/02_snp_panels/panels/P1_macroregion_africa_vs_asia/og_panel_topK_200.txt	1529	4163fb2bea5cdd24b4fccdb2bb43394b455d994a8a96e4f1559167177d5eeb5e
results/validation/07_exclusion/scenarios/exclude_combined/02_snp_panels/panels/P1_macroregion_africa_vs_asia/og_panel_topK_2000.txt	results/validation/07_exclusion/scenarios/exclude_combined/02_snp_panels/panels/P1_macroregion_africa_vs_asia/og_panel_topK_2000.txt	15547	443d6692bcd93e294c456cbc6b98fe5750dd3b44d72dc12682d34a59c7ba01c0
results/validation/07_exclusion/scenarios/exclude_combined/02_snp_panels/panels/P1_macroregion_africa_vs_asia/og_panel_topK_50.txt	results/validation/07_exclusion/scenarios/exclude_combined/02_snp_panels/panels/P1_macroregion_africa_vs_asia/og_panel_topK_50.txt	380	2e805a57bc5d6d804288cf1d1e2a203fe464004cdaeaee347906e579cf408beb
results/validation/07_exclusion/scenarios/exclude_combined/02_snp_panels/panels/P1_macroregion_africa_vs_asia/og_panel_topK_500.txt	results/validation/07_exclusion/scenarios/exclude_combined/02_snp_panels/panels/P1_macroregion_africa_vs_asia/og_panel_topK_500.txt	3855	8c873d360ffe4fc7aa40397693c27162213c87871e4d5cc250240282e0cb8583
results/validation/07_exclusion/scenarios/exclude_combined/02_snp_panels/panels/P1_macroregion_africa_vs_asia/og_panel_topK_5000.txt	results/validation/07_exclusion/scenarios/exclude_combined/02_snp_panels/panels/P1_macroregion_africa_vs_asia/og_panel_topK_5000.txt	39350	5197b6e2b44f5e11e87ca86ba1c93502af118e7feedbe182e2c448427d9226ab
results/validation/07_exclusion/scenarios/exclude_combined/02_snp_panels/panels/P1_macroregion_africa_vs_asia/panel_run_info.rds	results/validation/07_exclusion/scenarios/exclude_combined/02_snp_panels/panels/P1_macroregion_africa_vs_asia/panel_run_info.rds	1019	aace7cd89b4ce8e7243f689f75ddf8a2923194b48b2473ded03d382b4acfdc4b
results/validation/07_exclusion/scenarios/exclude_combined/02_snp_panels/panels/P1_macroregion_africa_vs_asia/per_og_stats.rds	results/validation/07_exclusion/scenarios/exclude_combined/02_snp_panels/panels/P1_macroregion_africa_vs_asia/per_og_stats.rds	222212	b43c5f5c69ed67f9d0e2065877c0778ec1e6a7a39b47df0b3b62418005f5ec24
results/validation/07_exclusion/scenarios/exclude_combined/02_snp_panels/panels/P1_macroregion_africa_vs_asia/per_og_stats.tsv	results/validation/07_exclusion/scenarios/exclude_combined/02_snp_panels/panels/P1_macroregion_africa_vs_asia/per_og_stats.tsv	2326898	8116f385b399e05e88d4353786892374c31440a22a5cd8f1de71a5c9ec86c0de
results/validation/07_exclusion/scenarios/exclude_combined/02_snp_panels/panels/P1_macroregion_africa_vs_asia/reference_group_counts.rds	results/validation/07_exclusion/scenarios/exclude_combined/02_snp_panels/panels/P1_macroregion_africa_vs_asia/reference_group_counts.rds	180	3066f83dc357a882abd22d8eafa115a118a809d4b993a8e7b63c4dcb290bad31
results/validation/07_exclusion/scenarios/exclude_combined/02_snp_panels/panels/P1_macroregion_africa_vs_asia/reference_group_counts.tsv	results/validation/07_exclusion/scenarios/exclude_combined/02_snp_panels/panels/P1_macroregion_africa_vs_asia/reference_group_counts.tsv	31	077eea2b6a983e55554fdf7ddb2acc487f8c4f753832e09dab6dba42b3c5e3dc
results/validation/07_exclusion/scenarios/exclude_combined/02_snp_panels/panels/P1_macroregion_africa_vs_asia/snp_map.rds	results/validation/07_exclusion/scenarios/exclude_combined/02_snp_panels/panels/P1_macroregion_africa_vs_asia/snp_map.rds	288496	e9d93e4b267e5eca7c97214ad5c7271a4d1c3825c389847d62634a146dbba3e6
results/validation/07_exclusion/scenarios/exclude_combined/02_snp_panels/panels/P1_macroregion_africa_vs_asia/snp_map.tsv	results/validation/07_exclusion/scenarios/exclude_combined/02_snp_panels/panels/P1_macroregion_africa_vs_asia/snp_map.tsv	2757554	049663b6a04471660bbb2b90340f3dcd25ecea17040f9357a3f955e49357b7f8
results/validation/07_exclusion/scenarios/exclude_combined/02_snp_panels/panels/P1_macroregion_africa_vs_asia/snp_matrix.rds	results/validation/07_exclusion/scenarios/exclude_combined/02_snp_panels/panels/P1_macroregion_africa_vs_asia/snp_matrix.rds	892675	db1692498a8fbd8c6e2c9fbe8643c57c95a340194a048b84c3d43fdbd098f35d
results/validation/07_exclusion/scenarios/exclude_combined/02_snp_panels/panels/P2_subregion_within_africa/og_panel_topK_100.txt	results/validation/07_exclusion/scenarios/exclude_combined/02_snp_panels/panels/P2_subregion_within_africa/og_panel_topK_100.txt	759	7294cfe505c9a29c73cfb4105a5ccbb79dabee0e31f8b1a10aeba32828349801
results/validation/07_exclusion/scenarios/exclude_combined/02_snp_panels/panels/P2_subregion_within_africa/og_panel_topK_1000.txt	results/validation/07_exclusion/scenarios/exclude_combined/02_snp_panels/panels/P2_subregion_within_africa/og_panel_topK_1000.txt	7758	b4b3d116f26641dfad571b559bc1bf68ff3b105f937e202330d05deee58ed561
results/validation/07_exclusion/scenarios/exclude_combined/02_snp_panels/panels/P2_subregion_within_africa/og_panel_topK_20.txt	results/validation/07_exclusion/scenarios/exclude_combined/02_snp_panels/panels/P2_subregion_within_africa/og_panel_topK_20.txt	148	3e38ef958b40cdb423fb181186902d583fafc06a2f6debc47d6a539f874ba00b
results/validation/07_exclusion/scenarios/exclude_combined/02_snp_panels/panels/P2_subregion_within_africa/og_panel_topK_200.txt	results/validation/07_exclusion/scenarios/exclude_combined/02_snp_panels/panels/P2_subregion_within_africa/og_panel_topK_200.txt	1536	8517cf21bb3e45c51d0c015735f35f197eee0d81f1e99f948b6e117d2f643b7e
results/validation/07_exclusion/scenarios/exclude_combined/02_snp_panels/panels/P2_subregion_within_africa/og_panel_topK_2000.txt	results/validation/07_exclusion/scenarios/exclude_combined/02_snp_panels/panels/P2_subregion_within_africa/og_panel_topK_2000.txt	15606	318b819c759c355669d71baef3ac32ca302710611ef0a23c1e155faf1c1515b0
results/validation/07_exclusion/scenarios/exclude_combined/02_snp_panels/panels/P2_subregion_within_africa/og_panel_topK_50.txt	results/validation/07_exclusion/scenarios/exclude_combined/02_snp_panels/panels/P2_subregion_within_africa/og_panel_topK_50.txt	378	310c3832b6cf4564ba32697a6c1e50899ae7fefcef1de81f1913ef2ba53967d7
results/validation/07_exclusion/scenarios/exclude_combined/02_snp_panels/panels/P2_subregion_within_africa/og_panel_topK_500.txt	results/validation/07_exclusion/scenarios/exclude_combined/02_snp_panels/panels/P2_subregion_within_africa/og_panel_topK_500.txt	3871	3d362d65dadad1ffbc1dabe4e4d239a41a4b0595c921d76b995388e5892c40a2
results/validation/07_exclusion/scenarios/exclude_combined/02_snp_panels/panels/P2_subregion_within_africa/og_panel_topK_5000.txt	results/validation/07_exclusion/scenarios/exclude_combined/02_snp_panels/panels/P2_subregion_within_africa/og_panel_topK_5000.txt	39401	7219424aa87b00c52d4ed03adce2432ccb08399689628df8317e51dbdbc73d16
results/validation/07_exclusion/scenarios/exclude_combined/02_snp_panels/panels/P2_subregion_within_africa/panel_run_info.rds	results/validation/07_exclusion/scenarios/exclude_combined/02_snp_panels/panels/P2_subregion_within_africa/panel_run_info.rds	1036	4654f1610c32cba49fd7e63b4e9e9946185cf31434822b1fc319fe135d581ffe
results/validation/07_exclusion/scenarios/exclude_combined/02_snp_panels/panels/P2_subregion_within_africa/per_og_stats.rds	results/validation/07_exclusion/scenarios/exclude_combined/02_snp_panels/panels/P2_subregion_within_africa/per_og_stats.rds	174580	0cc1728d8aefea739f3526abec21243db3c9f5fa2f4b5a76cd0f3a47d9d5a3c9
results/validation/07_exclusion/scenarios/exclude_combined/02_snp_panels/panels/P2_subregion_within_africa/per_og_stats.tsv	results/validation/07_exclusion/scenarios/exclude_combined/02_snp_panels/panels/P2_subregion_within_africa/per_og_stats.tsv	2274198	d42da5ff507a1c227717b68a787d643d3cca2f4c368379aec48815a99bcaf5fe
results/validation/07_exclusion/scenarios/exclude_combined/02_snp_panels/panels/P2_subregion_within_africa/reference_group_counts.rds	results/validation/07_exclusion/scenarios/exclude_combined/02_snp_panels/panels/P2_subregion_within_africa/reference_group_counts.rds	194	061fd13f5067328a6c8260c8b81eb42d8bca4abadcfbe32724bac94a10cab771
results/validation/07_exclusion/scenarios/exclude_combined/02_snp_panels/panels/P2_subregion_within_africa/reference_group_counts.tsv	results/validation/07_exclusion/scenarios/exclude_combined/02_snp_panels/panels/P2_subregion_within_africa/reference_group_counts.tsv	60	e581751c3894d246c61574272a3b26e2ccf8a68e25e1055ff7dcd4c9a608b2e7
results/validation/07_exclusion/scenarios/exclude_combined/02_snp_panels/panels/P2_subregion_within_africa/snp_map.rds	results/validation/07_exclusion/scenarios/exclude_combined/02_snp_panels/panels/P2_subregion_within_africa/snp_map.rds	226936	790c5f18fcb7a2b979cddfb894636fe47913c054dfbfc2855ae20c522fd6c4ce
results/validation/07_exclusion/scenarios/exclude_combined/02_snp_panels/panels/P2_subregion_within_africa/snp_map.tsv	results/validation/07_exclusion/scenarios/exclude_combined/02_snp_panels/panels/P2_subregion_within_africa/snp_map.tsv	2727707	d223a55fb8cfef0b862ef6b9bd3c9562375047976757f79ee56106bd18c9603b
results/validation/07_exclusion/scenarios/exclude_combined/02_snp_panels/panels/P2_subregion_within_africa/snp_matrix.rds	results/validation/07_exclusion/scenarios/exclude_combined/02_snp_panels/panels/P2_subregion_within_africa/snp_matrix.rds	974525	9674ff6230bc64ce5cc1355f8b0ef6464863c9712d37342ddc992282855bc198
results/validation/07_exclusion/scenarios/exclude_combined/02_snp_panels/panels/P3_subregion_within_asia/og_panel_topK_100.txt	results/validation/07_exclusion/scenarios/exclude_combined/02_snp_panels/panels/P3_subregion_within_asia/og_panel_topK_100.txt	787	032d6cf59c4667e0b05f39cc2e8f4a4112580e97d3ddfb5dabdb7f3d10985702
results/validation/07_exclusion/scenarios/exclude_combined/02_snp_panels/panels/P3_subregion_within_asia/og_panel_topK_1000.txt	results/validation/07_exclusion/scenarios/exclude_combined/02_snp_panels/panels/P3_subregion_within_asia/og_panel_topK_1000.txt	7780	099fa81faa3f10593077a4bf9931f8371a8a50a9970dc36bb68d3dab0244c64d
results/validation/07_exclusion/scenarios/exclude_combined/02_snp_panels/panels/P3_subregion_within_asia/og_panel_topK_20.txt	results/validation/07_exclusion/scenarios/exclude_combined/02_snp_panels/panels/P3_subregion_within_asia/og_panel_topK_20.txt	160	50b269c18d371af1eb9207c4db519a7efc919b6e4016fcc5c9f57298c0b8f137
results/validation/07_exclusion/scenarios/exclude_combined/02_snp_panels/panels/P3_subregion_within_asia/og_panel_topK_200.txt	results/validation/07_exclusion/scenarios/exclude_combined/02_snp_panels/panels/P3_subregion_within_asia/og_panel_topK_200.txt	1563	0b6a62ef8e3af3d7f98463c0911fd2674e35a549805d4c398cabbabca7a1784e
results/validation/07_exclusion/scenarios/exclude_combined/02_snp_panels/panels/P3_subregion_within_asia/og_panel_topK_2000.txt	results/validation/07_exclusion/scenarios/exclude_combined/02_snp_panels/panels/P3_subregion_within_asia/og_panel_topK_2000.txt	15607	7b9e46935c84ab3584e2fabf9ac27e0d64baa5cf218cb7333eb3efe33f8118b3
results/validation/07_exclusion/scenarios/exclude_combined/02_snp_panels/panels/P3_subregion_within_asia/og_panel_topK_50.txt	results/validation/07_exclusion/scenarios/exclude_combined/02_snp_panels/panels/P3_subregion_within_asia/og_panel_topK_50.txt	396	9d4ba243602070521484e8027d7bea625cb74fee09d4e6a5f7836e9dc377ac29
results/validation/07_exclusion/scenarios/exclude_combined/02_snp_panels/panels/P3_subregion_within_asia/og_panel_topK_500.txt	results/validation/07_exclusion/scenarios/exclude_combined/02_snp_panels/panels/P3_subregion_within_asia/og_panel_topK_500.txt	3890	9c3d2c3034705fdc18ad956ecf322afbb5b7e781daf769b156c5b861eda31236
results/validation/07_exclusion/scenarios/exclude_combined/02_snp_panels/panels/P3_subregion_within_asia/og_panel_topK_5000.txt	results/validation/07_exclusion/scenarios/exclude_combined/02_snp_panels/panels/P3_subregion_within_asia/og_panel_topK_5000.txt	39348	9a514cb4d522a73236e1eb013a681777a90490aadc3002b1764ad84c43668bf9
results/validation/07_exclusion/scenarios/exclude_combined/02_snp_panels/panels/P3_subregion_within_asia/panel_run_info.rds	results/validation/07_exclusion/scenarios/exclude_combined/02_snp_panels/panels/P3_subregion_within_asia/panel_run_info.rds	1029	803c86cc06f47533fa2fff42d1b2ddb651fc732912eaec6ee486bc427a418926
results/validation/07_exclusion/scenarios/exclude_combined/02_snp_panels/panels/P3_subregion_within_asia/per_og_stats.rds	results/validation/07_exclusion/scenarios/exclude_combined/02_snp_panels/panels/P3_subregion_within_asia/per_og_stats.rds	204262	cfeac21bf8104a5f1fda7fef836ecd1b63c22150713a34b7d2fdcfbd27c72844
results/validation/07_exclusion/scenarios/exclude_combined/02_snp_panels/panels/P3_subregion_within_asia/per_og_stats.tsv	results/validation/07_exclusion/scenarios/exclude_combined/02_snp_panels/panels/P3_subregion_within_asia/per_og_stats.tsv	2273675	52f01a3406bbd209d218a76d268749e86ef8bcd47a750bfb94eff33baf76c4ce
results/validation/07_exclusion/scenarios/exclude_combined/02_snp_panels/panels/P3_subregion_within_asia/reference_group_counts.rds	results/validation/07_exclusion/scenarios/exclude_combined/02_snp_panels/panels/P3_subregion_within_asia/reference_group_counts.rds	190	5207a0c5b809933da2e582bb7906a7980b05c42423a2bea38f91ba01e7acdbde
results/validation/07_exclusion/scenarios/exclude_combined/02_snp_panels/panels/P3_subregion_within_asia/reference_group_counts.tsv	results/validation/07_exclusion/scenarios/exclude_combined/02_snp_panels/panels/P3_subregion_within_asia/reference_group_counts.tsv	43	9c7ee795319d0d25d43e96bc8e56cf1fd755c753d6feaa1a648aeeb730df40b4
results/validation/07_exclusion/scenarios/exclude_combined/02_snp_panels/panels/P3_subregion_within_asia/snp_map.rds	results/validation/07_exclusion/scenarios/exclude_combined/02_snp_panels/panels/P3_subregion_within_asia/snp_map.rds	262257	de81341490d645e9e13d8436370810b520e3aa93615241e506eec219453b512e
results/validation/07_exclusion/scenarios/exclude_combined/02_snp_panels/panels/P3_subregion_within_asia/snp_map.tsv	results/validation/07_exclusion/scenarios/exclude_combined/02_snp_panels/panels/P3_subregion_within_asia/snp_map.tsv	2673894	d6829f6ebda032db7529a7465f98183b34375b48ff18801f4b5839546fee9bbb
results/validation/07_exclusion/scenarios/exclude_combined/02_snp_panels/panels/P3_subregion_within_asia/snp_matrix.rds	results/validation/07_exclusion/scenarios/exclude_combined/02_snp_panels/panels/P3_subregion_within_asia/snp_matrix.rds	817930	898dfc571844f3c7c670ed10d36a0df139ff4962f148f9d57db187e403a55c08
results/validation/07_exclusion/scenarios/exclude_combined/02_snp_panels/panels_index.rds	results/validation/07_exclusion/scenarios/exclude_combined/02_snp_panels/panels_index.rds	531	a394a19ad756978ab9d499f5ba14de915076c68a83e023d8ce4bddb2e64c0dd5
results/validation/07_exclusion/scenarios/exclude_combined/02_snp_panels/panels_index.tsv	results/validation/07_exclusion/scenarios/exclude_combined/02_snp_panels/panels_index.tsv	480	d9d36e2e87b4deeac22400d0b34c308d3aae1a53111485aae2c6a10aa134dee0
results/validation/07_exclusion/scenarios/exclude_combined/02_snp_panels/snp_map.rds	results/validation/07_exclusion/scenarios/exclude_combined/02_snp_panels/snp_map.rds	743789	a2233f8687500820cc9e09a46a929a265ac9f769f039da462d63667c9ff97a7f
results/validation/07_exclusion/scenarios/exclude_combined/02_snp_panels/snp_map.tsv	results/validation/07_exclusion/scenarios/exclude_combined/02_snp_panels/snp_map.tsv	8158859	db46c3b104d2d32aa8dda5a417ed9b39d0e5855f6194cd3790e626a997be8fda
results/validation/07_exclusion/scenarios/exclude_combined/02_snp_panels/step3_run_info.rds	results/validation/07_exclusion/scenarios/exclude_combined/02_snp_panels/step3_run_info.rds	15093	32cb5061e701f41b2a75c463585b87a5c7a990e569eb44f31ddd6932c8bd7f70
results/validation/07_exclusion/scenarios/exclude_combined/04_origin_assignment/P1_macroregion_raw.rds	results/validation/07_exclusion/scenarios/exclude_combined/04_origin_assignment/P1_macroregion_raw.rds	2036	cb69402e7c6394d254f04078f7de95ae88f9b8de6ce1c28fedf0f6a3efdce281
results/validation/07_exclusion/scenarios/exclude_combined/04_origin_assignment/P1_macroregion_raw.tsv	results/validation/07_exclusion/scenarios/exclude_combined/04_origin_assignment/P1_macroregion_raw.tsv	35379	563a4bf354f89fedb23be0c6e4c3baabfb33a1f18cd863d94cc7b8b55667f43b
results/validation/07_exclusion/scenarios/exclude_combined/04_origin_assignment/P1_macroregion_stability.rds	results/validation/07_exclusion/scenarios/exclude_combined/04_origin_assignment/P1_macroregion_stability.rds	685	a4d47f6182447c85e04c34efa6a358485e648af13a765f83f6a31d9bb87d3568
results/validation/07_exclusion/scenarios/exclude_combined/04_origin_assignment/P1_macroregion_stability.tsv	results/validation/07_exclusion/scenarios/exclude_combined/04_origin_assignment/P1_macroregion_stability.tsv	2346	53955de29cf272333af07caf5141a021daba7d5c3157b3e11b3ea05dbba73952
results/validation/07_exclusion/scenarios/exclude_combined/04_origin_assignment/P2_africa_subregion_raw.rds	results/validation/07_exclusion/scenarios/exclude_combined/04_origin_assignment/P2_africa_subregion_raw.rds	2236	01a9b232a3b0b77351c57516d5b2b2a72519127f21c223419cc1366965a1aab3
results/validation/07_exclusion/scenarios/exclude_combined/04_origin_assignment/P2_africa_subregion_raw.tsv	results/validation/07_exclusion/scenarios/exclude_combined/04_origin_assignment/P2_africa_subregion_raw.tsv	20695	57870139980e25b8c86a91a045a431807cb9278eac357325d7fb12ce40ffe4ab
results/validation/07_exclusion/scenarios/exclude_combined/04_origin_assignment/P2_africa_subregion_stability.rds	results/validation/07_exclusion/scenarios/exclude_combined/04_origin_assignment/P2_africa_subregion_stability.rds	778	7765cc2a8890910482846b07f9808f7c03f47a88c7375214b591671c59631993
results/validation/07_exclusion/scenarios/exclude_combined/04_origin_assignment/P2_africa_subregion_stability.tsv	results/validation/07_exclusion/scenarios/exclude_combined/04_origin_assignment/P2_africa_subregion_stability.tsv	1818	48543265a74dfa732a31ea34c4cb304ccdba4a85753c2213b9839abaac33bf42
results/validation/07_exclusion/scenarios/exclude_combined/04_origin_assignment/P3_asia_subregion_raw.rds	results/validation/07_exclusion/scenarios/exclude_combined/04_origin_assignment/P3_asia_subregion_raw.rds	1309	b54bd1161ac6807b844a6dd82c397b7827661addac04bcaf9ac8962ba211ad73
results/validation/07_exclusion/scenarios/exclude_combined/04_origin_assignment/P3_asia_subregion_raw.tsv	results/validation/07_exclusion/scenarios/exclude_combined/04_origin_assignment/P3_asia_subregion_raw.tsv	11370	55ad8667e7de686df1e31effc72418ca373099e90be245dd1b41862d29676b4c
results/validation/07_exclusion/scenarios/exclude_combined/04_origin_assignment/P3_asia_subregion_stability.rds	results/validation/07_exclusion/scenarios/exclude_combined/04_origin_assignment/P3_asia_subregion_stability.rds	624	36bfc2548c0d93999ce2ead7064da1c26cd5ce1b71d314292bb643c6ffc94a2f
results/validation/07_exclusion/scenarios/exclude_combined/04_origin_assignment/P3_asia_subregion_stability.tsv	results/validation/07_exclusion/scenarios/exclude_combined/04_origin_assignment/P3_asia_subregion_stability.tsv	1051	831f6a25d99f03847abbfbdcbd4c0309330a198c808b83ed99c981cfa16e6ae1
results/validation/07_exclusion/scenarios/exclude_combined/04_origin_assignment/final_assignment.rds	results/validation/07_exclusion/scenarios/exclude_combined/04_origin_assignment/final_assignment.rds	1141	cb999752678a0619565bfc7321ba144b05ad0ac5b73e397e41d40000bfb2a08a
results/validation/07_exclusion/scenarios/exclude_combined/04_origin_assignment/final_assignment.tsv	results/validation/07_exclusion/scenarios/exclude_combined/04_origin_assignment/final_assignment.tsv	4521	1eeac3c214bb35daa969583caac00bf80ba6a6e7b136675204f3a79bb1b96dbf
results/validation/07_exclusion/scenarios/exclude_combined/04_origin_assignment/step4_K_grid_used.rds	results/validation/07_exclusion/scenarios/exclude_combined/04_origin_assignment/step4_K_grid_used.rds	330	cf9f213784e8f0eba403636b321b9decca2ae03342e2bf46d8adfc1fb620c32d
results/validation/07_exclusion/scenarios/exclude_combined/04_origin_assignment/step4_K_grid_used.tsv	results/validation/07_exclusion/scenarios/exclude_combined/04_origin_assignment/step4_K_grid_used.tsv	1851	d7044b1c4c60dfff4de2bd5acc138d80855557b86bfee26d0f3584c11c027cab
results/validation/07_exclusion/scenarios/exclude_combined/04_origin_assignment/step4_exclude_combined.xlsx	results/validation/07_exclusion/scenarios/exclude_combined/04_origin_assignment/step4_exclude_combined.xlsx	63784	d65f27ce6ce82c6b4e6f180e021651b325b5aedf2400a91ce0c8aaec813304af
results/validation/07_exclusion/scenarios/exclude_combined/04_origin_assignment/step4_params.rds	results/validation/07_exclusion/scenarios/exclude_combined/04_origin_assignment/step4_params.rds	664	e273b2dc1017ce20e5ab7ebe59b95cdd10a8b78bca0f0b7610424a6b82932f66
results/validation/07_exclusion/scenarios/exclude_combined/04_origin_assignment/step4_params.tsv	results/validation/07_exclusion/scenarios/exclude_combined/04_origin_assignment/step4_params.tsv	1102	e535eaa3457023d5d85b5c813b00798d65349b92066207937581ba6bc826ec67
results/validation/07_exclusion/scenarios/exclude_combined/04_origin_assignment/step4_run_info.rds	results/validation/07_exclusion/scenarios/exclude_combined/04_origin_assignment/step4_run_info.rds	9504	aac99840fc332dbd98eb5223023e75d6c6cff55d35ef17d17b93438bfd490a4b
results/validation/07_exclusion/scenarios/exclude_combined/05_loo_validation/FIG_LOO_P1_macroregion_validation_A4.pdf	results/validation/07_exclusion/scenarios/exclude_combined/05_loo_validation/FIG_LOO_P1_macroregion_validation_A4.pdf	5022	52540c2e008e2743bfd11b9ac4cbcb9ca45b50a5aeff36a889473676151efa67
results/validation/07_exclusion/scenarios/exclude_combined/05_loo_validation/FIG_LOO_P2_africa_subregion_validation_A4.pdf	results/validation/07_exclusion/scenarios/exclude_combined/05_loo_validation/FIG_LOO_P2_africa_subregion_validation_A4.pdf	5289	a3d5b3d66bdcf4a0a66934d0f52a70177e89e7a318333f9b061004c34df75599
results/validation/07_exclusion/scenarios/exclude_combined/05_loo_validation/FIG_LOO_P3_asia_subregion_validation_A4.pdf	results/validation/07_exclusion/scenarios/exclude_combined/05_loo_validation/FIG_LOO_P3_asia_subregion_validation_A4.pdf	5136	1df0f77c0183c937c81f1933627d9977629b2103ba34ecb311ae6b38891b2ae4
results/validation/07_exclusion/scenarios/exclude_combined/05_loo_validation/LOO_P1_macroregion_loo_confusion.rds	results/validation/07_exclusion/scenarios/exclude_combined/05_loo_validation/LOO_P1_macroregion_loo_confusion.rds	261	72b7c226869b77d31a793b1368e36f9daab0a685159343a532c9236bbb83fd5b
results/validation/07_exclusion/scenarios/exclude_combined/05_loo_validation/LOO_P1_macroregion_loo_confusion.tsv	results/validation/07_exclusion/scenarios/exclude_combined/05_loo_validation/LOO_P1_macroregion_loo_confusion.tsv	154	6d0fd51788cb2a17f18b30dc4fa523a7284d82f44a2a1cb3df90a6cd1f6b18d5
results/validation/07_exclusion/scenarios/exclude_combined/05_loo_validation/LOO_P1_macroregion_loo_perclass.rds	results/validation/07_exclusion/scenarios/exclude_combined/05_loo_validation/LOO_P1_macroregion_loo_perclass.rds	304	e57e80ddcf25940d7357a7a089d3eb72288523689c114d6d806d5a440c60b049
results/validation/07_exclusion/scenarios/exclude_combined/05_loo_validation/LOO_P1_macroregion_loo_perclass.tsv	results/validation/07_exclusion/scenarios/exclude_combined/05_loo_validation/LOO_P1_macroregion_loo_perclass.tsv	226	59dafab5589f358840f3dbeedc924a5d4f6352166321a7ddeb43de6ebf1988a6
results/validation/07_exclusion/scenarios/exclude_combined/05_loo_validation/LOO_P1_macroregion_loo_predictions.rds	results/validation/07_exclusion/scenarios/exclude_combined/05_loo_validation/LOO_P1_macroregion_loo_predictions.rds	2624	3603ea4e0707c7e03b87fa0b679ea66e5f412efe4bf4c1c34b9d3fad213e6326
results/validation/07_exclusion/scenarios/exclude_combined/05_loo_validation/LOO_P1_macroregion_loo_predictions.tsv	results/validation/07_exclusion/scenarios/exclude_combined/05_loo_validation/LOO_P1_macroregion_loo_predictions.tsv	40212	ba4e26a9337f77038e766688b2a042c964bbaa29be30064eca4661f51a0d71c2
results/validation/07_exclusion/scenarios/exclude_combined/05_loo_validation/LOO_P1_macroregion_loo_raw.tsv.gz	results/validation/07_exclusion/scenarios/exclude_combined/05_loo_validation/LOO_P1_macroregion_loo_raw.tsv.gz	31466	181cff33aeb7bb99ff7e1e284411de4d47f3523a2d71f2ee7984d651e9bdb36f
results/validation/07_exclusion/scenarios/exclude_combined/05_loo_validation/LOO_P1_macroregion_loo_reason_counts.tsv	results/validation/07_exclusion/scenarios/exclude_combined/05_loo_validation/LOO_P1_macroregion_loo_reason_counts.tsv	63	b13041372dddcfbc681debaf3463c3156aaa9571ba3640991dc9f47709336483
results/validation/07_exclusion/scenarios/exclude_combined/05_loo_validation/LOO_P1_macroregion_loo_summary.rds	results/validation/07_exclusion/scenarios/exclude_combined/05_loo_validation/LOO_P1_macroregion_loo_summary.rds	395	02c79c158d47a60a0bfb085942532f8f547b9a5840ea4dcc04e6ed38f24f2b37
results/validation/07_exclusion/scenarios/exclude_combined/05_loo_validation/LOO_P1_macroregion_loo_summary.tsv	results/validation/07_exclusion/scenarios/exclude_combined/05_loo_validation/LOO_P1_macroregion_loo_summary.tsv	367	e616b2c1c95925569592dff3da40677d9f79269c09ac7bb413053cfc7eb98aa1
results/validation/07_exclusion/scenarios/exclude_combined/05_loo_validation/LOO_P2_africa_subregion_loo_confusion.rds	results/validation/07_exclusion/scenarios/exclude_combined/05_loo_validation/LOO_P2_africa_subregion_loo_confusion.rds	301	e5ac6cf1eef124be847a5f3a98789a8b3cb87007b467435d3ebdf2664ab863d5
results/validation/07_exclusion/scenarios/exclude_combined/05_loo_validation/LOO_P2_africa_subregion_loo_confusion.tsv	results/validation/07_exclusion/scenarios/exclude_combined/05_loo_validation/LOO_P2_africa_subregion_loo_confusion.tsv	342	d3bf46fac1d0d80db112764a3f7ccab1e4e2cb6ff6c9f1295e0d1b7a7087882d
results/validation/07_exclusion/scenarios/exclude_combined/05_loo_validation/LOO_P2_africa_subregion_loo_perclass.rds	results/validation/07_exclusion/scenarios/exclude_combined/05_loo_validation/LOO_P2_africa_subregion_loo_perclass.rds	383	8cd8059347a8a15a59b6661a93ec66ad9b6bd77b4827899bfa03d81bdc5439af
results/validation/07_exclusion/scenarios/exclude_combined/05_loo_validation/LOO_P2_africa_subregion_loo_perclass.tsv	results/validation/07_exclusion/scenarios/exclude_combined/05_loo_validation/LOO_P2_africa_subregion_loo_perclass.tsv	421	aca1feae3adb86b43c9eac96d63beac24c84b2c10a37ecbaabb32170bda68c7a
results/validation/07_exclusion/scenarios/exclude_combined/05_loo_validation/LOO_P2_africa_subregion_loo_predictions.rds	results/validation/07_exclusion/scenarios/exclude_combined/05_loo_validation/LOO_P2_africa_subregion_loo_predictions.rds	2085	be94beb8ff8f61dbec9526bd27b6c8b8b799fb46703cdaac2f05455b8a3a4067
results/validation/07_exclusion/scenarios/exclude_combined/05_loo_validation/LOO_P2_africa_subregion_loo_predictions.tsv	results/validation/07_exclusion/scenarios/exclude_combined/05_loo_validation/LOO_P2_africa_subregion_loo_predictions.tsv	16098	269315cb068cec85304465530e99f8a775eb29127d90cbbe43e1d17b62d49159
results/validation/07_exclusion/scenarios/exclude_combined/05_loo_validation/LOO_P2_africa_subregion_loo_raw.tsv.gz	results/validation/07_exclusion/scenarios/exclude_combined/05_loo_validation/LOO_P2_africa_subregion_loo_raw.tsv.gz	17950	bc22abcc9806a867ddefb716f1bedec1f659dddc2f41462c84da32a6b9f80ff9
results/validation/07_exclusion/scenarios/exclude_combined/05_loo_validation/LOO_P2_africa_subregion_loo_reason_counts.tsv	results/validation/07_exclusion/scenarios/exclude_combined/05_loo_validation/LOO_P2_africa_subregion_loo_reason_counts.tsv	113	6c8a4591ab78fbde74b6249be7f8c8d7149aa25f130071f63360e3ecdc0e2f07
results/validation/07_exclusion/scenarios/exclude_combined/05_loo_validation/LOO_P2_africa_subregion_loo_summary.rds	results/validation/07_exclusion/scenarios/exclude_combined/05_loo_validation/LOO_P2_africa_subregion_loo_summary.rds	456	dd647b58c3a3f52807d58ba11f09f70739f27a3b1a6b752ff335416e8490b0ff
results/validation/07_exclusion/scenarios/exclude_combined/05_loo_validation/LOO_P2_africa_subregion_loo_summary.tsv	results/validation/07_exclusion/scenarios/exclude_combined/05_loo_validation/LOO_P2_africa_subregion_loo_summary.tsv	492	456746c618102f1becb7cd9df7e747573a594a5dde2bf6556f0987bde57f06b8
results/validation/07_exclusion/scenarios/exclude_combined/05_loo_validation/LOO_P3_asia_subregion_loo_confusion.rds	results/validation/07_exclusion/scenarios/exclude_combined/05_loo_validation/LOO_P3_asia_subregion_loo_confusion.rds	303	ac53b1b0d3196093cfe16df7924f642dc3ea3e486a3ef92e5832ebe70785b8c6
results/validation/07_exclusion/scenarios/exclude_combined/05_loo_validation/LOO_P3_asia_subregion_loo_confusion.tsv	results/validation/07_exclusion/scenarios/exclude_combined/05_loo_validation/LOO_P3_asia_subregion_loo_confusion.tsv	333	4cd8b35d68292b3c3e8a9e3cf1974d6a089519f9cff6f82e2a78c9a4fa4009db
results/validation/07_exclusion/scenarios/exclude_combined/05_loo_validation/LOO_P3_asia_subregion_loo_perclass.rds	results/validation/07_exclusion/scenarios/exclude_combined/05_loo_validation/LOO_P3_asia_subregion_loo_perclass.rds	377	0927fd53b6027d736156b940f7dba8f7740958c09f5de19c17fa8962313f054a
results/validation/07_exclusion/scenarios/exclude_combined/05_loo_validation/LOO_P3_asia_subregion_loo_perclass.tsv	results/validation/07_exclusion/scenarios/exclude_combined/05_loo_validation/LOO_P3_asia_subregion_loo_perclass.tsv	360	f5babcc44eae8005161967ae4d790170cafc2afd747838845c71b6efdae01f06
results/validation/07_exclusion/scenarios/exclude_combined/05_loo_validation/LOO_P3_asia_subregion_loo_predictions.rds	results/validation/07_exclusion/scenarios/exclude_combined/05_loo_validation/LOO_P3_asia_subregion_loo_predictions.rds	2827	025df6ad5688f5dde948194681d4aeab4576529e8181f038357d3e01a53761db
results/validation/07_exclusion/scenarios/exclude_combined/05_loo_validation/LOO_P3_asia_subregion_loo_predictions.tsv	results/validation/07_exclusion/scenarios/exclude_combined/05_loo_validation/LOO_P3_asia_subregion_loo_predictions.tsv	28032	6016b5bf34f0986de772856eb78c243ef285a1f6da768ce4535ec96c8053e9eb
results/validation/07_exclusion/scenarios/exclude_combined/05_loo_validation/LOO_P3_asia_subregion_loo_raw.tsv.gz	results/validation/07_exclusion/scenarios/exclude_combined/05_loo_validation/LOO_P3_asia_subregion_loo_raw.tsv.gz	29136	ba0061c09778c61c8c7aa59493dffdf4c8919f145ea52cb4a04710389aae615d
results/validation/07_exclusion/scenarios/exclude_combined/05_loo_validation/LOO_P3_asia_subregion_loo_reason_counts.tsv	results/validation/07_exclusion/scenarios/exclude_combined/05_loo_validation/LOO_P3_asia_subregion_loo_reason_counts.tsv	110	808a1e6f45cf2b78f1ae11015cedf71f53cb04a79b1506c1a5567696242b860a
results/validation/07_exclusion/scenarios/exclude_combined/05_loo_validation/LOO_P3_asia_subregion_loo_summary.rds	results/validation/07_exclusion/scenarios/exclude_combined/05_loo_validation/LOO_P3_asia_subregion_loo_summary.rds	469	aafc7789db623479665beff5ed77e226c1ba49eb9052606d38a1283c7a8e2cad
results/validation/07_exclusion/scenarios/exclude_combined/05_loo_validation/LOO_P3_asia_subregion_loo_summary.tsv	results/validation/07_exclusion/scenarios/exclude_combined/05_loo_validation/LOO_P3_asia_subregion_loo_summary.tsv	492	5983c5cb52deb0dfa639137031abd3d402526e3ae11b1c957b849d3dd8d85fb8
results/validation/07_exclusion/scenarios/exclude_combined/05_loo_validation/step4b_K_grid_used.rds	results/validation/07_exclusion/scenarios/exclude_combined/05_loo_validation/step4b_K_grid_used.rds	330	13c7000c6771c78f252af1994f3cec7b3fed00212929feda79e4869cd9521e79
results/validation/07_exclusion/scenarios/exclude_combined/05_loo_validation/step4b_K_grid_used.tsv	results/validation/07_exclusion/scenarios/exclude_combined/05_loo_validation/step4b_K_grid_used.tsv	1851	cc25fa8e7c43dd2d9662d04176fd53bad4670fb34ccc8fe269e4366dda4e54a1
results/validation/07_exclusion/scenarios/exclude_combined/05_loo_validation/step4b_loo_confusion_all_panels.rds	results/validation/07_exclusion/scenarios/exclude_combined/05_loo_validation/step4b_loo_confusion_all_panels.rds	412	7665294b43e6d39a6bbbe890581ee1591d97a43e2847980ef3af3083163ec8a6
results/validation/07_exclusion/scenarios/exclude_combined/05_loo_validation/step4b_loo_confusion_all_panels.tsv	results/validation/07_exclusion/scenarios/exclude_combined/05_loo_validation/step4b_loo_confusion_all_panels.tsv	717	18d6a360d116fab048931a29d415bf4ef1c5bc0f9c0d3e294a0e76542839ac4b
results/validation/07_exclusion/scenarios/exclude_combined/05_loo_validation/step4b_loo_panels_index.rds	results/validation/07_exclusion/scenarios/exclude_combined/05_loo_validation/step4b_loo_panels_index.rds	939	72fb330086508d2f2574220106c7a57a6092de7302adc64a34aba70ad7715514
results/validation/07_exclusion/scenarios/exclude_combined/05_loo_validation/step4b_loo_panels_index.tsv	results/validation/07_exclusion/scenarios/exclude_combined/05_loo_validation/step4b_loo_panels_index.tsv	4419	dfe009de3029b71a347c6b1fdad59f248f6d849682917ed5ec7a33b57a30ddbc
results/validation/07_exclusion/scenarios/exclude_combined/05_loo_validation/step4b_loo_perclass_all_panels.rds	results/validation/07_exclusion/scenarios/exclude_combined/05_loo_validation/step4b_loo_perclass_all_panels.rds	498	bb3041c58bb7d74c5ab4e1ad0498f4c1434bd617298ba6f932ec2d517bd84bf7
results/validation/07_exclusion/scenarios/exclude_combined/05_loo_validation/step4b_loo_perclass_all_panels.tsv	results/validation/07_exclusion/scenarios/exclude_combined/05_loo_validation/step4b_loo_perclass_all_panels.tsv	783	3cf13e865990af05747f8f84607587aae13b930aee0238b79402d323dd42ef27
results/validation/07_exclusion/scenarios/exclude_combined/05_loo_validation/step4b_loo_predictions_all_panels.rds	results/validation/07_exclusion/scenarios/exclude_combined/05_loo_validation/step4b_loo_predictions_all_panels.rds	5566	a66ddf61f964e524586b23d00e9e10134ebfe2fa6215661535cd461c5a7c84ef
results/validation/07_exclusion/scenarios/exclude_combined/05_loo_validation/step4b_loo_predictions_all_panels.tsv	results/validation/07_exclusion/scenarios/exclude_combined/05_loo_validation/step4b_loo_predictions_all_panels.tsv	83666	bcd5030c72c16c1cbb1b18e966bc8ba9e98cb05f4e45b1c2345c7a122128d292
results/validation/07_exclusion/scenarios/exclude_combined/05_loo_validation/step4b_loo_raw_all_panels.tsv.gz	results/validation/07_exclusion/scenarios/exclude_combined/05_loo_validation/step4b_loo_raw_all_panels.tsv.gz	78390	b6f60842e69a7a7f5eb96115cf3b56639570760462d7c7996528486538c97916
results/validation/07_exclusion/scenarios/exclude_combined/05_loo_validation/step4b_loo_reason_counts_all_panels.tsv	results/validation/07_exclusion/scenarios/exclude_combined/05_loo_validation/step4b_loo_reason_counts_all_panels.tsv	236	4fcbcd28bdbbef0efa92a2513efe2d94ad38e020796060f4d4a027b5d75c69c8
results/validation/07_exclusion/scenarios/exclude_combined/05_loo_validation/step4b_loo_summary_all_panels.rds	results/validation/07_exclusion/scenarios/exclude_combined/05_loo_validation/step4b_loo_summary_all_panels.rds	594	b21e002d99d67ce99d3b9b22d6378961328cf050e26be6ad9a530e407f3b08d5
results/validation/07_exclusion/scenarios/exclude_combined/05_loo_validation/step4b_loo_summary_all_panels.tsv	results/validation/07_exclusion/scenarios/exclude_combined/05_loo_validation/step4b_loo_summary_all_panels.tsv	823	5630cf80c8e312e5b5e75e945b2b6d43322f1db4980d351b5d4e1a05a84bd205
results/validation/07_exclusion/scenarios/exclude_combined/05_loo_validation/step4b_loo_validation_summary.xlsx	results/validation/07_exclusion/scenarios/exclude_combined/05_loo_validation/step4b_loo_validation_summary.xlsx	75120	104245c251e01c004a1729d7d84948f2dc93d85ff91e6fe10828ffa52f76534e
results/validation/07_exclusion/scenarios/exclude_combined/05_loo_validation/step4b_params.rds	results/validation/07_exclusion/scenarios/exclude_combined/05_loo_validation/step4b_params.rds	699	ae69952b56aba8706a03701d829665e0194e6b164cc44d5959c9390b5f943e8c
results/validation/07_exclusion/scenarios/exclude_combined/05_loo_validation/step4b_params.tsv	results/validation/07_exclusion/scenarios/exclude_combined/05_loo_validation/step4b_params.tsv	1160	d6a3d73a9eca3d3a7a0b0cd65abc666e5e9eb55fefa7368400fea9f7d0f47760
results/validation/07_exclusion/scenarios/exclude_combined/05_loo_validation/step4b_run_info.rds	results/validation/07_exclusion/scenarios/exclude_combined/05_loo_validation/step4b_run_info.rds	10058	8ca7c8444cf623a6fe4efcf2839017440b65cf7b99f7a2a14b6808a63e5ded38
results/validation/07_exclusion/scenarios/exclude_low_coverage/01_qc/metadata_clean.rds	results/validation/07_exclusion/scenarios/exclude_low_coverage/01_qc/metadata_clean.rds	6665	b09fae1557ddf3423ecea952a2b427088fb83bb458062727c5a42c4ab2fd1945
results/validation/07_exclusion/scenarios/exclude_low_coverage/01_qc/metadata_clean.tsv	results/validation/07_exclusion/scenarios/exclude_low_coverage/01_qc/metadata_clean.tsv	43783	a260e75af74f13cc034a799f7c3004ad2ed7928f32452d954be0022c741eb39c
results/validation/07_exclusion/scenarios/exclude_low_coverage/01_qc/ogs_pass_qc.txt	results/validation/07_exclusion/scenarios/exclude_low_coverage/01_qc/ogs_pass_qc.txt	88677	97193e0df88b661051b8574990c550094c2c9b273a3e9fd01125843c6e7d7a6f
results/validation/07_exclusion/scenarios/exclude_low_coverage/02_snp_panels/panels/P1_macroregion_africa_vs_asia/og_panel_topK_100.txt	results/validation/07_exclusion/scenarios/exclude_low_coverage/02_snp_panels/panels/P1_macroregion_africa_vs_asia/og_panel_topK_100.txt	757	47d0635503980a395384679e326c903a6bf2f5f1d02148178483d9c56b98b243
results/validation/07_exclusion/scenarios/exclude_low_coverage/02_snp_panels/panels/P1_macroregion_africa_vs_asia/og_panel_topK_1000.txt	results/validation/07_exclusion/scenarios/exclude_low_coverage/02_snp_panels/panels/P1_macroregion_africa_vs_asia/og_panel_topK_1000.txt	7733	b6fce70c77270312e22fa71cf2b59b9cfa92e30aee7c590a60fbca3e232b8de3
results/validation/07_exclusion/scenarios/exclude_low_coverage/02_snp_panels/panels/P1_macroregion_africa_vs_asia/og_panel_topK_20.txt	results/validation/07_exclusion/scenarios/exclude_low_coverage/02_snp_panels/panels/P1_macroregion_africa_vs_asia/og_panel_topK_20.txt	150	50c8e4692d621d52600eaec73f46a225929c46c18bf46ae8c39431f32c83251b
results/validation/07_exclusion/scenarios/exclude_low_coverage/02_snp_panels/panels/P1_macroregion_africa_vs_asia/og_panel_topK_200.txt	results/validation/07_exclusion/scenarios/exclude_low_coverage/02_snp_panels/panels/P1_macroregion_africa_vs_asia/og_panel_topK_200.txt	1529	c5d8e15c4bfc1bda793f2af0e808a3ad3f80046c3555c0fdc08d86284c327d1c
results/validation/07_exclusion/scenarios/exclude_low_coverage/02_snp_panels/panels/P1_macroregion_africa_vs_asia/og_panel_topK_2000.txt	results/validation/07_exclusion/scenarios/exclude_low_coverage/02_snp_panels/panels/P1_macroregion_africa_vs_asia/og_panel_topK_2000.txt	15548	a05a3b443152e761c33bbccd3e6ffe055be7173f324bc201c670eefa67422c7c
results/validation/07_exclusion/scenarios/exclude_low_coverage/02_snp_panels/panels/P1_macroregion_africa_vs_asia/og_panel_topK_50.txt	results/validation/07_exclusion/scenarios/exclude_low_coverage/02_snp_panels/panels/P1_macroregion_africa_vs_asia/og_panel_topK_50.txt	377	47952f2dcccaaa6bc0536a042271d4c3073a044e41fab463993b75795fdbb04d
results/validation/07_exclusion/scenarios/exclude_low_coverage/02_snp_panels/panels/P1_macroregion_africa_vs_asia/og_panel_topK_500.txt	results/validation/07_exclusion/scenarios/exclude_low_coverage/02_snp_panels/panels/P1_macroregion_africa_vs_asia/og_panel_topK_500.txt	3851	02ff8bbb23426830ade5ef01250dea61918328f90bf19f6bebbc02e6890e9c2b
results/validation/07_exclusion/scenarios/exclude_low_coverage/02_snp_panels/panels/P1_macroregion_africa_vs_asia/og_panel_topK_5000.txt	results/validation/07_exclusion/scenarios/exclude_low_coverage/02_snp_panels/panels/P1_macroregion_africa_vs_asia/og_panel_topK_5000.txt	39342	a201c3b056ed9f9b63716475d759c0441d55369f604c70c8bfa671032357d011
results/validation/07_exclusion/scenarios/exclude_low_coverage/02_snp_panels/panels/P1_macroregion_africa_vs_asia/panel_run_info.rds	results/validation/07_exclusion/scenarios/exclude_low_coverage/02_snp_panels/panels/P1_macroregion_africa_vs_asia/panel_run_info.rds	1024	fc9b1d44c0806a49da983656f0fa1fb2d856b04bd75a4f37b483bfbe640f0ab9
results/validation/07_exclusion/scenarios/exclude_low_coverage/02_snp_panels/panels/P1_macroregion_africa_vs_asia/per_og_stats.rds	results/validation/07_exclusion/scenarios/exclude_low_coverage/02_snp_panels/panels/P1_macroregion_africa_vs_asia/per_og_stats.rds	223451	4e700b60223d52732de4839bcfb13e3fb9efda239f2963a54e128743e27294e2
results/validation/07_exclusion/scenarios/exclude_low_coverage/02_snp_panels/panels/P1_macroregion_africa_vs_asia/per_og_stats.tsv	results/validation/07_exclusion/scenarios/exclude_low_coverage/02_snp_panels/panels/P1_macroregion_africa_vs_asia/per_og_stats.tsv	2335524	8cb9b697ec75dd1c3051304006b7898cd5b90c7373247ec45fa8cd84a4801135
results/validation/07_exclusion/scenarios/exclude_low_coverage/02_snp_panels/panels/P1_macroregion_africa_vs_asia/reference_group_counts.rds	results/validation/07_exclusion/scenarios/exclude_low_coverage/02_snp_panels/panels/P1_macroregion_africa_vs_asia/reference_group_counts.rds	180	ab1688a0cc00528105d81d166547a24c5b741fefe3e45c8b17aff2979e9088d0
results/validation/07_exclusion/scenarios/exclude_low_coverage/02_snp_panels/panels/P1_macroregion_africa_vs_asia/reference_group_counts.tsv	results/validation/07_exclusion/scenarios/exclude_low_coverage/02_snp_panels/panels/P1_macroregion_africa_vs_asia/reference_group_counts.tsv	31	2fc159dd84fa7982581839daeff7e560e94729be24aa384c230fcc183fd54588
results/validation/07_exclusion/scenarios/exclude_low_coverage/02_snp_panels/panels/P1_macroregion_africa_vs_asia/snp_map.rds	results/validation/07_exclusion/scenarios/exclude_low_coverage/02_snp_panels/panels/P1_macroregion_africa_vs_asia/snp_map.rds	290390	45fe2af22a8eceee08c4625d4e610ec9687a3197975fe73a869537913616c061
results/validation/07_exclusion/scenarios/exclude_low_coverage/02_snp_panels/panels/P1_macroregion_africa_vs_asia/snp_map.tsv	results/validation/07_exclusion/scenarios/exclude_low_coverage/02_snp_panels/panels/P1_macroregion_africa_vs_asia/snp_map.tsv	2768446	4b6eba35cf0a1eb86a13253260c95c0cff5aa7956af6dd80a33d4e2b64b7ebb0
results/validation/07_exclusion/scenarios/exclude_low_coverage/02_snp_panels/panels/P1_macroregion_africa_vs_asia/snp_matrix.rds	results/validation/07_exclusion/scenarios/exclude_low_coverage/02_snp_panels/panels/P1_macroregion_africa_vs_asia/snp_matrix.rds	887706	a2e15bdf582d9721aa7ff5fb8675e808aea5d9dcc6b0c3eabbbf3db4020eafd9
results/validation/07_exclusion/scenarios/exclude_low_coverage/02_snp_panels/panels/P2_subregion_within_africa/og_panel_topK_100.txt	results/validation/07_exclusion/scenarios/exclude_low_coverage/02_snp_panels/panels/P2_subregion_within_africa/og_panel_topK_100.txt	760	c5c77db28699f627ced39873889552f054d3c6acf1abad3d2f438d2a266fd959
results/validation/07_exclusion/scenarios/exclude_low_coverage/02_snp_panels/panels/P2_subregion_within_africa/og_panel_topK_1000.txt	results/validation/07_exclusion/scenarios/exclude_low_coverage/02_snp_panels/panels/P2_subregion_within_africa/og_panel_topK_1000.txt	7771	667c237961019c9cca5861627b9fca23d4da960e18cf6951bf3cc4d1021cb481
results/validation/07_exclusion/scenarios/exclude_low_coverage/02_snp_panels/panels/P2_subregion_within_africa/og_panel_topK_20.txt	results/validation/07_exclusion/scenarios/exclude_low_coverage/02_snp_panels/panels/P2_subregion_within_africa/og_panel_topK_20.txt	146	f11aefccabcbebd4b8d9aec01c936e1dc2e3d67c5b07edaaf95a9f1840cb87d4
results/validation/07_exclusion/scenarios/exclude_low_coverage/02_snp_panels/panels/P2_subregion_within_africa/og_panel_topK_200.txt	results/validation/07_exclusion/scenarios/exclude_low_coverage/02_snp_panels/panels/P2_subregion_within_africa/og_panel_topK_200.txt	1534	050bec55299f24317b8564167e75dd48dfaa13c63765a05ec9aafd6ccb0cf4d5
results/validation/07_exclusion/scenarios/exclude_low_coverage/02_snp_panels/panels/P2_subregion_within_africa/og_panel_topK_2000.txt	results/validation/07_exclusion/scenarios/exclude_low_coverage/02_snp_panels/panels/P2_subregion_within_africa/og_panel_topK_2000.txt	15608	511206790b3b0a62bfca7a1bef1e6e78ce91dc28b16e599c592c6bc340fb977a
results/validation/07_exclusion/scenarios/exclude_low_coverage/02_snp_panels/panels/P2_subregion_within_africa/og_panel_topK_50.txt	results/validation/07_exclusion/scenarios/exclude_low_coverage/02_snp_panels/panels/P2_subregion_within_africa/og_panel_topK_50.txt	374	f48c1a090d3f3ea814cee6d96fe45b59b096b64b60ee06b96d2e3dd35b163949
results/validation/07_exclusion/scenarios/exclude_low_coverage/02_snp_panels/panels/P2_subregion_within_africa/og_panel_topK_500.txt	results/validation/07_exclusion/scenarios/exclude_low_coverage/02_snp_panels/panels/P2_subregion_within_africa/og_panel_topK_500.txt	3862	b7681ca0a09301c4fd2ace6e62a6b699c6254f9badb04aed0f24f3796925252e
results/validation/07_exclusion/scenarios/exclude_low_coverage/02_snp_panels/panels/P2_subregion_within_africa/og_panel_topK_5000.txt	results/validation/07_exclusion/scenarios/exclude_low_coverage/02_snp_panels/panels/P2_subregion_within_africa/og_panel_topK_5000.txt	39392	bbf85086ad0a54ac025e1d02f3ddcd2abce9904b4eae5e5b9d86b82fc5fba572
results/validation/07_exclusion/scenarios/exclude_low_coverage/02_snp_panels/panels/P2_subregion_within_africa/panel_run_info.rds	results/validation/07_exclusion/scenarios/exclude_low_coverage/02_snp_panels/panels/P2_subregion_within_africa/panel_run_info.rds	1042	d7844b3ab112fac0135746177278ef4b9bd9e047b4485595b706278ad12a8688
results/validation/07_exclusion/scenarios/exclude_low_coverage/02_snp_panels/panels/P2_subregion_within_africa/per_og_stats.rds	results/validation/07_exclusion/scenarios/exclude_low_coverage/02_snp_panels/panels/P2_subregion_within_africa/per_og_stats.rds	176450	2010b4c6b23329258fdb1da189e9c0ee66386ee2777f40c7821ea51c85fe476c
results/validation/07_exclusion/scenarios/exclude_low_coverage/02_snp_panels/panels/P2_subregion_within_africa/per_og_stats.tsv	results/validation/07_exclusion/scenarios/exclude_low_coverage/02_snp_panels/panels/P2_subregion_within_africa/per_og_stats.tsv	2270627	4dcf0bafab1f2c5d005a7388d850bf4b53eb0b01b253aecf1e3e305c6dd08e08
results/validation/07_exclusion/scenarios/exclude_low_coverage/02_snp_panels/panels/P2_subregion_within_africa/reference_group_counts.rds	results/validation/07_exclusion/scenarios/exclude_low_coverage/02_snp_panels/panels/P2_subregion_within_africa/reference_group_counts.rds	196	1f9389fbd0317961528801df0617268edd91edf5ecf0a8b489341fbdfcb10ceb
results/validation/07_exclusion/scenarios/exclude_low_coverage/02_snp_panels/panels/P2_subregion_within_africa/reference_group_counts.tsv	results/validation/07_exclusion/scenarios/exclude_low_coverage/02_snp_panels/panels/P2_subregion_within_africa/reference_group_counts.tsv	60	98e3e1f1913313c18669ba818cb99e880d4243cf64a0335f57278a7e56fdc0bb
results/validation/07_exclusion/scenarios/exclude_low_coverage/02_snp_panels/panels/P2_subregion_within_africa/snp_map.rds	results/validation/07_exclusion/scenarios/exclude_low_coverage/02_snp_panels/panels/P2_subregion_within_africa/snp_map.rds	229784	f5f31a2b06b056e890aa7be1b26ad39c227e6ac22a117cd519e74e6b4e188407
results/validation/07_exclusion/scenarios/exclude_low_coverage/02_snp_panels/panels/P2_subregion_within_africa/snp_map.tsv	results/validation/07_exclusion/scenarios/exclude_low_coverage/02_snp_panels/panels/P2_subregion_within_africa/snp_map.tsv	2725314	811e7097b45a0d57b2c0d81b60d72da8e9a9b468977b1763897af2ca671cd751
results/validation/07_exclusion/scenarios/exclude_low_coverage/02_snp_panels/panels/P2_subregion_within_africa/snp_matrix.rds	results/validation/07_exclusion/scenarios/exclude_low_coverage/02_snp_panels/panels/P2_subregion_within_africa/snp_matrix.rds	960699	b36434a50df48e63f0b46bb83705ece7242b81763651547b43650b79b1f04332
results/validation/07_exclusion/scenarios/exclude_low_coverage/02_snp_panels/panels/P3_subregion_within_asia/og_panel_topK_100.txt	results/validation/07_exclusion/scenarios/exclude_low_coverage/02_snp_panels/panels/P3_subregion_within_asia/og_panel_topK_100.txt	784	3b2b8fdb868d5ac8e4e402af6473f15556065116a31fb4e1e4519e6d1f554bd9
results/validation/07_exclusion/scenarios/exclude_low_coverage/02_snp_panels/panels/P3_subregion_within_asia/og_panel_topK_1000.txt	results/validation/07_exclusion/scenarios/exclude_low_coverage/02_snp_panels/panels/P3_subregion_within_asia/og_panel_topK_1000.txt	7769	076a37677808b8583122675dd2d6cd54c1c8cf43961ea83dde37097fc348534f
results/validation/07_exclusion/scenarios/exclude_low_coverage/02_snp_panels/panels/P3_subregion_within_asia/og_panel_topK_20.txt	results/validation/07_exclusion/scenarios/exclude_low_coverage/02_snp_panels/panels/P3_subregion_within_asia/og_panel_topK_20.txt	160	29cefe2e216510f4d9b4bfae8644ca0f7b887384b254a6860178641c1565c013
results/validation/07_exclusion/scenarios/exclude_low_coverage/02_snp_panels/panels/P3_subregion_within_asia/og_panel_topK_200.txt	results/validation/07_exclusion/scenarios/exclude_low_coverage/02_snp_panels/panels/P3_subregion_within_asia/og_panel_topK_200.txt	1563	035535d853a89adeaf36217902dcd07ddb4386507dedff7399d37e048ffdcdfa
results/validation/07_exclusion/scenarios/exclude_low_coverage/02_snp_panels/panels/P3_subregion_within_asia/og_panel_topK_2000.txt	results/validation/07_exclusion/scenarios/exclude_low_coverage/02_snp_panels/panels/P3_subregion_within_asia/og_panel_topK_2000.txt	15618	04aa541c3435aca083bb22f46ac96775b3a51a16c90baf5aea7194b563b421e4
results/validation/07_exclusion/scenarios/exclude_low_coverage/02_snp_panels/panels/P3_subregion_within_asia/og_panel_topK_50.txt	results/validation/07_exclusion/scenarios/exclude_low_coverage/02_snp_panels/panels/P3_subregion_within_asia/og_panel_topK_50.txt	397	e34177b960fce97179893ef94344cd78b06803fa47eeb4acd0ff24410e5f1341
results/validation/07_exclusion/scenarios/exclude_low_coverage/02_snp_panels/panels/P3_subregion_within_asia/og_panel_topK_500.txt	results/validation/07_exclusion/scenarios/exclude_low_coverage/02_snp_panels/panels/P3_subregion_within_asia/og_panel_topK_500.txt	3888	90e4492a1a12027af5d54698806ff62a14664396e5d79a503b7509191142ec44
results/validation/07_exclusion/scenarios/exclude_low_coverage/02_snp_panels/panels/P3_subregion_within_asia/og_panel_topK_5000.txt	results/validation/07_exclusion/scenarios/exclude_low_coverage/02_snp_panels/panels/P3_subregion_within_asia/og_panel_topK_5000.txt	39357	96712b491f18fc7758dc914e83a809d5f2666487844f06f15e73bfe4a9ee4e0e
results/validation/07_exclusion/scenarios/exclude_low_coverage/02_snp_panels/panels/P3_subregion_within_asia/panel_run_info.rds	results/validation/07_exclusion/scenarios/exclude_low_coverage/02_snp_panels/panels/P3_subregion_within_asia/panel_run_info.rds	1035	6d29232452ae2b0a35b22f7df6af3cd6a05c11fd83f1848a9b53762ec11395ed
results/validation/07_exclusion/scenarios/exclude_low_coverage/02_snp_panels/panels/P3_subregion_within_asia/per_og_stats.rds	results/validation/07_exclusion/scenarios/exclude_low_coverage/02_snp_panels/panels/P3_subregion_within_asia/per_og_stats.rds	205827	b0736655bed7f838899b6874c3871c6545d8b1ee933ddf865e8a64655947447a
results/validation/07_exclusion/scenarios/exclude_low_coverage/02_snp_panels/panels/P3_subregion_within_asia/per_og_stats.tsv	results/validation/07_exclusion/scenarios/exclude_low_coverage/02_snp_panels/panels/P3_subregion_within_asia/per_og_stats.tsv	2281329	b88cc54cf2a36b39169704e2a9e725a39321d8d028d5a69076451f1c3deb284d
results/validation/07_exclusion/scenarios/exclude_low_coverage/02_snp_panels/panels/P3_subregion_within_asia/reference_group_counts.rds	results/validation/07_exclusion/scenarios/exclude_low_coverage/02_snp_panels/panels/P3_subregion_within_asia/reference_group_counts.rds	189	e170c5d251dffeba545bf6c355ba09f36ff44a88edf0a1c08ebb9125c9d12ae5
results/validation/07_exclusion/scenarios/exclude_low_coverage/02_snp_panels/panels/P3_subregion_within_asia/reference_group_counts.tsv	results/validation/07_exclusion/scenarios/exclude_low_coverage/02_snp_panels/panels/P3_subregion_within_asia/reference_group_counts.tsv	43	f5ad1f61acd5edc63ed116756626d2b5ca7f7da9b406e81eadf2be6951134153
results/validation/07_exclusion/scenarios/exclude_low_coverage/02_snp_panels/panels/P3_subregion_within_asia/snp_map.rds	results/validation/07_exclusion/scenarios/exclude_low_coverage/02_snp_panels/panels/P3_subregion_within_asia/snp_map.rds	264842	0970ff912168bc189b61f9901042da0389ee4c14e4381c09c7ff3406902ca8e7
results/validation/07_exclusion/scenarios/exclude_low_coverage/02_snp_panels/panels/P3_subregion_within_asia/snp_map.tsv	results/validation/07_exclusion/scenarios/exclude_low_coverage/02_snp_panels/panels/P3_subregion_within_asia/snp_map.tsv	2685805	ceb3d2a48ab98fb8a38d0936e86a2d7a08b1b769ffbbfdbb08997ee1ac225f3f
results/validation/07_exclusion/scenarios/exclude_low_coverage/02_snp_panels/panels/P3_subregion_within_asia/snp_matrix.rds	results/validation/07_exclusion/scenarios/exclude_low_coverage/02_snp_panels/panels/P3_subregion_within_asia/snp_matrix.rds	801556	c011cb952f2aa6967b2badc1f8681263eab7a51889b1fdf3e75adb9147776f81
results/validation/07_exclusion/scenarios/exclude_low_coverage/02_snp_panels/panels_index.rds	results/validation/07_exclusion/scenarios/exclude_low_coverage/02_snp_panels/panels_index.rds	532	1037775badcb637cefbee4df6c49a1a228f69285757fd74509eb7eba8c1ce8bf
results/validation/07_exclusion/scenarios/exclude_low_coverage/02_snp_panels/panels_index.tsv	results/validation/07_exclusion/scenarios/exclude_low_coverage/02_snp_panels/panels_index.tsv	480	b3344c9d765bcdae7550df9373f59295a14848b437c4261edb05282e2d87bf45
results/validation/07_exclusion/scenarios/exclude_low_coverage/02_snp_panels/snp_map.rds	results/validation/07_exclusion/scenarios/exclude_low_coverage/02_snp_panels/snp_map.rds	752844	a408e3fadebb58f839cbfdbdc7f1b0e06f3c260e17d9014d8108364c6344c8df
results/validation/07_exclusion/scenarios/exclude_low_coverage/02_snp_panels/snp_map.tsv	results/validation/07_exclusion/scenarios/exclude_low_coverage/02_snp_panels/snp_map.tsv	8179269	d1bdad4445410991e36ad5a3a4071c99c0ce3499fce693f080203737f315469a
results/validation/07_exclusion/scenarios/exclude_low_coverage/02_snp_panels/step3_run_info.rds	results/validation/07_exclusion/scenarios/exclude_low_coverage/02_snp_panels/step3_run_info.rds	15095	ccf149846c06e77240140ebe29136f83dddad926ceefbf9d122b95a11f50b9aa
results/validation/07_exclusion/scenarios/exclude_low_coverage/04_origin_assignment/P1_macroregion_raw.rds	results/validation/07_exclusion/scenarios/exclude_low_coverage/04_origin_assignment/P1_macroregion_raw.rds	2048	6fa4903ca28b81dd49366bc7066727711b44c1bdb4a22369aa5743bee0db9a3d
results/validation/07_exclusion/scenarios/exclude_low_coverage/04_origin_assignment/P1_macroregion_raw.tsv	results/validation/07_exclusion/scenarios/exclude_low_coverage/04_origin_assignment/P1_macroregion_raw.tsv	35381	9f9a3000b1a60b94dbfa457d9be1dbf14b0283388b23554cba5c5d77481a31de
results/validation/07_exclusion/scenarios/exclude_low_coverage/04_origin_assignment/P1_macroregion_stability.rds	results/validation/07_exclusion/scenarios/exclude_low_coverage/04_origin_assignment/P1_macroregion_stability.rds	680	3bfb3270469697fdfc82567027abe1589eb8a1c294c694abcfac6e7b9079986e
results/validation/07_exclusion/scenarios/exclude_low_coverage/04_origin_assignment/P1_macroregion_stability.tsv	results/validation/07_exclusion/scenarios/exclude_low_coverage/04_origin_assignment/P1_macroregion_stability.tsv	2346	0d9dc2138d29fd6d77ab5e59ce152348aba355b2753a8a2453e22dd2f1fcedcc
results/validation/07_exclusion/scenarios/exclude_low_coverage/04_origin_assignment/P2_africa_subregion_raw.rds	results/validation/07_exclusion/scenarios/exclude_low_coverage/04_origin_assignment/P2_africa_subregion_raw.rds	2114	bc7e1c7c85e9b10a73b2621d0634a59043f20729f571ca68cb6ee0ee80807124
results/validation/07_exclusion/scenarios/exclude_low_coverage/04_origin_assignment/P2_africa_subregion_raw.tsv	results/validation/07_exclusion/scenarios/exclude_low_coverage/04_origin_assignment/P2_africa_subregion_raw.tsv	20399	bf551092a1d9bcd01453a4426f1f2b73429ade28f48f87fd83d6785a26d57422
results/validation/07_exclusion/scenarios/exclude_low_coverage/04_origin_assignment/P2_africa_subregion_stability.rds	results/validation/07_exclusion/scenarios/exclude_low_coverage/04_origin_assignment/P2_africa_subregion_stability.rds	798	ee06ac7363e1d8d0226486ca5a1d268efcae2e56865a5efe5e18797b5bc29c07
results/validation/07_exclusion/scenarios/exclude_low_coverage/04_origin_assignment/P2_africa_subregion_stability.tsv	results/validation/07_exclusion/scenarios/exclude_low_coverage/04_origin_assignment/P2_africa_subregion_stability.tsv	1827	de6b28bab1181d830b18fb6eddb322b95fb0e67328bb570928eff0324bde068a
results/validation/07_exclusion/scenarios/exclude_low_coverage/04_origin_assignment/P3_asia_subregion_raw.rds	results/validation/07_exclusion/scenarios/exclude_low_coverage/04_origin_assignment/P3_asia_subregion_raw.rds	1221	f7ca8f9960944841823d16037296aac34d4250b34fa95b70344aa59c4e66fbba
results/validation/07_exclusion/scenarios/exclude_low_coverage/04_origin_assignment/P3_asia_subregion_raw.tsv	results/validation/07_exclusion/scenarios/exclude_low_coverage/04_origin_assignment/P3_asia_subregion_raw.tsv	11324	b1af7831cbf6ca31c44b21f4d3370068ad0152b224e724508503eacfcf445a43
results/validation/07_exclusion/scenarios/exclude_low_coverage/04_origin_assignment/P3_asia_subregion_stability.rds	results/validation/07_exclusion/scenarios/exclude_low_coverage/04_origin_assignment/P3_asia_subregion_stability.rds	605	afb71865523d3dde5d19c305b6c0e87be3a650417427d5cb16456a1444d02944
results/validation/07_exclusion/scenarios/exclude_low_coverage/04_origin_assignment/P3_asia_subregion_stability.tsv	results/validation/07_exclusion/scenarios/exclude_low_coverage/04_origin_assignment/P3_asia_subregion_stability.tsv	1033	8c43609df7db1adc53f994e62aec74cd0c77bff6772769d3c8cc5f64497ecd80
results/validation/07_exclusion/scenarios/exclude_low_coverage/04_origin_assignment/final_assignment.rds	results/validation/07_exclusion/scenarios/exclude_low_coverage/04_origin_assignment/final_assignment.rds	1147	fbeb72255fa106f89968ea74031068657204d2ac40d3f33cbef324f68db10ddf
results/validation/07_exclusion/scenarios/exclude_low_coverage/04_origin_assignment/final_assignment.tsv	results/validation/07_exclusion/scenarios/exclude_low_coverage/04_origin_assignment/final_assignment.tsv	4486	b6724bf7a0482a4efedb858bf8d2b46c794071789c91f7f8974f6b2685258354
results/validation/07_exclusion/scenarios/exclude_low_coverage/04_origin_assignment/step4_K_grid_used.rds	results/validation/07_exclusion/scenarios/exclude_low_coverage/04_origin_assignment/step4_K_grid_used.rds	325	4a20047d2f7d9002bf868bb788f715ee518af3f42607609a0d40867e1ac87317
results/validation/07_exclusion/scenarios/exclude_low_coverage/04_origin_assignment/step4_K_grid_used.tsv	results/validation/07_exclusion/scenarios/exclude_low_coverage/04_origin_assignment/step4_K_grid_used.tsv	1851	3b92b8e69fe4d047a3de4cddc544b7041f7df573d7c1516be8a0817c1bd3a45b
results/validation/07_exclusion/scenarios/exclude_low_coverage/04_origin_assignment/step4_exclude_low_coverage.xlsx	results/validation/07_exclusion/scenarios/exclude_low_coverage/04_origin_assignment/step4_exclude_low_coverage.xlsx	63553	928aa5d8a599ba3c71bdb0d747b06f7d5d274bdd5fd2265f2c5c5a9e14b18609
results/validation/07_exclusion/scenarios/exclude_low_coverage/04_origin_assignment/step4_params.rds	results/validation/07_exclusion/scenarios/exclude_low_coverage/04_origin_assignment/step4_params.rds	669	1f70b15c4f329c67d8af43ff342912151d97d56da267b2ade3ba9167895717ff
results/validation/07_exclusion/scenarios/exclude_low_coverage/04_origin_assignment/step4_params.tsv	results/validation/07_exclusion/scenarios/exclude_low_coverage/04_origin_assignment/step4_params.tsv	1118	60954a98857ead14d22f3dd5b99439e561c78034afc32c0e349433acc0697a69
results/validation/07_exclusion/scenarios/exclude_low_coverage/04_origin_assignment/step4_run_info.rds	results/validation/07_exclusion/scenarios/exclude_low_coverage/04_origin_assignment/step4_run_info.rds	9501	f99bd2cc7db0a302d2c5a3374980e25499dca89af848c20e8b3cbd1052bca78f
results/validation/07_exclusion/scenarios/exclude_low_coverage/05_loo_validation/FIG_LOO_P1_macroregion_validation_A4.pdf	results/validation/07_exclusion/scenarios/exclude_low_coverage/05_loo_validation/FIG_LOO_P1_macroregion_validation_A4.pdf	5020	b8dc1bab60519928d58446d33acc91ee238cafb3f6bf4110fd56891207db637b
results/validation/07_exclusion/scenarios/exclude_low_coverage/05_loo_validation/FIG_LOO_P2_africa_subregion_validation_A4.pdf	results/validation/07_exclusion/scenarios/exclude_low_coverage/05_loo_validation/FIG_LOO_P2_africa_subregion_validation_A4.pdf	5293	b7efe1bd9458a08e76d09a5363341aafaaeb219bce11bf88db23b10cdbbee7b6
results/validation/07_exclusion/scenarios/exclude_low_coverage/05_loo_validation/FIG_LOO_P3_asia_subregion_validation_A4.pdf	results/validation/07_exclusion/scenarios/exclude_low_coverage/05_loo_validation/FIG_LOO_P3_asia_subregion_validation_A4.pdf	5137	c88f9f0598e306a62069046b451efe87c5027be47dd9fb772cc91372b1349ad1
results/validation/07_exclusion/scenarios/exclude_low_coverage/05_loo_validation/LOO_P1_macroregion_loo_confusion.rds	results/validation/07_exclusion/scenarios/exclude_low_coverage/05_loo_validation/LOO_P1_macroregion_loo_confusion.rds	261	a15e3ed9b793dc2d75191008632371813b30fe309a482f570692cca8639f15c9
results/validation/07_exclusion/scenarios/exclude_low_coverage/05_loo_validation/LOO_P1_macroregion_loo_confusion.tsv	results/validation/07_exclusion/scenarios/exclude_low_coverage/05_loo_validation/LOO_P1_macroregion_loo_confusion.tsv	154	629c85ec67175dce109ba91c79c43e948e12273ac37d9afdcb02cf8c05255805
results/validation/07_exclusion/scenarios/exclude_low_coverage/05_loo_validation/LOO_P1_macroregion_loo_perclass.rds	results/validation/07_exclusion/scenarios/exclude_low_coverage/05_loo_validation/LOO_P1_macroregion_loo_perclass.rds	303	246529c3badcb64944401f1aa112490b149870a6ccb8742214d798a4354ae875
results/validation/07_exclusion/scenarios/exclude_low_coverage/05_loo_validation/LOO_P1_macroregion_loo_perclass.tsv	results/validation/07_exclusion/scenarios/exclude_low_coverage/05_loo_validation/LOO_P1_macroregion_loo_perclass.tsv	226	f9f38f21c165b7e200f99cd0108ce4f7f677883d6128b45f7557a97c73b51907
results/validation/07_exclusion/scenarios/exclude_low_coverage/05_loo_validation/LOO_P1_macroregion_loo_predictions.rds	results/validation/07_exclusion/scenarios/exclude_low_coverage/05_loo_validation/LOO_P1_macroregion_loo_predictions.rds	2719	cfb7b350e3ddadbeff5fad3a9ffeee9554425b70095d689986f42fe037761133
results/validation/07_exclusion/scenarios/exclude_low_coverage/05_loo_validation/LOO_P1_macroregion_loo_predictions.tsv	results/validation/07_exclusion/scenarios/exclude_low_coverage/05_loo_validation/LOO_P1_macroregion_loo_predictions.tsv	41754	03e2b7d004e2683ee08cb02e40d5f8728ee28abc2a98a54156cd904c30bc1de3
results/validation/07_exclusion/scenarios/exclude_low_coverage/05_loo_validation/LOO_P1_macroregion_loo_raw.tsv.gz	results/validation/07_exclusion/scenarios/exclude_low_coverage/05_loo_validation/LOO_P1_macroregion_loo_raw.tsv.gz	32866	e75baf54c1330882c8099ee5699e5e63961ec6f5253b76da0eabb054627892a4
results/validation/07_exclusion/scenarios/exclude_low_coverage/05_loo_validation/LOO_P1_macroregion_loo_reason_counts.tsv	results/validation/07_exclusion/scenarios/exclude_low_coverage/05_loo_validation/LOO_P1_macroregion_loo_reason_counts.tsv	63	4c57c5da6a0be56855d5365d519d527e88aae8edd228c86f6111e948ed28df8d
results/validation/07_exclusion/scenarios/exclude_low_coverage/05_loo_validation/LOO_P1_macroregion_loo_summary.rds	results/validation/07_exclusion/scenarios/exclude_low_coverage/05_loo_validation/LOO_P1_macroregion_loo_summary.rds	405	1e3055675bb90b8343cfe0946779484575a82497e6a6d45b580a1c435a1607c4
results/validation/07_exclusion/scenarios/exclude_low_coverage/05_loo_validation/LOO_P1_macroregion_loo_summary.tsv	results/validation/07_exclusion/scenarios/exclude_low_coverage/05_loo_validation/LOO_P1_macroregion_loo_summary.tsv	366	8d3a18d852c27f951656d5429bddb66669e5318a474f47641230eb52ed318e07
results/validation/07_exclusion/scenarios/exclude_low_coverage/05_loo_validation/LOO_P2_africa_subregion_loo_confusion.rds	results/validation/07_exclusion/scenarios/exclude_low_coverage/05_loo_validation/LOO_P2_africa_subregion_loo_confusion.rds	298	81b06e40c9e5bbae02d33b8a892509455b6397963c668e5f8ab8f875f9d07f4e
results/validation/07_exclusion/scenarios/exclude_low_coverage/05_loo_validation/LOO_P2_africa_subregion_loo_confusion.tsv	results/validation/07_exclusion/scenarios/exclude_low_coverage/05_loo_validation/LOO_P2_africa_subregion_loo_confusion.tsv	342	bae6d6d1272fb87abd7160ca40fa1278ef1da3d03268c9ccd8261fe725e7fbd2
results/validation/07_exclusion/scenarios/exclude_low_coverage/05_loo_validation/LOO_P2_africa_subregion_loo_perclass.rds	results/validation/07_exclusion/scenarios/exclude_low_coverage/05_loo_validation/LOO_P2_africa_subregion_loo_perclass.rds	381	656e526bd3a83616a25242bd0d1a73c364d414f0f74745990cb6af4ab0f6bc20
results/validation/07_exclusion/scenarios/exclude_low_coverage/05_loo_validation/LOO_P2_africa_subregion_loo_perclass.tsv	results/validation/07_exclusion/scenarios/exclude_low_coverage/05_loo_validation/LOO_P2_africa_subregion_loo_perclass.tsv	421	167e3b5d5e9483928afea00d37577085f990155ae05d10a45d3ba67f5e3ce358
results/validation/07_exclusion/scenarios/exclude_low_coverage/05_loo_validation/LOO_P2_africa_subregion_loo_predictions.rds	results/validation/07_exclusion/scenarios/exclude_low_coverage/05_loo_validation/LOO_P2_africa_subregion_loo_predictions.rds	2103	422fca0a5dff9cf242c1ffb69cc17708db0feb84671d22e592592fbf7d743d75
results/validation/07_exclusion/scenarios/exclude_low_coverage/05_loo_validation/LOO_P2_africa_subregion_loo_predictions.tsv	results/validation/07_exclusion/scenarios/exclude_low_coverage/05_loo_validation/LOO_P2_africa_subregion_loo_predictions.tsv	16144	0df35f760dbfe7d7c8014a2c7de91437c9d5d853cc0724b96daf1e5732036573
results/validation/07_exclusion/scenarios/exclude_low_coverage/05_loo_validation/LOO_P2_africa_subregion_loo_raw.tsv.gz	results/validation/07_exclusion/scenarios/exclude_low_coverage/05_loo_validation/LOO_P2_africa_subregion_loo_raw.tsv.gz	17961	9d7ab98438bdce76142483b4fea10e5e1f6e62274b2b0ff6fa15d9aed8cc7bed
results/validation/07_exclusion/scenarios/exclude_low_coverage/05_loo_validation/LOO_P2_africa_subregion_loo_reason_counts.tsv	results/validation/07_exclusion/scenarios/exclude_low_coverage/05_loo_validation/LOO_P2_africa_subregion_loo_reason_counts.tsv	156	42a557ed8b60fe04c6f899b1157e40d0406a09d022225eca51fe842ae0823d64
results/validation/07_exclusion/scenarios/exclude_low_coverage/05_loo_validation/LOO_P2_africa_subregion_loo_summary.rds	results/validation/07_exclusion/scenarios/exclude_low_coverage/05_loo_validation/LOO_P2_africa_subregion_loo_summary.rds	455	ada3dc3c523a9d56510449aa2918a8dc6d070328a4342da26ed7d2228bfb2602
results/validation/07_exclusion/scenarios/exclude_low_coverage/05_loo_validation/LOO_P2_africa_subregion_loo_summary.tsv	results/validation/07_exclusion/scenarios/exclude_low_coverage/05_loo_validation/LOO_P2_africa_subregion_loo_summary.tsv	492	adff893471528bd802c6be6c67fb6943ebba814d2c079a56ebd19ccd28a96f15
results/validation/07_exclusion/scenarios/exclude_low_coverage/05_loo_validation/LOO_P3_asia_subregion_loo_confusion.rds	results/validation/07_exclusion/scenarios/exclude_low_coverage/05_loo_validation/LOO_P3_asia_subregion_loo_confusion.rds	302	822443198d7f8b0b1a72a5633daadf7d4506dca1b2601d2fab2fd342985ae71c
results/validation/07_exclusion/scenarios/exclude_low_coverage/05_loo_validation/LOO_P3_asia_subregion_loo_confusion.tsv	results/validation/07_exclusion/scenarios/exclude_low_coverage/05_loo_validation/LOO_P3_asia_subregion_loo_confusion.tsv	333	24e43efb4dd713ef746b489acce99696f08d8f64459c268354b42db8698d33b0
results/validation/07_exclusion/scenarios/exclude_low_coverage/05_loo_validation/LOO_P3_asia_subregion_loo_perclass.rds	results/validation/07_exclusion/scenarios/exclude_low_coverage/05_loo_validation/LOO_P3_asia_subregion_loo_perclass.rds	345	4e156fecf3470e8edaa8df24cbc14d0f70586a4cad01ec60f4bf7d93d8384864
results/validation/07_exclusion/scenarios/exclude_low_coverage/05_loo_validation/LOO_P3_asia_subregion_loo_perclass.tsv	results/validation/07_exclusion/scenarios/exclude_low_coverage/05_loo_validation/LOO_P3_asia_subregion_loo_perclass.tsv	311	77cd3bdb083440ed70e78b80084b76d8c585a42ffd57ea8a05398f6896f2073a
results/validation/07_exclusion/scenarios/exclude_low_coverage/05_loo_validation/LOO_P3_asia_subregion_loo_predictions.rds	results/validation/07_exclusion/scenarios/exclude_low_coverage/05_loo_validation/LOO_P3_asia_subregion_loo_predictions.rds	2953	e4b91248825f978928e9021488e98b734e3efa1af766dbd2d1397fc322d86a54
results/validation/07_exclusion/scenarios/exclude_low_coverage/05_loo_validation/LOO_P3_asia_subregion_loo_predictions.tsv	results/validation/07_exclusion/scenarios/exclude_low_coverage/05_loo_validation/LOO_P3_asia_subregion_loo_predictions.tsv	29581	f310eba75fe872eb570a10cdec8b8d8ad3943459b6410f783f5f5731f4280f66
results/validation/07_exclusion/scenarios/exclude_low_coverage/05_loo_validation/LOO_P3_asia_subregion_loo_raw.tsv.gz	results/validation/07_exclusion/scenarios/exclude_low_coverage/05_loo_validation/LOO_P3_asia_subregion_loo_raw.tsv.gz	31303	0d6ba44a98bb491110782a1af551acf72a8d3278e4005f5c9616ac173f74eb32
results/validation/07_exclusion/scenarios/exclude_low_coverage/05_loo_validation/LOO_P3_asia_subregion_loo_reason_counts.tsv	results/validation/07_exclusion/scenarios/exclude_low_coverage/05_loo_validation/LOO_P3_asia_subregion_loo_reason_counts.tsv	110	47e4ccb420e7b90a5ca8c3551dd6df547601ac0f100baed87d15b842ef57034b
results/validation/07_exclusion/scenarios/exclude_low_coverage/05_loo_validation/LOO_P3_asia_subregion_loo_summary.rds	results/validation/07_exclusion/scenarios/exclude_low_coverage/05_loo_validation/LOO_P3_asia_subregion_loo_summary.rds	471	d2c70bff5ac046a395d99d0ef3d971ec11eb7e2bc94992ff1068ccb1af77f6d5
results/validation/07_exclusion/scenarios/exclude_low_coverage/05_loo_validation/LOO_P3_asia_subregion_loo_summary.tsv	results/validation/07_exclusion/scenarios/exclude_low_coverage/05_loo_validation/LOO_P3_asia_subregion_loo_summary.tsv	492	45722a8ca1c5ab186fcb657e1241094991ffbc8f3b6a3caff21fe51c6244f6b7
results/validation/07_exclusion/scenarios/exclude_low_coverage/05_loo_validation/step4b_K_grid_used.rds	results/validation/07_exclusion/scenarios/exclude_low_coverage/05_loo_validation/step4b_K_grid_used.rds	325	e5d135f7a67a3d11528266c7d499fb747e7d2b19ec2307a396f8f47b29f4c387
results/validation/07_exclusion/scenarios/exclude_low_coverage/05_loo_validation/step4b_K_grid_used.tsv	results/validation/07_exclusion/scenarios/exclude_low_coverage/05_loo_validation/step4b_K_grid_used.tsv	1851	706359ab989304c8ebd686e6410668fcb3b6f2e3c49a67a6a5d819b12edc19e0
results/validation/07_exclusion/scenarios/exclude_low_coverage/05_loo_validation/step4b_loo_confusion_all_panels.rds	results/validation/07_exclusion/scenarios/exclude_low_coverage/05_loo_validation/step4b_loo_confusion_all_panels.rds	406	27f18b71200e5183e0699e809e4943e99df95ff52b2fb18d25742669061a34e9
results/validation/07_exclusion/scenarios/exclude_low_coverage/05_loo_validation/step4b_loo_confusion_all_panels.tsv	results/validation/07_exclusion/scenarios/exclude_low_coverage/05_loo_validation/step4b_loo_confusion_all_panels.tsv	717	ff75e78e96126f2e5845e39c80ff4a687d84819aa9f044629249bce8c09cb7a9
results/validation/07_exclusion/scenarios/exclude_low_coverage/05_loo_validation/step4b_loo_panels_index.rds	results/validation/07_exclusion/scenarios/exclude_low_coverage/05_loo_validation/step4b_loo_panels_index.rds	936	df7d3d149f597a74165c9a93ff1a290a808fddf803d8dd72de3d3f15ad137787
results/validation/07_exclusion/scenarios/exclude_low_coverage/05_loo_validation/step4b_loo_panels_index.tsv	results/validation/07_exclusion/scenarios/exclude_low_coverage/05_loo_validation/step4b_loo_panels_index.tsv	4503	0a3b414993a6045c1a349f8004a04721c3d100a51b38615e5e51acadeeed7528
results/validation/07_exclusion/scenarios/exclude_low_coverage/05_loo_validation/step4b_loo_perclass_all_panels.rds	results/validation/07_exclusion/scenarios/exclude_low_coverage/05_loo_validation/step4b_loo_perclass_all_panels.rds	478	adf0a12b812ef82ff656ebf4104d7ddff471f418a3f564db3f8171760a121aad
results/validation/07_exclusion/scenarios/exclude_low_coverage/05_loo_validation/step4b_loo_perclass_all_panels.tsv	results/validation/07_exclusion/scenarios/exclude_low_coverage/05_loo_validation/step4b_loo_perclass_all_panels.tsv	734	fc0946388a9f0fc84b5ab3be7fdf9d498b8ade30af4d2fa164714225177fc1fd
results/validation/07_exclusion/scenarios/exclude_low_coverage/05_loo_validation/step4b_loo_predictions_all_panels.rds	results/validation/07_exclusion/scenarios/exclude_low_coverage/05_loo_validation/step4b_loo_predictions_all_panels.rds	5809	f0e5134b1a4a604ed4934313977e1063c194facc6b19b1eca4c68bbd0036581d
results/validation/07_exclusion/scenarios/exclude_low_coverage/05_loo_validation/step4b_loo_predictions_all_panels.tsv	results/validation/07_exclusion/scenarios/exclude_low_coverage/05_loo_validation/step4b_loo_predictions_all_panels.tsv	86803	fbb813368bbcb43607058a636943b313d5df56ed140e94f9f50dcb1c177a3634
results/validation/07_exclusion/scenarios/exclude_low_coverage/05_loo_validation/step4b_loo_raw_all_panels.tsv.gz	results/validation/07_exclusion/scenarios/exclude_low_coverage/05_loo_validation/step4b_loo_raw_all_panels.tsv.gz	81907	c1b9b9a2b86ea67714b7352441192fae6f4f37a52fed4e75a5c3d63a6bd38bbf
results/validation/07_exclusion/scenarios/exclude_low_coverage/05_loo_validation/step4b_loo_reason_counts_all_panels.tsv	results/validation/07_exclusion/scenarios/exclude_low_coverage/05_loo_validation/step4b_loo_reason_counts_all_panels.tsv	279	58bd25602f19a376b237695c6c1f293abecf1aaf9c83619cfc4c6a7a34043ef6
results/validation/07_exclusion/scenarios/exclude_low_coverage/05_loo_validation/step4b_loo_summary_all_panels.rds	results/validation/07_exclusion/scenarios/exclude_low_coverage/05_loo_validation/step4b_loo_summary_all_panels.rds	604	9835400d42d2d2c71f3107b103689934abbe215e48b30573268c7af55f36e6a8
results/validation/07_exclusion/scenarios/exclude_low_coverage/05_loo_validation/step4b_loo_summary_all_panels.tsv	results/validation/07_exclusion/scenarios/exclude_low_coverage/05_loo_validation/step4b_loo_summary_all_panels.tsv	822	478722b63c030f1a4ee5387204666f892bdad5f9290ad849ef418b2ee90fd34d
results/validation/07_exclusion/scenarios/exclude_low_coverage/05_loo_validation/step4b_loo_validation_summary.xlsx	results/validation/07_exclusion/scenarios/exclude_low_coverage/05_loo_validation/step4b_loo_validation_summary.xlsx	77227	d3b24d0fd4564c26f28468d153cd9596dddbef5712c2482f5d3059cc3e6e1032
results/validation/07_exclusion/scenarios/exclude_low_coverage/05_loo_validation/step4b_params.rds	results/validation/07_exclusion/scenarios/exclude_low_coverage/05_loo_validation/step4b_params.rds	702	b824fd3b27a2af3d987d09977d7dbafa1da117a86b9ddebf29934b5363cbb9ef
results/validation/07_exclusion/scenarios/exclude_low_coverage/05_loo_validation/step4b_params.tsv	results/validation/07_exclusion/scenarios/exclude_low_coverage/05_loo_validation/step4b_params.tsv	1172	5ca98f58799c630b5467026e4f2b449684a4de8124fe1491a187ef406c820657
results/validation/07_exclusion/scenarios/exclude_low_coverage/05_loo_validation/step4b_run_info.rds	results/validation/07_exclusion/scenarios/exclude_low_coverage/05_loo_validation/step4b_run_info.rds	10051	16581f50c8c799ed54554da138537b35c3631b52cd88a962ac01c52c529c3ef6
results/validation/07_exclusion/scenarios/exclude_published_caution/01_qc/metadata_clean.rds	results/validation/07_exclusion/scenarios/exclude_published_caution/01_qc/metadata_clean.rds	6709	c9b1bd3ce94af448f1fe6866f66c2610a64a7e51300c455587214d2edd3801ee
results/validation/07_exclusion/scenarios/exclude_published_caution/01_qc/metadata_clean.tsv	results/validation/07_exclusion/scenarios/exclude_published_caution/01_qc/metadata_clean.tsv	43786	21dea29da9d58f174539782c7ac8a373dbbb1a53f05654927d8c401592d70cf8
results/validation/07_exclusion/scenarios/exclude_published_caution/01_qc/ogs_pass_qc.txt	results/validation/07_exclusion/scenarios/exclude_published_caution/01_qc/ogs_pass_qc.txt	88677	97193e0df88b661051b8574990c550094c2c9b273a3e9fd01125843c6e7d7a6f
results/validation/07_exclusion/scenarios/exclude_published_caution/02_snp_panels/panels/P1_macroregion_africa_vs_asia/og_panel_topK_100.txt	results/validation/07_exclusion/scenarios/exclude_published_caution/02_snp_panels/panels/P1_macroregion_africa_vs_asia/og_panel_topK_100.txt	759	f315ed141a3f47bc20d7921837052added319ee939e0fb4cdd257f284b8c3b52
results/validation/07_exclusion/scenarios/exclude_published_caution/02_snp_panels/panels/P1_macroregion_africa_vs_asia/og_panel_topK_1000.txt	results/validation/07_exclusion/scenarios/exclude_published_caution/02_snp_panels/panels/P1_macroregion_africa_vs_asia/og_panel_topK_1000.txt	7742	f5caae77f33f5c27a364e1408bc269d600221162dbd22e08ad4e28f41f90313b
results/validation/07_exclusion/scenarios/exclude_published_caution/02_snp_panels/panels/P1_macroregion_africa_vs_asia/og_panel_topK_20.txt	results/validation/07_exclusion/scenarios/exclude_published_caution/02_snp_panels/panels/P1_macroregion_africa_vs_asia/og_panel_topK_20.txt	149	1d99ab917d167b3960f47971166a3335623c41777495866804c3d7ee76b6de46
results/validation/07_exclusion/scenarios/exclude_published_caution/02_snp_panels/panels/P1_macroregion_africa_vs_asia/og_panel_topK_200.txt	results/validation/07_exclusion/scenarios/exclude_published_caution/02_snp_panels/panels/P1_macroregion_africa_vs_asia/og_panel_topK_200.txt	1528	b176b61a7f355c80bf0b90ae96114ad5b65e20246fc4f2e5aa41299bd978e8ea
results/validation/07_exclusion/scenarios/exclude_published_caution/02_snp_panels/panels/P1_macroregion_africa_vs_asia/og_panel_topK_2000.txt	results/validation/07_exclusion/scenarios/exclude_published_caution/02_snp_panels/panels/P1_macroregion_africa_vs_asia/og_panel_topK_2000.txt	15546	a81715f5085f733f78e033e2f7efa7fed16b8f3ac4358815d6b083847943f293
results/validation/07_exclusion/scenarios/exclude_published_caution/02_snp_panels/panels/P1_macroregion_africa_vs_asia/og_panel_topK_50.txt	results/validation/07_exclusion/scenarios/exclude_published_caution/02_snp_panels/panels/P1_macroregion_africa_vs_asia/og_panel_topK_50.txt	380	704f77719b5d4d48f39ab6accc913e3c996a4bb708c5daa0bf4b2d3a3ccee8d3
results/validation/07_exclusion/scenarios/exclude_published_caution/02_snp_panels/panels/P1_macroregion_africa_vs_asia/og_panel_topK_500.txt	results/validation/07_exclusion/scenarios/exclude_published_caution/02_snp_panels/panels/P1_macroregion_africa_vs_asia/og_panel_topK_500.txt	3855	63afbce284f82d42db773288583c5509a912056db7b70ced1469f8be3ecb2bd5
results/validation/07_exclusion/scenarios/exclude_published_caution/02_snp_panels/panels/P1_macroregion_africa_vs_asia/og_panel_topK_5000.txt	results/validation/07_exclusion/scenarios/exclude_published_caution/02_snp_panels/panels/P1_macroregion_africa_vs_asia/og_panel_topK_5000.txt	39353	bc6320efffb81dd3ecb770572adaed58553355c17e22538c4dfea011d8ffcf0b
results/validation/07_exclusion/scenarios/exclude_published_caution/02_snp_panels/panels/P1_macroregion_africa_vs_asia/panel_run_info.rds	results/validation/07_exclusion/scenarios/exclude_published_caution/02_snp_panels/panels/P1_macroregion_africa_vs_asia/panel_run_info.rds	1024	3e27dd412fa66b2f908e9167c551c0f80dedfb21591247ba2ce15a3adef5729e
results/validation/07_exclusion/scenarios/exclude_published_caution/02_snp_panels/panels/P1_macroregion_africa_vs_asia/per_og_stats.rds	results/validation/07_exclusion/scenarios/exclude_published_caution/02_snp_panels/panels/P1_macroregion_africa_vs_asia/per_og_stats.rds	228151	4f78f7eee484ee54f269998db8497e0471d438886de8286ddccabe67b3d1d391
results/validation/07_exclusion/scenarios/exclude_published_caution/02_snp_panels/panels/P1_macroregion_africa_vs_asia/per_og_stats.tsv	results/validation/07_exclusion/scenarios/exclude_published_caution/02_snp_panels/panels/P1_macroregion_africa_vs_asia/per_og_stats.tsv	2328464	9c29cd8fcfea746e1d9f224998cf082583d38eafa5f2988bb928d56df1cb7dc2
results/validation/07_exclusion/scenarios/exclude_published_caution/02_snp_panels/panels/P1_macroregion_africa_vs_asia/reference_group_counts.rds	results/validation/07_exclusion/scenarios/exclude_published_caution/02_snp_panels/panels/P1_macroregion_africa_vs_asia/reference_group_counts.rds	180	08d23c856c35c61cfbf1687fc4fa480323a9a01d8ab2445c922e5d9f91886a01
results/validation/07_exclusion/scenarios/exclude_published_caution/02_snp_panels/panels/P1_macroregion_africa_vs_asia/reference_group_counts.tsv	results/validation/07_exclusion/scenarios/exclude_published_caution/02_snp_panels/panels/P1_macroregion_africa_vs_asia/reference_group_counts.tsv	31	33f00660bae3a8fc9e98d03951faeac9bfe74d7694a0d0458c78387db3494037
results/validation/07_exclusion/scenarios/exclude_published_caution/02_snp_panels/panels/P1_macroregion_africa_vs_asia/snp_map.rds	results/validation/07_exclusion/scenarios/exclude_published_caution/02_snp_panels/panels/P1_macroregion_africa_vs_asia/snp_map.rds	301228	a4db96e0fe5341172ff106246a056e815eea3bf8ef9e33d948aa6fa0e9cf9ced
results/validation/07_exclusion/scenarios/exclude_published_caution/02_snp_panels/panels/P1_macroregion_africa_vs_asia/snp_map.tsv	results/validation/07_exclusion/scenarios/exclude_published_caution/02_snp_panels/panels/P1_macroregion_africa_vs_asia/snp_map.tsv	2791514	bf72fede6a60f2a7710cdd9a19c20c6ef3b856a1d58392f0f576a1d201989f44
results/validation/07_exclusion/scenarios/exclude_published_caution/02_snp_panels/panels/P1_macroregion_africa_vs_asia/snp_matrix.rds	results/validation/07_exclusion/scenarios/exclude_published_caution/02_snp_panels/panels/P1_macroregion_africa_vs_asia/snp_matrix.rds	894529	29b7ff7eb7ebef8f8e9e7c99aaa7e7bc7679d1d70424aa5bee2b50b2b2db069f
results/validation/07_exclusion/scenarios/exclude_published_caution/02_snp_panels/panels/P2_subregion_within_africa/og_panel_topK_100.txt	results/validation/07_exclusion/scenarios/exclude_published_caution/02_snp_panels/panels/P2_subregion_within_africa/og_panel_topK_100.txt	759	7294cfe505c9a29c73cfb4105a5ccbb79dabee0e31f8b1a10aeba32828349801
results/validation/07_exclusion/scenarios/exclude_published_caution/02_snp_panels/panels/P2_subregion_within_africa/og_panel_topK_1000.txt	results/validation/07_exclusion/scenarios/exclude_published_caution/02_snp_panels/panels/P2_subregion_within_africa/og_panel_topK_1000.txt	7758	b4b3d116f26641dfad571b559bc1bf68ff3b105f937e202330d05deee58ed561
results/validation/07_exclusion/scenarios/exclude_published_caution/02_snp_panels/panels/P2_subregion_within_africa/og_panel_topK_20.txt	results/validation/07_exclusion/scenarios/exclude_published_caution/02_snp_panels/panels/P2_subregion_within_africa/og_panel_topK_20.txt	148	3e38ef958b40cdb423fb181186902d583fafc06a2f6debc47d6a539f874ba00b
results/validation/07_exclusion/scenarios/exclude_published_caution/02_snp_panels/panels/P2_subregion_within_africa/og_panel_topK_200.txt	results/validation/07_exclusion/scenarios/exclude_published_caution/02_snp_panels/panels/P2_subregion_within_africa/og_panel_topK_200.txt	1536	8517cf21bb3e45c51d0c015735f35f197eee0d81f1e99f948b6e117d2f643b7e
results/validation/07_exclusion/scenarios/exclude_published_caution/02_snp_panels/panels/P2_subregion_within_africa/og_panel_topK_2000.txt	results/validation/07_exclusion/scenarios/exclude_published_caution/02_snp_panels/panels/P2_subregion_within_africa/og_panel_topK_2000.txt	15606	318b819c759c355669d71baef3ac32ca302710611ef0a23c1e155faf1c1515b0
results/validation/07_exclusion/scenarios/exclude_published_caution/02_snp_panels/panels/P2_subregion_within_africa/og_panel_topK_50.txt	results/validation/07_exclusion/scenarios/exclude_published_caution/02_snp_panels/panels/P2_subregion_within_africa/og_panel_topK_50.txt	378	310c3832b6cf4564ba32697a6c1e50899ae7fefcef1de81f1913ef2ba53967d7
results/validation/07_exclusion/scenarios/exclude_published_caution/02_snp_panels/panels/P2_subregion_within_africa/og_panel_topK_500.txt	results/validation/07_exclusion/scenarios/exclude_published_caution/02_snp_panels/panels/P2_subregion_within_africa/og_panel_topK_500.txt	3871	3d362d65dadad1ffbc1dabe4e4d239a41a4b0595c921d76b995388e5892c40a2
results/validation/07_exclusion/scenarios/exclude_published_caution/02_snp_panels/panels/P2_subregion_within_africa/og_panel_topK_5000.txt	results/validation/07_exclusion/scenarios/exclude_published_caution/02_snp_panels/panels/P2_subregion_within_africa/og_panel_topK_5000.txt	39401	7219424aa87b00c52d4ed03adce2432ccb08399689628df8317e51dbdbc73d16
results/validation/07_exclusion/scenarios/exclude_published_caution/02_snp_panels/panels/P2_subregion_within_africa/panel_run_info.rds	results/validation/07_exclusion/scenarios/exclude_published_caution/02_snp_panels/panels/P2_subregion_within_africa/panel_run_info.rds	1042	6e9b7f19e5beb694928ece41136523e604a25fdcf18c5f02bad9ed1ccee41a4f
results/validation/07_exclusion/scenarios/exclude_published_caution/02_snp_panels/panels/P2_subregion_within_africa/per_og_stats.rds	results/validation/07_exclusion/scenarios/exclude_published_caution/02_snp_panels/panels/P2_subregion_within_africa/per_og_stats.rds	174580	0cc1728d8aefea739f3526abec21243db3c9f5fa2f4b5a76cd0f3a47d9d5a3c9
results/validation/07_exclusion/scenarios/exclude_published_caution/02_snp_panels/panels/P2_subregion_within_africa/per_og_stats.tsv	results/validation/07_exclusion/scenarios/exclude_published_caution/02_snp_panels/panels/P2_subregion_within_africa/per_og_stats.tsv	2274198	d42da5ff507a1c227717b68a787d643d3cca2f4c368379aec48815a99bcaf5fe
results/validation/07_exclusion/scenarios/exclude_published_caution/02_snp_panels/panels/P2_subregion_within_africa/reference_group_counts.rds	results/validation/07_exclusion/scenarios/exclude_published_caution/02_snp_panels/panels/P2_subregion_within_africa/reference_group_counts.rds	194	061fd13f5067328a6c8260c8b81eb42d8bca4abadcfbe32724bac94a10cab771
results/validation/07_exclusion/scenarios/exclude_published_caution/02_snp_panels/panels/P2_subregion_within_africa/reference_group_counts.tsv	results/validation/07_exclusion/scenarios/exclude_published_caution/02_snp_panels/panels/P2_subregion_within_africa/reference_group_counts.tsv	60	e581751c3894d246c61574272a3b26e2ccf8a68e25e1055ff7dcd4c9a608b2e7
results/validation/07_exclusion/scenarios/exclude_published_caution/02_snp_panels/panels/P2_subregion_within_africa/snp_map.rds	results/validation/07_exclusion/scenarios/exclude_published_caution/02_snp_panels/panels/P2_subregion_within_africa/snp_map.rds	226936	790c5f18fcb7a2b979cddfb894636fe47913c054dfbfc2855ae20c522fd6c4ce
results/validation/07_exclusion/scenarios/exclude_published_caution/02_snp_panels/panels/P2_subregion_within_africa/snp_map.tsv	results/validation/07_exclusion/scenarios/exclude_published_caution/02_snp_panels/panels/P2_subregion_within_africa/snp_map.tsv	2727707	d223a55fb8cfef0b862ef6b9bd3c9562375047976757f79ee56106bd18c9603b
results/validation/07_exclusion/scenarios/exclude_published_caution/02_snp_panels/panels/P2_subregion_within_africa/snp_matrix.rds	results/validation/07_exclusion/scenarios/exclude_published_caution/02_snp_panels/panels/P2_subregion_within_africa/snp_matrix.rds	974525	9674ff6230bc64ce5cc1355f8b0ef6464863c9712d37342ddc992282855bc198
results/validation/07_exclusion/scenarios/exclude_published_caution/02_snp_panels/panels/P3_subregion_within_asia/og_panel_topK_100.txt	results/validation/07_exclusion/scenarios/exclude_published_caution/02_snp_panels/panels/P3_subregion_within_asia/og_panel_topK_100.txt	787	685633a6f9a65c66ce0ee963f92b4baecfd0c2bd788c86bcd447117fb1d8896b
results/validation/07_exclusion/scenarios/exclude_published_caution/02_snp_panels/panels/P3_subregion_within_asia/og_panel_topK_1000.txt	results/validation/07_exclusion/scenarios/exclude_published_caution/02_snp_panels/panels/P3_subregion_within_asia/og_panel_topK_1000.txt	7781	ba55b2ebb41bf0159f097611dc6e51b9e196e785cab77536e1a46ada5d59ed4b
results/validation/07_exclusion/scenarios/exclude_published_caution/02_snp_panels/panels/P3_subregion_within_asia/og_panel_topK_20.txt	results/validation/07_exclusion/scenarios/exclude_published_caution/02_snp_panels/panels/P3_subregion_within_asia/og_panel_topK_20.txt	160	96bfc9e8b2e38a8de4ace9734dac2311f634a0af160a126ef3a08b9db2a6b3ad
results/validation/07_exclusion/scenarios/exclude_published_caution/02_snp_panels/panels/P3_subregion_within_asia/og_panel_topK_200.txt	results/validation/07_exclusion/scenarios/exclude_published_caution/02_snp_panels/panels/P3_subregion_within_asia/og_panel_topK_200.txt	1563	ca6006b52fa132e00307030aa015cfbc72a4477a260965406131788a4560fab0
results/validation/07_exclusion/scenarios/exclude_published_caution/02_snp_panels/panels/P3_subregion_within_asia/og_panel_topK_2000.txt	results/validation/07_exclusion/scenarios/exclude_published_caution/02_snp_panels/panels/P3_subregion_within_asia/og_panel_topK_2000.txt	15606	e8af643f38056ba74d18dd7ff4dd3be2295468daa6da369202619fc5df34d45c
results/validation/07_exclusion/scenarios/exclude_published_caution/02_snp_panels/panels/P3_subregion_within_asia/og_panel_topK_50.txt	results/validation/07_exclusion/scenarios/exclude_published_caution/02_snp_panels/panels/P3_subregion_within_asia/og_panel_topK_50.txt	396	e3077a2718e5a151c9ff2cd5a5c4e40607c3b73b346eaaed818d1a9afac93f49
results/validation/07_exclusion/scenarios/exclude_published_caution/02_snp_panels/panels/P3_subregion_within_asia/og_panel_topK_500.txt	results/validation/07_exclusion/scenarios/exclude_published_caution/02_snp_panels/panels/P3_subregion_within_asia/og_panel_topK_500.txt	3891	07de681041f3e0ae8736fa4da3fd613abdd7a950c2ea9d92171b2ca0f7b91147
results/validation/07_exclusion/scenarios/exclude_published_caution/02_snp_panels/panels/P3_subregion_within_asia/og_panel_topK_5000.txt	results/validation/07_exclusion/scenarios/exclude_published_caution/02_snp_panels/panels/P3_subregion_within_asia/og_panel_topK_5000.txt	39348	65ae3aa4c64bce2d5c38fe328b4791a01c3825f282ecd12a67c01f0e2cc91d8f
results/validation/07_exclusion/scenarios/exclude_published_caution/02_snp_panels/panels/P3_subregion_within_asia/panel_run_info.rds	results/validation/07_exclusion/scenarios/exclude_published_caution/02_snp_panels/panels/P3_subregion_within_asia/panel_run_info.rds	1040	499099c4434bf74c4bb882152b2fbe3463c764628c7d83446fe31a7a836c4eb0
results/validation/07_exclusion/scenarios/exclude_published_caution/02_snp_panels/panels/P3_subregion_within_asia/per_og_stats.rds	results/validation/07_exclusion/scenarios/exclude_published_caution/02_snp_panels/panels/P3_subregion_within_asia/per_og_stats.rds	212495	fef3c1f8e2803a47cd4c10918a7e245da0c925e23d43cb572becfa66e4a2e2c7
results/validation/07_exclusion/scenarios/exclude_published_caution/02_snp_panels/panels/P3_subregion_within_asia/per_og_stats.tsv	results/validation/07_exclusion/scenarios/exclude_published_caution/02_snp_panels/panels/P3_subregion_within_asia/per_og_stats.tsv	2273860	e52a77fbe38d3205ad1c631040a8781e77dfd454de73e8183808ea6f60cac008
results/validation/07_exclusion/scenarios/exclude_published_caution/02_snp_panels/panels/P3_subregion_within_asia/reference_group_counts.rds	results/validation/07_exclusion/scenarios/exclude_published_caution/02_snp_panels/panels/P3_subregion_within_asia/reference_group_counts.rds	190	32a44f1610d94350ce4affc026b7b8262108a841f91b5722ddf4be217bef252d
results/validation/07_exclusion/scenarios/exclude_published_caution/02_snp_panels/panels/P3_subregion_within_asia/reference_group_counts.tsv	results/validation/07_exclusion/scenarios/exclude_published_caution/02_snp_panels/panels/P3_subregion_within_asia/reference_group_counts.tsv	43	aab4e0f18e9a1b97ac79682c2d2db460cffbf8235541562cf791abe7820bf2da
results/validation/07_exclusion/scenarios/exclude_published_caution/02_snp_panels/panels/P3_subregion_within_asia/snp_map.rds	results/validation/07_exclusion/scenarios/exclude_published_caution/02_snp_panels/panels/P3_subregion_within_asia/snp_map.rds	277999	5591c646014d0b58c539ff57e67e363927f0a138fa9a2865dc5ce0eadb1b1398
results/validation/07_exclusion/scenarios/exclude_published_caution/02_snp_panels/panels/P3_subregion_within_asia/snp_map.tsv	results/validation/07_exclusion/scenarios/exclude_published_caution/02_snp_panels/panels/P3_subregion_within_asia/snp_map.tsv	2729640	2e1a9899f23ad763fca261574f4ecad1b4ccc1ffaa8f2a6b5e71808b0faec110
results/validation/07_exclusion/scenarios/exclude_published_caution/02_snp_panels/panels/P3_subregion_within_asia/snp_matrix.rds	results/validation/07_exclusion/scenarios/exclude_published_caution/02_snp_panels/panels/P3_subregion_within_asia/snp_matrix.rds	821817	011fb6616b1ff8a2ae2fa8c66c27d1bd718b677d7f636c77f918d7db0dfadeef
results/validation/07_exclusion/scenarios/exclude_published_caution/02_snp_panels/panels_index.rds	results/validation/07_exclusion/scenarios/exclude_published_caution/02_snp_panels/panels_index.rds	537	21bda86cb15d4177bd1f112d33acd790e1827506973db6d2c18e73b2456bebca
results/validation/07_exclusion/scenarios/exclude_published_caution/02_snp_panels/panels_index.tsv	results/validation/07_exclusion/scenarios/exclude_published_caution/02_snp_panels/panels_index.tsv	480	39135eee51d71ae470ff6c91363dbe182d523dd40224bf458153dd1c66012712
results/validation/07_exclusion/scenarios/exclude_published_caution/02_snp_panels/snp_map.rds	results/validation/07_exclusion/scenarios/exclude_published_caution/02_snp_panels/snp_map.rds	776766	61188ae62534c9fed0159603d825fafe0e0325b93740db04cc12d6ddc2867bb2
results/validation/07_exclusion/scenarios/exclude_published_caution/02_snp_panels/snp_map.tsv	results/validation/07_exclusion/scenarios/exclude_published_caution/02_snp_panels/snp_map.tsv	8248565	87971bf8f52317d5c8d32c0d2fba5fa2251b4181ebbe3ef11ecae5badd5ceedd
results/validation/07_exclusion/scenarios/exclude_published_caution/02_snp_panels/step3_run_info.rds	results/validation/07_exclusion/scenarios/exclude_published_caution/02_snp_panels/step3_run_info.rds	15100	48a05a61cd72e4acecb019b0090de3882a9dfe16a14adb9b44eb9de8ded26e04
results/validation/07_exclusion/scenarios/exclude_published_caution/04_origin_assignment/P1_macroregion_raw.rds	results/validation/07_exclusion/scenarios/exclude_published_caution/04_origin_assignment/P1_macroregion_raw.rds	2040	56c8c07d6c424823c2611f9feece57d023ab634230c919ff19adf0e58b820875
results/validation/07_exclusion/scenarios/exclude_published_caution/04_origin_assignment/P1_macroregion_raw.tsv	results/validation/07_exclusion/scenarios/exclude_published_caution/04_origin_assignment/P1_macroregion_raw.tsv	35377	4df5ba06a163f1d779c08b69e641f8c07d15146e0373badd0a4998dfee2b7bcd
results/validation/07_exclusion/scenarios/exclude_published_caution/04_origin_assignment/P1_macroregion_stability.rds	results/validation/07_exclusion/scenarios/exclude_published_caution/04_origin_assignment/P1_macroregion_stability.rds	679	79ad98cbee86fd82bacb6952ad8030a53fc3d7c4c4e2f653008c151d80ddf7b4
results/validation/07_exclusion/scenarios/exclude_published_caution/04_origin_assignment/P1_macroregion_stability.tsv	results/validation/07_exclusion/scenarios/exclude_published_caution/04_origin_assignment/P1_macroregion_stability.tsv	2346	0b125d163e91a86e3e61fe7cc70bf8a8eebff575aa82a9a0cc76346495af2ee6
results/validation/07_exclusion/scenarios/exclude_published_caution/04_origin_assignment/P2_africa_subregion_raw.rds	results/validation/07_exclusion/scenarios/exclude_published_caution/04_origin_assignment/P2_africa_subregion_raw.rds	2236	01a9b232a3b0b77351c57516d5b2b2a72519127f21c223419cc1366965a1aab3
results/validation/07_exclusion/scenarios/exclude_published_caution/04_origin_assignment/P2_africa_subregion_raw.tsv	results/validation/07_exclusion/scenarios/exclude_published_caution/04_origin_assignment/P2_africa_subregion_raw.tsv	20695	57870139980e25b8c86a91a045a431807cb9278eac357325d7fb12ce40ffe4ab
results/validation/07_exclusion/scenarios/exclude_published_caution/04_origin_assignment/P2_africa_subregion_stability.rds	results/validation/07_exclusion/scenarios/exclude_published_caution/04_origin_assignment/P2_africa_subregion_stability.rds	778	7765cc2a8890910482846b07f9808f7c03f47a88c7375214b591671c59631993
results/validation/07_exclusion/scenarios/exclude_published_caution/04_origin_assignment/P2_africa_subregion_stability.tsv	results/validation/07_exclusion/scenarios/exclude_published_caution/04_origin_assignment/P2_africa_subregion_stability.tsv	1818	48543265a74dfa732a31ea34c4cb304ccdba4a85753c2213b9839abaac33bf42
results/validation/07_exclusion/scenarios/exclude_published_caution/04_origin_assignment/P3_asia_subregion_raw.rds	results/validation/07_exclusion/scenarios/exclude_published_caution/04_origin_assignment/P3_asia_subregion_raw.rds	1289	ea1b35391b103a7775bf0eacd26835eac4e869a50ef93d2cafbbab1ce0ec5750
results/validation/07_exclusion/scenarios/exclude_published_caution/04_origin_assignment/P3_asia_subregion_raw.tsv	results/validation/07_exclusion/scenarios/exclude_published_caution/04_origin_assignment/P3_asia_subregion_raw.tsv	11354	cebc10da999d33c65a93e384b85f2001ef813476f47b96d5a29a67d838d5021e
results/validation/07_exclusion/scenarios/exclude_published_caution/04_origin_assignment/P3_asia_subregion_stability.rds	results/validation/07_exclusion/scenarios/exclude_published_caution/04_origin_assignment/P3_asia_subregion_stability.rds	610	c13beee3d6b87878bc06c5a6c0e34cb8c75e9c8739df10b2749a71a3ef6f1e19
results/validation/07_exclusion/scenarios/exclude_published_caution/04_origin_assignment/P3_asia_subregion_stability.tsv	results/validation/07_exclusion/scenarios/exclude_published_caution/04_origin_assignment/P3_asia_subregion_stability.tsv	1035	d4d981d50e990f065a69ac0e671aa465a1cef2dce0941a612bab26816a87bb01
results/validation/07_exclusion/scenarios/exclude_published_caution/04_origin_assignment/final_assignment.rds	results/validation/07_exclusion/scenarios/exclude_published_caution/04_origin_assignment/final_assignment.rds	1131	0995def6dc984e1dd9e8f7a2bcffcba32c12cbfc1da0f2d921a2cb35c78c0173
results/validation/07_exclusion/scenarios/exclude_published_caution/04_origin_assignment/final_assignment.tsv	results/validation/07_exclusion/scenarios/exclude_published_caution/04_origin_assignment/final_assignment.tsv	4479	786318d4bd98271397162db7f947a8237f4693ce370bf9df8c1143ad35de8130
results/validation/07_exclusion/scenarios/exclude_published_caution/04_origin_assignment/step4_K_grid_used.rds	results/validation/07_exclusion/scenarios/exclude_published_caution/04_origin_assignment/step4_K_grid_used.rds	330	0501c4a72af5e9ba145d24a0236d75b578aa31707e57348693b6defbd9dab7f1
results/validation/07_exclusion/scenarios/exclude_published_caution/04_origin_assignment/step4_K_grid_used.tsv	results/validation/07_exclusion/scenarios/exclude_published_caution/04_origin_assignment/step4_K_grid_used.tsv	1851	3304b932a33ff19a14c5461dbe365094e5d55a4d8024c08fe33970e2d4a8b75d
results/validation/07_exclusion/scenarios/exclude_published_caution/04_origin_assignment/step4_exclude_published_caution.xlsx	results/validation/07_exclusion/scenarios/exclude_published_caution/04_origin_assignment/step4_exclude_published_caution.xlsx	63771	9d818ee0b3b9bf21ebf9e7bb4fb59322429f34ea14d84dadd98d3233da60f4bb
results/validation/07_exclusion/scenarios/exclude_published_caution/04_origin_assignment/step4_params.rds	results/validation/07_exclusion/scenarios/exclude_published_caution/04_origin_assignment/step4_params.rds	673	bd264c87895dac6309f8259b7810b301101d0f516243c6aa086b996a28be41ff
results/validation/07_exclusion/scenarios/exclude_published_caution/04_origin_assignment/step4_params.tsv	results/validation/07_exclusion/scenarios/exclude_published_caution/04_origin_assignment/step4_params.tsv	1138	1babb76a9053b51e0e282da841770e3853f2eed57e6b90463c6418023e74782b
results/validation/07_exclusion/scenarios/exclude_published_caution/04_origin_assignment/step4_run_info.rds	results/validation/07_exclusion/scenarios/exclude_published_caution/04_origin_assignment/step4_run_info.rds	9509	4f66befc9e0a76c211597018c7a6cb0de4ba152cb7ba4fd6e96913f98ea9e3ea
results/validation/07_exclusion/scenarios/exclude_published_caution/05_loo_validation/FIG_LOO_P1_macroregion_validation_A4.pdf	results/validation/07_exclusion/scenarios/exclude_published_caution/05_loo_validation/FIG_LOO_P1_macroregion_validation_A4.pdf	5022	f8cb19d3ad5077cec6aa045020f7cf33070e1d47c4046540a9318464be27899f
results/validation/07_exclusion/scenarios/exclude_published_caution/05_loo_validation/FIG_LOO_P2_africa_subregion_validation_A4.pdf	results/validation/07_exclusion/scenarios/exclude_published_caution/05_loo_validation/FIG_LOO_P2_africa_subregion_validation_A4.pdf	5289	27bb9798e62a8dbf4bbc40ec44ed7f60d554a02ec7934985cd2d9f55aae251a5
results/validation/07_exclusion/scenarios/exclude_published_caution/05_loo_validation/FIG_LOO_P3_asia_subregion_validation_A4.pdf	results/validation/07_exclusion/scenarios/exclude_published_caution/05_loo_validation/FIG_LOO_P3_asia_subregion_validation_A4.pdf	5135	ce0f5cebdbaf91ee154cf525254f84799be6a529a2db48d02b5341f596c166e3
results/validation/07_exclusion/scenarios/exclude_published_caution/05_loo_validation/LOO_P1_macroregion_loo_confusion.rds	results/validation/07_exclusion/scenarios/exclude_published_caution/05_loo_validation/LOO_P1_macroregion_loo_confusion.rds	261	3ae8451364f5a4d0bd518e1f25b26c75eac855094760f20dabcc7194ecec8309
results/validation/07_exclusion/scenarios/exclude_published_caution/05_loo_validation/LOO_P1_macroregion_loo_confusion.tsv	results/validation/07_exclusion/scenarios/exclude_published_caution/05_loo_validation/LOO_P1_macroregion_loo_confusion.tsv	154	0ae23cd4f7d4d26a17003cd2091d913a7015bd7ca436e736160ffa9d33da2b34
results/validation/07_exclusion/scenarios/exclude_published_caution/05_loo_validation/LOO_P1_macroregion_loo_perclass.rds	results/validation/07_exclusion/scenarios/exclude_published_caution/05_loo_validation/LOO_P1_macroregion_loo_perclass.rds	317	e44fe24ed793c610c1c0153397506922bb5332b08bfe36830be44063c1e1bb69
results/validation/07_exclusion/scenarios/exclude_published_caution/05_loo_validation/LOO_P1_macroregion_loo_perclass.tsv	results/validation/07_exclusion/scenarios/exclude_published_caution/05_loo_validation/LOO_P1_macroregion_loo_perclass.tsv	260	7a8271f60639a77564d76406e1a50c614f14be1f1d027bd64d8a516ab7592a1e
results/validation/07_exclusion/scenarios/exclude_published_caution/05_loo_validation/LOO_P1_macroregion_loo_predictions.rds	results/validation/07_exclusion/scenarios/exclude_published_caution/05_loo_validation/LOO_P1_macroregion_loo_predictions.rds	2695	4efc3b19a2c888818f9e4f1862b256c2147a4ba3ed8f2d2d73609dd80bdc5b44
results/validation/07_exclusion/scenarios/exclude_published_caution/05_loo_validation/LOO_P1_macroregion_loo_predictions.tsv	results/validation/07_exclusion/scenarios/exclude_published_caution/05_loo_validation/LOO_P1_macroregion_loo_predictions.tsv	40528	abf7b5061170e59fd8b9ece72c98bfebaae8a40af9aa8983d2ccf97e10c2eb63
results/validation/07_exclusion/scenarios/exclude_published_caution/05_loo_validation/LOO_P1_macroregion_loo_raw.tsv.gz	results/validation/07_exclusion/scenarios/exclude_published_caution/05_loo_validation/LOO_P1_macroregion_loo_raw.tsv.gz	31739	016698786a6f5a14aea2c7b31def54d9b14d41d3621eb5d7b89c613290c823b1
results/validation/07_exclusion/scenarios/exclude_published_caution/05_loo_validation/LOO_P1_macroregion_loo_reason_counts.tsv	results/validation/07_exclusion/scenarios/exclude_published_caution/05_loo_validation/LOO_P1_macroregion_loo_reason_counts.tsv	113	c378b9395a247d401ef601e06ee08e100a7335c4deb9498b24ffa0e30eff7e5e
results/validation/07_exclusion/scenarios/exclude_published_caution/05_loo_validation/LOO_P1_macroregion_loo_summary.rds	results/validation/07_exclusion/scenarios/exclude_published_caution/05_loo_validation/LOO_P1_macroregion_loo_summary.rds	426	8ceb5784167b744110d4a94176370bff9fd4ba25e83abb873af5ff4cb2a44317
results/validation/07_exclusion/scenarios/exclude_published_caution/05_loo_validation/LOO_P1_macroregion_loo_summary.tsv	results/validation/07_exclusion/scenarios/exclude_published_caution/05_loo_validation/LOO_P1_macroregion_loo_summary.tsv	435	047addab2a94c14df06fb69bb16f5a56c26c1733ddac35682eebeb47037f7438
results/validation/07_exclusion/scenarios/exclude_published_caution/05_loo_validation/LOO_P2_africa_subregion_loo_confusion.rds	results/validation/07_exclusion/scenarios/exclude_published_caution/05_loo_validation/LOO_P2_africa_subregion_loo_confusion.rds	301	e5ac6cf1eef124be847a5f3a98789a8b3cb87007b467435d3ebdf2664ab863d5
results/validation/07_exclusion/scenarios/exclude_published_caution/05_loo_validation/LOO_P2_africa_subregion_loo_confusion.tsv	results/validation/07_exclusion/scenarios/exclude_published_caution/05_loo_validation/LOO_P2_africa_subregion_loo_confusion.tsv	342	d3bf46fac1d0d80db112764a3f7ccab1e4e2cb6ff6c9f1295e0d1b7a7087882d
results/validation/07_exclusion/scenarios/exclude_published_caution/05_loo_validation/LOO_P2_africa_subregion_loo_perclass.rds	results/validation/07_exclusion/scenarios/exclude_published_caution/05_loo_validation/LOO_P2_africa_subregion_loo_perclass.rds	383	8cd8059347a8a15a59b6661a93ec66ad9b6bd77b4827899bfa03d81bdc5439af
results/validation/07_exclusion/scenarios/exclude_published_caution/05_loo_validation/LOO_P2_africa_subregion_loo_perclass.tsv	results/validation/07_exclusion/scenarios/exclude_published_caution/05_loo_validation/LOO_P2_africa_subregion_loo_perclass.tsv	421	aca1feae3adb86b43c9eac96d63beac24c84b2c10a37ecbaabb32170bda68c7a
results/validation/07_exclusion/scenarios/exclude_published_caution/05_loo_validation/LOO_P2_africa_subregion_loo_predictions.rds	results/validation/07_exclusion/scenarios/exclude_published_caution/05_loo_validation/LOO_P2_africa_subregion_loo_predictions.rds	2085	be94beb8ff8f61dbec9526bd27b6c8b8b799fb46703cdaac2f05455b8a3a4067
results/validation/07_exclusion/scenarios/exclude_published_caution/05_loo_validation/LOO_P2_africa_subregion_loo_predictions.tsv	results/validation/07_exclusion/scenarios/exclude_published_caution/05_loo_validation/LOO_P2_africa_subregion_loo_predictions.tsv	16098	269315cb068cec85304465530e99f8a775eb29127d90cbbe43e1d17b62d49159
results/validation/07_exclusion/scenarios/exclude_published_caution/05_loo_validation/LOO_P2_africa_subregion_loo_raw.tsv.gz	results/validation/07_exclusion/scenarios/exclude_published_caution/05_loo_validation/LOO_P2_africa_subregion_loo_raw.tsv.gz	17950	bc22abcc9806a867ddefb716f1bedec1f659dddc2f41462c84da32a6b9f80ff9
results/validation/07_exclusion/scenarios/exclude_published_caution/05_loo_validation/LOO_P2_africa_subregion_loo_reason_counts.tsv	results/validation/07_exclusion/scenarios/exclude_published_caution/05_loo_validation/LOO_P2_africa_subregion_loo_reason_counts.tsv	113	6c8a4591ab78fbde74b6249be7f8c8d7149aa25f130071f63360e3ecdc0e2f07
results/validation/07_exclusion/scenarios/exclude_published_caution/05_loo_validation/LOO_P2_africa_subregion_loo_summary.rds	results/validation/07_exclusion/scenarios/exclude_published_caution/05_loo_validation/LOO_P2_africa_subregion_loo_summary.rds	456	dd647b58c3a3f52807d58ba11f09f70739f27a3b1a6b752ff335416e8490b0ff
results/validation/07_exclusion/scenarios/exclude_published_caution/05_loo_validation/LOO_P2_africa_subregion_loo_summary.tsv	results/validation/07_exclusion/scenarios/exclude_published_caution/05_loo_validation/LOO_P2_africa_subregion_loo_summary.tsv	492	456746c618102f1becb7cd9df7e747573a594a5dde2bf6556f0987bde57f06b8
results/validation/07_exclusion/scenarios/exclude_published_caution/05_loo_validation/LOO_P3_asia_subregion_loo_confusion.rds	results/validation/07_exclusion/scenarios/exclude_published_caution/05_loo_validation/LOO_P3_asia_subregion_loo_confusion.rds	294	5ec18a5fb8531ee2a0585b7070517b2465f505c7d4592a9f5219a4e1fa0b4860
results/validation/07_exclusion/scenarios/exclude_published_caution/05_loo_validation/LOO_P3_asia_subregion_loo_confusion.tsv	results/validation/07_exclusion/scenarios/exclude_published_caution/05_loo_validation/LOO_P3_asia_subregion_loo_confusion.tsv	319	a6e1f1fa1c8a14e735892dc6fc77335cf19e202868dea6235b5652f4a56e5c5e
results/validation/07_exclusion/scenarios/exclude_published_caution/05_loo_validation/LOO_P3_asia_subregion_loo_perclass.rds	results/validation/07_exclusion/scenarios/exclude_published_caution/05_loo_validation/LOO_P3_asia_subregion_loo_perclass.rds	377	cf8d92b761243d9952c2449c47095902a9a764c1db558992bef42b6f3afaeee2
results/validation/07_exclusion/scenarios/exclude_published_caution/05_loo_validation/LOO_P3_asia_subregion_loo_perclass.tsv	results/validation/07_exclusion/scenarios/exclude_published_caution/05_loo_validation/LOO_P3_asia_subregion_loo_perclass.tsv	365	7da1c41555cf9f65eea09282ae40d405f61a856d2398c69bc97dffca5ac02d2e
results/validation/07_exclusion/scenarios/exclude_published_caution/05_loo_validation/LOO_P3_asia_subregion_loo_predictions.rds	results/validation/07_exclusion/scenarios/exclude_published_caution/05_loo_validation/LOO_P3_asia_subregion_loo_predictions.rds	2870	8f072e202c427305150cdafa9c11c689b34577f5b73363f5b21334077fbb3f28
results/validation/07_exclusion/scenarios/exclude_published_caution/05_loo_validation/LOO_P3_asia_subregion_loo_predictions.tsv	results/validation/07_exclusion/scenarios/exclude_published_caution/05_loo_validation/LOO_P3_asia_subregion_loo_predictions.tsv	28453	34c12b420650727b6bdcfadf800138febabafcc19ef389243ebc0993514d0d09
results/validation/07_exclusion/scenarios/exclude_published_caution/05_loo_validation/LOO_P3_asia_subregion_loo_raw.tsv.gz	results/validation/07_exclusion/scenarios/exclude_published_caution/05_loo_validation/LOO_P3_asia_subregion_loo_raw.tsv.gz	29551	351e073018bf9596bf1c0170582931094a428a698e740c032f486f70a9285184
results/validation/07_exclusion/scenarios/exclude_published_caution/05_loo_validation/LOO_P3_asia_subregion_loo_reason_counts.tsv	results/validation/07_exclusion/scenarios/exclude_published_caution/05_loo_validation/LOO_P3_asia_subregion_loo_reason_counts.tsv	155	db761bab2b17460f085a249e544d6ebcc71a9ac184c802354fa425dca8cf8f9a
results/validation/07_exclusion/scenarios/exclude_published_caution/05_loo_validation/LOO_P3_asia_subregion_loo_summary.rds	results/validation/07_exclusion/scenarios/exclude_published_caution/05_loo_validation/LOO_P3_asia_subregion_loo_summary.rds	440	4eb8894373b70d92c78abb3913647e8d3d96a894955473e7e600025e50456ef3
results/validation/07_exclusion/scenarios/exclude_published_caution/05_loo_validation/LOO_P3_asia_subregion_loo_summary.tsv	results/validation/07_exclusion/scenarios/exclude_published_caution/05_loo_validation/LOO_P3_asia_subregion_loo_summary.tsv	522	a0f50ce42be412adb5d84d47fd869b0c408c5c6846de539dcb9488a6de9dff0d
results/validation/07_exclusion/scenarios/exclude_published_caution/05_loo_validation/step4b_K_grid_used.rds	results/validation/07_exclusion/scenarios/exclude_published_caution/05_loo_validation/step4b_K_grid_used.rds	330	8241450ea72d2bf48a6fca59352a5f0943255cc02702a1a106bb0fa0bd0a8715
results/validation/07_exclusion/scenarios/exclude_published_caution/05_loo_validation/step4b_K_grid_used.tsv	results/validation/07_exclusion/scenarios/exclude_published_caution/05_loo_validation/step4b_K_grid_used.tsv	1851	f4a85c749b39bdecbd48856ffc676c3a600d9cc0dd51b74c911b536c8199721c
results/validation/07_exclusion/scenarios/exclude_published_caution/05_loo_validation/step4b_loo_confusion_all_panels.rds	results/validation/07_exclusion/scenarios/exclude_published_caution/05_loo_validation/step4b_loo_confusion_all_panels.rds	403	ecf544acbf5c1b28ff063575bc4a37238a6a60e2b2c9cf20a3555193dacf1206
results/validation/07_exclusion/scenarios/exclude_published_caution/05_loo_validation/step4b_loo_confusion_all_panels.tsv	results/validation/07_exclusion/scenarios/exclude_published_caution/05_loo_validation/step4b_loo_confusion_all_panels.tsv	703	b562edaed5e5277f096bef33e928546ca6dea672ccf64b13df7bf9db729f7c88
results/validation/07_exclusion/scenarios/exclude_published_caution/05_loo_validation/step4b_loo_panels_index.rds	results/validation/07_exclusion/scenarios/exclude_published_caution/05_loo_validation/step4b_loo_panels_index.rds	936	5867e4c4721d3af6794336b84b60d5f3866bf94f95873fba6cf3f0aad001ee03
results/validation/07_exclusion/scenarios/exclude_published_caution/05_loo_validation/step4b_loo_panels_index.tsv	results/validation/07_exclusion/scenarios/exclude_published_caution/05_loo_validation/step4b_loo_panels_index.tsv	4642	a0109bcc102f871831c6de41864b16915b84fa15ec62b45910ac301775ac080d
results/validation/07_exclusion/scenarios/exclude_published_caution/05_loo_validation/step4b_loo_perclass_all_panels.rds	results/validation/07_exclusion/scenarios/exclude_published_caution/05_loo_validation/step4b_loo_perclass_all_panels.rds	515	98f8e2109793def760797e0d510faa58b61ff8960b42290358373cd0f9cef837
results/validation/07_exclusion/scenarios/exclude_published_caution/05_loo_validation/step4b_loo_perclass_all_panels.tsv	results/validation/07_exclusion/scenarios/exclude_published_caution/05_loo_validation/step4b_loo_perclass_all_panels.tsv	822	ca7e90ae3828018fd3c1e9e38fd936d20381fc1617d2f049be08c272cc5a4b51
results/validation/07_exclusion/scenarios/exclude_published_caution/05_loo_validation/step4b_loo_predictions_all_panels.rds	results/validation/07_exclusion/scenarios/exclude_published_caution/05_loo_validation/step4b_loo_predictions_all_panels.rds	5658	fecc78c01b9e221ab6d9009be6dbf6836ec612b6c8faf1a63ae3cc7ef483a987
results/validation/07_exclusion/scenarios/exclude_published_caution/05_loo_validation/step4b_loo_predictions_all_panels.tsv	results/validation/07_exclusion/scenarios/exclude_published_caution/05_loo_validation/step4b_loo_predictions_all_panels.tsv	84403	1da05829e6f850b20c74f866eacd270f66d7c29ce1b637c3780b0d3cd25586f4
results/validation/07_exclusion/scenarios/exclude_published_caution/05_loo_validation/step4b_loo_raw_all_panels.tsv.gz	results/validation/07_exclusion/scenarios/exclude_published_caution/05_loo_validation/step4b_loo_raw_all_panels.tsv.gz	79063	5096a1a633d6f7dd8e5020521c83208babdd42dc79bcb935db802bf522f93e93
results/validation/07_exclusion/scenarios/exclude_published_caution/05_loo_validation/step4b_loo_reason_counts_all_panels.tsv	results/validation/07_exclusion/scenarios/exclude_published_caution/05_loo_validation/step4b_loo_reason_counts_all_panels.tsv	331	ff618359822e428c92936b68a8d06a39d3d57f8aea3a16f8531e98f74c22100a
results/validation/07_exclusion/scenarios/exclude_published_caution/05_loo_validation/step4b_loo_summary_all_panels.rds	results/validation/07_exclusion/scenarios/exclude_published_caution/05_loo_validation/step4b_loo_summary_all_panels.rds	600	3d1229726ab0bdf1b9918748f9435743bec40e25a165294d5e6fbb59d78daada
results/validation/07_exclusion/scenarios/exclude_published_caution/05_loo_validation/step4b_loo_summary_all_panels.tsv	results/validation/07_exclusion/scenarios/exclude_published_caution/05_loo_validation/step4b_loo_summary_all_panels.tsv	921	9d06c51f6708b4db561dfdf038bc5465c21f5e71959f07554f7de187c4e213c5
results/validation/07_exclusion/scenarios/exclude_published_caution/05_loo_validation/step4b_loo_validation_summary.xlsx	results/validation/07_exclusion/scenarios/exclude_published_caution/05_loo_validation/step4b_loo_validation_summary.xlsx	75574	0091ce4c3e1771d365addd1134301ab4479711f5ff650b2e4e8148635c246ee9
results/validation/07_exclusion/scenarios/exclude_published_caution/05_loo_validation/step4b_params.rds	results/validation/07_exclusion/scenarios/exclude_published_caution/05_loo_validation/step4b_params.rds	706	93fb81f8f66f73fd5150d79f3b4ff9229e922890535faffd3b50f7ff6a47a00f
results/validation/07_exclusion/scenarios/exclude_published_caution/05_loo_validation/step4b_params.tsv	results/validation/07_exclusion/scenarios/exclude_published_caution/05_loo_validation/step4b_params.tsv	1187	6285950c31e90cf6b3168f80f42ba85c91b9f1f14221e422f4d967f78321e874
results/validation/07_exclusion/scenarios/exclude_published_caution/05_loo_validation/step4b_run_info.rds	results/validation/07_exclusion/scenarios/exclude_published_caution/05_loo_validation/step4b_run_info.rds	10060	ed3f7b2c565e5d1d2f76ee5c679a6bbb2ffffe2215229f2c61503e5d4d74ca02
run_public_pipeline.R	run_public_pipeline.R	1003	946f692751b34ddd986560eeb94eacfa0d9dcb467bd7a2d9fd3d50bef246864f
run_validation_pipeline.R	run_validation_pipeline.R	1306	901d95e2444a631704dfa598e4546069816a709774836b151f09ed75c343a030
steps/00_convert_phylip_to_fasta/README.md	steps/00_convert_phylip_to_fasta/README.md	2158	e9018de5cd9e8437f40311acb0843ba316ccc13dc86af2b3ac0ed4ff63c35560
steps/00_convert_phylip_to_fasta/run.R	steps/00_convert_phylip_to_fasta/run.R	12943	6e4a64900c7630ab2f474e4ebafc19872be4f48aa41f3efc9cc3289c173377ff
steps/01_metadata_snapshot_and_ortholog_qc/README.md	steps/01_metadata_snapshot_and_ortholog_qc/README.md	3820	94e9057f015878d7ff3696f49cc3f93707072c9b7c6915059c146ff5ee4258f3
steps/01_metadata_snapshot_and_ortholog_qc/run.R	steps/01_metadata_snapshot_and_ortholog_qc/run.R	29899	c9dd427a041f8be93fab793e606676d65bc1a9afc5b3d221db0a71a4b09af650
steps/02_snp_panel_discovery_and_ranking/README.md	steps/02_snp_panel_discovery_and_ranking/README.md	3926	4fe2a6a22f57bbcf8ad019879ef85ec71b07ccabf0315cc3a253f1a403e26612
steps/02_snp_panel_discovery_and_ranking/run.R	steps/02_snp_panel_discovery_and_ranking/run.R	37705	56ee27031a30334beda739b4509c6f351ddd8bf2cc780af779d5933d17bf7fbd
steps/03_mutual_information_snp_diagnostics/README.md	steps/03_mutual_information_snp_diagnostics/README.md	2409	99058e7e937a2eefb458e3582c09b7ad2da8e8b0a60af41e785f62acbcd1e666
steps/03_mutual_information_snp_diagnostics/run.R	steps/03_mutual_information_snp_diagnostics/run.R	17068	0b02c7e544c5c4577ac9247ff9a2853a4181e592f20dc9a4914c4ccaa9064375
steps/04_hierarchical_origin_assignment/README.md	steps/04_hierarchical_origin_assignment/README.md	4453	66ea3a719c8e7ae0b3d67af27030efce1af1e53c6a1d7007d97e9815a94994b3
steps/04_hierarchical_origin_assignment/run.R	steps/04_hierarchical_origin_assignment/run.R	39084	0b5613e694b6026ef115bec0723e2a48c9b6539fbb688817c59c00d092c9237b
steps/05_full_panel_loo_validation/README.md	steps/05_full_panel_loo_validation/README.md	4498	12eaa4ad8cb0e65cbf19f0b03ca83ce6fc7ebcb02e3cab073f9a94e83afed297
steps/05_full_panel_loo_validation/run.R	steps/05_full_panel_loo_validation/run.R	41513	f3661591f18e64d9ed225b2011e557ff0470d5abef924abd2853376dc924aa04
steps/06_random_forest_corroboration/README.md	steps/06_random_forest_corroboration/README.md	4121	a37963c032d0efcf0f49ea89721b39cb44028498944917855dd851d7a60bd176
steps/06_random_forest_corroboration/run.R	steps/06_random_forest_corroboration/run.R	34035	e0cd245af739e95a79be8c7c5c584cb5530eeb9769d486afe3731411b83d6fda
steps/07_authority_facing_report/README.md	steps/07_authority_facing_report/README.md	5571	e958e526719828909df304a74a0fdad98004afb08fc5a3dba73ddfb1059d07a1
steps/07_authority_facing_report/check_reporting.R	steps/07_authority_facing_report/check_reporting.R	4045	4f859ad955624716d675cc7343f232b1467d14d440e27fab69714123fbd03eea
steps/07_authority_facing_report/reporting_criteria.R	steps/07_authority_facing_report/reporting_criteria.R	8078	b43a167fd4bad354e7d6dcd0caab2bb2a152dfcedd5dc402aaf53c4240a9f377
steps/07_authority_facing_report/run.R	steps/07_authority_facing_report/run.R	48357	fe183c2915349df50b08b12e864292cf31400c837de5ca90d4907b5db472c21f
steps/validation/01_out_of_scope_challenge/README.md	steps/validation/01_out_of_scope_challenge/README.md	2473	94f4006105098bc90e020c587df281e569f25c9c618356396e3fc9379fcb24b1
steps/validation/01_out_of_scope_challenge/run.R	steps/validation/01_out_of_scope_challenge/run.R	20797	e40297c61a5750eb2d8de3fb3608f6bac4312009af762e9dbab7f410d6c0f74c
steps/validation/02_grouped_geographic_cv/README.md	steps/validation/02_grouped_geographic_cv/README.md	5053	bf366a88eb02db780eed6b652537a5a9b511a5e704ec79798d859cc394b78016
steps/validation/02_grouped_geographic_cv/run.R	steps/validation/02_grouped_geographic_cv/run.R	67915	2c3cdbf62172648b24b22dafb7c8b2ef6aa85effb27f06487491f3b2d3a6b27b
steps/validation/03_reference_set_audit/README.md	steps/validation/03_reference_set_audit/README.md	2956	64b2d3757a903a7b762eb2fd94cd4e41b3e2625865f6c998385d974c4a30ffbc
steps/validation/03_reference_set_audit/run.R	steps/validation/03_reference_set_audit/run.R	46392	ec9ec717854062f2370fb9c67fe5748e61b68095e2f856fa325fdcdc00121a90
steps/validation/04_mascarene_coding_sensitivity/README.md	steps/validation/04_mascarene_coding_sensitivity/README.md	3017	f8078f2007d1be7302f20fb9eb2e56cf314e3876fcfa7c5b231e3e85fe8ef845
steps/validation/04_mascarene_coding_sensitivity/run.R	steps/validation/04_mascarene_coding_sensitivity/run.R	35268	167cf36814a3f3ecaff1509453b7cb9fd302167b99ed3f00668016f6995f1375
steps/validation/05_reference_downsampling/README.md	steps/validation/05_reference_downsampling/README.md	5449	23636970974094e897c52b80a0418b30c8c82b6c348b8ff30ddca01c7a5b99e6
steps/validation/05_reference_downsampling/run.R	steps/validation/05_reference_downsampling/run.R	71025	b1615948a2bb6dfcee1c38bb0273c680597a1a6cef68df403144cd842797a62a
steps/validation/06_marker_resampling/README.md	steps/validation/06_marker_resampling/README.md	3919	35edabdd73afcf0f9ef1a6517f1411b7242c091052b60337c0df3af680018902
steps/validation/06_marker_resampling/run.R	steps/validation/06_marker_resampling/run.R	62197	bff5609cdbaa216cd72cd38891e3ee3a4c5b7f355183376015ab0857c23eaf77
steps/validation/07_reference_exclusion_sensitivity/README.md	steps/validation/07_reference_exclusion_sensitivity/README.md	2982	4d511ad30596f5b7cbb87432be8ea825b610145067055a1495df3905e6c64406
steps/validation/07_reference_exclusion_sensitivity/run.R	steps/validation/07_reference_exclusion_sensitivity/run.R	43258	139c7e161116f83ac80e3397aaee0aab9bb75e730521906766071bf0ca9a66fb
steps/validation/README.md	steps/validation/README.md	2694	30ddcb51da25686f226194b8b0776dbb95acb9c226e65b98941eb6679f3da8fb
tools/check_implementation.R	tools/check_implementation.R	1714	6c2221dfde89e929e5eab8fe7409ffbf7a5624f5ec818c69c353fedc8c3f2251
verify_release.R	verify_release.R	11912	0c0b384af29de04fe160127517339f1ff4ccb2ad9660d38eb5f417abe622fe4d
README.md	supplementary/S6/README.md	9380	70d294f0a7c7c46ba866b18e1f06b74e0c8f9909c8f99a8480bc7a3dfbe47bf3
S6_reader_guide.pdf	supplementary/S6/S6_reader_guide.pdf	153550	2649d148309a53b74de2d8d1ddaf3c5750d547e9d5fafecf229300551a94b3f2
source_map.tsv	supplementary/S6/source_map.tsv	4754	b449416cd19bb99d758b1596003d9457cd8df90df806da31e82a750b7b4ff78c
verify_archive.py	supplementary/S6/verify_archive.py	1026	6212e323272584c2665c73c42eac05ea7935bf0f667bc5215af698ffe5291419
duplicate_exports.tsv	supplementary/S6/duplicate_exports.tsv	23462	c0ddc71609056b679dcdb1e3a79c0a2b7e08f9a2a13448d789bd33d39a944240
assembly_info.json	supplementary/S6/assembly_info.json	2255	b462c4f7a2b65ce2bc68ba9d342f55ab9e5793e8c58e7127f22e7e709d00805e
