sample_id	top_group	top_prob	second_group	second_prob	prob_gap	n_snps_used	confidence	panel_id	group_col	rep	fold	true_group	correct
MauLaS3	SE_Asia	0.896	S_Asia	0.067	0.829	11074	Moderate	P3_subregion_within_asia	subregion	1	1	SE_Asia	TRUE
MauLaS4	SE_Asia	0.843	S_Asia	0.097	0.746	11061	Low	P3_subregion_within_asia	subregion	1	1	SE_Asia	TRUE
ReuBas3	SE_Asia	0.848	S_Asia	0.087	0.761	11074	Low	P3_subregion_within_asia	subregion	1	1	SE_Asia	TRUE
BDKG03	S_Asia	0.552	SE_Asia	0.247	0.305	11045	Low	P3_subregion_within_asia	subregion	1	1	S_Asia	TRUE
FJZZ02	E_Asia	0.852	SE_Asia	0.096	0.756	11069	Moderate	P3_subregion_within_asia	subregion	1	1	E_Asia	TRUE
FJZZ04	E_Asia	0.849	SE_Asia	0.092	0.757	11070	Low	P3_subregion_within_asia	subregion	1	1	E_Asia	TRUE
GDGZ02	E_Asia	0.703	SE_Asia	0.158	0.545	11076	Low	P3_subregion_within_asia	subregion	1	1	E_Asia	TRUE
GDGZ04	E_Asia	0.811	SE_Asia	0.119	0.692	11062	Low	P3_subregion_within_asia	subregion	1	1	E_Asia	TRUE
GXNN04	E_Asia	0.533	SE_Asia	0.266	0.267	11067	Low	P3_subregion_within_asia	subregion	1	1	E_Asia	TRUE
GZDY02	E_Asia	0.686	SE_Asia	0.173	0.513	11079	Low	P3_subregion_within_asia	subregion	1	1	E_Asia	TRUE
HBWH03	E_Asia	0.589	SE_Asia	0.251	0.338	11073	Low	P3_subregion_within_asia	subregion	1	1	E_Asia	TRUE
HBWH05	E_Asia	0.713	SE_Asia	0.165	0.548	11062	Low	P3_subregion_within_asia	subregion	1	1	E_Asia	TRUE
HNDZ03	E_Asia	0.527	SE_Asia	0.287	0.24	11067	Low	P3_subregion_within_asia	subregion	1	1	E_Asia	TRUE
HNSY03	E_Asia	0.651	SE_Asia	0.207	0.444	11018	Low	P3_subregion_within_asia	subregion	1	1	E_Asia	TRUE
IDJI03	SE_Asia	0.721	E_Asia	0.168	0.553	11053	Low	P3_subregion_within_asia	subregion	1	1	SE_Asia	TRUE
INAS02	S_Asia	0.445	E_Asia	0.292	0.153	11053	Uncertain	P3_subregion_within_asia	subregion	1	1	S_Asia	TRUE
INPJ02	S_Asia	0.634	SE_Asia	0.197	0.437	11051	Low	P3_subregion_within_asia	subregion	1	1	S_Asia	TRUE
INTG01	S_Asia	0.432	SE_Asia	0.305	0.127	11072	Uncertain	P3_subregion_within_asia	subregion	1	1	S_Asia	TRUE
INTG04	S_Asia	0.427	SE_Asia	0.315	0.112	11063	Uncertain	P3_subregion_within_asia	subregion	1	1	S_Asia	TRUE
INTN02	S_Asia	0.691	SE_Asia	0.207	0.484	11068	Low	P3_subregion_within_asia	subregion	1	1	S_Asia	TRUE
INTN03	S_Asia	0.651	E_Asia	0.183	0.468	11040	Low	P3_subregion_within_asia	subregion	1	1	S_Asia	TRUE
JSZJ05	E_Asia	0.766	SE_Asia	0.134	0.632	11072	Low	P3_subregion_within_asia	subregion	1	1	E_Asia	TRUE
LAVT02	SE_Asia	0.387	E_Asia	0.367	0.02	11032	Uncertain	P3_subregion_within_asia	subregion	1	1	SE_Asia	TRUE
MMYG05	SE_Asia	0.852	E_Asia	0.079	0.773	11023	Moderate	P3_subregion_within_asia	subregion	1	1	SE_Asia	TRUE
NPSH07	S_Asia	0.559	SE_Asia	0.252	0.307	11064	Low	P3_subregion_within_asia	subregion	1	1	S_Asia	TRUE
PHDM03	SE_Asia	0.832	E_Asia	0.1	0.732	11040	Low	P3_subregion_within_asia	subregion	1	1	SE_Asia	TRUE
PHDM04	SE_Asia	0.827	S_Asia	0.089	0.738	11012	Low	P3_subregion_within_asia	subregion	1	1	SE_Asia	TRUE
PHDV03	SE_Asia	0.853	E_Asia	0.083	0.77	11059	Moderate	P3_subregion_within_asia	subregion	1	1	SE_Asia	TRUE
PKMR02	S_Asia	0.69	SE_Asia	0.167	0.523	11073	Low	P3_subregion_within_asia	subregion	1	1	S_Asia	TRUE
SCLS04	E_Asia	0.617	SE_Asia	0.239	0.378	11072	Low	P3_subregion_within_asia	subregion	1	1	E_Asia	TRUE
THBK04	E_Asia	0.403	SE_Asia	0.395	0.00800000000000001	11057	Uncertain	P3_subregion_within_asia	subregion	1	1	SE_Asia	FALSE
THPK01	SE_Asia	0.576	E_Asia	0.232	0.344	11074	Low	P3_subregion_within_asia	subregion	1	1	SE_Asia	TRUE
TWTY02	E_Asia	0.849	SE_Asia	0.092	0.757	11059	Low	P3_subregion_within_asia	subregion	1	1	E_Asia	TRUE
VNTG01	SE_Asia	0.491	E_Asia	0.276	0.215	11075	Low	P3_subregion_within_asia	subregion	1	1	SE_Asia	TRUE
YNJH02	E_Asia	0.794	SE_Asia	0.144	0.65	10814	Low	P3_subregion_within_asia	subregion	1	1	E_Asia	TRUE
YNJH03	E_Asia	0.765	SE_Asia	0.159	0.606	10671	Low	P3_subregion_within_asia	subregion	1	1	E_Asia	TRUE
ZJZJ04	E_Asia	0.71	SE_Asia	0.149	0.561	11081	Low	P3_subregion_within_asia	subregion	1	1	E_Asia	TRUE
ReuPal2	SE_Asia	0.83	S_Asia	0.105	0.725	11056	Low	P3_subregion_within_asia	subregion	1	1	SE_Asia	TRUE
ReuPal4	SE_Asia	0.707	S_Asia	0.197	0.51	11009	Low	P3_subregion_within_asia	subregion	1	1	SE_Asia	TRUE
ReuPaL5	SE_Asia	0.825	S_Asia	0.115	0.71	11074	Low	P3_subregion_within_asia	subregion	1	1	SE_Asia	TRUE
ReuBen2	SE_Asia	0.831	S_Asia	0.104	0.727	11070	Low	P3_subregion_within_asia	subregion	1	1	SE_Asia	TRUE
ReuBen5	SE_Asia	0.817	S_Asia	0.092	0.725	11072	Low	P3_subregion_within_asia	subregion	1	1	SE_Asia	TRUE
ReuPau2	SE_Asia	0.83	S_Asia	0.113	0.717	11068	Low	P3_subregion_within_asia	subregion	1	1	SE_Asia	TRUE
MauLaS1	SE_Asia	0.887	S_Asia	0.075	0.812	11068	Moderate	P3_subregion_within_asia	subregion	1	2	SE_Asia	TRUE
MauLaS2	SE_Asia	0.847	S_Asia	0.109	0.738	11070	Low	P3_subregion_within_asia	subregion	1	2	SE_Asia	TRUE
ReuBas4	SE_Asia	0.856	S_Asia	0.105	0.751	11065	Moderate	P3_subregion_within_asia	subregion	1	2	SE_Asia	TRUE
ReuBas5	SE_Asia	0.831	S_Asia	0.102	0.729	11054	Low	P3_subregion_within_asia	subregion	1	2	SE_Asia	TRUE
GXNN05	E_Asia	0.581	SE_Asia	0.225	0.356	11069	Low	P3_subregion_within_asia	subregion	1	2	E_Asia	TRUE
GZDY03	E_Asia	0.442	SE_Asia	0.286	0.156	11063	Uncertain	P3_subregion_within_asia	subregion	1	2	E_Asia	TRUE
HNDZ01	E_Asia	0.728	SE_Asia	0.147	0.581	11073	Low	P3_subregion_within_asia	subregion	1	2	E_Asia	TRUE
HNDZ02	E_Asia	0.565	S_Asia	0.222	0.343	11067	Low	P3_subregion_within_asia	subregion	1	2	E_Asia	TRUE
HNLY04	E_Asia	0.64	SE_Asia	0.205	0.435	11077	Low	P3_subregion_within_asia	subregion	1	2	E_Asia	TRUE
HNLY05	E_Asia	0.733	SE_Asia	0.158	0.575	11009	Low	P3_subregion_within_asia	subregion	1	2	E_Asia	TRUE
HNSY02	E_Asia	0.718	SE_Asia	0.153	0.565	11070	Low	P3_subregion_within_asia	subregion	1	2	E_Asia	TRUE
IDJI01	SE_Asia	0.688	E_Asia	0.178	0.51	11065	Low	P3_subregion_within_asia	subregion	1	2	SE_Asia	TRUE
IDJI05	SE_Asia	0.675	E_Asia	0.176	0.499	11069	Low	P3_subregion_within_asia	subregion	1	2	SE_Asia	TRUE
INBH01	S_Asia	0.642	SE_Asia	0.213	0.429	11065	Low	P3_subregion_within_asia	subregion	1	2	S_Asia	TRUE
INBH02	S_Asia	0.642	SE_Asia	0.209	0.433	11050	Low	P3_subregion_within_asia	subregion	1	2	S_Asia	TRUE
INBH03	S_Asia	0.633	SE_Asia	0.227	0.406	11068	Low	P3_subregion_within_asia	subregion	1	2	S_Asia	TRUE
INPJ01	S_Asia	0.579	SE_Asia	0.259	0.32	11015	Low	P3_subregion_within_asia	subregion	1	2	S_Asia	TRUE
INPJ05	S_Asia	0.645	SE_Asia	0.203	0.442	11062	Low	P3_subregion_within_asia	subregion	1	2	S_Asia	TRUE
JSZJ01	E_Asia	0.822	SE_Asia	0.11	0.712	11050	Low	P3_subregion_within_asia	subregion	1	2	E_Asia	TRUE
LAVT05	SE_Asia	0.419	E_Asia	0.332	0.087	11057	Uncertain	P3_subregion_within_asia	subregion	1	2	SE_Asia	TRUE
LKAD02	S_Asia	0.528	SE_Asia	0.272	0.256	11074	Low	P3_subregion_within_asia	subregion	1	2	S_Asia	TRUE
MYKL01	SE_Asia	0.523	E_Asia	0.301	0.222	11063	Low	P3_subregion_within_asia	subregion	1	2	SE_Asia	TRUE
NPSH05	S_Asia	0.533	SE_Asia	0.235	0.298	11068	Low	P3_subregion_within_asia	subregion	1	2	S_Asia	TRUE
PHDM01	SE_Asia	0.824	E_Asia	0.09	0.734	11024	Low	P3_subregion_within_asia	subregion	1	2	SE_Asia	TRUE
PHDM02	SE_Asia	0.781	E_Asia	0.119	0.662	10979	Low	P3_subregion_within_asia	subregion	1	2	SE_Asia	TRUE
PHDV02	SE_Asia	0.748	S_Asia	0.127	0.621	11050	Low	P3_subregion_within_asia	subregion	1	2	SE_Asia	TRUE
PKMR04	S_Asia	0.589	E_Asia	0.209	0.38	11063	Low	P3_subregion_within_asia	subregion	1	2	S_Asia	TRUE
PKMR05	S_Asia	0.662	SE_Asia	0.191	0.471	11071	Low	P3_subregion_within_asia	subregion	1	2	S_Asia	TRUE
SCLS01	E_Asia	0.677	SE_Asia	0.195	0.482	11071	Low	P3_subregion_within_asia	subregion	1	2	E_Asia	TRUE
SCLS05	E_Asia	0.6	SE_Asia	0.233	0.367	11061	Low	P3_subregion_within_asia	subregion	1	2	E_Asia	TRUE
THPK03	SE_Asia	0.571	S_Asia	0.219	0.352	11069	Low	P3_subregion_within_asia	subregion	1	2	SE_Asia	TRUE
TWPD03	E_Asia	0.813	SE_Asia	0.102	0.711	11044	Low	P3_subregion_within_asia	subregion	1	2	E_Asia	TRUE
TWTY04	E_Asia	0.834	SE_Asia	0.106	0.728	11065	Low	P3_subregion_within_asia	subregion	1	2	E_Asia	TRUE
VNTG02	SE_Asia	0.452	E_Asia	0.31	0.142	11070	Uncertain	P3_subregion_within_asia	subregion	1	2	SE_Asia	TRUE
VNTG04	SE_Asia	0.421	E_Asia	0.295	0.126	11063	Uncertain	P3_subregion_within_asia	subregion	1	2	SE_Asia	TRUE
YNBS02	SE_Asia	0.361	E_Asia	0.339	0.022	11070	Uncertain	P3_subregion_within_asia	subregion	1	2	E_Asia	FALSE
YNBS05	E_Asia	0.489	SE_Asia	0.27	0.219	11043	Low	P3_subregion_within_asia	subregion	1	2	E_Asia	TRUE
YNJH04	SE_Asia	0.355	S_Asia	0.33	0.025	11068	Uncertain	P3_subregion_within_asia	subregion	1	2	E_Asia	FALSE
ZJZJ05	E_Asia	0.705	S_Asia	0.154	0.551	11075	Low	P3_subregion_within_asia	subregion	1	2	E_Asia	TRUE
ReuSal1	SE_Asia	0.836	S_Asia	0.108	0.728	11075	Low	P3_subregion_within_asia	subregion	1	2	SE_Asia	TRUE
ReuSal3	SE_Asia	0.861	S_Asia	0.089	0.772	11074	Moderate	P3_subregion_within_asia	subregion	1	2	SE_Asia	TRUE
ReuAnd5	SE_Asia	0.815	S_Asia	0.118	0.697	11069	Low	P3_subregion_within_asia	subregion	1	2	SE_Asia	TRUE
ReuPie2	SE_Asia	0.838	S_Asia	0.108	0.73	11073	Low	P3_subregion_within_asia	subregion	1	2	SE_Asia	TRUE
ReuSte5	SE_Asia	0.885	S_Asia	0.064	0.821	10200	Moderate	P3_subregion_within_asia	subregion	1	3	SE_Asia	TRUE
BDKG01	S_Asia	0.411	E_Asia	0.325	0.086	11069	Uncertain	P3_subregion_within_asia	subregion	1	3	S_Asia	TRUE
BDKG02	S_Asia	0.574	SE_Asia	0.224	0.35	11046	Low	P3_subregion_within_asia	subregion	1	3	S_Asia	TRUE
GDGZ01	E_Asia	0.673	SE_Asia	0.205	0.468	11052	Low	P3_subregion_within_asia	subregion	1	3	E_Asia	TRUE
GDGZ05	E_Asia	0.796	SE_Asia	0.11	0.686	11062	Low	P3_subregion_within_asia	subregion	1	3	E_Asia	TRUE
HBWH01	E_Asia	0.807	SE_Asia	0.108	0.699	11059	Low	P3_subregion_within_asia	subregion	1	3	E_Asia	TRUE
INAS01	SE_Asia	0.357	S_Asia	0.332	0.025	11071	Uncertain	P3_subregion_within_asia	subregion	1	3	S_Asia	FALSE
INAS04	SE_Asia	0.353	S_Asia	0.329	0.024	11054	Uncertain	P3_subregion_within_asia	subregion	1	3	S_Asia	FALSE
INPJ04	S_Asia	0.601	E_Asia	0.212	0.389	11043	Low	P3_subregion_within_asia	subregion	1	3	S_Asia	TRUE
INTG05	S_Asia	0.426	SE_Asia	0.293	0.133	11058	Uncertain	P3_subregion_within_asia	subregion	1	3	S_Asia	TRUE
JXNC01	E_Asia	0.805	SE_Asia	0.122	0.683	11075	Low	P3_subregion_within_asia	subregion	1	3	E_Asia	TRUE
JXNC02	E_Asia	0.775	SE_Asia	0.145	0.63	11076	Low	P3_subregion_within_asia	subregion	1	3	E_Asia	TRUE
JXNC03	E_Asia	0.696	SE_Asia	0.167	0.529	11067	Low	P3_subregion_within_asia	subregion	1	3	E_Asia	TRUE
JXNC05	E_Asia	0.788	SE_Asia	0.119	0.669	11054	Low	P3_subregion_within_asia	subregion	1	3	E_Asia	TRUE
LAVT03	E_Asia	0.462	SE_Asia	0.324	0.138	11056	Uncertain	P3_subregion_within_asia	subregion	1	3	SE_Asia	FALSE
LKAD03	S_Asia	0.43	SE_Asia	0.325	0.105	11069	Uncertain	P3_subregion_within_asia	subregion	1	3	S_Asia	TRUE
LKAD05	S_Asia	0.459	SE_Asia	0.33	0.129	11059	Uncertain	P3_subregion_within_asia	subregion	1	3	S_Asia	TRUE
MMYG01	SE_Asia	0.852	E_Asia	0.098	0.754	11017	Moderate	P3_subregion_within_asia	subregion	1	3	SE_Asia	TRUE
MYKL02	SE_Asia	0.574	E_Asia	0.283	0.291	11038	Low	P3_subregion_within_asia	subregion	1	3	SE_Asia	TRUE
MYKL04	SE_Asia	0.587	E_Asia	0.273	0.314	11061	Low	P3_subregion_within_asia	subregion	1	3	SE_Asia	TRUE
PHDM05	SE_Asia	0.833	E_Asia	0.1	0.733	11043	Low	P3_subregion_within_asia	subregion	1	3	SE_Asia	TRUE
PHDV01	SE_Asia	0.799	E_Asia	0.122	0.677	11055	Low	P3_subregion_within_asia	subregion	1	3	SE_Asia	TRUE
PHDV04	SE_Asia	0.758	E_Asia	0.155	0.603	11065	Low	P3_subregion_within_asia	subregion	1	3	SE_Asia	TRUE
PKMR03	S_Asia	0.583	SE_Asia	0.241	0.342	10968	Low	P3_subregion_within_asia	subregion	1	3	S_Asia	TRUE
THBK03	E_Asia	0.549	SE_Asia	0.299	0.25	11075	Low	P3_subregion_within_asia	subregion	1	3	SE_Asia	FALSE
THBK06	E_Asia	0.498	SE_Asia	0.308	0.19	11039	Uncertain	P3_subregion_within_asia	subregion	1	3	SE_Asia	FALSE
THPK04	SE_Asia	0.494	E_Asia	0.284	0.21	11070	Low	P3_subregion_within_asia	subregion	1	3	SE_Asia	TRUE
TWPD01	E_Asia	0.843	SE_Asia	0.1	0.743	11051	Low	P3_subregion_within_asia	subregion	1	3	E_Asia	TRUE
TWPD05	E_Asia	0.829	SE_Asia	0.096	0.733	10265	Low	P3_subregion_within_asia	subregion	1	3	E_Asia	TRUE
TWTY03	E_Asia	0.837	SE_Asia	0.082	0.755	11057	Low	P3_subregion_within_asia	subregion	1	3	E_Asia	TRUE
VNTG03	SE_Asia	0.47	E_Asia	0.327	0.143	11075	Uncertain	P3_subregion_within_asia	subregion	1	3	SE_Asia	TRUE
YNBS01	E_Asia	0.567	SE_Asia	0.248	0.319	11077	Low	P3_subregion_within_asia	subregion	1	3	E_Asia	TRUE
YNBS03	E_Asia	0.668	SE_Asia	0.188	0.48	11073	Low	P3_subregion_within_asia	subregion	1	3	E_Asia	TRUE
YNBS04	E_Asia	0.48	SE_Asia	0.299	0.181	11077	Uncertain	P3_subregion_within_asia	subregion	1	3	E_Asia	TRUE
YNJH01	E_Asia	0.761	SE_Asia	0.165	0.596	10797	Low	P3_subregion_within_asia	subregion	1	3	E_Asia	TRUE
YNJH05	E_Asia	0.789	SE_Asia	0.152	0.637	10823	Low	P3_subregion_within_asia	subregion	1	3	E_Asia	TRUE
ZJZJ02	E_Asia	0.825	SE_Asia	0.116	0.709	11060	Low	P3_subregion_within_asia	subregion	1	3	E_Asia	TRUE
ReuAnd1	SE_Asia	0.822	S_Asia	0.096	0.726	11073	Low	P3_subregion_within_asia	subregion	1	3	SE_Asia	TRUE
ReuBen3	SE_Asia	0.881	S_Asia	0.07	0.811	11075	Moderate	P3_subregion_within_asia	subregion	1	3	SE_Asia	TRUE
ReuBen4	SE_Asia	0.838	S_Asia	0.101	0.737	11075	Low	P3_subregion_within_asia	subregion	1	3	SE_Asia	TRUE
ReuPie3	SE_Asia	0.824	S_Asia	0.114	0.71	11062	Low	P3_subregion_within_asia	subregion	1	3	SE_Asia	TRUE
ReuPie4	SE_Asia	0.784	E_Asia	0.136	0.648	1698	Low	P3_subregion_within_asia	subregion	1	3	SE_Asia	TRUE
ReuPie5	SE_Asia	0.839	S_Asia	0.1	0.739	11072	Low	P3_subregion_within_asia	subregion	1	3	SE_Asia	TRUE
ReuBas2	SE_Asia	0.904	S_Asia	0.067	0.837	11016	Moderate	P3_subregion_within_asia	subregion	1	4	SE_Asia	TRUE
ReuSte1	SE_Asia	0.88	S_Asia	0.075	0.805	11052	Moderate	P3_subregion_within_asia	subregion	1	4	SE_Asia	TRUE
ReuSte2	SE_Asia	0.859	S_Asia	0.08	0.779	11056	Moderate	P3_subregion_within_asia	subregion	1	4	SE_Asia	TRUE
ReuSte4	SE_Asia	0.82	S_Asia	0.113	0.707	11057	Low	P3_subregion_within_asia	subregion	1	4	SE_Asia	TRUE
BDKG04	SE_Asia	0.366	S_Asia	0.359	0.00700000000000001	11071	Uncertain	P3_subregion_within_asia	subregion	1	4	S_Asia	FALSE
BDKG05	S_Asia	0.548	SE_Asia	0.263	0.285	11074	Low	P3_subregion_within_asia	subregion	1	4	S_Asia	TRUE
GXNN02	E_Asia	0.724	SE_Asia	0.18	0.544	11060	Low	P3_subregion_within_asia	subregion	1	4	E_Asia	TRUE
HBWH02	E_Asia	0.738	SE_Asia	0.145	0.593	11065	Low	P3_subregion_within_asia	subregion	1	4	E_Asia	TRUE
HBWH04	E_Asia	0.785	SE_Asia	0.13	0.655	11070	Low	P3_subregion_within_asia	subregion	1	4	E_Asia	TRUE
HNLY01	E_Asia	0.529	SE_Asia	0.241	0.288	11064	Low	P3_subregion_within_asia	subregion	1	4	E_Asia	TRUE
HNLY02	E_Asia	0.699	SE_Asia	0.166	0.533	11028	Low	P3_subregion_within_asia	subregion	1	4	E_Asia	TRUE
HNSY01	E_Asia	0.627	SE_Asia	0.221	0.406	11067	Low	P3_subregion_within_asia	subregion	1	4	E_Asia	TRUE
HNSY04	E_Asia	0.714	SE_Asia	0.145	0.569	11066	Low	P3_subregion_within_asia	subregion	1	4	E_Asia	TRUE
HNSY05	E_Asia	0.687	SE_Asia	0.191	0.496	11058	Low	P3_subregion_within_asia	subregion	1	4	E_Asia	TRUE
INBH05	S_Asia	0.584	SE_Asia	0.253	0.331	10171	Low	P3_subregion_within_asia	subregion	1	4	S_Asia	TRUE
INTN01	S_Asia	0.665	SE_Asia	0.185	0.48	11071	Low	P3_subregion_within_asia	subregion	1	4	S_Asia	TRUE
INTN04	S_Asia	0.719	SE_Asia	0.152	0.567	11078	Low	P3_subregion_within_asia	subregion	1	4	S_Asia	TRUE
JSZJ04	E_Asia	0.555	SE_Asia	0.264	0.291	11074	Low	P3_subregion_within_asia	subregion	1	4	E_Asia	TRUE
LKAD01	S_Asia	0.481	E_Asia	0.261	0.22	11071	Low	P3_subregion_within_asia	subregion	1	4	S_Asia	TRUE
MMYG04	SE_Asia	0.836	E_Asia	0.102	0.734	11010	Low	P3_subregion_within_asia	subregion	1	4	SE_Asia	TRUE
MYKL03	SE_Asia	0.643	E_Asia	0.185	0.458	11057	Low	P3_subregion_within_asia	subregion	1	4	SE_Asia	TRUE
MYKL05	SE_Asia	0.614	E_Asia	0.241	0.373	11058	Low	P3_subregion_within_asia	subregion	1	4	SE_Asia	TRUE
NPSH06	S_Asia	0.39	SE_Asia	0.321	0.069	11075	Uncertain	P3_subregion_within_asia	subregion	1	4	S_Asia	TRUE
NPSH08	S_Asia	0.587	SE_Asia	0.239	0.348	11021	Low	P3_subregion_within_asia	subregion	1	4	S_Asia	TRUE
NPSH04	S_Asia	0.531	SE_Asia	0.256	0.275	11075	Low	P3_subregion_within_asia	subregion	1	4	S_Asia	TRUE
PHDV05	SE_Asia	0.854	E_Asia	0.076	0.778	11056	Moderate	P3_subregion_within_asia	subregion	1	4	SE_Asia	TRUE
SCLS02	E_Asia	0.564	SE_Asia	0.272	0.292	11065	Low	P3_subregion_within_asia	subregion	1	4	E_Asia	TRUE
THBK01	E_Asia	0.443	SE_Asia	0.343	0.1	11066	Uncertain	P3_subregion_within_asia	subregion	1	4	SE_Asia	FALSE
THBK02	SE_Asia	0.423	E_Asia	0.408	0.015	11039	Uncertain	P3_subregion_within_asia	subregion	1	4	SE_Asia	TRUE
TWPD02	E_Asia	0.845	SE_Asia	0.084	0.761	11005	Low	P3_subregion_within_asia	subregion	1	4	E_Asia	TRUE
TWPD04	E_Asia	0.818	SE_Asia	0.108	0.71	10980	Low	P3_subregion_within_asia	subregion	1	4	E_Asia	TRUE
TWTY01	E_Asia	0.802	SE_Asia	0.1	0.702	11062	Low	P3_subregion_within_asia	subregion	1	4	E_Asia	TRUE
TWTY05	E_Asia	0.747	SE_Asia	0.145	0.602	11068	Low	P3_subregion_within_asia	subregion	1	4	E_Asia	TRUE
VNTG05	SE_Asia	0.425	E_Asia	0.344	0.081	10965	Uncertain	P3_subregion_within_asia	subregion	1	4	SE_Asia	TRUE
ZJZJ01	E_Asia	0.717	SE_Asia	0.16	0.557	11059	Low	P3_subregion_within_asia	subregion	1	4	E_Asia	TRUE
ZJZJ03	E_Asia	0.786	SE_Asia	0.137	0.649	11077	Low	P3_subregion_within_asia	subregion	1	4	E_Asia	TRUE
ReuPal3	SE_Asia	0.787	S_Asia	0.12	0.667	11056	Low	P3_subregion_within_asia	subregion	1	4	SE_Asia	TRUE
ReuSaL5	SE_Asia	0.832	S_Asia	0.085	0.747	11078	Low	P3_subregion_within_asia	subregion	1	4	SE_Asia	TRUE
ReuAnd3	SE_Asia	0.833	S_Asia	0.093	0.74	11074	Low	P3_subregion_within_asia	subregion	1	4	SE_Asia	TRUE
ReuBen1	SE_Asia	0.843	S_Asia	0.091	0.752	11070	Low	P3_subregion_within_asia	subregion	1	4	SE_Asia	TRUE
ReuPau1	SE_Asia	0.841	S_Asia	0.099	0.742	11061	Low	P3_subregion_within_asia	subregion	1	4	SE_Asia	TRUE
ReuPau3	SE_Asia	0.815	S_Asia	0.119	0.696	11065	Low	P3_subregion_within_asia	subregion	1	4	SE_Asia	TRUE
ReuPau5	SE_Asia	0.842	S_Asia	0.089	0.753	11076	Low	P3_subregion_within_asia	subregion	1	4	SE_Asia	TRUE
MauLaS5	SE_Asia	0.886	S_Asia	0.076	0.81	11042	Moderate	P3_subregion_within_asia	subregion	1	5	SE_Asia	TRUE
ReuBas1	SE_Asia	0.883	S_Asia	0.073	0.81	11034	Moderate	P3_subregion_within_asia	subregion	1	5	SE_Asia	TRUE
ReuSte3	SE_Asia	0.822	S_Asia	0.112	0.71	11056	Low	P3_subregion_within_asia	subregion	1	5	SE_Asia	TRUE
FJZZ01	E_Asia	0.803	SE_Asia	0.117	0.686	11052	Low	P3_subregion_within_asia	subregion	1	5	E_Asia	TRUE
FJZZ03	E_Asia	0.772	SE_Asia	0.121	0.651	11075	Low	P3_subregion_within_asia	subregion	1	5	E_Asia	TRUE
FJZZ05	E_Asia	0.834	SE_Asia	0.108	0.726	11073	Low	P3_subregion_within_asia	subregion	1	5	E_Asia	TRUE
GDGZ03	E_Asia	0.732	SE_Asia	0.191	0.541	11079	Low	P3_subregion_within_asia	subregion	1	5	E_Asia	TRUE
GXNN01	E_Asia	0.626	SE_Asia	0.228	0.398	11075	Low	P3_subregion_within_asia	subregion	1	5	E_Asia	TRUE
GXNN03	E_Asia	0.66	SE_Asia	0.193	0.467	11070	Low	P3_subregion_within_asia	subregion	1	5	E_Asia	TRUE
GZDY01	E_Asia	0.601	SE_Asia	0.234	0.367	11074	Low	P3_subregion_within_asia	subregion	1	5	E_Asia	TRUE
GZDY04	E_Asia	0.737	SE_Asia	0.152	0.585	11080	Low	P3_subregion_within_asia	subregion	1	5	E_Asia	TRUE
GZDY05	E_Asia	0.503	SE_Asia	0.299	0.204	11071	Low	P3_subregion_within_asia	subregion	1	5	E_Asia	TRUE
HNDZ04	E_Asia	0.534	SE_Asia	0.26	0.274	11047	Low	P3_subregion_within_asia	subregion	1	5	E_Asia	TRUE
HNDZ05	E_Asia	0.56	SE_Asia	0.243	0.317	11066	Low	P3_subregion_within_asia	subregion	1	5	E_Asia	TRUE
HNLY03	E_Asia	0.629	SE_Asia	0.238	0.391	11065	Low	P3_subregion_within_asia	subregion	1	5	E_Asia	TRUE
IDJI02	SE_Asia	0.735	E_Asia	0.152	0.583	11063	Low	P3_subregion_within_asia	subregion	1	5	SE_Asia	TRUE
IDJI04	SE_Asia	0.653	E_Asia	0.248	0.405	11035	Low	P3_subregion_within_asia	subregion	1	5	SE_Asia	TRUE
INAS03	S_Asia	0.421	E_Asia	0.295	0.126	11063	Uncertain	P3_subregion_within_asia	subregion	1	5	S_Asia	TRUE
INAS05	S_Asia	0.407	SE_Asia	0.323	0.084	11051	Uncertain	P3_subregion_within_asia	subregion	1	5	S_Asia	TRUE
INBH04	S_Asia	0.676	SE_Asia	0.18	0.496	11066	Low	P3_subregion_within_asia	subregion	1	5	S_Asia	TRUE
INPJ03	S_Asia	0.634	SE_Asia	0.189	0.445	11072	Low	P3_subregion_within_asia	subregion	1	5	S_Asia	TRUE
INTG02	S_Asia	0.435	SE_Asia	0.335	0.1	11072	Uncertain	P3_subregion_within_asia	subregion	1	5	S_Asia	TRUE
INTG03	S_Asia	0.403	E_Asia	0.314	0.089	11070	Uncertain	P3_subregion_within_asia	subregion	1	5	S_Asia	TRUE
INTN05	S_Asia	0.697	SE_Asia	0.184	0.513	11073	Low	P3_subregion_within_asia	subregion	1	5	S_Asia	TRUE
JSZJ02	E_Asia	0.787	SE_Asia	0.126	0.661	11043	Low	P3_subregion_within_asia	subregion	1	5	E_Asia	TRUE
JSZJ03	E_Asia	0.771	SE_Asia	0.144	0.627	11064	Low	P3_subregion_within_asia	subregion	1	5	E_Asia	TRUE
JXNC04	E_Asia	0.731	SE_Asia	0.156	0.575	10974	Low	P3_subregion_within_asia	subregion	1	5	E_Asia	TRUE
LAVT01	SE_Asia	0.401	E_Asia	0.349	0.0520000000000001	11057	Uncertain	P3_subregion_within_asia	subregion	1	5	SE_Asia	TRUE
LAVT04	SE_Asia	0.457	E_Asia	0.306	0.151	11016	Uncertain	P3_subregion_within_asia	subregion	1	5	SE_Asia	TRUE
LKAD04	S_Asia	0.437	SE_Asia	0.321	0.116	11067	Uncertain	P3_subregion_within_asia	subregion	1	5	S_Asia	TRUE
MMYG02	SE_Asia	0.539	E_Asia	0.331	0.208	10962	Low	P3_subregion_within_asia	subregion	1	5	SE_Asia	TRUE
MMYG03	SE_Asia	0.459	E_Asia	0.346	0.113	11052	Uncertain	P3_subregion_within_asia	subregion	1	5	SE_Asia	TRUE
PKMR01	S_Asia	0.459	SE_Asia	0.324	0.135	11033	Uncertain	P3_subregion_within_asia	subregion	1	5	S_Asia	TRUE
SCLS03	E_Asia	0.658	SE_Asia	0.204	0.454	11073	Low	P3_subregion_within_asia	subregion	1	5	E_Asia	TRUE
THPK02	SE_Asia	0.48	E_Asia	0.307	0.173	11069	Uncertain	P3_subregion_within_asia	subregion	1	5	SE_Asia	TRUE
THPK05	SE_Asia	0.488	E_Asia	0.286	0.202	11076	Low	P3_subregion_within_asia	subregion	1	5	SE_Asia	TRUE
ReuPal1	SE_Asia	0.855	S_Asia	0.083	0.772	11056	Moderate	P3_subregion_within_asia	subregion	1	5	SE_Asia	TRUE
ReuSal2	SE_Asia	0.836	S_Asia	0.094	0.742	11078	Low	P3_subregion_within_asia	subregion	1	5	SE_Asia	TRUE
ReuSal4	SE_Asia	0.782	S_Asia	0.119	0.663	11074	Low	P3_subregion_within_asia	subregion	1	5	SE_Asia	TRUE
ReuAnd2	SE_Asia	0.816	S_Asia	0.1	0.716	11069	Low	P3_subregion_within_asia	subregion	1	5	SE_Asia	TRUE
ReuAnd4	SE_Asia	0.867	S_Asia	0.08	0.787	11023	Moderate	P3_subregion_within_asia	subregion	1	5	SE_Asia	TRUE
ReuPau4	SE_Asia	0.831	S_Asia	0.099	0.732	11076	Low	P3_subregion_within_asia	subregion	1	5	SE_Asia	TRUE
ReuPie1	SE_Asia	0.772	E_Asia	0.136	0.636	2318	Low	P3_subregion_within_asia	subregion	1	5	SE_Asia	TRUE
MauLaS3	SE_Asia	0.889	S_Asia	0.076	0.813	11074	Moderate	P3_subregion_within_asia	subregion	2	1	SE_Asia	TRUE
ReuSte2	SE_Asia	0.875	S_Asia	0.072	0.803	11056	Moderate	P3_subregion_within_asia	subregion	2	1	SE_Asia	TRUE
FJZZ05	E_Asia	0.84	SE_Asia	0.1	0.74	11073	Low	P3_subregion_within_asia	subregion	2	1	E_Asia	TRUE
GDGZ03	E_Asia	0.745	SE_Asia	0.144	0.601	11079	Low	P3_subregion_within_asia	subregion	2	1	E_Asia	TRUE
GDGZ05	E_Asia	0.719	SE_Asia	0.162	0.557	11062	Low	P3_subregion_within_asia	subregion	2	1	E_Asia	TRUE
GXNN03	E_Asia	0.686	SE_Asia	0.187	0.499	11070	Low	P3_subregion_within_asia	subregion	2	1	E_Asia	TRUE
GZDY02	E_Asia	0.686	SE_Asia	0.2	0.486	11079	Low	P3_subregion_within_asia	subregion	2	1	E_Asia	TRUE
GZDY03	E_Asia	0.464	SE_Asia	0.297	0.167	11063	Uncertain	P3_subregion_within_asia	subregion	2	1	E_Asia	TRUE
GZDY04	E_Asia	0.753	SE_Asia	0.163	0.59	11080	Low	P3_subregion_within_asia	subregion	2	1	E_Asia	TRUE
HBWH02	E_Asia	0.739	SE_Asia	0.137	0.602	11065	Low	P3_subregion_within_asia	subregion	2	1	E_Asia	TRUE
HBWH04	E_Asia	0.803	SE_Asia	0.114	0.689	11070	Low	P3_subregion_within_asia	subregion	2	1	E_Asia	TRUE
HNLY05	E_Asia	0.706	SE_Asia	0.187	0.519	11009	Low	P3_subregion_within_asia	subregion	2	1	E_Asia	TRUE
IDJI04	SE_Asia	0.71	E_Asia	0.209	0.501	11035	Low	P3_subregion_within_asia	subregion	2	1	SE_Asia	TRUE
INAS04	S_Asia	0.378	SE_Asia	0.323	0.055	11054	Uncertain	P3_subregion_within_asia	subregion	2	1	S_Asia	TRUE
INAS05	S_Asia	0.386	SE_Asia	0.335	0.051	11051	Uncertain	P3_subregion_within_asia	subregion	2	1	S_Asia	TRUE
INBH01	S_Asia	0.725	SE_Asia	0.158	0.567	11065	Low	P3_subregion_within_asia	subregion	2	1	S_Asia	TRUE
INBH02	S_Asia	0.667	SE_Asia	0.188	0.479	11050	Low	P3_subregion_within_asia	subregion	2	1	S_Asia	TRUE
INBH04	S_Asia	0.674	SE_Asia	0.174	0.5	11066	Low	P3_subregion_within_asia	subregion	2	1	S_Asia	TRUE
INTG03	S_Asia	0.407	E_Asia	0.313	0.094	11070	Uncertain	P3_subregion_within_asia	subregion	2	1	S_Asia	TRUE
INTN05	S_Asia	0.686	SE_Asia	0.185	0.501	11073	Low	P3_subregion_within_asia	subregion	2	1	S_Asia	TRUE
JSZJ04	E_Asia	0.555	SE_Asia	0.24	0.315	11074	Low	P3_subregion_within_asia	subregion	2	1	E_Asia	TRUE
JSZJ05	E_Asia	0.762	SE_Asia	0.153	0.609	11072	Low	P3_subregion_within_asia	subregion	2	1	E_Asia	TRUE
LKAD03	S_Asia	0.441	SE_Asia	0.323	0.118	11069	Uncertain	P3_subregion_within_asia	subregion	2	1	S_Asia	TRUE
LKAD04	S_Asia	0.452	SE_Asia	0.309	0.143	11067	Uncertain	P3_subregion_within_asia	subregion	2	1	S_Asia	TRUE
PHDV03	SE_Asia	0.863	E_Asia	0.085	0.778	11059	Moderate	P3_subregion_within_asia	subregion	2	1	SE_Asia	TRUE
THPK01	SE_Asia	0.564	E_Asia	0.26	0.304	11074	Low	P3_subregion_within_asia	subregion	2	1	SE_Asia	TRUE
THPK02	SE_Asia	0.51	E_Asia	0.279	0.231	11069	Low	P3_subregion_within_asia	subregion	2	1	SE_Asia	TRUE
THPK05	SE_Asia	0.54	E_Asia	0.27	0.27	11076	Low	P3_subregion_within_asia	subregion	2	1	SE_Asia	TRUE
TWTY03	E_Asia	0.851	SE_Asia	0.084	0.767	11057	Moderate	P3_subregion_within_asia	subregion	2	1	E_Asia	TRUE
TWTY05	E_Asia	0.799	SE_Asia	0.119	0.68	11068	Low	P3_subregion_within_asia	subregion	2	1	E_Asia	TRUE
VNTG04	SE_Asia	0.392	E_Asia	0.32	0.072	11063	Uncertain	P3_subregion_within_asia	subregion	2	1	SE_Asia	TRUE
YNBS04	E_Asia	0.445	SE_Asia	0.33	0.115	11077	Uncertain	P3_subregion_within_asia	subregion	2	1	E_Asia	TRUE
YNJH05	E_Asia	0.82	SE_Asia	0.127	0.693	10823	Low	P3_subregion_within_asia	subregion	2	1	E_Asia	TRUE
ReuPal1	SE_Asia	0.826	S_Asia	0.097	0.729	11056	Low	P3_subregion_within_asia	subregion	2	1	SE_Asia	TRUE
ReuPal4	SE_Asia	0.68	S_Asia	0.227	0.453	11009	Low	P3_subregion_within_asia	subregion	2	1	SE_Asia	TRUE
ReuPaL5	SE_Asia	0.803	S_Asia	0.133	0.67	11074	Low	P3_subregion_within_asia	subregion	2	1	SE_Asia	TRUE
ReuSal2	SE_Asia	0.805	S_Asia	0.122	0.683	11078	Low	P3_subregion_within_asia	subregion	2	1	SE_Asia	TRUE
ReuSal3	SE_Asia	0.786	S_Asia	0.119	0.667	11074	Low	P3_subregion_within_asia	subregion	2	1	SE_Asia	TRUE
ReuSaL5	SE_Asia	0.843	S_Asia	0.083	0.76	11078	Low	P3_subregion_within_asia	subregion	2	1	SE_Asia	TRUE
ReuBen1	SE_Asia	0.831	S_Asia	0.101	0.73	11070	Low	P3_subregion_within_asia	subregion	2	1	SE_Asia	TRUE
ReuBen2	SE_Asia	0.801	S_Asia	0.114	0.687	11070	Low	P3_subregion_within_asia	subregion	2	1	SE_Asia	TRUE
ReuPau3	SE_Asia	0.823	S_Asia	0.115	0.708	11065	Low	P3_subregion_within_asia	subregion	2	1	SE_Asia	TRUE
ReuPau5	SE_Asia	0.828	S_Asia	0.088	0.74	11076	Low	P3_subregion_within_asia	subregion	2	1	SE_Asia	TRUE
MauLaS1	SE_Asia	0.891	S_Asia	0.077	0.814	11068	Moderate	P3_subregion_within_asia	subregion	2	2	SE_Asia	TRUE
ReuSte3	SE_Asia	0.854	S_Asia	0.102	0.752	11056	Moderate	P3_subregion_within_asia	subregion	2	2	SE_Asia	TRUE
BDKG01	S_Asia	0.377	E_Asia	0.336	0.041	11069	Uncertain	P3_subregion_within_asia	subregion	2	2	S_Asia	TRUE
FJZZ02	E_Asia	0.869	SE_Asia	0.07	0.799	11069	Moderate	P3_subregion_within_asia	subregion	2	2	E_Asia	TRUE
GDGZ04	E_Asia	0.769	SE_Asia	0.133	0.636	11062	Low	P3_subregion_within_asia	subregion	2	2	E_Asia	TRUE
GXNN01	E_Asia	0.634	SE_Asia	0.212	0.422	11075	Low	P3_subregion_within_asia	subregion	2	2	E_Asia	TRUE
GZDY01	E_Asia	0.595	SE_Asia	0.213	0.382	11074	Low	P3_subregion_within_asia	subregion	2	2	E_Asia	TRUE
GZDY05	E_Asia	0.485	SE_Asia	0.303	0.182	11071	Uncertain	P3_subregion_within_asia	subregion	2	2	E_Asia	TRUE
HNDZ03	E_Asia	0.564	SE_Asia	0.227	0.337	11067	Low	P3_subregion_within_asia	subregion	2	2	E_Asia	TRUE
HNSY02	E_Asia	0.718	SE_Asia	0.155	0.563	11070	Low	P3_subregion_within_asia	subregion	2	2	E_Asia	TRUE
HNSY03	E_Asia	0.638	SE_Asia	0.214	0.424	11018	Low	P3_subregion_within_asia	subregion	2	2	E_Asia	TRUE
IDJI02	SE_Asia	0.724	E_Asia	0.16	0.564	11063	Low	P3_subregion_within_asia	subregion	2	2	SE_Asia	TRUE
IDJI05	SE_Asia	0.665	E_Asia	0.194	0.471	11069	Low	P3_subregion_within_asia	subregion	2	2	SE_Asia	TRUE
INAS02	S_Asia	0.392	SE_Asia	0.306	0.086	11053	Uncertain	P3_subregion_within_asia	subregion	2	2	S_Asia	TRUE
INAS03	S_Asia	0.401	SE_Asia	0.327	0.074	11063	Uncertain	P3_subregion_within_asia	subregion	2	2	S_Asia	TRUE
INPJ04	S_Asia	0.603	SE_Asia	0.21	0.393	11043	Low	P3_subregion_within_asia	subregion	2	2	S_Asia	TRUE
INTN01	S_Asia	0.676	SE_Asia	0.173	0.503	11071	Low	P3_subregion_within_asia	subregion	2	2	S_Asia	TRUE
INTN03	S_Asia	0.638	E_Asia	0.201	0.437	11040	Low	P3_subregion_within_asia	subregion	2	2	S_Asia	TRUE
JXNC01	E_Asia	0.77	SE_Asia	0.146	0.624	11075	Low	P3_subregion_within_asia	subregion	2	2	E_Asia	TRUE
JXNC04	E_Asia	0.683	SE_Asia	0.175	0.508	10974	Low	P3_subregion_within_asia	subregion	2	2	E_Asia	TRUE
MYKL04	SE_Asia	0.581	E_Asia	0.272	0.309	11061	Low	P3_subregion_within_asia	subregion	2	2	SE_Asia	TRUE
NPSH06	S_Asia	0.379	SE_Asia	0.362	0.017	11075	Uncertain	P3_subregion_within_asia	subregion	2	2	S_Asia	TRUE
PHDM04	SE_Asia	0.81	E_Asia	0.102	0.708	11012	Low	P3_subregion_within_asia	subregion	2	2	SE_Asia	TRUE
PHDV01	SE_Asia	0.751	E_Asia	0.155	0.596	11055	Low	P3_subregion_within_asia	subregion	2	2	SE_Asia	TRUE
PHDV02	SE_Asia	0.732	E_Asia	0.187	0.545	11050	Low	P3_subregion_within_asia	subregion	2	2	SE_Asia	TRUE
PHDV04	SE_Asia	0.732	E_Asia	0.178	0.554	11065	Low	P3_subregion_within_asia	subregion	2	2	SE_Asia	TRUE
PKMR03	S_Asia	0.583	SE_Asia	0.237	0.346	10968	Low	P3_subregion_within_asia	subregion	2	2	S_Asia	TRUE
PKMR05	S_Asia	0.718	SE_Asia	0.165	0.553	11071	Low	P3_subregion_within_asia	subregion	2	2	S_Asia	TRUE
SCLS01	E_Asia	0.682	SE_Asia	0.212	0.47	11071	Low	P3_subregion_within_asia	subregion	2	2	E_Asia	TRUE
THBK02	E_Asia	0.4	SE_Asia	0.393	0.00700000000000001	11039	Uncertain	P3_subregion_within_asia	subregion	2	2	SE_Asia	FALSE
TWPD03	E_Asia	0.812	S_Asia	0.098	0.714	11044	Low	P3_subregion_within_asia	subregion	2	2	E_Asia	TRUE
TWPD04	E_Asia	0.826	SE_Asia	0.093	0.733	10980	Low	P3_subregion_within_asia	subregion	2	2	E_Asia	TRUE
TWTY01	E_Asia	0.812	SE_Asia	0.109	0.703	11062	Low	P3_subregion_within_asia	subregion	2	2	E_Asia	TRUE
VNTG02	SE_Asia	0.382	E_Asia	0.38	0.002	11070	Uncertain	P3_subregion_within_asia	subregion	2	2	SE_Asia	TRUE
VNTG05	SE_Asia	0.422	E_Asia	0.307	0.115	10965	Uncertain	P3_subregion_within_asia	subregion	2	2	SE_Asia	TRUE
YNBS03	E_Asia	0.613	SE_Asia	0.239	0.374	11073	Low	P3_subregion_within_asia	subregion	2	2	E_Asia	TRUE
YNBS05	E_Asia	0.527	SE_Asia	0.275	0.252	11043	Low	P3_subregion_within_asia	subregion	2	2	E_Asia	TRUE
ReuPal2	SE_Asia	0.85	S_Asia	0.091	0.759	11056	Moderate	P3_subregion_within_asia	subregion	2	2	SE_Asia	TRUE
ReuPal3	SE_Asia	0.835	S_Asia	0.105	0.73	11056	Low	P3_subregion_within_asia	subregion	2	2	SE_Asia	TRUE
ReuAnd1	SE_Asia	0.827	S_Asia	0.097	0.73	11073	Low	P3_subregion_within_asia	subregion	2	2	SE_Asia	TRUE
ReuAnd2	SE_Asia	0.809	S_Asia	0.118	0.691	11069	Low	P3_subregion_within_asia	subregion	2	2	SE_Asia	TRUE
ReuPie1	SE_Asia	0.805	E_Asia	0.123	0.682	2318	Low	P3_subregion_within_asia	subregion	2	2	SE_Asia	TRUE
ReuPie2	SE_Asia	0.836	S_Asia	0.102	0.734	11073	Low	P3_subregion_within_asia	subregion	2	2	SE_Asia	TRUE
MauLaS5	SE_Asia	0.854	S_Asia	0.08	0.774	11042	Moderate	P3_subregion_within_asia	subregion	2	3	SE_Asia	TRUE
ReuBas3	SE_Asia	0.83	S_Asia	0.101	0.729	11074	Low	P3_subregion_within_asia	subregion	2	3	SE_Asia	TRUE
ReuBas4	SE_Asia	0.86	S_Asia	0.089	0.771	11065	Moderate	P3_subregion_within_asia	subregion	2	3	SE_Asia	TRUE
ReuBas5	SE_Asia	0.8	S_Asia	0.119	0.681	11054	Low	P3_subregion_within_asia	subregion	2	3	SE_Asia	TRUE
BDKG04	S_Asia	0.388	SE_Asia	0.37	0.018	11071	Uncertain	P3_subregion_within_asia	subregion	2	3	S_Asia	TRUE
GDGZ01	E_Asia	0.669	SE_Asia	0.19	0.479	11052	Low	P3_subregion_within_asia	subregion	2	3	E_Asia	TRUE
GXNN02	E_Asia	0.729	SE_Asia	0.177	0.552	11060	Low	P3_subregion_within_asia	subregion	2	3	E_Asia	TRUE
HBWH05	E_Asia	0.724	SE_Asia	0.151	0.573	11062	Low	P3_subregion_within_asia	subregion	2	3	E_Asia	TRUE
HNDZ01	E_Asia	0.708	SE_Asia	0.159	0.549	11073	Low	P3_subregion_within_asia	subregion	2	3	E_Asia	TRUE
HNDZ02	E_Asia	0.575	SE_Asia	0.237	0.338	11067	Low	P3_subregion_within_asia	subregion	2	3	E_Asia	TRUE
HNLY04	E_Asia	0.653	SE_Asia	0.201	0.452	11077	Low	P3_subregion_within_asia	subregion	2	3	E_Asia	TRUE
IDJI03	SE_Asia	0.7	E_Asia	0.166	0.534	11053	Low	P3_subregion_within_asia	subregion	2	3	SE_Asia	TRUE
INPJ02	S_Asia	0.626	SE_Asia	0.216	0.41	11051	Low	P3_subregion_within_asia	subregion	2	3	S_Asia	TRUE
INPJ05	S_Asia	0.617	SE_Asia	0.247	0.37	11062	Low	P3_subregion_within_asia	subregion	2	3	S_Asia	TRUE
INTN04	S_Asia	0.672	SE_Asia	0.165	0.507	11078	Low	P3_subregion_within_asia	subregion	2	3	S_Asia	TRUE
JSZJ03	E_Asia	0.766	SE_Asia	0.146	0.62	11064	Low	P3_subregion_within_asia	subregion	2	3	E_Asia	TRUE
JXNC02	E_Asia	0.78	SE_Asia	0.139	0.641	11076	Low	P3_subregion_within_asia	subregion	2	3	E_Asia	TRUE
JXNC05	E_Asia	0.818	SE_Asia	0.096	0.722	11054	Low	P3_subregion_within_asia	subregion	2	3	E_Asia	TRUE
LAVT01	SE_Asia	0.442	E_Asia	0.284	0.158	11057	Uncertain	P3_subregion_within_asia	subregion	2	3	SE_Asia	TRUE
LKAD01	S_Asia	0.47	SE_Asia	0.286	0.184	11071	Uncertain	P3_subregion_within_asia	subregion	2	3	S_Asia	TRUE
LKAD02	S_Asia	0.476	SE_Asia	0.285	0.191	11074	Uncertain	P3_subregion_within_asia	subregion	2	3	S_Asia	TRUE
MMYG01	SE_Asia	0.836	E_Asia	0.117	0.719	11017	Low	P3_subregion_within_asia	subregion	2	3	SE_Asia	TRUE
MMYG02	SE_Asia	0.583	E_Asia	0.289	0.294	10962	Low	P3_subregion_within_asia	subregion	2	3	SE_Asia	TRUE
MMYG03	SE_Asia	0.437	E_Asia	0.332	0.105	11052	Uncertain	P3_subregion_within_asia	subregion	2	3	SE_Asia	TRUE
NPSH04	S_Asia	0.542	SE_Asia	0.266	0.276	11075	Low	P3_subregion_within_asia	subregion	2	3	S_Asia	TRUE
NPSH05	S_Asia	0.51	SE_Asia	0.261	0.249	11068	Low	P3_subregion_within_asia	subregion	2	3	S_Asia	TRUE
PHDM02	SE_Asia	0.817	E_Asia	0.103	0.714	10979	Low	P3_subregion_within_asia	subregion	2	3	SE_Asia	TRUE
PHDM03	SE_Asia	0.843	S_Asia	0.087	0.756	11040	Low	P3_subregion_within_asia	subregion	2	3	SE_Asia	TRUE
PHDV05	SE_Asia	0.824	S_Asia	0.103	0.721	11056	Low	P3_subregion_within_asia	subregion	2	3	SE_Asia	TRUE
PKMR02	S_Asia	0.709	SE_Asia	0.158	0.551	11073	Low	P3_subregion_within_asia	subregion	2	3	S_Asia	TRUE
SCLS02	E_Asia	0.597	SE_Asia	0.232	0.365	11065	Low	P3_subregion_within_asia	subregion	2	3	E_Asia	TRUE
SCLS03	E_Asia	0.657	SE_Asia	0.193	0.464	11073	Low	P3_subregion_within_asia	subregion	2	3	E_Asia	TRUE
SCLS05	E_Asia	0.618	SE_Asia	0.218	0.4	11061	Low	P3_subregion_within_asia	subregion	2	3	E_Asia	TRUE
THBK04	SE_Asia	0.425	E_Asia	0.377	0.048	11057	Uncertain	P3_subregion_within_asia	subregion	2	3	SE_Asia	TRUE
TWTY04	E_Asia	0.814	SE_Asia	0.104	0.71	11065	Low	P3_subregion_within_asia	subregion	2	3	E_Asia	TRUE
YNBS01	E_Asia	0.536	SE_Asia	0.257	0.279	11077	Low	P3_subregion_within_asia	subregion	2	3	E_Asia	TRUE
YNBS02	E_Asia	0.371	SE_Asia	0.371	0	11070	Uncertain	P3_subregion_within_asia	subregion	2	3	E_Asia	TRUE
YNJH03	E_Asia	0.797	SE_Asia	0.133	0.664	10671	Low	P3_subregion_within_asia	subregion	2	3	E_Asia	TRUE
ReuSal1	SE_Asia	0.833	S_Asia	0.11	0.723	11075	Low	P3_subregion_within_asia	subregion	2	3	SE_Asia	TRUE
ReuBen5	SE_Asia	0.832	S_Asia	0.101	0.731	11072	Low	P3_subregion_within_asia	subregion	2	3	SE_Asia	TRUE
ReuPau1	SE_Asia	0.845	S_Asia	0.098	0.747	11061	Low	P3_subregion_within_asia	subregion	2	3	SE_Asia	TRUE
ReuPie3	SE_Asia	0.823	S_Asia	0.104	0.719	11062	Low	P3_subregion_within_asia	subregion	2	3	SE_Asia	TRUE
ReuPie4	SE_Asia	0.773	E_Asia	0.134	0.639	1698	Low	P3_subregion_within_asia	subregion	2	3	SE_Asia	TRUE
MauLaS2	SE_Asia	0.857	S_Asia	0.091	0.766	11070	Moderate	P3_subregion_within_asia	subregion	2	4	SE_Asia	TRUE
ReuBas1	SE_Asia	0.88	S_Asia	0.065	0.815	11034	Moderate	P3_subregion_within_asia	subregion	2	4	SE_Asia	TRUE
ReuSte1	SE_Asia	0.89	S_Asia	0.067	0.823	11052	Moderate	P3_subregion_within_asia	subregion	2	4	SE_Asia	TRUE
ReuSte5	SE_Asia	0.868	S_Asia	0.077	0.791	10200	Moderate	P3_subregion_within_asia	subregion	2	4	SE_Asia	TRUE
FJZZ04	E_Asia	0.831	SE_Asia	0.109	0.722	11070	Low	P3_subregion_within_asia	subregion	2	4	E_Asia	TRUE
GDGZ02	E_Asia	0.718	SE_Asia	0.147	0.571	11076	Low	P3_subregion_within_asia	subregion	2	4	E_Asia	TRUE
HBWH03	E_Asia	0.605	SE_Asia	0.238	0.367	11073	Low	P3_subregion_within_asia	subregion	2	4	E_Asia	TRUE
HNDZ04	E_Asia	0.55	SE_Asia	0.254	0.296	11047	Low	P3_subregion_within_asia	subregion	2	4	E_Asia	TRUE
HNLY02	E_Asia	0.712	SE_Asia	0.185	0.527	11028	Low	P3_subregion_within_asia	subregion	2	4	E_Asia	TRUE
HNSY01	E_Asia	0.67	SE_Asia	0.198	0.472	11067	Low	P3_subregion_within_asia	subregion	2	4	E_Asia	TRUE
HNSY04	E_Asia	0.731	SE_Asia	0.155	0.576	11066	Low	P3_subregion_within_asia	subregion	2	4	E_Asia	TRUE
HNSY05	E_Asia	0.678	SE_Asia	0.185	0.493	11058	Low	P3_subregion_within_asia	subregion	2	4	E_Asia	TRUE
INBH03	S_Asia	0.678	SE_Asia	0.174	0.504	11068	Low	P3_subregion_within_asia	subregion	2	4	S_Asia	TRUE
INBH05	S_Asia	0.619	SE_Asia	0.212	0.407	10171	Low	P3_subregion_within_asia	subregion	2	4	S_Asia	TRUE
INPJ01	S_Asia	0.608	SE_Asia	0.221	0.387	11015	Low	P3_subregion_within_asia	subregion	2	4	S_Asia	TRUE
INTG01	S_Asia	0.431	SE_Asia	0.301	0.13	11072	Uncertain	P3_subregion_within_asia	subregion	2	4	S_Asia	TRUE
INTG02	S_Asia	0.416	SE_Asia	0.39	0.026	11072	Uncertain	P3_subregion_within_asia	subregion	2	4	S_Asia	TRUE
INTG05	S_Asia	0.405	SE_Asia	0.31	0.095	11058	Uncertain	P3_subregion_within_asia	subregion	2	4	S_Asia	TRUE
JSZJ01	E_Asia	0.833	SE_Asia	0.105	0.728	11050	Low	P3_subregion_within_asia	subregion	2	4	E_Asia	TRUE
JSZJ02	E_Asia	0.78	SE_Asia	0.135	0.645	11043	Low	P3_subregion_within_asia	subregion	2	4	E_Asia	TRUE
LAVT03	E_Asia	0.429	SE_Asia	0.357	0.072	11056	Uncertain	P3_subregion_within_asia	subregion	2	4	SE_Asia	FALSE
LKAD05	S_Asia	0.472	SE_Asia	0.32	0.152	11059	Uncertain	P3_subregion_within_asia	subregion	2	4	S_Asia	TRUE
MMYG04	SE_Asia	0.764	E_Asia	0.143	0.621	11010	Low	P3_subregion_within_asia	subregion	2	4	SE_Asia	TRUE
MMYG05	SE_Asia	0.819	E_Asia	0.113	0.706	11023	Low	P3_subregion_within_asia	subregion	2	4	SE_Asia	TRUE
MYKL01	SE_Asia	0.58	E_Asia	0.282	0.298	11063	Low	P3_subregion_within_asia	subregion	2	4	SE_Asia	TRUE
MYKL03	SE_Asia	0.666	E_Asia	0.201	0.465	11057	Low	P3_subregion_within_asia	subregion	2	4	SE_Asia	TRUE
MYKL05	SE_Asia	0.61	E_Asia	0.24	0.37	11058	Low	P3_subregion_within_asia	subregion	2	4	SE_Asia	TRUE
NPSH08	S_Asia	0.566	SE_Asia	0.244	0.322	11021	Low	P3_subregion_within_asia	subregion	2	4	S_Asia	TRUE
PHDM05	SE_Asia	0.825	E_Asia	0.1	0.725	11043	Low	P3_subregion_within_asia	subregion	2	4	SE_Asia	TRUE
PKMR04	S_Asia	0.606	SE_Asia	0.208	0.398	11063	Low	P3_subregion_within_asia	subregion	2	4	S_Asia	TRUE
THBK03	E_Asia	0.474	SE_Asia	0.357	0.117	11075	Uncertain	P3_subregion_within_asia	subregion	2	4	SE_Asia	FALSE
TWPD01	E_Asia	0.863	SE_Asia	0.08	0.783	11051	Moderate	P3_subregion_within_asia	subregion	2	4	E_Asia	TRUE
TWPD02	E_Asia	0.85	SE_Asia	0.088	0.762	11005	Moderate	P3_subregion_within_asia	subregion	2	4	E_Asia	TRUE
TWTY02	E_Asia	0.845	SE_Asia	0.081	0.764	11059	Low	P3_subregion_within_asia	subregion	2	4	E_Asia	TRUE
YNJH01	E_Asia	0.802	SE_Asia	0.143	0.659	10797	Low	P3_subregion_within_asia	subregion	2	4	E_Asia	TRUE
YNJH04	E_Asia	0.398	SE_Asia	0.307	0.091	11068	Uncertain	P3_subregion_within_asia	subregion	2	4	E_Asia	TRUE
ZJZJ03	E_Asia	0.808	SE_Asia	0.12	0.688	11077	Low	P3_subregion_within_asia	subregion	2	4	E_Asia	TRUE
ReuSal4	SE_Asia	0.827	S_Asia	0.097	0.73	11074	Low	P3_subregion_within_asia	subregion	2	4	SE_Asia	TRUE
ReuAnd3	SE_Asia	0.844	S_Asia	0.089	0.755	11074	Low	P3_subregion_within_asia	subregion	2	4	SE_Asia	TRUE
ReuAnd4	SE_Asia	0.858	S_Asia	0.087	0.771	11023	Moderate	P3_subregion_within_asia	subregion	2	4	SE_Asia	TRUE
ReuPau2	SE_Asia	0.853	S_Asia	0.098	0.755	11068	Moderate	P3_subregion_within_asia	subregion	2	4	SE_Asia	TRUE
ReuPau4	SE_Asia	0.835	S_Asia	0.093	0.742	11076	Low	P3_subregion_within_asia	subregion	2	4	SE_Asia	TRUE
ReuPie5	SE_Asia	0.801	S_Asia	0.12	0.681	11072	Low	P3_subregion_within_asia	subregion	2	4	SE_Asia	TRUE
MauLaS4	SE_Asia	0.847	S_Asia	0.093	0.754	11061	Low	P3_subregion_within_asia	subregion	2	5	SE_Asia	TRUE
ReuBas2	SE_Asia	0.914	S_Asia	0.059	0.855	11016	Moderate	P3_subregion_within_asia	subregion	2	5	SE_Asia	TRUE
ReuSte4	SE_Asia	0.847	S_Asia	0.108	0.739	11057	Low	P3_subregion_within_asia	subregion	2	5	SE_Asia	TRUE
BDKG02	S_Asia	0.571	SE_Asia	0.231	0.34	11046	Low	P3_subregion_within_asia	subregion	2	5	S_Asia	TRUE
BDKG03	S_Asia	0.552	SE_Asia	0.24	0.312	11045	Low	P3_subregion_within_asia	subregion	2	5	S_Asia	TRUE
BDKG05	S_Asia	0.548	SE_Asia	0.234	0.314	11074	Low	P3_subregion_within_asia	subregion	2	5	S_Asia	TRUE
FJZZ01	E_Asia	0.816	S_Asia	0.095	0.721	11052	Low	P3_subregion_within_asia	subregion	2	5	E_Asia	TRUE
FJZZ03	E_Asia	0.8	S_Asia	0.102	0.698	11075	Low	P3_subregion_within_asia	subregion	2	5	E_Asia	TRUE
GXNN04	E_Asia	0.541	SE_Asia	0.252	0.289	11067	Low	P3_subregion_within_asia	subregion	2	5	E_Asia	TRUE
GXNN05	E_Asia	0.603	SE_Asia	0.21	0.393	11069	Low	P3_subregion_within_asia	subregion	2	5	E_Asia	TRUE
HBWH01	E_Asia	0.815	SE_Asia	0.096	0.719	11059	Low	P3_subregion_within_asia	subregion	2	5	E_Asia	TRUE
HNDZ05	E_Asia	0.612	S_Asia	0.197	0.415	11066	Low	P3_subregion_within_asia	subregion	2	5	E_Asia	TRUE
HNLY01	E_Asia	0.566	SE_Asia	0.237	0.329	11064	Low	P3_subregion_within_asia	subregion	2	5	E_Asia	TRUE
HNLY03	E_Asia	0.658	SE_Asia	0.2	0.458	11065	Low	P3_subregion_within_asia	subregion	2	5	E_Asia	TRUE
IDJI01	SE_Asia	0.689	E_Asia	0.169	0.52	11065	Low	P3_subregion_within_asia	subregion	2	5	SE_Asia	TRUE
INAS01	S_Asia	0.377	SE_Asia	0.331	0.046	11071	Uncertain	P3_subregion_within_asia	subregion	2	5	S_Asia	TRUE
INPJ03	S_Asia	0.612	SE_Asia	0.22	0.392	11072	Low	P3_subregion_within_asia	subregion	2	5	S_Asia	TRUE
INTG04	S_Asia	0.417	SE_Asia	0.296	0.121	11063	Uncertain	P3_subregion_within_asia	subregion	2	5	S_Asia	TRUE
INTN02	S_Asia	0.716	SE_Asia	0.167	0.549	11068	Low	P3_subregion_within_asia	subregion	2	5	S_Asia	TRUE
JXNC03	E_Asia	0.688	SE_Asia	0.179	0.509	11067	Low	P3_subregion_within_asia	subregion	2	5	E_Asia	TRUE
LAVT02	E_Asia	0.36	SE_Asia	0.356	0.004	11032	Uncertain	P3_subregion_within_asia	subregion	2	5	SE_Asia	FALSE
LAVT04	SE_Asia	0.414	E_Asia	0.301	0.113	11016	Uncertain	P3_subregion_within_asia	subregion	2	5	SE_Asia	TRUE
LAVT05	E_Asia	0.371	SE_Asia	0.348	0.023	11057	Uncertain	P3_subregion_within_asia	subregion	2	5	SE_Asia	FALSE
MYKL02	SE_Asia	0.59	E_Asia	0.25	0.34	11038	Low	P3_subregion_within_asia	subregion	2	5	SE_Asia	TRUE
NPSH07	S_Asia	0.548	SE_Asia	0.248	0.3	11064	Low	P3_subregion_within_asia	subregion	2	5	S_Asia	TRUE
PHDM01	SE_Asia	0.837	E_Asia	0.087	0.75	11024	Low	P3_subregion_within_asia	subregion	2	5	SE_Asia	TRUE
PKMR01	S_Asia	0.448	SE_Asia	0.278	0.17	11033	Uncertain	P3_subregion_within_asia	subregion	2	5	S_Asia	TRUE
SCLS04	E_Asia	0.668	SE_Asia	0.168	0.5	11072	Low	P3_subregion_within_asia	subregion	2	5	E_Asia	TRUE
THBK01	E_Asia	0.463	SE_Asia	0.329	0.134	11066	Uncertain	P3_subregion_within_asia	subregion	2	5	SE_Asia	FALSE
THBK06	E_Asia	0.485	SE_Asia	0.339	0.146	11039	Uncertain	P3_subregion_within_asia	subregion	2	5	SE_Asia	FALSE
THPK03	SE_Asia	0.531	E_Asia	0.282	0.249	11069	Low	P3_subregion_within_asia	subregion	2	5	SE_Asia	TRUE
THPK04	SE_Asia	0.457	S_Asia	0.298	0.159	11070	Uncertain	P3_subregion_within_asia	subregion	2	5	SE_Asia	TRUE
TWPD05	E_Asia	0.82	SE_Asia	0.108	0.712	10265	Low	P3_subregion_within_asia	subregion	2	5	E_Asia	TRUE
VNTG01	SE_Asia	0.457	E_Asia	0.308	0.149	11075	Uncertain	P3_subregion_within_asia	subregion	2	5	SE_Asia	TRUE
VNTG03	SE_Asia	0.434	E_Asia	0.312	0.122	11075	Uncertain	P3_subregion_within_asia	subregion	2	5	SE_Asia	TRUE
YNJH02	E_Asia	0.816	SE_Asia	0.136	0.68	10814	Low	P3_subregion_within_asia	subregion	2	5	E_Asia	TRUE
ZJZJ01	E_Asia	0.756	SE_Asia	0.143	0.613	11059	Low	P3_subregion_within_asia	subregion	2	5	E_Asia	TRUE
ZJZJ02	E_Asia	0.82	SE_Asia	0.092	0.728	11060	Low	P3_subregion_within_asia	subregion	2	5	E_Asia	TRUE
ZJZJ04	E_Asia	0.718	SE_Asia	0.143	0.575	11081	Low	P3_subregion_within_asia	subregion	2	5	E_Asia	TRUE
ZJZJ05	E_Asia	0.719	SE_Asia	0.153	0.566	11075	Low	P3_subregion_within_asia	subregion	2	5	E_Asia	TRUE
ReuAnd5	SE_Asia	0.789	S_Asia	0.125	0.664	11069	Low	P3_subregion_within_asia	subregion	2	5	SE_Asia	TRUE
ReuBen3	SE_Asia	0.855	S_Asia	0.086	0.769	11075	Moderate	P3_subregion_within_asia	subregion	2	5	SE_Asia	TRUE
ReuBen4	SE_Asia	0.796	S_Asia	0.118	0.678	11075	Low	P3_subregion_within_asia	subregion	2	5	SE_Asia	TRUE
MauLaS5	SE_Asia	0.864	S_Asia	0.086	0.778	11042	Moderate	P3_subregion_within_asia	subregion	3	1	SE_Asia	TRUE
ReuSte3	SE_Asia	0.837	S_Asia	0.094	0.743	11056	Low	P3_subregion_within_asia	subregion	3	1	SE_Asia	TRUE
FJZZ02	E_Asia	0.855	SE_Asia	0.083	0.772	11069	Moderate	P3_subregion_within_asia	subregion	3	1	E_Asia	TRUE
GZDY01	E_Asia	0.626	SE_Asia	0.214	0.412	11074	Low	P3_subregion_within_asia	subregion	3	1	E_Asia	TRUE
GZDY04	E_Asia	0.751	SE_Asia	0.152	0.599	11080	Low	P3_subregion_within_asia	subregion	3	1	E_Asia	TRUE
HBWH02	E_Asia	0.754	S_Asia	0.13	0.624	11065	Low	P3_subregion_within_asia	subregion	3	1	E_Asia	TRUE
HNDZ03	E_Asia	0.53	SE_Asia	0.282	0.248	11067	Low	P3_subregion_within_asia	subregion	3	1	E_Asia	TRUE
HNLY02	E_Asia	0.705	SE_Asia	0.182	0.523	11028	Low	P3_subregion_within_asia	subregion	3	1	E_Asia	TRUE
HNSY03	E_Asia	0.614	SE_Asia	0.237	0.377	11018	Low	P3_subregion_within_asia	subregion	3	1	E_Asia	TRUE
IDJI01	SE_Asia	0.733	E_Asia	0.149	0.584	11065	Low	P3_subregion_within_asia	subregion	3	1	SE_Asia	TRUE
IDJI05	SE_Asia	0.707	E_Asia	0.157	0.55	11069	Low	P3_subregion_within_asia	subregion	3	1	SE_Asia	TRUE
INAS01	S_Asia	0.394	SE_Asia	0.337	0.057	11071	Uncertain	P3_subregion_within_asia	subregion	3	1	S_Asia	TRUE
INAS03	S_Asia	0.405	E_Asia	0.3	0.105	11063	Uncertain	P3_subregion_within_asia	subregion	3	1	S_Asia	TRUE
INBH04	S_Asia	0.731	SE_Asia	0.153	0.578	11066	Low	P3_subregion_within_asia	subregion	3	1	S_Asia	TRUE
INTG02	S_Asia	0.427	SE_Asia	0.343	0.084	11072	Uncertain	P3_subregion_within_asia	subregion	3	1	S_Asia	TRUE
INTN05	S_Asia	0.688	SE_Asia	0.181	0.507	11073	Low	P3_subregion_within_asia	subregion	3	1	S_Asia	TRUE
JXNC03	E_Asia	0.69	SE_Asia	0.181	0.509	11067	Low	P3_subregion_within_asia	subregion	3	1	E_Asia	TRUE
LKAD02	S_Asia	0.452	SE_Asia	0.281	0.171	11074	Uncertain	P3_subregion_within_asia	subregion	3	1	S_Asia	TRUE
LKAD05	S_Asia	0.487	SE_Asia	0.33	0.157	11059	Uncertain	P3_subregion_within_asia	subregion	3	1	S_Asia	TRUE
MYKL05	SE_Asia	0.598	E_Asia	0.241	0.357	11058	Low	P3_subregion_within_asia	subregion	3	1	SE_Asia	TRUE
NPSH07	S_Asia	0.511	SE_Asia	0.284	0.227	11064	Low	P3_subregion_within_asia	subregion	3	1	S_Asia	TRUE
NPSH04	S_Asia	0.551	SE_Asia	0.239	0.312	11075	Low	P3_subregion_within_asia	subregion	3	1	S_Asia	TRUE
PHDM01	SE_Asia	0.86	E_Asia	0.072	0.788	11024	Moderate	P3_subregion_within_asia	subregion	3	1	SE_Asia	TRUE
SCLS04	E_Asia	0.661	SE_Asia	0.215	0.446	11072	Low	P3_subregion_within_asia	subregion	3	1	E_Asia	TRUE
THBK02	E_Asia	0.405	SE_Asia	0.385	0.02	11039	Uncertain	P3_subregion_within_asia	subregion	3	1	SE_Asia	FALSE
THBK06	E_Asia	0.447	SE_Asia	0.36	0.087	11039	Uncertain	P3_subregion_within_asia	subregion	3	1	SE_Asia	FALSE
TWPD03	E_Asia	0.831	S_Asia	0.091	0.74	11044	Low	P3_subregion_within_asia	subregion	3	1	E_Asia	TRUE
TWPD05	E_Asia	0.79	SE_Asia	0.13	0.66	10265	Low	P3_subregion_within_asia	subregion	3	1	E_Asia	TRUE
VNTG02	SE_Asia	0.452	E_Asia	0.358	0.094	11070	Uncertain	P3_subregion_within_asia	subregion	3	1	SE_Asia	TRUE
YNBS01	E_Asia	0.533	SE_Asia	0.278	0.255	11077	Low	P3_subregion_within_asia	subregion	3	1	E_Asia	TRUE
YNJH02	E_Asia	0.594	SE_Asia	0.3	0.294	10814	Low	P3_subregion_within_asia	subregion	3	1	E_Asia	TRUE
YNJH05	E_Asia	0.601	SE_Asia	0.297	0.304	10823	Low	P3_subregion_within_asia	subregion	3	1	E_Asia	TRUE
ZJZJ03	E_Asia	0.81	SE_Asia	0.123	0.687	11077	Low	P3_subregion_within_asia	subregion	3	1	E_Asia	TRUE
ZJZJ05	E_Asia	0.715	SE_Asia	0.155	0.56	11075	Low	P3_subregion_within_asia	subregion	3	1	E_Asia	TRUE
ReuPal3	SE_Asia	0.827	S_Asia	0.111	0.716	11056	Low	P3_subregion_within_asia	subregion	3	1	SE_Asia	TRUE
ReuSal1	SE_Asia	0.836	S_Asia	0.094	0.742	11075	Low	P3_subregion_within_asia	subregion	3	1	SE_Asia	TRUE
ReuSal4	SE_Asia	0.809	S_Asia	0.113	0.696	11074	Low	P3_subregion_within_asia	subregion	3	1	SE_Asia	TRUE
ReuAnd5	SE_Asia	0.79	S_Asia	0.116	0.674	11069	Low	P3_subregion_within_asia	subregion	3	1	SE_Asia	TRUE
ReuBen1	SE_Asia	0.843	S_Asia	0.1	0.743	11070	Low	P3_subregion_within_asia	subregion	3	1	SE_Asia	TRUE
ReuBen5	SE_Asia	0.823	S_Asia	0.095	0.728	11072	Low	P3_subregion_within_asia	subregion	3	1	SE_Asia	TRUE
ReuPau4	SE_Asia	0.824	S_Asia	0.097	0.727	11076	Low	P3_subregion_within_asia	subregion	3	1	SE_Asia	TRUE
ReuPie1	SE_Asia	0.836	E_Asia	0.097	0.739	2318	Low	P3_subregion_within_asia	subregion	3	1	SE_Asia	TRUE
ReuPie2	SE_Asia	0.875	S_Asia	0.079	0.796	11073	Moderate	P3_subregion_within_asia	subregion	3	1	SE_Asia	TRUE
ReuBas4	SE_Asia	0.844	S_Asia	0.086	0.758	11065	Low	P3_subregion_within_asia	subregion	3	2	SE_Asia	TRUE
ReuSte1	SE_Asia	0.891	S_Asia	0.069	0.822	11052	Moderate	P3_subregion_within_asia	subregion	3	2	SE_Asia	TRUE
ReuSte2	SE_Asia	0.903	S_Asia	0.049	0.854	11056	Moderate	P3_subregion_within_asia	subregion	3	2	SE_Asia	TRUE
ReuSte5	SE_Asia	0.861	S_Asia	0.084	0.777	10200	Moderate	P3_subregion_within_asia	subregion	3	2	SE_Asia	TRUE
BDKG01	S_Asia	0.417	E_Asia	0.316	0.101	11069	Uncertain	P3_subregion_within_asia	subregion	3	2	S_Asia	TRUE
BDKG02	S_Asia	0.507	E_Asia	0.252	0.255	11046	Low	P3_subregion_within_asia	subregion	3	2	S_Asia	TRUE
BDKG03	S_Asia	0.542	SE_Asia	0.247	0.295	11045	Low	P3_subregion_within_asia	subregion	3	2	S_Asia	TRUE
BDKG05	S_Asia	0.573	SE_Asia	0.251	0.322	11074	Low	P3_subregion_within_asia	subregion	3	2	S_Asia	TRUE
GXNN03	E_Asia	0.667	SE_Asia	0.196	0.471	11070	Low	P3_subregion_within_asia	subregion	3	2	E_Asia	TRUE
GXNN04	E_Asia	0.585	SE_Asia	0.235	0.35	11067	Low	P3_subregion_within_asia	subregion	3	2	E_Asia	TRUE
GZDY02	E_Asia	0.703	SE_Asia	0.177	0.526	11079	Low	P3_subregion_within_asia	subregion	3	2	E_Asia	TRUE
HBWH04	E_Asia	0.8	SE_Asia	0.122	0.678	11070	Low	P3_subregion_within_asia	subregion	3	2	E_Asia	TRUE
HNLY01	E_Asia	0.571	SE_Asia	0.247	0.324	11064	Low	P3_subregion_within_asia	subregion	3	2	E_Asia	TRUE
HNLY03	E_Asia	0.661	SE_Asia	0.192	0.469	11065	Low	P3_subregion_within_asia	subregion	3	2	E_Asia	TRUE
INAS04	S_Asia	0.359	E_Asia	0.334	0.025	11054	Uncertain	P3_subregion_within_asia	subregion	3	2	S_Asia	TRUE
INBH05	S_Asia	0.596	SE_Asia	0.236	0.36	10171	Low	P3_subregion_within_asia	subregion	3	2	S_Asia	TRUE
INTG01	S_Asia	0.458	SE_Asia	0.285	0.173	11072	Uncertain	P3_subregion_within_asia	subregion	3	2	S_Asia	TRUE
JSZJ01	E_Asia	0.842	SE_Asia	0.095	0.747	11050	Low	P3_subregion_within_asia	subregion	3	2	E_Asia	TRUE
JXNC02	E_Asia	0.772	SE_Asia	0.141	0.631	11076	Low	P3_subregion_within_asia	subregion	3	2	E_Asia	TRUE
JXNC05	E_Asia	0.805	SE_Asia	0.104	0.701	11054	Low	P3_subregion_within_asia	subregion	3	2	E_Asia	TRUE
LAVT04	SE_Asia	0.492	S_Asia	0.266	0.226	11016	Low	P3_subregion_within_asia	subregion	3	2	SE_Asia	TRUE
LAVT05	E_Asia	0.405	SE_Asia	0.36	0.045	11057	Uncertain	P3_subregion_within_asia	subregion	3	2	SE_Asia	FALSE
MMYG02	SE_Asia	0.558	E_Asia	0.323	0.235	10962	Low	P3_subregion_within_asia	subregion	3	2	SE_Asia	TRUE
MMYG04	SE_Asia	0.798	E_Asia	0.135	0.663	11010	Low	P3_subregion_within_asia	subregion	3	2	SE_Asia	TRUE
NPSH08	S_Asia	0.6	SE_Asia	0.223	0.377	11021	Low	P3_subregion_within_asia	subregion	3	2	S_Asia	TRUE
NPSH05	S_Asia	0.532	SE_Asia	0.235	0.297	11068	Low	P3_subregion_within_asia	subregion	3	2	S_Asia	TRUE
PHDM05	SE_Asia	0.817	E_Asia	0.111	0.706	11043	Low	P3_subregion_within_asia	subregion	3	2	SE_Asia	TRUE
PHDV01	SE_Asia	0.812	E_Asia	0.115	0.697	11055	Low	P3_subregion_within_asia	subregion	3	2	SE_Asia	TRUE
SCLS01	E_Asia	0.687	SE_Asia	0.18	0.507	11071	Low	P3_subregion_within_asia	subregion	3	2	E_Asia	TRUE
SCLS02	E_Asia	0.637	SE_Asia	0.205	0.432	11065	Low	P3_subregion_within_asia	subregion	3	2	E_Asia	TRUE
SCLS05	E_Asia	0.623	SE_Asia	0.231	0.392	11061	Low	P3_subregion_within_asia	subregion	3	2	E_Asia	TRUE
THBK03	E_Asia	0.52	SE_Asia	0.29	0.23	11075	Low	P3_subregion_within_asia	subregion	3	2	SE_Asia	FALSE
THBK04	SE_Asia	0.41	E_Asia	0.382	0.028	11057	Uncertain	P3_subregion_within_asia	subregion	3	2	SE_Asia	TRUE
THPK03	SE_Asia	0.559	E_Asia	0.275	0.284	11069	Low	P3_subregion_within_asia	subregion	3	2	SE_Asia	TRUE
TWPD02	E_Asia	0.829	SE_Asia	0.101	0.728	11005	Low	P3_subregion_within_asia	subregion	3	2	E_Asia	TRUE
TWTY03	E_Asia	0.84	SE_Asia	0.09	0.75	11057	Low	P3_subregion_within_asia	subregion	3	2	E_Asia	TRUE
TWTY05	E_Asia	0.786	SE_Asia	0.123	0.663	11068	Low	P3_subregion_within_asia	subregion	3	2	E_Asia	TRUE
VNTG03	SE_Asia	0.391	E_Asia	0.338	0.053	11075	Uncertain	P3_subregion_within_asia	subregion	3	2	SE_Asia	TRUE
VNTG04	SE_Asia	0.403	E_Asia	0.342	0.061	11063	Uncertain	P3_subregion_within_asia	subregion	3	2	SE_Asia	TRUE
ZJZJ04	E_Asia	0.72	SE_Asia	0.155	0.565	11081	Low	P3_subregion_within_asia	subregion	3	2	E_Asia	TRUE
ReuPal2	SE_Asia	0.845	S_Asia	0.095	0.75	11056	Low	P3_subregion_within_asia	subregion	3	2	SE_Asia	TRUE
ReuAnd1	SE_Asia	0.797	E_Asia	0.107	0.69	11073	Low	P3_subregion_within_asia	subregion	3	2	SE_Asia	TRUE
ReuAnd4	SE_Asia	0.869	S_Asia	0.093	0.776	11023	Moderate	P3_subregion_within_asia	subregion	3	2	SE_Asia	TRUE
ReuBas1	SE_Asia	0.861	S_Asia	0.086	0.775	11034	Moderate	P3_subregion_within_asia	subregion	3	3	SE_Asia	TRUE
ReuSte4	SE_Asia	0.816	S_Asia	0.111	0.705	11057	Low	P3_subregion_within_asia	subregion	3	3	SE_Asia	TRUE
FJZZ01	E_Asia	0.814	SE_Asia	0.105	0.709	11052	Low	P3_subregion_within_asia	subregion	3	3	E_Asia	TRUE
FJZZ03	E_Asia	0.775	SE_Asia	0.122	0.653	11075	Low	P3_subregion_within_asia	subregion	3	3	E_Asia	TRUE
FJZZ04	E_Asia	0.797	SE_Asia	0.113	0.684	11070	Low	P3_subregion_within_asia	subregion	3	3	E_Asia	TRUE
GDGZ03	E_Asia	0.769	SE_Asia	0.131	0.638	11079	Low	P3_subregion_within_asia	subregion	3	3	E_Asia	TRUE
GDGZ04	E_Asia	0.772	SE_Asia	0.147	0.625	11062	Low	P3_subregion_within_asia	subregion	3	3	E_Asia	TRUE
GZDY05	E_Asia	0.454	SE_Asia	0.301	0.153	11071	Uncertain	P3_subregion_within_asia	subregion	3	3	E_Asia	TRUE
HBWH01	E_Asia	0.768	SE_Asia	0.136	0.632	11059	Low	P3_subregion_within_asia	subregion	3	3	E_Asia	TRUE
HBWH03	E_Asia	0.606	SE_Asia	0.222	0.384	11073	Low	P3_subregion_within_asia	subregion	3	3	E_Asia	TRUE
HNSY02	E_Asia	0.729	SE_Asia	0.161	0.568	11070	Low	P3_subregion_within_asia	subregion	3	3	E_Asia	TRUE
IDJI02	SE_Asia	0.695	E_Asia	0.197	0.498	11063	Low	P3_subregion_within_asia	subregion	3	3	SE_Asia	TRUE
IDJI03	SE_Asia	0.67	E_Asia	0.213	0.457	11053	Low	P3_subregion_within_asia	subregion	3	3	SE_Asia	TRUE
INPJ03	S_Asia	0.593	SE_Asia	0.244	0.349	11072	Low	P3_subregion_within_asia	subregion	3	3	S_Asia	TRUE
INPJ04	S_Asia	0.551	SE_Asia	0.239	0.312	11043	Low	P3_subregion_within_asia	subregion	3	3	S_Asia	TRUE
INPJ05	S_Asia	0.621	E_Asia	0.193	0.428	11062	Low	P3_subregion_within_asia	subregion	3	3	S_Asia	TRUE
INTG05	S_Asia	0.431	SE_Asia	0.286	0.145	11058	Uncertain	P3_subregion_within_asia	subregion	3	3	S_Asia	TRUE
INTN02	S_Asia	0.694	SE_Asia	0.196	0.498	11068	Low	P3_subregion_within_asia	subregion	3	3	S_Asia	TRUE
INTN03	S_Asia	0.609	E_Asia	0.213	0.396	11040	Low	P3_subregion_within_asia	subregion	3	3	S_Asia	TRUE
JSZJ02	E_Asia	0.785	SE_Asia	0.133	0.652	11043	Low	P3_subregion_within_asia	subregion	3	3	E_Asia	TRUE
JXNC01	E_Asia	0.77	SE_Asia	0.117	0.653	11075	Low	P3_subregion_within_asia	subregion	3	3	E_Asia	TRUE
LAVT03	E_Asia	0.404	SE_Asia	0.373	0.031	11056	Uncertain	P3_subregion_within_asia	subregion	3	3	SE_Asia	FALSE
MYKL01	SE_Asia	0.53	E_Asia	0.307	0.223	11063	Low	P3_subregion_within_asia	subregion	3	3	SE_Asia	TRUE
MYKL04	SE_Asia	0.539	E_Asia	0.277	0.262	11061	Low	P3_subregion_within_asia	subregion	3	3	SE_Asia	TRUE
NPSH06	S_Asia	0.424	SE_Asia	0.307	0.117	11075	Uncertain	P3_subregion_within_asia	subregion	3	3	S_Asia	TRUE
PHDV02	SE_Asia	0.732	E_Asia	0.159	0.573	11050	Low	P3_subregion_within_asia	subregion	3	3	SE_Asia	TRUE
PHDV04	SE_Asia	0.722	E_Asia	0.167	0.555	11065	Low	P3_subregion_within_asia	subregion	3	3	SE_Asia	TRUE
PHDV05	SE_Asia	0.808	S_Asia	0.105	0.703	11056	Low	P3_subregion_within_asia	subregion	3	3	SE_Asia	TRUE
PKMR02	S_Asia	0.626	SE_Asia	0.192	0.434	11073	Low	P3_subregion_within_asia	subregion	3	3	S_Asia	TRUE
PKMR05	S_Asia	0.665	E_Asia	0.179	0.486	11071	Low	P3_subregion_within_asia	subregion	3	3	S_Asia	TRUE
THPK05	SE_Asia	0.472	E_Asia	0.313	0.159	11076	Uncertain	P3_subregion_within_asia	subregion	3	3	SE_Asia	TRUE
TWPD01	E_Asia	0.853	SE_Asia	0.086	0.767	11051	Moderate	P3_subregion_within_asia	subregion	3	3	E_Asia	TRUE
TWPD04	E_Asia	0.795	SE_Asia	0.118	0.677	10980	Low	P3_subregion_within_asia	subregion	3	3	E_Asia	TRUE
TWTY04	E_Asia	0.807	SE_Asia	0.126	0.681	11065	Low	P3_subregion_within_asia	subregion	3	3	E_Asia	TRUE
VNTG01	SE_Asia	0.462	E_Asia	0.289	0.173	11075	Uncertain	P3_subregion_within_asia	subregion	3	3	SE_Asia	TRUE
VNTG05	SE_Asia	0.41	E_Asia	0.32	0.09	10965	Uncertain	P3_subregion_within_asia	subregion	3	3	SE_Asia	TRUE
YNJH04	E_Asia	0.387	SE_Asia	0.308	0.079	11068	Uncertain	P3_subregion_within_asia	subregion	3	3	E_Asia	TRUE
ZJZJ01	E_Asia	0.736	SE_Asia	0.152	0.584	11059	Low	P3_subregion_within_asia	subregion	3	3	E_Asia	TRUE
ReuPal1	SE_Asia	0.817	S_Asia	0.096	0.721	11056	Low	P3_subregion_within_asia	subregion	3	3	SE_Asia	TRUE
ReuSal3	SE_Asia	0.833	S_Asia	0.11	0.723	11074	Low	P3_subregion_within_asia	subregion	3	3	SE_Asia	TRUE
ReuBen4	SE_Asia	0.817	S_Asia	0.11	0.707	11075	Low	P3_subregion_within_asia	subregion	3	3	SE_Asia	TRUE
ReuPie3	SE_Asia	0.788	S_Asia	0.142	0.646	11062	Low	P3_subregion_within_asia	subregion	3	3	SE_Asia	TRUE
ReuPie4	SE_Asia	0.807	E_Asia	0.118	0.689	1698	Low	P3_subregion_within_asia	subregion	3	3	SE_Asia	TRUE
MauLaS1	SE_Asia	0.887	S_Asia	0.066	0.821	11068	Moderate	P3_subregion_within_asia	subregion	3	4	SE_Asia	TRUE
MauLaS3	SE_Asia	0.868	S_Asia	0.078	0.79	11074	Moderate	P3_subregion_within_asia	subregion	3	4	SE_Asia	TRUE
MauLaS4	SE_Asia	0.827	S_Asia	0.107	0.72	11061	Low	P3_subregion_within_asia	subregion	3	4	SE_Asia	TRUE
BDKG04	SE_Asia	0.364	E_Asia	0.338	0.026	11071	Uncertain	P3_subregion_within_asia	subregion	3	4	S_Asia	FALSE
FJZZ05	E_Asia	0.829	SE_Asia	0.099	0.73	11073	Low	P3_subregion_within_asia	subregion	3	4	E_Asia	TRUE
GDGZ01	E_Asia	0.707	SE_Asia	0.191	0.516	11052	Low	P3_subregion_within_asia	subregion	3	4	E_Asia	TRUE
GDGZ05	E_Asia	0.736	SE_Asia	0.153	0.583	11062	Low	P3_subregion_within_asia	subregion	3	4	E_Asia	TRUE
GXNN02	E_Asia	0.7	SE_Asia	0.208	0.492	11060	Low	P3_subregion_within_asia	subregion	3	4	E_Asia	TRUE
HNDZ01	E_Asia	0.753	SE_Asia	0.148	0.605	11073	Low	P3_subregion_within_asia	subregion	3	4	E_Asia	TRUE
HNDZ05	E_Asia	0.515	SE_Asia	0.298	0.217	11066	Low	P3_subregion_within_asia	subregion	3	4	E_Asia	TRUE
HNLY05	E_Asia	0.725	SE_Asia	0.167	0.558	11009	Low	P3_subregion_within_asia	subregion	3	4	E_Asia	TRUE
HNSY04	E_Asia	0.7	S_Asia	0.15	0.55	11066	Low	P3_subregion_within_asia	subregion	3	4	E_Asia	TRUE
INAS02	S_Asia	0.408	SE_Asia	0.31	0.098	11053	Uncertain	P3_subregion_within_asia	subregion	3	4	S_Asia	TRUE
INPJ01	S_Asia	0.595	SE_Asia	0.22	0.375	11015	Low	P3_subregion_within_asia	subregion	3	4	S_Asia	TRUE
INPJ02	S_Asia	0.678	SE_Asia	0.162	0.516	11051	Low	P3_subregion_within_asia	subregion	3	4	S_Asia	TRUE
INTG03	S_Asia	0.41	E_Asia	0.314	0.096	11070	Uncertain	P3_subregion_within_asia	subregion	3	4	S_Asia	TRUE
JSZJ05	E_Asia	0.774	SE_Asia	0.146	0.628	11072	Low	P3_subregion_within_asia	subregion	3	4	E_Asia	TRUE
JXNC04	E_Asia	0.745	SE_Asia	0.162	0.583	10974	Low	P3_subregion_within_asia	subregion	3	4	E_Asia	TRUE
LKAD03	S_Asia	0.391	SE_Asia	0.352	0.039	11069	Uncertain	P3_subregion_within_asia	subregion	3	4	S_Asia	TRUE
LKAD04	S_Asia	0.478	SE_Asia	0.278	0.2	11067	Uncertain	P3_subregion_within_asia	subregion	3	4	S_Asia	TRUE
MMYG01	SE_Asia	0.792	E_Asia	0.138	0.654	11017	Low	P3_subregion_within_asia	subregion	3	4	SE_Asia	TRUE
MMYG03	SE_Asia	0.443	E_Asia	0.361	0.082	11052	Uncertain	P3_subregion_within_asia	subregion	3	4	SE_Asia	TRUE
MMYG05	SE_Asia	0.796	E_Asia	0.121	0.675	11023	Low	P3_subregion_within_asia	subregion	3	4	SE_Asia	TRUE
MYKL02	SE_Asia	0.601	E_Asia	0.251	0.35	11038	Low	P3_subregion_within_asia	subregion	3	4	SE_Asia	TRUE
PHDM02	SE_Asia	0.829	E_Asia	0.115	0.714	10979	Low	P3_subregion_within_asia	subregion	3	4	SE_Asia	TRUE
PHDM04	SE_Asia	0.828	E_Asia	0.095	0.733	11012	Low	P3_subregion_within_asia	subregion	3	4	SE_Asia	TRUE
PHDV03	SE_Asia	0.83	E_Asia	0.105	0.725	11059	Low	P3_subregion_within_asia	subregion	3	4	SE_Asia	TRUE
PKMR01	S_Asia	0.462	SE_Asia	0.303	0.159	11033	Uncertain	P3_subregion_within_asia	subregion	3	4	S_Asia	TRUE
PKMR04	S_Asia	0.581	SE_Asia	0.214	0.367	11063	Low	P3_subregion_within_asia	subregion	3	4	S_Asia	TRUE
SCLS03	E_Asia	0.677	SE_Asia	0.208	0.469	11073	Low	P3_subregion_within_asia	subregion	3	4	E_Asia	TRUE
THPK01	SE_Asia	0.592	E_Asia	0.237	0.355	11074	Low	P3_subregion_within_asia	subregion	3	4	SE_Asia	TRUE
THPK02	SE_Asia	0.506	E_Asia	0.283	0.223	11069	Low	P3_subregion_within_asia	subregion	3	4	SE_Asia	TRUE
THPK04	SE_Asia	0.501	E_Asia	0.288	0.213	11070	Low	P3_subregion_within_asia	subregion	3	4	SE_Asia	TRUE
TWTY01	E_Asia	0.8	SE_Asia	0.126	0.674	11062	Low	P3_subregion_within_asia	subregion	3	4	E_Asia	TRUE
YNBS03	E_Asia	0.639	SE_Asia	0.2	0.439	11073	Low	P3_subregion_within_asia	subregion	3	4	E_Asia	TRUE
YNJH01	E_Asia	0.631	SE_Asia	0.254	0.377	10797	Low	P3_subregion_within_asia	subregion	3	4	E_Asia	TRUE
YNJH03	E_Asia	0.628	SE_Asia	0.27	0.358	10671	Low	P3_subregion_within_asia	subregion	3	4	E_Asia	TRUE
ZJZJ02	E_Asia	0.806	SE_Asia	0.121	0.685	11060	Low	P3_subregion_within_asia	subregion	3	4	E_Asia	TRUE
ReuPal4	SE_Asia	0.712	S_Asia	0.212	0.5	11009	Low	P3_subregion_within_asia	subregion	3	4	SE_Asia	TRUE
ReuAnd2	SE_Asia	0.836	S_Asia	0.086	0.75	11069	Low	P3_subregion_within_asia	subregion	3	4	SE_Asia	TRUE
ReuAnd3	SE_Asia	0.82	S_Asia	0.107	0.713	11074	Low	P3_subregion_within_asia	subregion	3	4	SE_Asia	TRUE
ReuBen3	SE_Asia	0.821	S_Asia	0.119	0.702	11075	Low	P3_subregion_within_asia	subregion	3	4	SE_Asia	TRUE
ReuPau2	SE_Asia	0.823	S_Asia	0.103	0.72	11068	Low	P3_subregion_within_asia	subregion	3	4	SE_Asia	TRUE
MauLaS2	SE_Asia	0.857	S_Asia	0.108	0.749	11070	Moderate	P3_subregion_within_asia	subregion	3	5	SE_Asia	TRUE
ReuBas2	SE_Asia	0.895	S_Asia	0.063	0.832	11016	Moderate	P3_subregion_within_asia	subregion	3	5	SE_Asia	TRUE
ReuBas3	SE_Asia	0.84	S_Asia	0.103	0.737	11074	Low	P3_subregion_within_asia	subregion	3	5	SE_Asia	TRUE
ReuBas5	SE_Asia	0.797	S_Asia	0.104	0.693	11054	Low	P3_subregion_within_asia	subregion	3	5	SE_Asia	TRUE
GDGZ02	E_Asia	0.677	SE_Asia	0.178	0.499	11076	Low	P3_subregion_within_asia	subregion	3	5	E_Asia	TRUE
GXNN01	E_Asia	0.615	SE_Asia	0.223	0.392	11075	Low	P3_subregion_within_asia	subregion	3	5	E_Asia	TRUE
GXNN05	E_Asia	0.608	SE_Asia	0.221	0.387	11069	Low	P3_subregion_within_asia	subregion	3	5	E_Asia	TRUE
GZDY03	E_Asia	0.446	SE_Asia	0.291	0.155	11063	Uncertain	P3_subregion_within_asia	subregion	3	5	E_Asia	TRUE
HBWH05	E_Asia	0.747	SE_Asia	0.146	0.601	11062	Low	P3_subregion_within_asia	subregion	3	5	E_Asia	TRUE
HNDZ02	E_Asia	0.539	SE_Asia	0.257	0.282	11067	Low	P3_subregion_within_asia	subregion	3	5	E_Asia	TRUE
HNDZ04	E_Asia	0.512	SE_Asia	0.248	0.264	11047	Low	P3_subregion_within_asia	subregion	3	5	E_Asia	TRUE
HNLY04	E_Asia	0.593	SE_Asia	0.247	0.346	11077	Low	P3_subregion_within_asia	subregion	3	5	E_Asia	TRUE
HNSY01	E_Asia	0.648	SE_Asia	0.2	0.448	11067	Low	P3_subregion_within_asia	subregion	3	5	E_Asia	TRUE
HNSY05	E_Asia	0.672	SE_Asia	0.178	0.494	11058	Low	P3_subregion_within_asia	subregion	3	5	E_Asia	TRUE
IDJI04	SE_Asia	0.703	E_Asia	0.198	0.505	11035	Low	P3_subregion_within_asia	subregion	3	5	SE_Asia	TRUE
INAS05	S_Asia	0.396	SE_Asia	0.334	0.062	11051	Uncertain	P3_subregion_within_asia	subregion	3	5	S_Asia	TRUE
INBH01	S_Asia	0.692	SE_Asia	0.201	0.491	11065	Low	P3_subregion_within_asia	subregion	3	5	S_Asia	TRUE
INBH02	S_Asia	0.684	SE_Asia	0.188	0.496	11050	Low	P3_subregion_within_asia	subregion	3	5	S_Asia	TRUE
INBH03	S_Asia	0.684	SE_Asia	0.184	0.5	11068	Low	P3_subregion_within_asia	subregion	3	5	S_Asia	TRUE
INTG04	S_Asia	0.459	SE_Asia	0.315	0.144	11063	Uncertain	P3_subregion_within_asia	subregion	3	5	S_Asia	TRUE
INTN01	S_Asia	0.63	SE_Asia	0.198	0.432	11071	Low	P3_subregion_within_asia	subregion	3	5	S_Asia	TRUE
INTN04	S_Asia	0.708	SE_Asia	0.161	0.547	11078	Low	P3_subregion_within_asia	subregion	3	5	S_Asia	TRUE
JSZJ03	E_Asia	0.749	SE_Asia	0.148	0.601	11064	Low	P3_subregion_within_asia	subregion	3	5	E_Asia	TRUE
JSZJ04	E_Asia	0.55	SE_Asia	0.251	0.299	11074	Low	P3_subregion_within_asia	subregion	3	5	E_Asia	TRUE
LAVT01	SE_Asia	0.424	E_Asia	0.308	0.116	11057	Uncertain	P3_subregion_within_asia	subregion	3	5	SE_Asia	TRUE
LAVT02	SE_Asia	0.388	E_Asia	0.346	0.042	11032	Uncertain	P3_subregion_within_asia	subregion	3	5	SE_Asia	TRUE
LKAD01	S_Asia	0.537	SE_Asia	0.256	0.281	11071	Low	P3_subregion_within_asia	subregion	3	5	S_Asia	TRUE
MYKL03	SE_Asia	0.675	S_Asia	0.165	0.51	11057	Low	P3_subregion_within_asia	subregion	3	5	SE_Asia	TRUE
PHDM03	SE_Asia	0.851	E_Asia	0.084	0.767	11040	Moderate	P3_subregion_within_asia	subregion	3	5	SE_Asia	TRUE
PKMR03	S_Asia	0.6	SE_Asia	0.246	0.354	10968	Low	P3_subregion_within_asia	subregion	3	5	S_Asia	TRUE
THBK01	SE_Asia	0.394	E_Asia	0.369	0.025	11066	Uncertain	P3_subregion_within_asia	subregion	3	5	SE_Asia	TRUE
TWTY02	E_Asia	0.882	SE_Asia	0.07	0.812	11059	Moderate	P3_subregion_within_asia	subregion	3	5	E_Asia	TRUE
YNBS02	SE_Asia	0.377	E_Asia	0.313	0.064	11070	Uncertain	P3_subregion_within_asia	subregion	3	5	E_Asia	FALSE
YNBS04	E_Asia	0.362	SE_Asia	0.362	0	11077	Uncertain	P3_subregion_within_asia	subregion	3	5	E_Asia	TRUE
YNBS05	E_Asia	0.403	SE_Asia	0.317	0.086	11043	Uncertain	P3_subregion_within_asia	subregion	3	5	E_Asia	TRUE
ReuPaL5	SE_Asia	0.837	S_Asia	0.113	0.724	11074	Low	P3_subregion_within_asia	subregion	3	5	SE_Asia	TRUE
ReuSal2	SE_Asia	0.805	S_Asia	0.119	0.686	11078	Low	P3_subregion_within_asia	subregion	3	5	SE_Asia	TRUE
ReuSaL5	SE_Asia	0.852	S_Asia	0.085	0.767	11078	Moderate	P3_subregion_within_asia	subregion	3	5	SE_Asia	TRUE
ReuBen2	SE_Asia	0.805	S_Asia	0.124	0.681	11070	Low	P3_subregion_within_asia	subregion	3	5	SE_Asia	TRUE
ReuPau1	SE_Asia	0.842	S_Asia	0.107	0.735	11061	Low	P3_subregion_within_asia	subregion	3	5	SE_Asia	TRUE
ReuPau3	SE_Asia	0.832	S_Asia	0.115	0.717	11065	Low	P3_subregion_within_asia	subregion	3	5	SE_Asia	TRUE
ReuPau5	SE_Asia	0.819	S_Asia	0.113	0.706	11076	Low	P3_subregion_within_asia	subregion	3	5	SE_Asia	TRUE
ReuPie5	SE_Asia	0.81	S_Asia	0.13	0.68	11072	Low	P3_subregion_within_asia	subregion	3	5	SE_Asia	TRUE
MauLaS3	SE_Asia	0.893	S_Asia	0.078	0.815	11074	Moderate	P3_subregion_within_asia	subregion	4	1	SE_Asia	TRUE
ReuBas5	SE_Asia	0.845	S_Asia	0.089	0.756	11054	Low	P3_subregion_within_asia	subregion	4	1	SE_Asia	TRUE
ReuSte5	SE_Asia	0.872	S_Asia	0.088	0.784	10200	Moderate	P3_subregion_within_asia	subregion	4	1	SE_Asia	TRUE
BDKG02	S_Asia	0.552	SE_Asia	0.26	0.292	11046	Low	P3_subregion_within_asia	subregion	4	1	S_Asia	TRUE
GXNN01	E_Asia	0.634	SE_Asia	0.219	0.415	11075	Low	P3_subregion_within_asia	subregion	4	1	E_Asia	TRUE
GZDY04	E_Asia	0.754	SE_Asia	0.148	0.606	11080	Low	P3_subregion_within_asia	subregion	4	1	E_Asia	TRUE
GZDY05	E_Asia	0.497	SE_Asia	0.275	0.222	11071	Low	P3_subregion_within_asia	subregion	4	1	E_Asia	TRUE
HBWH02	E_Asia	0.755	SE_Asia	0.136	0.619	11065	Low	P3_subregion_within_asia	subregion	4	1	E_Asia	TRUE
HBWH03	E_Asia	0.595	SE_Asia	0.231	0.364	11073	Low	P3_subregion_within_asia	subregion	4	1	E_Asia	TRUE
HNSY05	E_Asia	0.684	SE_Asia	0.169	0.515	11058	Low	P3_subregion_within_asia	subregion	4	1	E_Asia	TRUE
INAS05	S_Asia	0.415	SE_Asia	0.318	0.097	11051	Uncertain	P3_subregion_within_asia	subregion	4	1	S_Asia	TRUE
INBH01	S_Asia	0.678	SE_Asia	0.181	0.497	11065	Low	P3_subregion_within_asia	subregion	4	1	S_Asia	TRUE
INPJ01	S_Asia	0.575	SE_Asia	0.261	0.314	11015	Low	P3_subregion_within_asia	subregion	4	1	S_Asia	TRUE
JXNC04	E_Asia	0.696	SE_Asia	0.176	0.52	10974	Low	P3_subregion_within_asia	subregion	4	1	E_Asia	TRUE
LAVT03	E_Asia	0.395	SE_Asia	0.374	0.021	11056	Uncertain	P3_subregion_within_asia	subregion	4	1	SE_Asia	FALSE
MMYG02	SE_Asia	0.587	E_Asia	0.278	0.309	10962	Low	P3_subregion_within_asia	subregion	4	1	SE_Asia	TRUE
MYKL02	SE_Asia	0.595	E_Asia	0.256	0.339	11038	Low	P3_subregion_within_asia	subregion	4	1	SE_Asia	TRUE
MYKL03	SE_Asia	0.634	E_Asia	0.183	0.451	11057	Low	P3_subregion_within_asia	subregion	4	1	SE_Asia	TRUE
MYKL05	SE_Asia	0.595	E_Asia	0.234	0.361	11058	Low	P3_subregion_within_asia	subregion	4	1	SE_Asia	TRUE
NPSH07	S_Asia	0.538	SE_Asia	0.285	0.253	11064	Low	P3_subregion_within_asia	subregion	4	1	S_Asia	TRUE
NPSH04	S_Asia	0.539	SE_Asia	0.264	0.275	11075	Low	P3_subregion_within_asia	subregion	4	1	S_Asia	TRUE
PHDV05	SE_Asia	0.838	S_Asia	0.083	0.755	11056	Low	P3_subregion_within_asia	subregion	4	1	SE_Asia	TRUE
PKMR02	S_Asia	0.643	SE_Asia	0.199	0.444	11073	Low	P3_subregion_within_asia	subregion	4	1	S_Asia	TRUE
PKMR03	S_Asia	0.565	SE_Asia	0.252	0.313	10968	Low	P3_subregion_within_asia	subregion	4	1	S_Asia	TRUE
PKMR05	S_Asia	0.683	SE_Asia	0.168	0.515	11071	Low	P3_subregion_within_asia	subregion	4	1	S_Asia	TRUE
SCLS02	E_Asia	0.597	SE_Asia	0.213	0.384	11065	Low	P3_subregion_within_asia	subregion	4	1	E_Asia	TRUE
SCLS03	E_Asia	0.637	SE_Asia	0.203	0.434	11073	Low	P3_subregion_within_asia	subregion	4	1	E_Asia	TRUE
SCLS04	E_Asia	0.645	SE_Asia	0.194	0.451	11072	Low	P3_subregion_within_asia	subregion	4	1	E_Asia	TRUE
THPK02	SE_Asia	0.517	E_Asia	0.258	0.259	11069	Low	P3_subregion_within_asia	subregion	4	1	SE_Asia	TRUE
THPK05	SE_Asia	0.526	E_Asia	0.267	0.259	11076	Low	P3_subregion_within_asia	subregion	4	1	SE_Asia	TRUE
VNTG02	SE_Asia	0.454	E_Asia	0.311	0.143	11070	Uncertain	P3_subregion_within_asia	subregion	4	1	SE_Asia	TRUE
YNBS01	E_Asia	0.502	SE_Asia	0.26	0.242	11077	Low	P3_subregion_within_asia	subregion	4	1	E_Asia	TRUE
YNBS02	SE_Asia	0.358	E_Asia	0.334	0.024	11070	Uncertain	P3_subregion_within_asia	subregion	4	1	E_Asia	FALSE
YNBS04	E_Asia	0.423	SE_Asia	0.302	0.121	11077	Uncertain	P3_subregion_within_asia	subregion	4	1	E_Asia	TRUE
YNJH02	E_Asia	0.779	SE_Asia	0.138	0.641	10814	Low	P3_subregion_within_asia	subregion	4	1	E_Asia	TRUE
YNJH03	E_Asia	0.762	SE_Asia	0.157	0.605	10671	Low	P3_subregion_within_asia	subregion	4	1	E_Asia	TRUE
ZJZJ01	E_Asia	0.747	SE_Asia	0.141	0.606	11059	Low	P3_subregion_within_asia	subregion	4	1	E_Asia	TRUE
ReuPal1	SE_Asia	0.842	S_Asia	0.091	0.751	11056	Low	P3_subregion_within_asia	subregion	4	1	SE_Asia	TRUE
ReuSal3	SE_Asia	0.835	S_Asia	0.1	0.735	11074	Low	P3_subregion_within_asia	subregion	4	1	SE_Asia	TRUE
ReuBen1	SE_Asia	0.865	S_Asia	0.09	0.775	11070	Moderate	P3_subregion_within_asia	subregion	4	1	SE_Asia	TRUE
ReuBen5	SE_Asia	0.829	S_Asia	0.104	0.725	11072	Low	P3_subregion_within_asia	subregion	4	1	SE_Asia	TRUE
ReuPau1	SE_Asia	0.86	S_Asia	0.092	0.768	11061	Moderate	P3_subregion_within_asia	subregion	4	1	SE_Asia	TRUE
ReuPie4	SE_Asia	0.801	E_Asia	0.119	0.682	1698	Low	P3_subregion_within_asia	subregion	4	1	SE_Asia	TRUE
MauLaS4	SE_Asia	0.826	S_Asia	0.106	0.72	11061	Low	P3_subregion_within_asia	subregion	4	2	SE_Asia	TRUE
ReuBas2	SE_Asia	0.908	S_Asia	0.062	0.846	11016	Moderate	P3_subregion_within_asia	subregion	4	2	SE_Asia	TRUE
ReuSte3	SE_Asia	0.849	S_Asia	0.082	0.767	11056	Low	P3_subregion_within_asia	subregion	4	2	SE_Asia	TRUE
BDKG04	SE_Asia	0.385	S_Asia	0.313	0.072	11071	Uncertain	P3_subregion_within_asia	subregion	4	2	S_Asia	FALSE
FJZZ02	E_Asia	0.85	SE_Asia	0.101	0.749	11069	Moderate	P3_subregion_within_asia	subregion	4	2	E_Asia	TRUE
FJZZ03	E_Asia	0.748	SE_Asia	0.14	0.608	11075	Low	P3_subregion_within_asia	subregion	4	2	E_Asia	TRUE
FJZZ04	E_Asia	0.81	SE_Asia	0.118	0.692	11070	Low	P3_subregion_within_asia	subregion	4	2	E_Asia	TRUE
GDGZ02	E_Asia	0.695	SE_Asia	0.189	0.506	11076	Low	P3_subregion_within_asia	subregion	4	2	E_Asia	TRUE
GDGZ04	E_Asia	0.782	SE_Asia	0.131	0.651	11062	Low	P3_subregion_within_asia	subregion	4	2	E_Asia	TRUE
GZDY01	E_Asia	0.635	SE_Asia	0.215	0.42	11074	Low	P3_subregion_within_asia	subregion	4	2	E_Asia	TRUE
HBWH05	E_Asia	0.73	SE_Asia	0.151	0.579	11062	Low	P3_subregion_within_asia	subregion	4	2	E_Asia	TRUE
HNDZ04	E_Asia	0.574	SE_Asia	0.246	0.328	11047	Low	P3_subregion_within_asia	subregion	4	2	E_Asia	TRUE
HNLY03	E_Asia	0.628	SE_Asia	0.238	0.39	11065	Low	P3_subregion_within_asia	subregion	4	2	E_Asia	TRUE
HNLY05	E_Asia	0.748	SE_Asia	0.152	0.596	11009	Low	P3_subregion_within_asia	subregion	4	2	E_Asia	TRUE
IDJI01	SE_Asia	0.69	E_Asia	0.193	0.497	11065	Low	P3_subregion_within_asia	subregion	4	2	SE_Asia	TRUE
IDJI03	SE_Asia	0.697	E_Asia	0.192	0.505	11053	Low	P3_subregion_within_asia	subregion	4	2	SE_Asia	TRUE
INAS01	SE_Asia	0.376	S_Asia	0.343	0.033	11071	Uncertain	P3_subregion_within_asia	subregion	4	2	S_Asia	FALSE
INAS02	S_Asia	0.384	E_Asia	0.316	0.068	11053	Uncertain	P3_subregion_within_asia	subregion	4	2	S_Asia	TRUE
INAS03	S_Asia	0.411	SE_Asia	0.322	0.089	11063	Uncertain	P3_subregion_within_asia	subregion	4	2	S_Asia	TRUE
INBH03	S_Asia	0.718	SE_Asia	0.154	0.564	11068	Low	P3_subregion_within_asia	subregion	4	2	S_Asia	TRUE
INPJ04	S_Asia	0.584	SE_Asia	0.243	0.341	11043	Low	P3_subregion_within_asia	subregion	4	2	S_Asia	TRUE
INTG05	S_Asia	0.437	SE_Asia	0.302	0.135	11058	Uncertain	P3_subregion_within_asia	subregion	4	2	S_Asia	TRUE
INTN05	S_Asia	0.689	SE_Asia	0.18	0.509	11073	Low	P3_subregion_within_asia	subregion	4	2	S_Asia	TRUE
JSZJ03	E_Asia	0.769	SE_Asia	0.145	0.624	11064	Low	P3_subregion_within_asia	subregion	4	2	E_Asia	TRUE
JSZJ04	E_Asia	0.572	SE_Asia	0.257	0.315	11074	Low	P3_subregion_within_asia	subregion	4	2	E_Asia	TRUE
LAVT01	SE_Asia	0.437	E_Asia	0.341	0.096	11057	Uncertain	P3_subregion_within_asia	subregion	4	2	SE_Asia	TRUE
LKAD01	S_Asia	0.46	SE_Asia	0.283	0.177	11071	Uncertain	P3_subregion_within_asia	subregion	4	2	S_Asia	TRUE
MMYG03	SE_Asia	0.432	E_Asia	0.369	0.063	11052	Uncertain	P3_subregion_within_asia	subregion	4	2	SE_Asia	TRUE
MMYG05	SE_Asia	0.85	E_Asia	0.1	0.75	11023	Moderate	P3_subregion_within_asia	subregion	4	2	SE_Asia	TRUE
PHDM04	SE_Asia	0.828	E_Asia	0.096	0.732	11012	Low	P3_subregion_within_asia	subregion	4	2	SE_Asia	TRUE
THPK01	SE_Asia	0.578	E_Asia	0.248	0.33	11074	Low	P3_subregion_within_asia	subregion	4	2	SE_Asia	TRUE
THPK04	SE_Asia	0.51	E_Asia	0.279	0.231	11070	Low	P3_subregion_within_asia	subregion	4	2	SE_Asia	TRUE
TWPD01	E_Asia	0.837	SE_Asia	0.098	0.739	11051	Low	P3_subregion_within_asia	subregion	4	2	E_Asia	TRUE
TWPD02	E_Asia	0.849	SE_Asia	0.09	0.759	11005	Low	P3_subregion_within_asia	subregion	4	2	E_Asia	TRUE
TWPD05	E_Asia	0.791	SE_Asia	0.125	0.666	10265	Low	P3_subregion_within_asia	subregion	4	2	E_Asia	TRUE
TWTY03	E_Asia	0.835	SE_Asia	0.111	0.724	11057	Low	P3_subregion_within_asia	subregion	4	2	E_Asia	TRUE
ReuPal2	SE_Asia	0.854	S_Asia	0.088	0.766	11056	Moderate	P3_subregion_within_asia	subregion	4	2	SE_Asia	TRUE
ReuSal1	SE_Asia	0.844	S_Asia	0.1	0.744	11075	Low	P3_subregion_within_asia	subregion	4	2	SE_Asia	TRUE
ReuSaL5	SE_Asia	0.855	E_Asia	0.076	0.779	11078	Moderate	P3_subregion_within_asia	subregion	4	2	SE_Asia	TRUE
ReuAnd4	SE_Asia	0.872	S_Asia	0.082	0.79	11023	Moderate	P3_subregion_within_asia	subregion	4	2	SE_Asia	TRUE
ReuAnd5	SE_Asia	0.791	S_Asia	0.137	0.654	11069	Low	P3_subregion_within_asia	subregion	4	2	SE_Asia	TRUE
ReuBen3	SE_Asia	0.827	S_Asia	0.111	0.716	11075	Low	P3_subregion_within_asia	subregion	4	2	SE_Asia	TRUE
ReuPie5	SE_Asia	0.786	S_Asia	0.127	0.659	11072	Low	P3_subregion_within_asia	subregion	4	2	SE_Asia	TRUE
MauLaS5	SE_Asia	0.894	S_Asia	0.066	0.828	11042	Moderate	P3_subregion_within_asia	subregion	4	3	SE_Asia	TRUE
ReuBas1	SE_Asia	0.884	S_Asia	0.071	0.813	11034	Moderate	P3_subregion_within_asia	subregion	4	3	SE_Asia	TRUE
ReuSte1	SE_Asia	0.898	S_Asia	0.067	0.831	11052	Moderate	P3_subregion_within_asia	subregion	4	3	SE_Asia	TRUE
GDGZ05	E_Asia	0.742	SE_Asia	0.135	0.607	11062	Low	P3_subregion_within_asia	subregion	4	3	E_Asia	TRUE
GZDY02	E_Asia	0.748	SE_Asia	0.146	0.602	11079	Low	P3_subregion_within_asia	subregion	4	3	E_Asia	TRUE
HBWH04	E_Asia	0.794	SE_Asia	0.106	0.688	11070	Low	P3_subregion_within_asia	subregion	4	3	E_Asia	TRUE
HNDZ01	E_Asia	0.739	SE_Asia	0.144	0.595	11073	Low	P3_subregion_within_asia	subregion	4	3	E_Asia	TRUE
HNDZ03	E_Asia	0.556	SE_Asia	0.259	0.297	11067	Low	P3_subregion_within_asia	subregion	4	3	E_Asia	TRUE
HNSY03	E_Asia	0.657	SE_Asia	0.207	0.45	11018	Low	P3_subregion_within_asia	subregion	4	3	E_Asia	TRUE
HNSY04	E_Asia	0.705	S_Asia	0.154	0.551	11066	Low	P3_subregion_within_asia	subregion	4	3	E_Asia	TRUE
IDJI05	SE_Asia	0.683	E_Asia	0.198	0.485	11069	Low	P3_subregion_within_asia	subregion	4	3	SE_Asia	TRUE
INAS04	S_Asia	0.349	SE_Asia	0.347	0.002	11054	Uncertain	P3_subregion_within_asia	subregion	4	3	S_Asia	TRUE
INPJ05	S_Asia	0.692	SE_Asia	0.157	0.535	11062	Low	P3_subregion_within_asia	subregion	4	3	S_Asia	TRUE
INTG01	S_Asia	0.419	SE_Asia	0.324	0.095	11072	Uncertain	P3_subregion_within_asia	subregion	4	3	S_Asia	TRUE
INTG02	S_Asia	0.454	SE_Asia	0.324	0.13	11072	Uncertain	P3_subregion_within_asia	subregion	4	3	S_Asia	TRUE
INTG04	S_Asia	0.404	SE_Asia	0.325	0.079	11063	Uncertain	P3_subregion_within_asia	subregion	4	3	S_Asia	TRUE
INTN02	S_Asia	0.756	SE_Asia	0.149	0.607	11068	Low	P3_subregion_within_asia	subregion	4	3	S_Asia	TRUE
JXNC05	E_Asia	0.8	SE_Asia	0.107	0.693	11054	Low	P3_subregion_within_asia	subregion	4	3	E_Asia	TRUE
LKAD04	S_Asia	0.408	SE_Asia	0.338	0.07	11067	Uncertain	P3_subregion_within_asia	subregion	4	3	S_Asia	TRUE
LKAD05	S_Asia	0.444	SE_Asia	0.346	0.098	11059	Uncertain	P3_subregion_within_asia	subregion	4	3	S_Asia	TRUE
MMYG04	SE_Asia	0.82	E_Asia	0.12	0.7	11010	Low	P3_subregion_within_asia	subregion	4	3	SE_Asia	TRUE
MYKL01	SE_Asia	0.534	E_Asia	0.311	0.223	11063	Low	P3_subregion_within_asia	subregion	4	3	SE_Asia	TRUE
NPSH06	S_Asia	0.364	SE_Asia	0.343	0.021	11075	Uncertain	P3_subregion_within_asia	subregion	4	3	S_Asia	TRUE
PHDM02	SE_Asia	0.812	E_Asia	0.098	0.714	10979	Low	P3_subregion_within_asia	subregion	4	3	SE_Asia	TRUE
PHDM03	SE_Asia	0.816	E_Asia	0.096	0.72	11040	Low	P3_subregion_within_asia	subregion	4	3	SE_Asia	TRUE
PHDM05	SE_Asia	0.793	E_Asia	0.113	0.68	11043	Low	P3_subregion_within_asia	subregion	4	3	SE_Asia	TRUE
PHDV02	SE_Asia	0.755	E_Asia	0.16	0.595	11050	Low	P3_subregion_within_asia	subregion	4	3	SE_Asia	TRUE
THBK01	E_Asia	0.45	SE_Asia	0.362	0.088	11066	Uncertain	P3_subregion_within_asia	subregion	4	3	SE_Asia	FALSE
THBK03	E_Asia	0.519	SE_Asia	0.288	0.231	11075	Low	P3_subregion_within_asia	subregion	4	3	SE_Asia	FALSE
THBK04	E_Asia	0.424	SE_Asia	0.38	0.044	11057	Uncertain	P3_subregion_within_asia	subregion	4	3	SE_Asia	FALSE
THBK06	E_Asia	0.504	SE_Asia	0.338	0.166	11039	Uncertain	P3_subregion_within_asia	subregion	4	3	SE_Asia	FALSE
TWTY01	E_Asia	0.825	SE_Asia	0.091	0.734	11062	Low	P3_subregion_within_asia	subregion	4	3	E_Asia	TRUE
TWTY04	E_Asia	0.831	SE_Asia	0.107	0.724	11065	Low	P3_subregion_within_asia	subregion	4	3	E_Asia	TRUE
TWTY05	E_Asia	0.807	S_Asia	0.101	0.706	11068	Low	P3_subregion_within_asia	subregion	4	3	E_Asia	TRUE
VNTG05	SE_Asia	0.415	E_Asia	0.316	0.099	10965	Uncertain	P3_subregion_within_asia	subregion	4	3	SE_Asia	TRUE
YNBS03	E_Asia	0.671	SE_Asia	0.193	0.478	11073	Low	P3_subregion_within_asia	subregion	4	3	E_Asia	TRUE
YNBS05	E_Asia	0.543	SE_Asia	0.272	0.271	11043	Low	P3_subregion_within_asia	subregion	4	3	E_Asia	TRUE
YNJH05	E_Asia	0.833	SE_Asia	0.122	0.711	10823	Low	P3_subregion_within_asia	subregion	4	3	E_Asia	TRUE
ZJZJ02	E_Asia	0.804	SE_Asia	0.112	0.692	11060	Low	P3_subregion_within_asia	subregion	4	3	E_Asia	TRUE
ZJZJ05	E_Asia	0.729	SE_Asia	0.152	0.577	11075	Low	P3_subregion_within_asia	subregion	4	3	E_Asia	TRUE
ReuBen2	SE_Asia	0.828	S_Asia	0.096	0.732	11070	Low	P3_subregion_within_asia	subregion	4	3	SE_Asia	TRUE
ReuPau3	SE_Asia	0.838	S_Asia	0.104	0.734	11065	Low	P3_subregion_within_asia	subregion	4	3	SE_Asia	TRUE
ReuPau4	SE_Asia	0.84	S_Asia	0.093	0.747	11076	Low	P3_subregion_within_asia	subregion	4	3	SE_Asia	TRUE
ReuBas4	SE_Asia	0.81	S_Asia	0.117	0.693	11065	Low	P3_subregion_within_asia	subregion	4	4	SE_Asia	TRUE
ReuSte4	SE_Asia	0.826	S_Asia	0.11	0.716	11057	Low	P3_subregion_within_asia	subregion	4	4	SE_Asia	TRUE
BDKG01	S_Asia	0.444	SE_Asia	0.283	0.161	11069	Uncertain	P3_subregion_within_asia	subregion	4	4	S_Asia	TRUE
BDKG03	S_Asia	0.548	SE_Asia	0.247	0.301	11045	Low	P3_subregion_within_asia	subregion	4	4	S_Asia	TRUE
FJZZ01	E_Asia	0.812	SE_Asia	0.101	0.711	11052	Low	P3_subregion_within_asia	subregion	4	4	E_Asia	TRUE
FJZZ05	E_Asia	0.838	SE_Asia	0.097	0.741	11073	Low	P3_subregion_within_asia	subregion	4	4	E_Asia	TRUE
GDGZ01	E_Asia	0.69	SE_Asia	0.19	0.5	11052	Low	P3_subregion_within_asia	subregion	4	4	E_Asia	TRUE
GXNN02	E_Asia	0.672	SE_Asia	0.206	0.466	11060	Low	P3_subregion_within_asia	subregion	4	4	E_Asia	TRUE
GXNN03	E_Asia	0.656	SE_Asia	0.21	0.446	11070	Low	P3_subregion_within_asia	subregion	4	4	E_Asia	TRUE
HNDZ02	E_Asia	0.589	SE_Asia	0.248	0.341	11067	Low	P3_subregion_within_asia	subregion	4	4	E_Asia	TRUE
HNLY01	E_Asia	0.531	SE_Asia	0.266	0.265	11064	Low	P3_subregion_within_asia	subregion	4	4	E_Asia	TRUE
HNSY02	E_Asia	0.683	SE_Asia	0.187	0.496	11070	Low	P3_subregion_within_asia	subregion	4	4	E_Asia	TRUE
IDJI02	SE_Asia	0.745	E_Asia	0.157	0.588	11063	Low	P3_subregion_within_asia	subregion	4	4	SE_Asia	TRUE
INBH05	S_Asia	0.583	SE_Asia	0.249	0.334	10171	Low	P3_subregion_within_asia	subregion	4	4	S_Asia	TRUE
INPJ02	S_Asia	0.64	SE_Asia	0.202	0.438	11051	Low	P3_subregion_within_asia	subregion	4	4	S_Asia	TRUE
INTN01	S_Asia	0.662	SE_Asia	0.195	0.467	11071	Low	P3_subregion_within_asia	subregion	4	4	S_Asia	TRUE
INTN03	S_Asia	0.683	E_Asia	0.176	0.507	11040	Low	P3_subregion_within_asia	subregion	4	4	S_Asia	TRUE
JSZJ01	E_Asia	0.797	SE_Asia	0.117	0.68	11050	Low	P3_subregion_within_asia	subregion	4	4	E_Asia	TRUE
JSZJ02	E_Asia	0.767	SE_Asia	0.141	0.626	11043	Low	P3_subregion_within_asia	subregion	4	4	E_Asia	TRUE
JSZJ05	E_Asia	0.755	SE_Asia	0.145	0.61	11072	Low	P3_subregion_within_asia	subregion	4	4	E_Asia	TRUE
JXNC01	E_Asia	0.774	SE_Asia	0.139	0.635	11075	Low	P3_subregion_within_asia	subregion	4	4	E_Asia	TRUE
JXNC03	E_Asia	0.678	SE_Asia	0.199	0.479	11067	Low	P3_subregion_within_asia	subregion	4	4	E_Asia	TRUE
LAVT02	SE_Asia	0.412	E_Asia	0.342	0.07	11032	Uncertain	P3_subregion_within_asia	subregion	4	4	SE_Asia	TRUE
LAVT04	SE_Asia	0.502	S_Asia	0.254	0.248	11016	Low	P3_subregion_within_asia	subregion	4	4	SE_Asia	TRUE
NPSH08	S_Asia	0.585	SE_Asia	0.244	0.341	11021	Low	P3_subregion_within_asia	subregion	4	4	S_Asia	TRUE
NPSH05	S_Asia	0.535	SE_Asia	0.258	0.277	11068	Low	P3_subregion_within_asia	subregion	4	4	S_Asia	TRUE
PHDM01	SE_Asia	0.845	E_Asia	0.084	0.761	11024	Low	P3_subregion_within_asia	subregion	4	4	SE_Asia	TRUE
PHDV01	SE_Asia	0.828	E_Asia	0.096	0.732	11055	Low	P3_subregion_within_asia	subregion	4	4	SE_Asia	TRUE
PHDV04	SE_Asia	0.8	E_Asia	0.125	0.675	11065	Low	P3_subregion_within_asia	subregion	4	4	SE_Asia	TRUE
PKMR01	S_Asia	0.467	SE_Asia	0.302	0.165	11033	Uncertain	P3_subregion_within_asia	subregion	4	4	S_Asia	TRUE
SCLS05	E_Asia	0.586	SE_Asia	0.236	0.35	11061	Low	P3_subregion_within_asia	subregion	4	4	E_Asia	TRUE
TWPD03	E_Asia	0.803	SE_Asia	0.117	0.686	11044	Low	P3_subregion_within_asia	subregion	4	4	E_Asia	TRUE
YNJH04	E_Asia	0.362	SE_Asia	0.342	0.02	11068	Uncertain	P3_subregion_within_asia	subregion	4	4	E_Asia	TRUE
ReuPal4	SE_Asia	0.69	S_Asia	0.23	0.46	11009	Low	P3_subregion_within_asia	subregion	4	4	SE_Asia	TRUE
ReuSal2	SE_Asia	0.808	S_Asia	0.114	0.694	11078	Low	P3_subregion_within_asia	subregion	4	4	SE_Asia	TRUE
ReuSal4	SE_Asia	0.797	S_Asia	0.11	0.687	11074	Low	P3_subregion_within_asia	subregion	4	4	SE_Asia	TRUE
ReuAnd3	SE_Asia	0.843	S_Asia	0.094	0.749	11074	Low	P3_subregion_within_asia	subregion	4	4	SE_Asia	TRUE
ReuBen4	SE_Asia	0.819	S_Asia	0.097	0.722	11075	Low	P3_subregion_within_asia	subregion	4	4	SE_Asia	TRUE
ReuPau2	SE_Asia	0.831	S_Asia	0.098	0.733	11068	Low	P3_subregion_within_asia	subregion	4	4	SE_Asia	TRUE
ReuPau5	SE_Asia	0.821	S_Asia	0.102	0.719	11076	Low	P3_subregion_within_asia	subregion	4	4	SE_Asia	TRUE
ReuPie1	SE_Asia	0.799	E_Asia	0.144	0.655	2318	Low	P3_subregion_within_asia	subregion	4	4	SE_Asia	TRUE
ReuPie2	SE_Asia	0.827	S_Asia	0.114	0.713	11073	Low	P3_subregion_within_asia	subregion	4	4	SE_Asia	TRUE
ReuPie3	SE_Asia	0.813	S_Asia	0.109	0.704	11062	Low	P3_subregion_within_asia	subregion	4	4	SE_Asia	TRUE
MauLaS1	SE_Asia	0.888	S_Asia	0.062	0.826	11068	Moderate	P3_subregion_within_asia	subregion	4	5	SE_Asia	TRUE
MauLaS2	SE_Asia	0.859	S_Asia	0.089	0.77	11070	Moderate	P3_subregion_within_asia	subregion	4	5	SE_Asia	TRUE
ReuBas3	SE_Asia	0.86	E_Asia	0.072	0.788	11074	Moderate	P3_subregion_within_asia	subregion	4	5	SE_Asia	TRUE
ReuSte2	SE_Asia	0.883	S_Asia	0.075	0.808	11056	Moderate	P3_subregion_within_asia	subregion	4	5	SE_Asia	TRUE
BDKG05	S_Asia	0.571	SE_Asia	0.238	0.333	11074	Low	P3_subregion_within_asia	subregion	4	5	S_Asia	TRUE
GDGZ03	E_Asia	0.724	SE_Asia	0.167	0.557	11079	Low	P3_subregion_within_asia	subregion	4	5	E_Asia	TRUE
GXNN04	E_Asia	0.553	SE_Asia	0.23	0.323	11067	Low	P3_subregion_within_asia	subregion	4	5	E_Asia	TRUE
GXNN05	E_Asia	0.56	SE_Asia	0.26	0.3	11069	Low	P3_subregion_within_asia	subregion	4	5	E_Asia	TRUE
GZDY03	E_Asia	0.465	SE_Asia	0.299	0.166	11063	Uncertain	P3_subregion_within_asia	subregion	4	5	E_Asia	TRUE
HBWH01	E_Asia	0.8	SE_Asia	0.101	0.699	11059	Low	P3_subregion_within_asia	subregion	4	5	E_Asia	TRUE
HNDZ05	E_Asia	0.576	SE_Asia	0.235	0.341	11066	Low	P3_subregion_within_asia	subregion	4	5	E_Asia	TRUE
HNLY02	E_Asia	0.683	SE_Asia	0.189	0.494	11028	Low	P3_subregion_within_asia	subregion	4	5	E_Asia	TRUE
HNLY04	E_Asia	0.659	SE_Asia	0.201	0.458	11077	Low	P3_subregion_within_asia	subregion	4	5	E_Asia	TRUE
HNSY01	E_Asia	0.656	SE_Asia	0.206	0.45	11067	Low	P3_subregion_within_asia	subregion	4	5	E_Asia	TRUE
IDJI04	SE_Asia	0.646	E_Asia	0.25	0.396	11035	Low	P3_subregion_within_asia	subregion	4	5	SE_Asia	TRUE
INBH02	S_Asia	0.647	SE_Asia	0.215	0.432	11050	Low	P3_subregion_within_asia	subregion	4	5	S_Asia	TRUE
INBH04	S_Asia	0.654	SE_Asia	0.199	0.455	11066	Low	P3_subregion_within_asia	subregion	4	5	S_Asia	TRUE
INPJ03	S_Asia	0.612	SE_Asia	0.228	0.384	11072	Low	P3_subregion_within_asia	subregion	4	5	S_Asia	TRUE
INTG03	S_Asia	0.424	E_Asia	0.341	0.083	11070	Uncertain	P3_subregion_within_asia	subregion	4	5	S_Asia	TRUE
INTN04	S_Asia	0.711	SE_Asia	0.149	0.562	11078	Low	P3_subregion_within_asia	subregion	4	5	S_Asia	TRUE
JXNC02	E_Asia	0.824	SE_Asia	0.099	0.725	11076	Low	P3_subregion_within_asia	subregion	4	5	E_Asia	TRUE
LAVT05	SE_Asia	0.385	E_Asia	0.368	0.017	11057	Uncertain	P3_subregion_within_asia	subregion	4	5	SE_Asia	TRUE
LKAD02	S_Asia	0.5	SE_Asia	0.265	0.235	11074	Low	P3_subregion_within_asia	subregion	4	5	S_Asia	TRUE
LKAD03	S_Asia	0.452	SE_Asia	0.308	0.144	11069	Uncertain	P3_subregion_within_asia	subregion	4	5	S_Asia	TRUE
MMYG01	SE_Asia	0.802	E_Asia	0.126	0.676	11017	Low	P3_subregion_within_asia	subregion	4	5	SE_Asia	TRUE
MYKL04	SE_Asia	0.607	E_Asia	0.232	0.375	11061	Low	P3_subregion_within_asia	subregion	4	5	SE_Asia	TRUE
PHDV03	SE_Asia	0.849	E_Asia	0.087	0.762	11059	Low	P3_subregion_within_asia	subregion	4	5	SE_Asia	TRUE
PKMR04	S_Asia	0.585	SE_Asia	0.221	0.364	11063	Low	P3_subregion_within_asia	subregion	4	5	S_Asia	TRUE
SCLS01	E_Asia	0.694	SE_Asia	0.178	0.516	11071	Low	P3_subregion_within_asia	subregion	4	5	E_Asia	TRUE
THBK02	SE_Asia	0.408	E_Asia	0.381	0.027	11039	Uncertain	P3_subregion_within_asia	subregion	4	5	SE_Asia	TRUE
THPK03	SE_Asia	0.567	E_Asia	0.231	0.336	11069	Low	P3_subregion_within_asia	subregion	4	5	SE_Asia	TRUE
TWPD04	E_Asia	0.824	SE_Asia	0.095	0.729	10980	Low	P3_subregion_within_asia	subregion	4	5	E_Asia	TRUE
TWTY02	E_Asia	0.858	SE_Asia	0.084	0.774	11059	Moderate	P3_subregion_within_asia	subregion	4	5	E_Asia	TRUE
VNTG01	SE_Asia	0.459	E_Asia	0.316	0.143	11075	Uncertain	P3_subregion_within_asia	subregion	4	5	SE_Asia	TRUE
VNTG03	SE_Asia	0.436	E_Asia	0.319	0.117	11075	Uncertain	P3_subregion_within_asia	subregion	4	5	SE_Asia	TRUE
VNTG04	SE_Asia	0.422	E_Asia	0.317	0.105	11063	Uncertain	P3_subregion_within_asia	subregion	4	5	SE_Asia	TRUE
YNJH01	E_Asia	0.781	SE_Asia	0.145	0.636	10797	Low	P3_subregion_within_asia	subregion	4	5	E_Asia	TRUE
ZJZJ03	E_Asia	0.822	SE_Asia	0.111	0.711	11077	Low	P3_subregion_within_asia	subregion	4	5	E_Asia	TRUE
ZJZJ04	E_Asia	0.716	SE_Asia	0.145	0.571	11081	Low	P3_subregion_within_asia	subregion	4	5	E_Asia	TRUE
ReuPal3	SE_Asia	0.853	S_Asia	0.089	0.764	11056	Moderate	P3_subregion_within_asia	subregion	4	5	SE_Asia	TRUE
ReuPaL5	SE_Asia	0.809	S_Asia	0.126	0.683	11074	Low	P3_subregion_within_asia	subregion	4	5	SE_Asia	TRUE
ReuAnd1	SE_Asia	0.8	S_Asia	0.106	0.694	11073	Low	P3_subregion_within_asia	subregion	4	5	SE_Asia	TRUE
ReuAnd2	SE_Asia	0.798	S_Asia	0.119	0.679	11069	Low	P3_subregion_within_asia	subregion	4	5	SE_Asia	TRUE
ReuBas2	SE_Asia	0.91	S_Asia	0.059	0.851	11016	Moderate	P3_subregion_within_asia	subregion	5	1	SE_Asia	TRUE
BDKG03	S_Asia	0.535	SE_Asia	0.254	0.281	11045	Low	P3_subregion_within_asia	subregion	5	1	S_Asia	TRUE
FJZZ03	E_Asia	0.804	SE_Asia	0.105	0.699	11075	Low	P3_subregion_within_asia	subregion	5	1	E_Asia	TRUE
GXNN05	E_Asia	0.599	SE_Asia	0.216	0.383	11069	Low	P3_subregion_within_asia	subregion	5	1	E_Asia	TRUE
HNDZ01	E_Asia	0.713	SE_Asia	0.176	0.537	11073	Low	P3_subregion_within_asia	subregion	5	1	E_Asia	TRUE
HNLY03	E_Asia	0.56	SE_Asia	0.272	0.288	11065	Low	P3_subregion_within_asia	subregion	5	1	E_Asia	TRUE
HNLY04	E_Asia	0.568	SE_Asia	0.255	0.313	11077	Low	P3_subregion_within_asia	subregion	5	1	E_Asia	TRUE
IDJI01	SE_Asia	0.711	E_Asia	0.163	0.548	11065	Low	P3_subregion_within_asia	subregion	5	1	SE_Asia	TRUE
IDJI04	SE_Asia	0.717	E_Asia	0.204	0.513	11035	Low	P3_subregion_within_asia	subregion	5	1	SE_Asia	TRUE
INAS01	S_Asia	0.378	SE_Asia	0.357	0.021	11071	Uncertain	P3_subregion_within_asia	subregion	5	1	S_Asia	TRUE
INTG03	S_Asia	0.423	E_Asia	0.31	0.113	11070	Uncertain	P3_subregion_within_asia	subregion	5	1	S_Asia	TRUE
INTG04	S_Asia	0.451	SE_Asia	0.302	0.149	11063	Uncertain	P3_subregion_within_asia	subregion	5	1	S_Asia	TRUE
INTN05	S_Asia	0.672	SE_Asia	0.181	0.491	11073	Low	P3_subregion_within_asia	subregion	5	1	S_Asia	TRUE
JSZJ02	E_Asia	0.777	SE_Asia	0.138	0.639	11043	Low	P3_subregion_within_asia	subregion	5	1	E_Asia	TRUE
JSZJ03	E_Asia	0.75	SE_Asia	0.156	0.594	11064	Low	P3_subregion_within_asia	subregion	5	1	E_Asia	TRUE
JXNC01	E_Asia	0.819	SE_Asia	0.11	0.709	11075	Low	P3_subregion_within_asia	subregion	5	1	E_Asia	TRUE
JXNC05	E_Asia	0.805	SE_Asia	0.102	0.703	11054	Low	P3_subregion_within_asia	subregion	5	1	E_Asia	TRUE
LAVT02	SE_Asia	0.396	E_Asia	0.367	0.029	11032	Uncertain	P3_subregion_within_asia	subregion	5	1	SE_Asia	TRUE
LKAD02	S_Asia	0.476	SE_Asia	0.3	0.176	11074	Uncertain	P3_subregion_within_asia	subregion	5	1	S_Asia	TRUE
MMYG03	SE_Asia	0.439	E_Asia	0.338	0.101	11052	Uncertain	P3_subregion_within_asia	subregion	5	1	SE_Asia	TRUE
MYKL02	SE_Asia	0.606	E_Asia	0.236	0.37	11038	Low	P3_subregion_within_asia	subregion	5	1	SE_Asia	TRUE
MYKL05	SE_Asia	0.594	E_Asia	0.253	0.341	11058	Low	P3_subregion_within_asia	subregion	5	1	SE_Asia	TRUE
NPSH05	S_Asia	0.56	SE_Asia	0.238	0.322	11068	Low	P3_subregion_within_asia	subregion	5	1	S_Asia	TRUE
PHDM01	SE_Asia	0.869	E_Asia	0.076	0.793	11024	Moderate	P3_subregion_within_asia	subregion	5	1	SE_Asia	TRUE
PKMR03	S_Asia	0.572	SE_Asia	0.218	0.354	10968	Low	P3_subregion_within_asia	subregion	5	1	S_Asia	TRUE
PKMR05	S_Asia	0.735	E_Asia	0.134	0.601	11071	Low	P3_subregion_within_asia	subregion	5	1	S_Asia	TRUE
SCLS01	E_Asia	0.68	SE_Asia	0.18	0.5	11071	Low	P3_subregion_within_asia	subregion	5	1	E_Asia	TRUE
SCLS03	E_Asia	0.673	SE_Asia	0.189	0.484	11073	Low	P3_subregion_within_asia	subregion	5	1	E_Asia	TRUE
THBK03	E_Asia	0.492	SE_Asia	0.319	0.173	11075	Uncertain	P3_subregion_within_asia	subregion	5	1	SE_Asia	FALSE
THPK02	SE_Asia	0.499	E_Asia	0.268	0.231	11069	Low	P3_subregion_within_asia	subregion	5	1	SE_Asia	TRUE
TWTY01	E_Asia	0.833	S_Asia	0.09	0.743	11062	Low	P3_subregion_within_asia	subregion	5	1	E_Asia	TRUE
TWTY05	E_Asia	0.772	SE_Asia	0.125	0.647	11068	Low	P3_subregion_within_asia	subregion	5	1	E_Asia	TRUE
YNBS02	E_Asia	0.362	SE_Asia	0.361	0.001	11070	Uncertain	P3_subregion_within_asia	subregion	5	1	E_Asia	TRUE
YNBS05	E_Asia	0.516	SE_Asia	0.263	0.253	11043	Low	P3_subregion_within_asia	subregion	5	1	E_Asia	TRUE
YNJH03	E_Asia	0.795	SE_Asia	0.137	0.658	10671	Low	P3_subregion_within_asia	subregion	5	1	E_Asia	TRUE
ReuPal2	SE_Asia	0.847	S_Asia	0.092	0.755	11056	Low	P3_subregion_within_asia	subregion	5	1	SE_Asia	TRUE
ReuPaL5	SE_Asia	0.861	S_Asia	0.083	0.778	11074	Moderate	P3_subregion_within_asia	subregion	5	1	SE_Asia	TRUE
ReuAnd1	SE_Asia	0.796	S_Asia	0.112	0.684	11073	Low	P3_subregion_within_asia	subregion	5	1	SE_Asia	TRUE
ReuAnd2	SE_Asia	0.82	S_Asia	0.099	0.721	11069	Low	P3_subregion_within_asia	subregion	5	1	SE_Asia	TRUE
ReuBen2	SE_Asia	0.825	S_Asia	0.101	0.724	11070	Low	P3_subregion_within_asia	subregion	5	1	SE_Asia	TRUE
ReuBen3	SE_Asia	0.84	S_Asia	0.092	0.748	11075	Low	P3_subregion_within_asia	subregion	5	1	SE_Asia	TRUE
ReuPie1	SE_Asia	0.65	E_Asia	0.23	0.42	2318	Low	P3_subregion_within_asia	subregion	5	1	SE_Asia	TRUE
ReuPie4	SE_Asia	0.619	E_Asia	0.271	0.348	1698	Low	P3_subregion_within_asia	subregion	5	1	SE_Asia	TRUE
MauLaS1	SE_Asia	0.88	S_Asia	0.075	0.805	11068	Moderate	P3_subregion_within_asia	subregion	5	2	SE_Asia	TRUE
MauLaS5	SE_Asia	0.847	S_Asia	0.101	0.746	11042	Low	P3_subregion_within_asia	subregion	5	2	SE_Asia	TRUE
ReuSte2	SE_Asia	0.872	S_Asia	0.078	0.794	11056	Moderate	P3_subregion_within_asia	subregion	5	2	SE_Asia	TRUE
ReuSte5	SE_Asia	0.859	S_Asia	0.087	0.772	10200	Moderate	P3_subregion_within_asia	subregion	5	2	SE_Asia	TRUE
FJZZ01	E_Asia	0.798	SE_Asia	0.107	0.691	11052	Low	P3_subregion_within_asia	subregion	5	2	E_Asia	TRUE
FJZZ02	E_Asia	0.863	SE_Asia	0.074	0.789	11069	Moderate	P3_subregion_within_asia	subregion	5	2	E_Asia	TRUE
FJZZ04	E_Asia	0.831	SE_Asia	0.106	0.725	11070	Low	P3_subregion_within_asia	subregion	5	2	E_Asia	TRUE
GDGZ05	E_Asia	0.744	SE_Asia	0.132	0.612	11062	Low	P3_subregion_within_asia	subregion	5	2	E_Asia	TRUE
GZDY01	E_Asia	0.646	SE_Asia	0.204	0.442	11074	Low	P3_subregion_within_asia	subregion	5	2	E_Asia	TRUE
GZDY05	E_Asia	0.508	SE_Asia	0.295	0.213	11071	Low	P3_subregion_within_asia	subregion	5	2	E_Asia	TRUE
HBWH01	E_Asia	0.799	SE_Asia	0.109	0.69	11059	Low	P3_subregion_within_asia	subregion	5	2	E_Asia	TRUE
HBWH02	E_Asia	0.742	SE_Asia	0.13	0.612	11065	Low	P3_subregion_within_asia	subregion	5	2	E_Asia	TRUE
HNLY01	E_Asia	0.539	SE_Asia	0.251	0.288	11064	Low	P3_subregion_within_asia	subregion	5	2	E_Asia	TRUE
HNLY05	E_Asia	0.732	SE_Asia	0.157	0.575	11009	Low	P3_subregion_within_asia	subregion	5	2	E_Asia	TRUE
INAS04	S_Asia	0.423	SE_Asia	0.289	0.134	11054	Uncertain	P3_subregion_within_asia	subregion	5	2	S_Asia	TRUE
INBH02	S_Asia	0.63	SE_Asia	0.208	0.422	11050	Low	P3_subregion_within_asia	subregion	5	2	S_Asia	TRUE
INBH05	S_Asia	0.585	SE_Asia	0.241	0.344	10171	Low	P3_subregion_within_asia	subregion	5	2	S_Asia	TRUE
INPJ02	S_Asia	0.65	SE_Asia	0.176	0.474	11051	Low	P3_subregion_within_asia	subregion	5	2	S_Asia	TRUE
INPJ04	S_Asia	0.573	E_Asia	0.215	0.358	11043	Low	P3_subregion_within_asia	subregion	5	2	S_Asia	TRUE
INTN01	S_Asia	0.613	SE_Asia	0.222	0.391	11071	Low	P3_subregion_within_asia	subregion	5	2	S_Asia	TRUE
LAVT05	SE_Asia	0.377	E_Asia	0.368	0.00900000000000001	11057	Uncertain	P3_subregion_within_asia	subregion	5	2	SE_Asia	TRUE
MMYG04	SE_Asia	0.825	E_Asia	0.107	0.718	11010	Low	P3_subregion_within_asia	subregion	5	2	SE_Asia	TRUE
NPSH04	S_Asia	0.573	SE_Asia	0.238	0.335	11075	Low	P3_subregion_within_asia	subregion	5	2	S_Asia	TRUE
PHDM02	SE_Asia	0.838	E_Asia	0.081	0.757	10979	Low	P3_subregion_within_asia	subregion	5	2	SE_Asia	TRUE
PHDV01	SE_Asia	0.822	E_Asia	0.103	0.719	11055	Low	P3_subregion_within_asia	subregion	5	2	SE_Asia	TRUE
PKMR01	S_Asia	0.492	SE_Asia	0.298	0.194	11033	Uncertain	P3_subregion_within_asia	subregion	5	2	S_Asia	TRUE
PKMR02	S_Asia	0.65	SE_Asia	0.195	0.455	11073	Low	P3_subregion_within_asia	subregion	5	2	S_Asia	TRUE
SCLS05	E_Asia	0.656	SE_Asia	0.208	0.448	11061	Low	P3_subregion_within_asia	subregion	5	2	E_Asia	TRUE
THBK06	E_Asia	0.412	SE_Asia	0.402	0.00999999999999995	11039	Uncertain	P3_subregion_within_asia	subregion	5	2	SE_Asia	FALSE
THPK01	SE_Asia	0.556	E_Asia	0.244	0.312	11074	Low	P3_subregion_within_asia	subregion	5	2	SE_Asia	TRUE
THPK04	SE_Asia	0.508	E_Asia	0.285	0.223	11070	Low	P3_subregion_within_asia	subregion	5	2	SE_Asia	TRUE
THPK05	SE_Asia	0.525	E_Asia	0.259	0.266	11076	Low	P3_subregion_within_asia	subregion	5	2	SE_Asia	TRUE
TWTY02	E_Asia	0.848	SE_Asia	0.093	0.755	11059	Low	P3_subregion_within_asia	subregion	5	2	E_Asia	TRUE
VNTG03	SE_Asia	0.427	E_Asia	0.315	0.112	11075	Uncertain	P3_subregion_within_asia	subregion	5	2	SE_Asia	TRUE
YNJH05	E_Asia	0.831	SE_Asia	0.115	0.716	10823	Low	P3_subregion_within_asia	subregion	5	2	E_Asia	TRUE
ZJZJ01	E_Asia	0.74	SE_Asia	0.165	0.575	11059	Low	P3_subregion_within_asia	subregion	5	2	E_Asia	TRUE
ZJZJ04	E_Asia	0.686	SE_Asia	0.169	0.517	11081	Low	P3_subregion_within_asia	subregion	5	2	E_Asia	TRUE
ZJZJ05	E_Asia	0.694	SE_Asia	0.157	0.537	11075	Low	P3_subregion_within_asia	subregion	5	2	E_Asia	TRUE
ReuPal3	SE_Asia	0.837	S_Asia	0.097	0.74	11056	Low	P3_subregion_within_asia	subregion	5	2	SE_Asia	TRUE
ReuSal4	SE_Asia	0.809	S_Asia	0.119	0.69	11074	Low	P3_subregion_within_asia	subregion	5	2	SE_Asia	TRUE
ReuBen1	SE_Asia	0.837	S_Asia	0.088	0.749	11070	Low	P3_subregion_within_asia	subregion	5	2	SE_Asia	TRUE
ReuBen5	SE_Asia	0.79	S_Asia	0.123	0.667	11072	Low	P3_subregion_within_asia	subregion	5	2	SE_Asia	TRUE
ReuPau3	SE_Asia	0.813	S_Asia	0.119	0.694	11065	Low	P3_subregion_within_asia	subregion	5	2	SE_Asia	TRUE
MauLaS2	SE_Asia	0.864	S_Asia	0.075	0.789	11070	Moderate	P3_subregion_within_asia	subregion	5	3	SE_Asia	TRUE
MauLaS3	SE_Asia	0.874	S_Asia	0.075	0.799	11074	Moderate	P3_subregion_within_asia	subregion	5	3	SE_Asia	TRUE
ReuBas3	SE_Asia	0.842	S_Asia	0.09	0.752	11074	Low	P3_subregion_within_asia	subregion	5	3	SE_Asia	TRUE
ReuBas4	SE_Asia	0.85	S_Asia	0.083	0.767	11065	Moderate	P3_subregion_within_asia	subregion	5	3	SE_Asia	TRUE
ReuSte1	SE_Asia	0.892	S_Asia	0.065	0.827	11052	Moderate	P3_subregion_within_asia	subregion	5	3	SE_Asia	TRUE
BDKG01	S_Asia	0.372	E_Asia	0.336	0.036	11069	Uncertain	P3_subregion_within_asia	subregion	5	3	S_Asia	TRUE
GDGZ01	E_Asia	0.696	SE_Asia	0.2	0.496	11052	Low	P3_subregion_within_asia	subregion	5	3	E_Asia	TRUE
GDGZ02	E_Asia	0.677	SE_Asia	0.175	0.502	11076	Low	P3_subregion_within_asia	subregion	5	3	E_Asia	TRUE
GDGZ03	E_Asia	0.724	SE_Asia	0.157	0.567	11079	Low	P3_subregion_within_asia	subregion	5	3	E_Asia	TRUE
GXNN01	E_Asia	0.638	SE_Asia	0.203	0.435	11075	Low	P3_subregion_within_asia	subregion	5	3	E_Asia	TRUE
GXNN02	E_Asia	0.736	SE_Asia	0.16	0.576	11060	Low	P3_subregion_within_asia	subregion	5	3	E_Asia	TRUE
HBWH04	E_Asia	0.825	SE_Asia	0.101	0.724	11070	Low	P3_subregion_within_asia	subregion	5	3	E_Asia	TRUE
HNLY02	E_Asia	0.686	SE_Asia	0.186	0.5	11028	Low	P3_subregion_within_asia	subregion	5	3	E_Asia	TRUE
HNSY01	E_Asia	0.658	SE_Asia	0.195	0.463	11067	Low	P3_subregion_within_asia	subregion	5	3	E_Asia	TRUE
IDJI02	SE_Asia	0.748	E_Asia	0.162	0.586	11063	Low	P3_subregion_within_asia	subregion	5	3	SE_Asia	TRUE
INAS02	S_Asia	0.394	SE_Asia	0.311	0.083	11053	Uncertain	P3_subregion_within_asia	subregion	5	3	S_Asia	TRUE
INBH01	S_Asia	0.728	SE_Asia	0.145	0.583	11065	Low	P3_subregion_within_asia	subregion	5	3	S_Asia	TRUE
INPJ03	S_Asia	0.596	SE_Asia	0.205	0.391	11072	Low	P3_subregion_within_asia	subregion	5	3	S_Asia	TRUE
INTG02	S_Asia	0.41	SE_Asia	0.35	0.06	11072	Uncertain	P3_subregion_within_asia	subregion	5	3	S_Asia	TRUE
INTG05	S_Asia	0.412	SE_Asia	0.314	0.098	11058	Uncertain	P3_subregion_within_asia	subregion	5	3	S_Asia	TRUE
INTN02	S_Asia	0.73	SE_Asia	0.163	0.567	11068	Low	P3_subregion_within_asia	subregion	5	3	S_Asia	TRUE
JSZJ05	E_Asia	0.785	SE_Asia	0.122	0.663	11072	Low	P3_subregion_within_asia	subregion	5	3	E_Asia	TRUE
JXNC03	E_Asia	0.713	SE_Asia	0.157	0.556	11067	Low	P3_subregion_within_asia	subregion	5	3	E_Asia	TRUE
LAVT03	E_Asia	0.453	SE_Asia	0.348	0.105	11056	Uncertain	P3_subregion_within_asia	subregion	5	3	SE_Asia	FALSE
LAVT04	SE_Asia	0.501	E_Asia	0.275	0.226	11016	Low	P3_subregion_within_asia	subregion	5	3	SE_Asia	TRUE
LKAD05	S_Asia	0.43	SE_Asia	0.358	0.072	11059	Uncertain	P3_subregion_within_asia	subregion	5	3	S_Asia	TRUE
MMYG01	SE_Asia	0.839	E_Asia	0.118	0.721	11017	Low	P3_subregion_within_asia	subregion	5	3	SE_Asia	TRUE
MYKL04	SE_Asia	0.631	E_Asia	0.222	0.409	11061	Low	P3_subregion_within_asia	subregion	5	3	SE_Asia	TRUE
NPSH06	S_Asia	0.373	SE_Asia	0.332	0.041	11075	Uncertain	P3_subregion_within_asia	subregion	5	3	S_Asia	TRUE
PHDV02	SE_Asia	0.809	E_Asia	0.124	0.685	11050	Low	P3_subregion_within_asia	subregion	5	3	SE_Asia	TRUE
THBK01	E_Asia	0.401	SE_Asia	0.378	0.023	11066	Uncertain	P3_subregion_within_asia	subregion	5	3	SE_Asia	FALSE
TWPD03	E_Asia	0.826	SE_Asia	0.103	0.723	11044	Low	P3_subregion_within_asia	subregion	5	3	E_Asia	TRUE
TWTY04	E_Asia	0.819	SE_Asia	0.109	0.71	11065	Low	P3_subregion_within_asia	subregion	5	3	E_Asia	TRUE
VNTG01	SE_Asia	0.474	E_Asia	0.316	0.158	11075	Uncertain	P3_subregion_within_asia	subregion	5	3	SE_Asia	TRUE
VNTG05	SE_Asia	0.416	E_Asia	0.338	0.078	10965	Uncertain	P3_subregion_within_asia	subregion	5	3	SE_Asia	TRUE
YNBS01	E_Asia	0.579	SE_Asia	0.245	0.334	11077	Low	P3_subregion_within_asia	subregion	5	3	E_Asia	TRUE
YNBS04	E_Asia	0.452	SE_Asia	0.327	0.125	11077	Uncertain	P3_subregion_within_asia	subregion	5	3	E_Asia	TRUE
YNJH01	E_Asia	0.82	SE_Asia	0.131	0.689	10797	Low	P3_subregion_within_asia	subregion	5	3	E_Asia	TRUE
ZJZJ02	E_Asia	0.822	SE_Asia	0.099	0.723	11060	Low	P3_subregion_within_asia	subregion	5	3	E_Asia	TRUE
ReuAnd5	SE_Asia	0.795	S_Asia	0.125	0.67	11069	Low	P3_subregion_within_asia	subregion	5	3	SE_Asia	TRUE
ReuBen4	SE_Asia	0.788	E_Asia	0.112	0.676	11075	Low	P3_subregion_within_asia	subregion	5	3	SE_Asia	TRUE
ReuPau1	SE_Asia	0.839	S_Asia	0.101	0.738	11061	Low	P3_subregion_within_asia	subregion	5	3	SE_Asia	TRUE
ReuPie5	SE_Asia	0.796	S_Asia	0.132	0.664	11072	Low	P3_subregion_within_asia	subregion	5	3	SE_Asia	TRUE
ReuBas1	SE_Asia	0.884	S_Asia	0.081	0.803	11034	Moderate	P3_subregion_within_asia	subregion	5	4	SE_Asia	TRUE
ReuSte3	SE_Asia	0.842	S_Asia	0.096	0.746	11056	Low	P3_subregion_within_asia	subregion	5	4	SE_Asia	TRUE
BDKG02	S_Asia	0.546	SE_Asia	0.259	0.287	11046	Low	P3_subregion_within_asia	subregion	5	4	S_Asia	TRUE
BDKG05	S_Asia	0.537	SE_Asia	0.264	0.273	11074	Low	P3_subregion_within_asia	subregion	5	4	S_Asia	TRUE
GXNN04	E_Asia	0.537	SE_Asia	0.248	0.289	11067	Low	P3_subregion_within_asia	subregion	5	4	E_Asia	TRUE
GZDY02	E_Asia	0.657	SE_Asia	0.201	0.456	11079	Low	P3_subregion_within_asia	subregion	5	4	E_Asia	TRUE
GZDY03	E_Asia	0.469	SE_Asia	0.278	0.191	11063	Uncertain	P3_subregion_within_asia	subregion	5	4	E_Asia	TRUE
GZDY04	E_Asia	0.734	SE_Asia	0.152	0.582	11080	Low	P3_subregion_within_asia	subregion	5	4	E_Asia	TRUE
HBWH03	E_Asia	0.586	SE_Asia	0.229	0.357	11073	Low	P3_subregion_within_asia	subregion	5	4	E_Asia	TRUE
HNDZ03	E_Asia	0.523	SE_Asia	0.257	0.266	11067	Low	P3_subregion_within_asia	subregion	5	4	E_Asia	TRUE
HNDZ05	E_Asia	0.56	SE_Asia	0.265	0.295	11066	Low	P3_subregion_within_asia	subregion	5	4	E_Asia	TRUE
HNSY03	E_Asia	0.622	SE_Asia	0.212	0.41	11018	Low	P3_subregion_within_asia	subregion	5	4	E_Asia	TRUE
HNSY05	E_Asia	0.667	SE_Asia	0.187	0.48	11058	Low	P3_subregion_within_asia	subregion	5	4	E_Asia	TRUE
IDJI03	SE_Asia	0.663	E_Asia	0.211	0.452	11053	Low	P3_subregion_within_asia	subregion	5	4	SE_Asia	TRUE
IDJI05	SE_Asia	0.684	E_Asia	0.19	0.494	11069	Low	P3_subregion_within_asia	subregion	5	4	SE_Asia	TRUE
INAS05	S_Asia	0.412	SE_Asia	0.338	0.074	11051	Uncertain	P3_subregion_within_asia	subregion	5	4	S_Asia	TRUE
INBH03	S_Asia	0.671	SE_Asia	0.192	0.479	11068	Low	P3_subregion_within_asia	subregion	5	4	S_Asia	TRUE
INBH04	S_Asia	0.68	SE_Asia	0.178	0.502	11066	Low	P3_subregion_within_asia	subregion	5	4	S_Asia	TRUE
INPJ05	S_Asia	0.682	SE_Asia	0.173	0.509	11062	Low	P3_subregion_within_asia	subregion	5	4	S_Asia	TRUE
JSZJ04	E_Asia	0.562	SE_Asia	0.248	0.314	11074	Low	P3_subregion_within_asia	subregion	5	4	E_Asia	TRUE
JXNC02	E_Asia	0.783	SE_Asia	0.131	0.652	11076	Low	P3_subregion_within_asia	subregion	5	4	E_Asia	TRUE
JXNC04	E_Asia	0.688	SE_Asia	0.191	0.497	10974	Low	P3_subregion_within_asia	subregion	5	4	E_Asia	TRUE
LAVT01	SE_Asia	0.459	E_Asia	0.282	0.177	11057	Uncertain	P3_subregion_within_asia	subregion	5	4	SE_Asia	TRUE
LKAD03	S_Asia	0.442	SE_Asia	0.327	0.115	11069	Uncertain	P3_subregion_within_asia	subregion	5	4	S_Asia	TRUE
MMYG02	SE_Asia	0.568	E_Asia	0.309	0.259	10962	Low	P3_subregion_within_asia	subregion	5	4	SE_Asia	TRUE
MMYG05	SE_Asia	0.848	E_Asia	0.096	0.752	11023	Low	P3_subregion_within_asia	subregion	5	4	SE_Asia	TRUE
MYKL01	SE_Asia	0.546	E_Asia	0.284	0.262	11063	Low	P3_subregion_within_asia	subregion	5	4	SE_Asia	TRUE
MYKL03	SE_Asia	0.625	E_Asia	0.2	0.425	11057	Low	P3_subregion_within_asia	subregion	5	4	SE_Asia	TRUE
NPSH08	S_Asia	0.589	SE_Asia	0.253	0.336	11021	Low	P3_subregion_within_asia	subregion	5	4	S_Asia	TRUE
PHDM03	SE_Asia	0.826	E_Asia	0.096	0.73	11040	Low	P3_subregion_within_asia	subregion	5	4	SE_Asia	TRUE
PHDV05	SE_Asia	0.819	E_Asia	0.099	0.72	11056	Low	P3_subregion_within_asia	subregion	5	4	SE_Asia	TRUE
PKMR04	S_Asia	0.582	SE_Asia	0.243	0.339	11063	Low	P3_subregion_within_asia	subregion	5	4	S_Asia	TRUE
THPK03	SE_Asia	0.566	E_Asia	0.232	0.334	11069	Low	P3_subregion_within_asia	subregion	5	4	SE_Asia	TRUE
TWPD01	E_Asia	0.852	SE_Asia	0.09	0.762	11051	Moderate	P3_subregion_within_asia	subregion	5	4	E_Asia	TRUE
VNTG04	SE_Asia	0.421	E_Asia	0.3	0.121	11063	Uncertain	P3_subregion_within_asia	subregion	5	4	SE_Asia	TRUE
YNBS03	E_Asia	0.628	SE_Asia	0.218	0.41	11073	Low	P3_subregion_within_asia	subregion	5	4	E_Asia	TRUE
YNJH04	E_Asia	0.37	SE_Asia	0.333	0.037	11068	Uncertain	P3_subregion_within_asia	subregion	5	4	E_Asia	TRUE
ZJZJ03	E_Asia	0.824	SE_Asia	0.108	0.716	11077	Low	P3_subregion_within_asia	subregion	5	4	E_Asia	TRUE
ReuPal1	SE_Asia	0.859	S_Asia	0.087	0.772	11056	Moderate	P3_subregion_within_asia	subregion	5	4	SE_Asia	TRUE
ReuPal4	SE_Asia	0.736	S_Asia	0.195	0.541	11009	Low	P3_subregion_within_asia	subregion	5	4	SE_Asia	TRUE
ReuSal1	SE_Asia	0.826	S_Asia	0.109	0.717	11075	Low	P3_subregion_within_asia	subregion	5	4	SE_Asia	TRUE
ReuSal2	SE_Asia	0.831	S_Asia	0.106	0.725	11078	Low	P3_subregion_within_asia	subregion	5	4	SE_Asia	TRUE
ReuAnd4	SE_Asia	0.859	S_Asia	0.095	0.764	11023	Moderate	P3_subregion_within_asia	subregion	5	4	SE_Asia	TRUE
MauLaS4	SE_Asia	0.828	S_Asia	0.1	0.728	11061	Low	P3_subregion_within_asia	subregion	5	5	SE_Asia	TRUE
ReuBas5	SE_Asia	0.806	S_Asia	0.113	0.693	11054	Low	P3_subregion_within_asia	subregion	5	5	SE_Asia	TRUE
ReuSte4	SE_Asia	0.839	S_Asia	0.102	0.737	11057	Low	P3_subregion_within_asia	subregion	5	5	SE_Asia	TRUE
BDKG04	SE_Asia	0.377	S_Asia	0.333	0.044	11071	Uncertain	P3_subregion_within_asia	subregion	5	5	S_Asia	FALSE
FJZZ05	E_Asia	0.823	SE_Asia	0.111	0.712	11073	Low	P3_subregion_within_asia	subregion	5	5	E_Asia	TRUE
GDGZ04	E_Asia	0.774	SE_Asia	0.141	0.633	11062	Low	P3_subregion_within_asia	subregion	5	5	E_Asia	TRUE
GXNN03	E_Asia	0.676	SE_Asia	0.196	0.48	11070	Low	P3_subregion_within_asia	subregion	5	5	E_Asia	TRUE
HBWH05	E_Asia	0.729	SE_Asia	0.141	0.588	11062	Low	P3_subregion_within_asia	subregion	5	5	E_Asia	TRUE
HNDZ02	E_Asia	0.603	SE_Asia	0.232	0.371	11067	Low	P3_subregion_within_asia	subregion	5	5	E_Asia	TRUE
HNDZ04	E_Asia	0.543	SE_Asia	0.258	0.285	11047	Low	P3_subregion_within_asia	subregion	5	5	E_Asia	TRUE
HNSY02	E_Asia	0.713	SE_Asia	0.161	0.552	11070	Low	P3_subregion_within_asia	subregion	5	5	E_Asia	TRUE
HNSY04	E_Asia	0.702	SE_Asia	0.163	0.539	11066	Low	P3_subregion_within_asia	subregion	5	5	E_Asia	TRUE
INAS03	S_Asia	0.411	SE_Asia	0.296	0.115	11063	Uncertain	P3_subregion_within_asia	subregion	5	5	S_Asia	TRUE
INPJ01	S_Asia	0.604	SE_Asia	0.221	0.383	11015	Low	P3_subregion_within_asia	subregion	5	5	S_Asia	TRUE
INTG01	S_Asia	0.39	SE_Asia	0.314	0.076	11072	Uncertain	P3_subregion_within_asia	subregion	5	5	S_Asia	TRUE
INTN03	S_Asia	0.688	E_Asia	0.16	0.528	11040	Low	P3_subregion_within_asia	subregion	5	5	S_Asia	TRUE
INTN04	S_Asia	0.713	SE_Asia	0.148	0.565	11078	Low	P3_subregion_within_asia	subregion	5	5	S_Asia	TRUE
JSZJ01	E_Asia	0.808	SE_Asia	0.122	0.686	11050	Low	P3_subregion_within_asia	subregion	5	5	E_Asia	TRUE
LKAD01	S_Asia	0.453	E_Asia	0.274	0.179	11071	Uncertain	P3_subregion_within_asia	subregion	5	5	S_Asia	TRUE
LKAD04	S_Asia	0.441	SE_Asia	0.323	0.118	11067	Uncertain	P3_subregion_within_asia	subregion	5	5	S_Asia	TRUE
NPSH07	S_Asia	0.546	SE_Asia	0.263	0.283	11064	Low	P3_subregion_within_asia	subregion	5	5	S_Asia	TRUE
PHDM04	SE_Asia	0.816	E_Asia	0.096	0.72	11012	Low	P3_subregion_within_asia	subregion	5	5	SE_Asia	TRUE
PHDM05	SE_Asia	0.808	E_Asia	0.116	0.692	11043	Low	P3_subregion_within_asia	subregion	5	5	SE_Asia	TRUE
PHDV03	SE_Asia	0.857	E_Asia	0.079	0.778	11059	Moderate	P3_subregion_within_asia	subregion	5	5	SE_Asia	TRUE
PHDV04	SE_Asia	0.795	E_Asia	0.14	0.655	11065	Low	P3_subregion_within_asia	subregion	5	5	SE_Asia	TRUE
SCLS02	E_Asia	0.606	SE_Asia	0.235	0.371	11065	Low	P3_subregion_within_asia	subregion	5	5	E_Asia	TRUE
SCLS04	E_Asia	0.649	SE_Asia	0.221	0.428	11072	Low	P3_subregion_within_asia	subregion	5	5	E_Asia	TRUE
THBK02	SE_Asia	0.424	E_Asia	0.402	0.022	11039	Uncertain	P3_subregion_within_asia	subregion	5	5	SE_Asia	TRUE
THBK04	SE_Asia	0.442	E_Asia	0.384	0.058	11057	Uncertain	P3_subregion_within_asia	subregion	5	5	SE_Asia	TRUE
TWPD02	E_Asia	0.868	SE_Asia	0.077	0.791	11005	Moderate	P3_subregion_within_asia	subregion	5	5	E_Asia	TRUE
TWPD04	E_Asia	0.78	SE_Asia	0.133	0.647	10980	Low	P3_subregion_within_asia	subregion	5	5	E_Asia	TRUE
TWPD05	E_Asia	0.789	SE_Asia	0.128	0.661	10265	Low	P3_subregion_within_asia	subregion	5	5	E_Asia	TRUE
TWTY03	E_Asia	0.823	SE_Asia	0.102	0.721	11057	Low	P3_subregion_within_asia	subregion	5	5	E_Asia	TRUE
VNTG02	SE_Asia	0.421	E_Asia	0.375	0.046	11070	Uncertain	P3_subregion_within_asia	subregion	5	5	SE_Asia	TRUE
YNJH02	E_Asia	0.825	SE_Asia	0.118	0.707	10814	Low	P3_subregion_within_asia	subregion	5	5	E_Asia	TRUE
ReuSal3	SE_Asia	0.839	S_Asia	0.096	0.743	11074	Low	P3_subregion_within_asia	subregion	5	5	SE_Asia	TRUE
ReuSaL5	SE_Asia	0.858	S_Asia	0.078	0.78	11078	Moderate	P3_subregion_within_asia	subregion	5	5	SE_Asia	TRUE
ReuAnd3	SE_Asia	0.853	E_Asia	0.074	0.779	11074	Moderate	P3_subregion_within_asia	subregion	5	5	SE_Asia	TRUE
ReuPau2	SE_Asia	0.855	S_Asia	0.1	0.755	11068	Moderate	P3_subregion_within_asia	subregion	5	5	SE_Asia	TRUE
ReuPau4	SE_Asia	0.829	S_Asia	0.097	0.732	11076	Low	P3_subregion_within_asia	subregion	5	5	SE_Asia	TRUE
ReuPau5	SE_Asia	0.811	S_Asia	0.112	0.699	11076	Low	P3_subregion_within_asia	subregion	5	5	SE_Asia	TRUE
ReuPie2	SE_Asia	0.811	S_Asia	0.135	0.676	11073	Low	P3_subregion_within_asia	subregion	5	5	SE_Asia	TRUE
ReuPie3	SE_Asia	0.786	S_Asia	0.131	0.655	11062	Low	P3_subregion_within_asia	subregion	5	5	SE_Asia	TRUE
