sample_id	top_group	top_prob	second_group	second_prob	prob_gap	n_snps_used	confidence	panel_id	group_col	rep	fold	true_group	correct
ComAnj1	Africa	0.963	Asia	0.037	0.926	11077	High	P1_macroregion_africa_vs_asia	macroregion_3	1	1	Africa	TRUE
ComGra2	Africa	0.909	Asia	0.091	0.818	11014	Moderate	P1_macroregion_africa_vs_asia	macroregion_3	1	1	Africa	TRUE
ComGra3	Africa	0.936	Asia	0.064	0.872	11052	Moderate	P1_macroregion_africa_vs_asia	macroregion_3	1	1	Africa	TRUE
ComMoh1	Africa	0.956	Asia	0.044	0.912	10860	High	P1_macroregion_africa_vs_asia	macroregion_3	1	1	Africa	TRUE
MadAmb1	Africa	0.965	Asia	0.035	0.93	11045	High	P1_macroregion_africa_vs_asia	macroregion_3	1	1	Africa	TRUE
MadAmb3	Africa	0.969	Asia	0.031	0.938	11055	High	P1_macroregion_africa_vs_asia	macroregion_3	1	1	Africa	TRUE
MadMah2	Africa	0.975	Asia	0.025	0.95	11026	High	P1_macroregion_africa_vs_asia	macroregion_3	1	1	Africa	TRUE
MadMan3	Africa	0.952	Asia	0.048	0.904	10949	High	P1_macroregion_africa_vs_asia	macroregion_3	1	1	Africa	TRUE
MayDem3	Africa	0.978	Asia	0.022	0.956	11058	High	P1_macroregion_africa_vs_asia	macroregion_3	1	1	Africa	TRUE
MaySad2	Africa	0.966	Asia	0.034	0.932	11061	High	P1_macroregion_africa_vs_asia	macroregion_3	1	1	Africa	TRUE
ReuSte3	Asia	0.98	Africa	0.02	0.96	11047	High	P1_macroregion_africa_vs_asia	macroregion_3	1	1	Asia	TRUE
BIBJ01	Africa	0.903	Asia	0.097	0.806	10987	Moderate	P1_macroregion_africa_vs_asia	macroregion_3	1	1	Africa	TRUE
CIBD01	Africa	0.875	Asia	0.125	0.75	11050	Moderate	P1_macroregion_africa_vs_asia	macroregion_3	1	1	Africa	TRUE
CIBD02	Africa	0.873	Asia	0.127	0.746	11056	Moderate	P1_macroregion_africa_vs_asia	macroregion_3	1	1	Africa	TRUE
ETMS05	Africa	0.898	Asia	0.102	0.796	11070	Moderate	P1_macroregion_africa_vs_asia	macroregion_3	1	1	Africa	TRUE
FJZZ02	Asia	0.973	Africa	0.027	0.946	11070	High	P1_macroregion_africa_vs_asia	macroregion_3	1	1	Asia	TRUE
GDGZ04	Asia	0.976	Africa	0.024	0.952	11075	High	P1_macroregion_africa_vs_asia	macroregion_3	1	1	Asia	TRUE
GHND02	Africa	0.865	Asia	0.135	0.73	11021	Moderate	P1_macroregion_africa_vs_asia	macroregion_3	1	1	Africa	TRUE
HBWH03	Asia	0.97	Africa	0.03	0.94	11074	High	P1_macroregion_africa_vs_asia	macroregion_3	1	1	Asia	TRUE
HNSY05	Asia	0.967	Africa	0.033	0.934	11064	High	P1_macroregion_africa_vs_asia	macroregion_3	1	1	Asia	TRUE
IDJI04	Asia	0.969	Africa	0.031	0.938	11047	High	P1_macroregion_africa_vs_asia	macroregion_3	1	1	Asia	TRUE
INAS02	Asia	0.936	Africa	0.064	0.872	11064	Moderate	P1_macroregion_africa_vs_asia	macroregion_3	1	1	Asia	TRUE
INAS04	Asia	0.955	Africa	0.045	0.91	11062	High	P1_macroregion_africa_vs_asia	macroregion_3	1	1	Asia	TRUE
INBH02	Asia	0.934	Africa	0.066	0.868	11057	Moderate	P1_macroregion_africa_vs_asia	macroregion_3	1	1	Asia	TRUE
INBH03	Asia	0.951	Africa	0.049	0.902	11067	High	P1_macroregion_africa_vs_asia	macroregion_3	1	1	Asia	TRUE
INPJ01	Asia	0.935	Africa	0.065	0.87	11038	Moderate	P1_macroregion_africa_vs_asia	macroregion_3	1	1	Asia	TRUE
INTG03	Asia	0.955	Africa	0.045	0.91	11068	High	P1_macroregion_africa_vs_asia	macroregion_3	1	1	Asia	TRUE
INTN03	Asia	0.957	Africa	0.043	0.914	11047	High	P1_macroregion_africa_vs_asia	macroregion_3	1	1	Asia	TRUE
JXNC03	Asia	0.98	Africa	0.02	0.96	11072	High	P1_macroregion_africa_vs_asia	macroregion_3	1	1	Asia	TRUE
KENB03	Africa	0.913	Asia	0.087	0.826	11069	Moderate	P1_macroregion_africa_vs_asia	macroregion_3	1	1	Africa	TRUE
LAVT04	Asia	0.944	Africa	0.056	0.888	11039	Moderate	P1_macroregion_africa_vs_asia	macroregion_3	1	1	Asia	TRUE
LKAD04	Asia	0.954	Africa	0.046	0.908	11077	High	P1_macroregion_africa_vs_asia	macroregion_3	1	1	Asia	TRUE
MWZB03	Africa	0.948	Asia	0.052	0.896	11028	Moderate	P1_macroregion_africa_vs_asia	macroregion_3	1	1	Africa	TRUE
MYKL02	Asia	0.976	Africa	0.024	0.952	11042	High	P1_macroregion_africa_vs_asia	macroregion_3	1	1	Asia	TRUE
MYKL03	Asia	0.968	Africa	0.032	0.936	11070	High	P1_macroregion_africa_vs_asia	macroregion_3	1	1	Asia	TRUE
MYKL04	Asia	0.953	Africa	0.047	0.906	11066	High	P1_macroregion_africa_vs_asia	macroregion_3	1	1	Asia	TRUE
NGNS03	Africa	0.883	Asia	0.117	0.766	10903	Moderate	P1_macroregion_africa_vs_asia	macroregion_3	1	1	Africa	TRUE
NPSH07	Asia	0.939	Africa	0.061	0.878	11068	Moderate	P1_macroregion_africa_vs_asia	macroregion_3	1	1	Asia	TRUE
PHDM03	Asia	0.989	Africa	0.011	0.978	11050	High	P1_macroregion_africa_vs_asia	macroregion_3	1	1	Asia	TRUE
PHDV03	Asia	0.98	Africa	0.02	0.96	11065	High	P1_macroregion_africa_vs_asia	macroregion_3	1	1	Asia	TRUE
PHDV05	Asia	0.987	Africa	0.013	0.974	11061	High	P1_macroregion_africa_vs_asia	macroregion_3	1	1	Asia	TRUE
PKMR03	Asia	0.884	Africa	0.116	0.768	10976	Moderate	P1_macroregion_africa_vs_asia	macroregion_3	1	1	Asia	TRUE
PKMR04	Asia	0.921	Africa	0.079	0.842	11060	Moderate	P1_macroregion_africa_vs_asia	macroregion_3	1	1	Asia	TRUE
SCLS01	Asia	0.964	Africa	0.036	0.928	11071	High	P1_macroregion_africa_vs_asia	macroregion_3	1	1	Asia	TRUE
SCLS05	Asia	0.974	Africa	0.026	0.948	11054	High	P1_macroregion_africa_vs_asia	macroregion_3	1	1	Asia	TRUE
THPK05	Asia	0.978	Africa	0.022	0.956	11073	High	P1_macroregion_africa_vs_asia	macroregion_3	1	1	Asia	TRUE
TWPD05	Asia	0.949	Africa	0.051	0.898	10254	Moderate	P1_macroregion_africa_vs_asia	macroregion_3	1	1	Asia	TRUE
UGEB02	Africa	0.924	Asia	0.076	0.848	11045	Moderate	P1_macroregion_africa_vs_asia	macroregion_3	1	1	Africa	TRUE
VNTG02	Asia	0.958	Africa	0.042	0.916	11070	High	P1_macroregion_africa_vs_asia	macroregion_3	1	1	Asia	TRUE
YNBS01	Asia	0.97	Africa	0.03	0.94	11078	High	P1_macroregion_africa_vs_asia	macroregion_3	1	1	Asia	TRUE
YNBS02	Asia	0.952	Africa	0.048	0.904	11072	High	P1_macroregion_africa_vs_asia	macroregion_3	1	1	Asia	TRUE
YNBS04	Asia	0.977	Africa	0.023	0.954	11075	High	P1_macroregion_africa_vs_asia	macroregion_3	1	1	Asia	TRUE
YNJH02	Asia	0.956	Africa	0.044	0.912	10849	High	P1_macroregion_africa_vs_asia	macroregion_3	1	1	Asia	TRUE
YNJH03	Asia	0.967	Africa	0.033	0.934	10720	High	P1_macroregion_africa_vs_asia	macroregion_3	1	1	Asia	TRUE
ZAMP01	Africa	0.921	Asia	0.079	0.842	10990	Moderate	P1_macroregion_africa_vs_asia	macroregion_3	1	1	Africa	TRUE
ZAMP04	Africa	0.916	Asia	0.084	0.832	11062	Moderate	P1_macroregion_africa_vs_asia	macroregion_3	1	1	Africa	TRUE
ZJZJ02	Asia	0.968	Africa	0.032	0.936	11064	High	P1_macroregion_africa_vs_asia	macroregion_3	1	1	Asia	TRUE
ReuPal2	Asia	0.842	Africa	0.158	0.684	11056	Low	P1_macroregion_africa_vs_asia	macroregion_3	1	1	Asia	TRUE
ReuPal3	Asia	0.886	Africa	0.114	0.772	11057	Moderate	P1_macroregion_africa_vs_asia	macroregion_3	1	1	Asia	TRUE
ReuSal3	Asia	0.943	Africa	0.057	0.886	11080	Moderate	P1_macroregion_africa_vs_asia	macroregion_3	1	1	Asia	TRUE
ReuAnd1	Asia	0.92	Africa	0.08	0.84	11074	Moderate	P1_macroregion_africa_vs_asia	macroregion_3	1	1	Asia	TRUE
ReuAnd2	Asia	0.92	Africa	0.08	0.84	11075	Moderate	P1_macroregion_africa_vs_asia	macroregion_3	1	1	Asia	TRUE
ReuBen2	Asia	0.899	Africa	0.101	0.798	11076	Moderate	P1_macroregion_africa_vs_asia	macroregion_3	1	1	Asia	TRUE
ReuBen4	Asia	0.939	Africa	0.061	0.878	11074	Moderate	P1_macroregion_africa_vs_asia	macroregion_3	1	1	Asia	TRUE
ComAnj4	Africa	0.903	Asia	0.097	0.806	11071	Moderate	P1_macroregion_africa_vs_asia	macroregion_3	1	2	Africa	TRUE
ComMoh5	Africa	0.939	Asia	0.061	0.878	11068	Moderate	P1_macroregion_africa_vs_asia	macroregion_3	1	2	Africa	TRUE
MadAmb2	Africa	0.974	Asia	0.026	0.948	11000	High	P1_macroregion_africa_vs_asia	macroregion_3	1	2	Africa	TRUE
MadMah4	Africa	0.972	Asia	0.028	0.944	11019	High	P1_macroregion_africa_vs_asia	macroregion_3	1	2	Africa	TRUE
MadMan1	Africa	0.98	Asia	0.02	0.96	10999	High	P1_macroregion_africa_vs_asia	macroregion_3	1	2	Africa	TRUE
MayDem4	Africa	0.976	Asia	0.024	0.952	11064	High	P1_macroregion_africa_vs_asia	macroregion_3	1	2	Africa	TRUE
ReuBas3	Asia	0.946	Africa	0.054	0.892	11064	Moderate	P1_macroregion_africa_vs_asia	macroregion_3	1	2	Asia	TRUE
ReuSte1	Asia	0.981	Africa	0.019	0.962	11058	High	P1_macroregion_africa_vs_asia	macroregion_3	1	2	Asia	TRUE
ReuSte2	Asia	0.976	Africa	0.024	0.952	11058	High	P1_macroregion_africa_vs_asia	macroregion_3	1	2	Asia	TRUE
BDKG01	Asia	0.936	Africa	0.064	0.872	11062	Moderate	P1_macroregion_africa_vs_asia	macroregion_3	1	2	Asia	TRUE
BDKG04	Asia	0.965	Africa	0.035	0.93	11071	High	P1_macroregion_africa_vs_asia	macroregion_3	1	2	Asia	TRUE
BIBJ05	Africa	0.942	Asia	0.058	0.884	10905	Moderate	P1_macroregion_africa_vs_asia	macroregion_3	1	2	Africa	TRUE
CDKB03	Africa	0.877	Asia	0.123	0.754	11041	Moderate	P1_macroregion_africa_vs_asia	macroregion_3	1	2	Africa	TRUE
CDKB05	Africa	0.897	Asia	0.103	0.794	11078	Moderate	P1_macroregion_africa_vs_asia	macroregion_3	1	2	Africa	TRUE
CIBD03	Africa	0.892	Asia	0.108	0.784	11025	Moderate	P1_macroregion_africa_vs_asia	macroregion_3	1	2	Africa	TRUE
CIBD04	Africa	0.747	Asia	0.253	0.494	11044	Low	P1_macroregion_africa_vs_asia	macroregion_3	1	2	Africa	TRUE
FJZZ04	Asia	0.966	Africa	0.034	0.932	11076	High	P1_macroregion_africa_vs_asia	macroregion_3	1	2	Asia	TRUE
GDGZ03	Asia	0.988	Africa	0.012	0.976	11080	High	P1_macroregion_africa_vs_asia	macroregion_3	1	2	Asia	TRUE
GHND01	Africa	0.792	Asia	0.208	0.584	11045	Low	P1_macroregion_africa_vs_asia	macroregion_3	1	2	Africa	TRUE
GXNN05	Asia	0.958	Africa	0.042	0.916	11070	High	P1_macroregion_africa_vs_asia	macroregion_3	1	2	Asia	TRUE
GZDY04	Asia	0.983	Africa	0.017	0.966	11078	High	P1_macroregion_africa_vs_asia	macroregion_3	1	2	Asia	TRUE
HBWH01	Asia	0.969	Africa	0.031	0.938	11068	High	P1_macroregion_africa_vs_asia	macroregion_3	1	2	Asia	TRUE
HNDZ01	Asia	0.984	Africa	0.016	0.968	11076	High	P1_macroregion_africa_vs_asia	macroregion_3	1	2	Asia	TRUE
HNLY03	Asia	0.982	Africa	0.018	0.964	11064	High	P1_macroregion_africa_vs_asia	macroregion_3	1	2	Asia	TRUE
HNLY05	Asia	0.976	Africa	0.024	0.952	11023	High	P1_macroregion_africa_vs_asia	macroregion_3	1	2	Asia	TRUE
HNSY01	Asia	0.974	Africa	0.026	0.948	11071	High	P1_macroregion_africa_vs_asia	macroregion_3	1	2	Asia	TRUE
HNSY02	Asia	0.969	Africa	0.031	0.938	11072	High	P1_macroregion_africa_vs_asia	macroregion_3	1	2	Asia	TRUE
INAS05	Asia	0.965	Africa	0.035	0.93	11067	High	P1_macroregion_africa_vs_asia	macroregion_3	1	2	Asia	TRUE
INPJ02	Asia	0.943	Africa	0.057	0.886	11053	Moderate	P1_macroregion_africa_vs_asia	macroregion_3	1	2	Asia	TRUE
INPJ05	Asia	0.948	Africa	0.052	0.896	11057	Moderate	P1_macroregion_africa_vs_asia	macroregion_3	1	2	Asia	TRUE
INTG04	Asia	0.941	Africa	0.059	0.882	11067	Moderate	P1_macroregion_africa_vs_asia	macroregion_3	1	2	Asia	TRUE
INTN05	Asia	0.943	Africa	0.057	0.886	11079	Moderate	P1_macroregion_africa_vs_asia	macroregion_3	1	2	Asia	TRUE
JSZJ02	Asia	0.975	Africa	0.025	0.95	11055	High	P1_macroregion_africa_vs_asia	macroregion_3	1	2	Asia	TRUE
JSZJ03	Asia	0.973	Africa	0.027	0.946	11068	High	P1_macroregion_africa_vs_asia	macroregion_3	1	2	Asia	TRUE
LAVT01	Asia	0.981	Africa	0.019	0.962	11049	High	P1_macroregion_africa_vs_asia	macroregion_3	1	2	Asia	TRUE
MLBM01	Africa	0.843	Asia	0.157	0.686	11072	Low	P1_macroregion_africa_vs_asia	macroregion_3	1	2	Africa	TRUE
MMYG02	Asia	0.975	Africa	0.025	0.95	10996	High	P1_macroregion_africa_vs_asia	macroregion_3	1	2	Asia	TRUE
MMYG04	Asia	0.986	Africa	0.014	0.972	11030	High	P1_macroregion_africa_vs_asia	macroregion_3	1	2	Asia	TRUE
MWZB01	Africa	0.903	Asia	0.097	0.806	11028	Moderate	P1_macroregion_africa_vs_asia	macroregion_3	1	2	Africa	TRUE
MWZB02	Africa	0.931	Asia	0.069	0.862	11055	Moderate	P1_macroregion_africa_vs_asia	macroregion_3	1	2	Africa	TRUE
MYKL01	Asia	0.973	Africa	0.027	0.946	11065	High	P1_macroregion_africa_vs_asia	macroregion_3	1	2	Asia	TRUE
NGNS01	Africa	0.849	Asia	0.151	0.698	11019	Low	P1_macroregion_africa_vs_asia	macroregion_3	1	2	Africa	TRUE
PKMR01	Asia	0.954	Africa	0.046	0.908	11035	High	P1_macroregion_africa_vs_asia	macroregion_3	1	2	Asia	TRUE
PKMR05	Asia	0.948	Africa	0.052	0.896	11075	Moderate	P1_macroregion_africa_vs_asia	macroregion_3	1	2	Asia	TRUE
SDSG01	Africa	0.88	Asia	0.12	0.76	11041	Moderate	P1_macroregion_africa_vs_asia	macroregion_3	1	2	Africa	TRUE
SDSG02	Africa	0.864	Asia	0.136	0.728	10937	Moderate	P1_macroregion_africa_vs_asia	macroregion_3	1	2	Africa	TRUE
SDSG04	Africa	0.9	Asia	0.1	0.8	10898	Moderate	P1_macroregion_africa_vs_asia	macroregion_3	1	2	Africa	TRUE
SNBG04	Africa	0.879	Asia	0.121	0.758	11050	Moderate	P1_macroregion_africa_vs_asia	macroregion_3	1	2	Africa	TRUE
THPK01	Asia	0.973	Africa	0.027	0.946	11075	High	P1_macroregion_africa_vs_asia	macroregion_3	1	2	Asia	TRUE
THPK02	Asia	0.956	Africa	0.044	0.912	11066	High	P1_macroregion_africa_vs_asia	macroregion_3	1	2	Asia	TRUE
THPK03	Asia	0.969	Africa	0.031	0.938	11071	High	P1_macroregion_africa_vs_asia	macroregion_3	1	2	Asia	TRUE
TWPD04	Asia	0.981	Africa	0.019	0.962	10968	High	P1_macroregion_africa_vs_asia	macroregion_3	1	2	Asia	TRUE
TWTY03	Asia	0.98	Africa	0.02	0.96	11053	High	P1_macroregion_africa_vs_asia	macroregion_3	1	2	Asia	TRUE
TWTY04	Asia	0.966	Africa	0.034	0.932	11067	High	P1_macroregion_africa_vs_asia	macroregion_3	1	2	Asia	TRUE
VNTG01	Asia	0.968	Africa	0.032	0.936	11061	High	P1_macroregion_africa_vs_asia	macroregion_3	1	2	Asia	TRUE
VNTG03	Asia	0.947	Africa	0.053	0.894	11075	Moderate	P1_macroregion_africa_vs_asia	macroregion_3	1	2	Asia	TRUE
YNJH04	Asia	0.943	Africa	0.057	0.886	11072	Moderate	P1_macroregion_africa_vs_asia	macroregion_3	1	2	Asia	TRUE
ZAMP03	Africa	0.917	Asia	0.083	0.834	10947	Moderate	P1_macroregion_africa_vs_asia	macroregion_3	1	2	Africa	TRUE
ZJZJ05	Asia	0.963	Africa	0.037	0.926	11077	High	P1_macroregion_africa_vs_asia	macroregion_3	1	2	Asia	TRUE
ReuSal1	Asia	0.931	Africa	0.069	0.862	11074	Moderate	P1_macroregion_africa_vs_asia	macroregion_3	1	2	Asia	TRUE
ReuSal4	Asia	0.915	Africa	0.085	0.83	11078	Moderate	P1_macroregion_africa_vs_asia	macroregion_3	1	2	Asia	TRUE
ReuSaL5	Asia	0.905	Africa	0.095	0.81	11081	Moderate	P1_macroregion_africa_vs_asia	macroregion_3	1	2	Asia	TRUE
ReuBen1	Asia	0.907	Africa	0.093	0.814	11076	Moderate	P1_macroregion_africa_vs_asia	macroregion_3	1	2	Asia	TRUE
ReuPie2	Asia	0.917	Africa	0.083	0.834	11074	Moderate	P1_macroregion_africa_vs_asia	macroregion_3	1	2	Asia	TRUE
ComAnj2	Africa	0.921	Asia	0.079	0.842	11056	Moderate	P1_macroregion_africa_vs_asia	macroregion_3	1	3	Africa	TRUE
MadMah1	Africa	0.978	Asia	0.022	0.956	10994	High	P1_macroregion_africa_vs_asia	macroregion_3	1	3	Africa	TRUE
MaySad1	Africa	0.973	Asia	0.027	0.946	11067	High	P1_macroregion_africa_vs_asia	macroregion_3	1	3	Africa	TRUE
MaySad4	Africa	0.969	Asia	0.031	0.938	11057	High	P1_macroregion_africa_vs_asia	macroregion_3	1	3	Africa	TRUE
ReuBas1	Asia	0.967	Africa	0.033	0.934	11039	High	P1_macroregion_africa_vs_asia	macroregion_3	1	3	Asia	TRUE
ReuBas5	Asia	0.953	Africa	0.047	0.906	11065	High	P1_macroregion_africa_vs_asia	macroregion_3	1	3	Asia	TRUE
BIBJ03	Africa	0.894	Asia	0.106	0.788	11034	Moderate	P1_macroregion_africa_vs_asia	macroregion_3	1	3	Africa	TRUE
CDKB02	Africa	0.922	Asia	0.078	0.844	11026	Moderate	P1_macroregion_africa_vs_asia	macroregion_3	1	3	Africa	TRUE
CDKB04	Africa	0.921	Asia	0.079	0.842	11065	Moderate	P1_macroregion_africa_vs_asia	macroregion_3	1	3	Africa	TRUE
CIBD05	Africa	0.886	Asia	0.114	0.772	11039	Moderate	P1_macroregion_africa_vs_asia	macroregion_3	1	3	Africa	TRUE
ETMS01	Africa	0.878	Asia	0.122	0.756	10874	Moderate	P1_macroregion_africa_vs_asia	macroregion_3	1	3	Africa	TRUE
ETMS02	Africa	0.865	Asia	0.135	0.73	11070	Moderate	P1_macroregion_africa_vs_asia	macroregion_3	1	3	Africa	TRUE
ETMS04	Africa	0.879	Asia	0.121	0.758	11069	Moderate	P1_macroregion_africa_vs_asia	macroregion_3	1	3	Africa	TRUE
FJZZ01	Asia	0.983	Africa	0.017	0.966	11066	High	P1_macroregion_africa_vs_asia	macroregion_3	1	3	Asia	TRUE
GDGZ01	Asia	0.979	Africa	0.021	0.958	11066	High	P1_macroregion_africa_vs_asia	macroregion_3	1	3	Asia	TRUE
GDGZ05	Asia	0.98	Africa	0.02	0.96	11062	High	P1_macroregion_africa_vs_asia	macroregion_3	1	3	Asia	TRUE
GXNN02	Asia	0.977	Africa	0.023	0.954	11058	High	P1_macroregion_africa_vs_asia	macroregion_3	1	3	Asia	TRUE
GZDY02	Asia	0.979	Africa	0.021	0.958	11072	High	P1_macroregion_africa_vs_asia	macroregion_3	1	3	Asia	TRUE
GZDY05	Asia	0.969	Africa	0.031	0.938	11063	High	P1_macroregion_africa_vs_asia	macroregion_3	1	3	Asia	TRUE
HBWH05	Asia	0.971	Africa	0.029	0.942	11066	High	P1_macroregion_africa_vs_asia	macroregion_3	1	3	Asia	TRUE
HNDZ05	Asia	0.971	Africa	0.029	0.942	11076	High	P1_macroregion_africa_vs_asia	macroregion_3	1	3	Asia	TRUE
HNLY01	Asia	0.961	Africa	0.039	0.922	11063	High	P1_macroregion_africa_vs_asia	macroregion_3	1	3	Asia	TRUE
HNSY04	Asia	0.967	Africa	0.033	0.934	11068	High	P1_macroregion_africa_vs_asia	macroregion_3	1	3	Asia	TRUE
IDJI01	Asia	0.989	Africa	0.011	0.978	11071	High	P1_macroregion_africa_vs_asia	macroregion_3	1	3	Asia	TRUE
IDJI05	Asia	0.979	Africa	0.021	0.958	11076	High	P1_macroregion_africa_vs_asia	macroregion_3	1	3	Asia	TRUE
INAS03	Asia	0.953	Africa	0.047	0.906	11072	High	P1_macroregion_africa_vs_asia	macroregion_3	1	3	Asia	TRUE
INBH01	Asia	0.96	Africa	0.04	0.92	11077	High	P1_macroregion_africa_vs_asia	macroregion_3	1	3	Asia	TRUE
INBH04	Asia	0.95	Africa	0.05	0.9	11062	High	P1_macroregion_africa_vs_asia	macroregion_3	1	3	Asia	TRUE
INPJ04	Asia	0.952	Africa	0.048	0.904	11057	High	P1_macroregion_africa_vs_asia	macroregion_3	1	3	Asia	TRUE
INTG01	Asia	0.975	Africa	0.025	0.95	11068	High	P1_macroregion_africa_vs_asia	macroregion_3	1	3	Asia	TRUE
INTN04	Asia	0.894	Africa	0.106	0.788	11083	Moderate	P1_macroregion_africa_vs_asia	macroregion_3	1	3	Asia	TRUE
KENB01	Africa	0.901	Asia	0.099	0.802	11075	Moderate	P1_macroregion_africa_vs_asia	macroregion_3	1	3	Africa	TRUE
KENB05	Africa	0.866	Asia	0.134	0.732	11037	Moderate	P1_macroregion_africa_vs_asia	macroregion_3	1	3	Africa	TRUE
LKAD02	Asia	0.958	Africa	0.042	0.916	11077	High	P1_macroregion_africa_vs_asia	macroregion_3	1	3	Asia	TRUE
LKAD05	Asia	0.944	Africa	0.056	0.888	11058	Moderate	P1_macroregion_africa_vs_asia	macroregion_3	1	3	Asia	TRUE
MLBM03	Africa	0.914	Asia	0.086	0.828	11054	Moderate	P1_macroregion_africa_vs_asia	macroregion_3	1	3	Africa	TRUE
MLBM05	Africa	0.81	Asia	0.19	0.62	11009	Low	P1_macroregion_africa_vs_asia	macroregion_3	1	3	Africa	TRUE
MMYG03	Asia	0.973	Africa	0.027	0.946	11046	High	P1_macroregion_africa_vs_asia	macroregion_3	1	3	Asia	TRUE
MWZB05	Africa	0.929	Asia	0.071	0.858	11049	Moderate	P1_macroregion_africa_vs_asia	macroregion_3	1	3	Africa	TRUE
NPSH06	Asia	0.959	Africa	0.041	0.918	11074	High	P1_macroregion_africa_vs_asia	macroregion_3	1	3	Asia	TRUE
NPSH08	Asia	0.966	Africa	0.034	0.932	11031	High	P1_macroregion_africa_vs_asia	macroregion_3	1	3	Asia	TRUE
PHDM02	Asia	0.982	Africa	0.018	0.964	11006	High	P1_macroregion_africa_vs_asia	macroregion_3	1	3	Asia	TRUE
PHDM05	Asia	0.99	Africa	0.01	0.98	11041	High	P1_macroregion_africa_vs_asia	macroregion_3	1	3	Asia	TRUE
PHDV01	Asia	0.979	Africa	0.021	0.958	11069	High	P1_macroregion_africa_vs_asia	macroregion_3	1	3	Asia	TRUE
PHDV04	Asia	0.984	Africa	0.016	0.968	11061	High	P1_macroregion_africa_vs_asia	macroregion_3	1	3	Asia	TRUE
SCLS02	Asia	0.971	Africa	0.029	0.942	11072	High	P1_macroregion_africa_vs_asia	macroregion_3	1	3	Asia	TRUE
SDSG05	Africa	0.843	Asia	0.157	0.686	10922	Low	P1_macroregion_africa_vs_asia	macroregion_3	1	3	Africa	TRUE
SNBG03	Africa	0.9	Asia	0.1	0.8	11065	Moderate	P1_macroregion_africa_vs_asia	macroregion_3	1	3	Africa	TRUE
SNBG05	Africa	0.839	Asia	0.161	0.678	10986	Low	P1_macroregion_africa_vs_asia	macroregion_3	1	3	Africa	TRUE
THBK06	Asia	0.962	Africa	0.038	0.924	11052	High	P1_macroregion_africa_vs_asia	macroregion_3	1	3	Asia	TRUE
TWPD01	Asia	0.98	Africa	0.02	0.96	11050	High	P1_macroregion_africa_vs_asia	macroregion_3	1	3	Asia	TRUE
TWPD02	Asia	0.971	Africa	0.029	0.942	10988	High	P1_macroregion_africa_vs_asia	macroregion_3	1	3	Asia	TRUE
UGEB04	Africa	0.836	Asia	0.164	0.672	11053	Low	P1_macroregion_africa_vs_asia	macroregion_3	1	3	Africa	TRUE
VNTG04	Asia	0.985	Africa	0.015	0.97	11067	High	P1_macroregion_africa_vs_asia	macroregion_3	1	3	Asia	TRUE
VNTG05	Asia	0.949	Africa	0.051	0.898	10989	Moderate	P1_macroregion_africa_vs_asia	macroregion_3	1	3	Asia	TRUE
ZAMP02	Africa	0.867	Asia	0.133	0.734	10933	Moderate	P1_macroregion_africa_vs_asia	macroregion_3	1	3	Africa	TRUE
ReuPal1	Asia	0.908	Africa	0.092	0.816	11056	Moderate	P1_macroregion_africa_vs_asia	macroregion_3	1	3	Asia	TRUE
ReuAnd3	Asia	0.908	Africa	0.092	0.816	11075	Moderate	P1_macroregion_africa_vs_asia	macroregion_3	1	3	Asia	TRUE
ReuAnd4	Asia	0.951	Africa	0.049	0.902	11023	High	P1_macroregion_africa_vs_asia	macroregion_3	1	3	Asia	TRUE
ReuBen5	Asia	0.907	Africa	0.093	0.814	11078	Moderate	P1_macroregion_africa_vs_asia	macroregion_3	1	3	Asia	TRUE
ReuPau1	Asia	0.89	Africa	0.11	0.78	11071	Moderate	P1_macroregion_africa_vs_asia	macroregion_3	1	3	Asia	TRUE
ReuPau4	Asia	0.812	Africa	0.188	0.624	11076	Low	P1_macroregion_africa_vs_asia	macroregion_3	1	3	Asia	TRUE
ReuPau5	Asia	0.964	Africa	0.036	0.928	11078	High	P1_macroregion_africa_vs_asia	macroregion_3	1	3	Asia	TRUE
ReuPie4	Asia	0.787	Africa	0.213	0.574	1688	Low	P1_macroregion_africa_vs_asia	macroregion_3	1	3	Asia	TRUE
ComAnj5	Africa	0.947	Asia	0.053	0.894	11070	Moderate	P1_macroregion_africa_vs_asia	macroregion_3	1	4	Africa	TRUE
ComGra1	Africa	0.889	Asia	0.111	0.778	10934	Moderate	P1_macroregion_africa_vs_asia	macroregion_3	1	4	Africa	TRUE
ComGra6	Africa	0.928	Asia	0.072	0.856	11067	Moderate	P1_macroregion_africa_vs_asia	macroregion_3	1	4	Africa	TRUE
ComGra5	Africa	0.92	Asia	0.08	0.84	10983	Moderate	P1_macroregion_africa_vs_asia	macroregion_3	1	4	Africa	TRUE
ComMoh2	Africa	0.962	Asia	0.038	0.924	11062	High	P1_macroregion_africa_vs_asia	macroregion_3	1	4	Africa	TRUE
MadMah3	Africa	0.962	Asia	0.038	0.924	11048	High	P1_macroregion_africa_vs_asia	macroregion_3	1	4	Africa	TRUE
MadMan4	Africa	0.968	Asia	0.032	0.936	11010	High	P1_macroregion_africa_vs_asia	macroregion_3	1	4	Africa	TRUE
MauLaS2	Asia	0.986	Africa	0.014	0.972	11069	High	P1_macroregion_africa_vs_asia	macroregion_3	1	4	Asia	TRUE
MauLaS3	Asia	0.982	Africa	0.018	0.964	11069	High	P1_macroregion_africa_vs_asia	macroregion_3	1	4	Asia	TRUE
MauLaS4	Asia	0.964	Africa	0.036	0.928	11068	High	P1_macroregion_africa_vs_asia	macroregion_3	1	4	Asia	TRUE
MayDem1	Africa	0.963	Asia	0.037	0.926	11075	High	P1_macroregion_africa_vs_asia	macroregion_3	1	4	Africa	TRUE
MayDem5	Africa	0.977	Asia	0.023	0.954	11043	High	P1_macroregion_africa_vs_asia	macroregion_3	1	4	Africa	TRUE
MaySad3	Africa	0.973	Asia	0.027	0.946	11065	High	P1_macroregion_africa_vs_asia	macroregion_3	1	4	Africa	TRUE
ReuBas4	Asia	0.961	Africa	0.039	0.922	11068	High	P1_macroregion_africa_vs_asia	macroregion_3	1	4	Asia	TRUE
BDKG02	Asia	0.963	Africa	0.037	0.926	11067	High	P1_macroregion_africa_vs_asia	macroregion_3	1	4	Asia	TRUE
BDKG03	Asia	0.937	Africa	0.063	0.874	11053	Moderate	P1_macroregion_africa_vs_asia	macroregion_3	1	4	Asia	TRUE
BIBJ02	Africa	0.878	Asia	0.122	0.756	10973	Moderate	P1_macroregion_africa_vs_asia	macroregion_3	1	4	Africa	TRUE
BIBJ04	Africa	0.907	Asia	0.093	0.814	11046	Moderate	P1_macroregion_africa_vs_asia	macroregion_3	1	4	Africa	TRUE
CDKB01	Africa	0.861	Asia	0.139	0.722	10996	Moderate	P1_macroregion_africa_vs_asia	macroregion_3	1	4	Africa	TRUE
FJZZ03	Asia	0.982	Africa	0.018	0.964	11075	High	P1_macroregion_africa_vs_asia	macroregion_3	1	4	Asia	TRUE
FJZZ05	Asia	0.976	Africa	0.024	0.952	11076	High	P1_macroregion_africa_vs_asia	macroregion_3	1	4	Asia	TRUE
GDGZ02	Asia	0.972	Africa	0.028	0.944	11079	High	P1_macroregion_africa_vs_asia	macroregion_3	1	4	Asia	TRUE
GHND03	Africa	0.86	Asia	0.14	0.72	10917	Moderate	P1_macroregion_africa_vs_asia	macroregion_3	1	4	Africa	TRUE
GHND05	Africa	0.856	Asia	0.144	0.712	10804	Moderate	P1_macroregion_africa_vs_asia	macroregion_3	1	4	Africa	TRUE
GZDY01	Asia	0.959	Africa	0.041	0.918	11081	High	P1_macroregion_africa_vs_asia	macroregion_3	1	4	Asia	TRUE
GZDY03	Asia	0.966	Africa	0.034	0.932	11062	High	P1_macroregion_africa_vs_asia	macroregion_3	1	4	Asia	TRUE
HBWH02	Asia	0.974	Africa	0.026	0.948	11069	High	P1_macroregion_africa_vs_asia	macroregion_3	1	4	Asia	TRUE
HNDZ02	Asia	0.961	Africa	0.039	0.922	11067	High	P1_macroregion_africa_vs_asia	macroregion_3	1	4	Asia	TRUE
HNDZ03	Asia	0.961	Africa	0.039	0.922	11073	High	P1_macroregion_africa_vs_asia	macroregion_3	1	4	Asia	TRUE
HNDZ04	Asia	0.96	Africa	0.04	0.92	11057	High	P1_macroregion_africa_vs_asia	macroregion_3	1	4	Asia	TRUE
HNLY04	Asia	0.983	Africa	0.017	0.966	11075	High	P1_macroregion_africa_vs_asia	macroregion_3	1	4	Asia	TRUE
HNSY03	Asia	0.966	Africa	0.034	0.932	11027	High	P1_macroregion_africa_vs_asia	macroregion_3	1	4	Asia	TRUE
INTN01	Asia	0.937	Africa	0.063	0.874	11071	Moderate	P1_macroregion_africa_vs_asia	macroregion_3	1	4	Asia	TRUE
INTN02	Asia	0.945	Africa	0.055	0.89	11071	Moderate	P1_macroregion_africa_vs_asia	macroregion_3	1	4	Asia	TRUE
JSZJ04	Asia	0.976	Africa	0.024	0.952	11065	High	P1_macroregion_africa_vs_asia	macroregion_3	1	4	Asia	TRUE
JSZJ05	Asia	0.972	Africa	0.028	0.944	11061	High	P1_macroregion_africa_vs_asia	macroregion_3	1	4	Asia	TRUE
JXNC04	Asia	0.967	Africa	0.033	0.934	10982	High	P1_macroregion_africa_vs_asia	macroregion_3	1	4	Asia	TRUE
KENB02	Africa	0.899	Asia	0.101	0.798	11068	Moderate	P1_macroregion_africa_vs_asia	macroregion_3	1	4	Africa	TRUE
LAVT02	Asia	0.956	Africa	0.044	0.912	11018	High	P1_macroregion_africa_vs_asia	macroregion_3	1	4	Asia	TRUE
LKAD03	Asia	0.95	Africa	0.05	0.9	11074	High	P1_macroregion_africa_vs_asia	macroregion_3	1	4	Asia	TRUE
MGAT06	Africa	0.969	Asia	0.031	0.938	11057	High	P1_macroregion_africa_vs_asia	macroregion_3	1	4	Africa	TRUE
MMYG01	Asia	0.994	Africa	0.006	0.988	11032	High	P1_macroregion_africa_vs_asia	macroregion_3	1	4	Asia	TRUE
MWZB04	Africa	0.96	Asia	0.04	0.92	11056	High	P1_macroregion_africa_vs_asia	macroregion_3	1	4	Africa	TRUE
MYKL05	Asia	0.968	Africa	0.032	0.936	11064	High	P1_macroregion_africa_vs_asia	macroregion_3	1	4	Asia	TRUE
NGNS02	Africa	0.591	Asia	0.409	0.182	7500	Uncertain	P1_macroregion_africa_vs_asia	macroregion_3	1	4	Africa	TRUE
NPSH04	Asia	0.951	Africa	0.049	0.902	11074	High	P1_macroregion_africa_vs_asia	macroregion_3	1	4	Asia	TRUE
NPSH05	Asia	0.95	Africa	0.05	0.9	11073	High	P1_macroregion_africa_vs_asia	macroregion_3	1	4	Asia	TRUE
PHDM01	Asia	0.994	Africa	0.006	0.988	11036	High	P1_macroregion_africa_vs_asia	macroregion_3	1	4	Asia	TRUE
THBK01	Asia	0.966	Africa	0.034	0.932	11073	High	P1_macroregion_africa_vs_asia	macroregion_3	1	4	Asia	TRUE
THBK03	Asia	0.955	Africa	0.045	0.91	11079	High	P1_macroregion_africa_vs_asia	macroregion_3	1	4	Asia	TRUE
THBK04	Asia	0.962	Africa	0.038	0.924	11065	High	P1_macroregion_africa_vs_asia	macroregion_3	1	4	Asia	TRUE
THPK04	Asia	0.967	Africa	0.033	0.934	11069	High	P1_macroregion_africa_vs_asia	macroregion_3	1	4	Asia	TRUE
TWTY01	Asia	0.978	Africa	0.022	0.956	11060	High	P1_macroregion_africa_vs_asia	macroregion_3	1	4	Asia	TRUE
TWTY02	Asia	0.987	Africa	0.013	0.974	11061	High	P1_macroregion_africa_vs_asia	macroregion_3	1	4	Asia	TRUE
TWTY05	Asia	0.967	Africa	0.033	0.934	11069	High	P1_macroregion_africa_vs_asia	macroregion_3	1	4	Asia	TRUE
UGEB01	Africa	0.914	Asia	0.086	0.828	11058	Moderate	P1_macroregion_africa_vs_asia	macroregion_3	1	4	Africa	TRUE
UGEB03	Africa	0.888	Asia	0.112	0.776	11063	Moderate	P1_macroregion_africa_vs_asia	macroregion_3	1	4	Africa	TRUE
YNBS03	Asia	0.98	Africa	0.02	0.96	11073	High	P1_macroregion_africa_vs_asia	macroregion_3	1	4	Asia	TRUE
ZJZJ01	Asia	0.971	Africa	0.029	0.942	11069	High	P1_macroregion_africa_vs_asia	macroregion_3	1	4	Asia	TRUE
ZJZJ03	Asia	0.97	Africa	0.03	0.94	11077	High	P1_macroregion_africa_vs_asia	macroregion_3	1	4	Asia	TRUE
ZJZJ04	Asia	0.973	Africa	0.027	0.946	11081	High	P1_macroregion_africa_vs_asia	macroregion_3	1	4	Asia	TRUE
ReuPau2	Asia	0.94	Africa	0.06	0.88	11077	Moderate	P1_macroregion_africa_vs_asia	macroregion_3	1	4	Asia	TRUE
ReuPie1	Asia	0.909	Africa	0.091	0.818	2265	Moderate	P1_macroregion_africa_vs_asia	macroregion_3	1	4	Asia	TRUE
ReuPie5	Asia	0.937	Africa	0.063	0.874	11074	Moderate	P1_macroregion_africa_vs_asia	macroregion_3	1	4	Asia	TRUE
ComAnj3	Africa	0.938	Asia	0.062	0.876	11065	Moderate	P1_macroregion_africa_vs_asia	macroregion_3	1	5	Africa	TRUE
ComMoh3	Africa	0.923	Asia	0.077	0.846	10926	Moderate	P1_macroregion_africa_vs_asia	macroregion_3	1	5	Africa	TRUE
ComMoh4	Africa	0.972	Asia	0.028	0.944	10994	High	P1_macroregion_africa_vs_asia	macroregion_3	1	5	Africa	TRUE
MadAmb4	Africa	0.976	Asia	0.024	0.952	11037	High	P1_macroregion_africa_vs_asia	macroregion_3	1	5	Africa	TRUE
MadAmb5	Africa	0.952	Asia	0.048	0.904	11055	High	P1_macroregion_africa_vs_asia	macroregion_3	1	5	Africa	TRUE
MadMah5	Africa	0.975	Asia	0.025	0.95	11002	High	P1_macroregion_africa_vs_asia	macroregion_3	1	5	Africa	TRUE
MadMan2	Africa	0.969	Asia	0.031	0.938	11007	High	P1_macroregion_africa_vs_asia	macroregion_3	1	5	Africa	TRUE
MadMan5	Africa	0.965	Asia	0.035	0.93	11014	High	P1_macroregion_africa_vs_asia	macroregion_3	1	5	Africa	TRUE
MauLaS1	Asia	0.954	Africa	0.046	0.908	11069	High	P1_macroregion_africa_vs_asia	macroregion_3	1	5	Asia	TRUE
MauLaS5	Asia	0.961	Africa	0.039	0.922	11041	High	P1_macroregion_africa_vs_asia	macroregion_3	1	5	Asia	TRUE
MayDem2	Africa	0.953	Asia	0.047	0.906	11061	High	P1_macroregion_africa_vs_asia	macroregion_3	1	5	Africa	TRUE
MaySad5	Africa	0.972	Asia	0.028	0.944	11049	High	P1_macroregion_africa_vs_asia	macroregion_3	1	5	Africa	TRUE
ReuBas2	Asia	0.97	Africa	0.03	0.94	11039	High	P1_macroregion_africa_vs_asia	macroregion_3	1	5	Asia	TRUE
ReuSte4	Asia	0.953	Africa	0.047	0.906	11062	High	P1_macroregion_africa_vs_asia	macroregion_3	1	5	Asia	TRUE
ReuSte5	Asia	0.957	Africa	0.043	0.914	10202	High	P1_macroregion_africa_vs_asia	macroregion_3	1	5	Asia	TRUE
BDKG05	Asia	0.944	Africa	0.056	0.888	11071	Moderate	P1_macroregion_africa_vs_asia	macroregion_3	1	5	Asia	TRUE
ETMS03	Africa	0.902	Asia	0.098	0.804	11059	Moderate	P1_macroregion_africa_vs_asia	macroregion_3	1	5	Africa	TRUE
GHND04	Africa	0.902	Asia	0.098	0.804	11035	Moderate	P1_macroregion_africa_vs_asia	macroregion_3	1	5	Africa	TRUE
GXNN01	Asia	0.978	Africa	0.022	0.956	11079	High	P1_macroregion_africa_vs_asia	macroregion_3	1	5	Asia	TRUE
GXNN03	Asia	0.977	Africa	0.023	0.954	11069	High	P1_macroregion_africa_vs_asia	macroregion_3	1	5	Asia	TRUE
GXNN04	Asia	0.966	Africa	0.034	0.932	11069	High	P1_macroregion_africa_vs_asia	macroregion_3	1	5	Asia	TRUE
HBWH04	Asia	0.985	Africa	0.015	0.97	11073	High	P1_macroregion_africa_vs_asia	macroregion_3	1	5	Asia	TRUE
HNLY02	Asia	0.966	Africa	0.034	0.932	11036	High	P1_macroregion_africa_vs_asia	macroregion_3	1	5	Asia	TRUE
IDJI02	Asia	0.982	Africa	0.018	0.964	11069	High	P1_macroregion_africa_vs_asia	macroregion_3	1	5	Asia	TRUE
IDJI03	Asia	0.974	Africa	0.026	0.948	11053	High	P1_macroregion_africa_vs_asia	macroregion_3	1	5	Asia	TRUE
INAS01	Asia	0.954	Africa	0.046	0.908	11078	High	P1_macroregion_africa_vs_asia	macroregion_3	1	5	Asia	TRUE
INBH05	Asia	0.947	Africa	0.053	0.894	10143	Moderate	P1_macroregion_africa_vs_asia	macroregion_3	1	5	Asia	TRUE
INPJ03	Asia	0.953	Africa	0.047	0.906	11074	High	P1_macroregion_africa_vs_asia	macroregion_3	1	5	Asia	TRUE
INTG02	Asia	0.928	Africa	0.072	0.856	11075	Moderate	P1_macroregion_africa_vs_asia	macroregion_3	1	5	Asia	TRUE
INTG05	Asia	0.94	Africa	0.06	0.88	11066	Moderate	P1_macroregion_africa_vs_asia	macroregion_3	1	5	Asia	TRUE
JSZJ01	Asia	0.981	Africa	0.019	0.962	11052	High	P1_macroregion_africa_vs_asia	macroregion_3	1	5	Asia	TRUE
JXNC01	Asia	0.983	Africa	0.017	0.966	11069	High	P1_macroregion_africa_vs_asia	macroregion_3	1	5	Asia	TRUE
JXNC02	Asia	0.971	Africa	0.029	0.942	11075	High	P1_macroregion_africa_vs_asia	macroregion_3	1	5	Asia	TRUE
JXNC05	Asia	0.987	Africa	0.013	0.974	11058	High	P1_macroregion_africa_vs_asia	macroregion_3	1	5	Asia	TRUE
KENB04	Africa	0.892	Asia	0.108	0.784	11073	Moderate	P1_macroregion_africa_vs_asia	macroregion_3	1	5	Africa	TRUE
LAVT03	Asia	0.967	Africa	0.033	0.934	11055	High	P1_macroregion_africa_vs_asia	macroregion_3	1	5	Asia	TRUE
LAVT05	Asia	0.965	Africa	0.035	0.93	11075	High	P1_macroregion_africa_vs_asia	macroregion_3	1	5	Asia	TRUE
LKAD01	Asia	0.952	Africa	0.048	0.904	11070	High	P1_macroregion_africa_vs_asia	macroregion_3	1	5	Asia	TRUE
MGAT05	Africa	0.953	Asia	0.047	0.906	11059	High	P1_macroregion_africa_vs_asia	macroregion_3	1	5	Africa	TRUE
MLBM02	Africa	0.869	Asia	0.131	0.738	11070	Moderate	P1_macroregion_africa_vs_asia	macroregion_3	1	5	Africa	TRUE
MLBM04	Africa	0.846	Asia	0.154	0.692	11052	Low	P1_macroregion_africa_vs_asia	macroregion_3	1	5	Africa	TRUE
MMYG05	Asia	0.99	Africa	0.01	0.98	11043	High	P1_macroregion_africa_vs_asia	macroregion_3	1	5	Asia	TRUE
PHDM04	Asia	0.984	Africa	0.016	0.968	11022	High	P1_macroregion_africa_vs_asia	macroregion_3	1	5	Asia	TRUE
PHDV02	Asia	0.983	Africa	0.017	0.966	11065	High	P1_macroregion_africa_vs_asia	macroregion_3	1	5	Asia	TRUE
PKMR02	Asia	0.948	Africa	0.052	0.896	11065	Moderate	P1_macroregion_africa_vs_asia	macroregion_3	1	5	Asia	TRUE
SCLS03	Asia	0.965	Africa	0.035	0.93	11067	High	P1_macroregion_africa_vs_asia	macroregion_3	1	5	Asia	TRUE
SCLS04	Asia	0.956	Africa	0.044	0.912	11070	High	P1_macroregion_africa_vs_asia	macroregion_3	1	5	Asia	TRUE
SDSG03	Africa	0.861	Asia	0.139	0.722	11059	Moderate	P1_macroregion_africa_vs_asia	macroregion_3	1	5	Africa	TRUE
SNBG01	Africa	0.865	Asia	0.135	0.73	10997	Moderate	P1_macroregion_africa_vs_asia	macroregion_3	1	5	Africa	TRUE
SNBG02	Africa	0.916	Asia	0.084	0.832	11032	Moderate	P1_macroregion_africa_vs_asia	macroregion_3	1	5	Africa	TRUE
THBK02	Asia	0.938	Africa	0.062	0.876	11044	Moderate	P1_macroregion_africa_vs_asia	macroregion_3	1	5	Asia	TRUE
TWPD03	Asia	0.971	Africa	0.029	0.942	11044	High	P1_macroregion_africa_vs_asia	macroregion_3	1	5	Asia	TRUE
UGEB05	Africa	0.878	Asia	0.122	0.756	11060	Moderate	P1_macroregion_africa_vs_asia	macroregion_3	1	5	Africa	TRUE
YNBS05	Asia	0.949	Africa	0.051	0.898	11050	Moderate	P1_macroregion_africa_vs_asia	macroregion_3	1	5	Asia	TRUE
YNJH01	Asia	0.966	Africa	0.034	0.932	10822	High	P1_macroregion_africa_vs_asia	macroregion_3	1	5	Asia	TRUE
YNJH05	Asia	0.975	Africa	0.025	0.95	10851	High	P1_macroregion_africa_vs_asia	macroregion_3	1	5	Asia	TRUE
ZAMP05	Africa	0.957	Asia	0.043	0.914	11061	High	P1_macroregion_africa_vs_asia	macroregion_3	1	5	Africa	TRUE
ReuPal4	Asia	0.934	Africa	0.066	0.868	11002	Moderate	P1_macroregion_africa_vs_asia	macroregion_3	1	5	Asia	TRUE
ReuPaL5	Asia	0.951	Africa	0.049	0.902	11079	High	P1_macroregion_africa_vs_asia	macroregion_3	1	5	Asia	TRUE
ReuSal2	Asia	0.889	Africa	0.111	0.778	11075	Moderate	P1_macroregion_africa_vs_asia	macroregion_3	1	5	Asia	TRUE
ReuAnd5	Asia	0.897	Africa	0.103	0.794	11082	Moderate	P1_macroregion_africa_vs_asia	macroregion_3	1	5	Asia	TRUE
ReuBen3	Asia	0.946	Africa	0.054	0.892	11072	Moderate	P1_macroregion_africa_vs_asia	macroregion_3	1	5	Asia	TRUE
ReuPau3	Asia	0.907	Africa	0.093	0.814	11070	Moderate	P1_macroregion_africa_vs_asia	macroregion_3	1	5	Asia	TRUE
ReuPie3	Asia	0.908	Africa	0.092	0.816	11069	Moderate	P1_macroregion_africa_vs_asia	macroregion_3	1	5	Asia	TRUE
ComAnj5	Africa	0.947	Asia	0.053	0.894	11070	Moderate	P1_macroregion_africa_vs_asia	macroregion_3	2	1	Africa	TRUE
ComGra2	Africa	0.916	Asia	0.084	0.832	11014	Moderate	P1_macroregion_africa_vs_asia	macroregion_3	2	1	Africa	TRUE
ComMoh5	Africa	0.942	Asia	0.058	0.884	11068	Moderate	P1_macroregion_africa_vs_asia	macroregion_3	2	1	Africa	TRUE
MadAmb3	Africa	0.97	Asia	0.03	0.94	11055	High	P1_macroregion_africa_vs_asia	macroregion_3	2	1	Africa	TRUE
MadMah2	Africa	0.972	Asia	0.028	0.944	11026	High	P1_macroregion_africa_vs_asia	macroregion_3	2	1	Africa	TRUE
MadMan4	Africa	0.957	Asia	0.043	0.914	11010	High	P1_macroregion_africa_vs_asia	macroregion_3	2	1	Africa	TRUE
MauLaS2	Asia	0.982	Africa	0.018	0.964	11069	High	P1_macroregion_africa_vs_asia	macroregion_3	2	1	Asia	TRUE
MayDem5	Africa	0.974	Asia	0.026	0.948	11043	High	P1_macroregion_africa_vs_asia	macroregion_3	2	1	Africa	TRUE
MaySad3	Africa	0.98	Asia	0.02	0.96	11065	High	P1_macroregion_africa_vs_asia	macroregion_3	2	1	Africa	TRUE
MaySad5	Africa	0.974	Asia	0.026	0.948	11049	High	P1_macroregion_africa_vs_asia	macroregion_3	2	1	Africa	TRUE
ReuBas1	Asia	0.968	Africa	0.032	0.936	11039	High	P1_macroregion_africa_vs_asia	macroregion_3	2	1	Asia	TRUE
ReuBas2	Asia	0.976	Africa	0.024	0.952	11039	High	P1_macroregion_africa_vs_asia	macroregion_3	2	1	Asia	TRUE
ReuSte4	Asia	0.97	Africa	0.03	0.94	11062	High	P1_macroregion_africa_vs_asia	macroregion_3	2	1	Asia	TRUE
BIBJ01	Africa	0.913	Asia	0.087	0.826	10987	Moderate	P1_macroregion_africa_vs_asia	macroregion_3	2	1	Africa	TRUE
CDKB01	Africa	0.88	Asia	0.12	0.76	10996	Moderate	P1_macroregion_africa_vs_asia	macroregion_3	2	1	Africa	TRUE
CDKB02	Africa	0.929	Asia	0.071	0.858	11026	Moderate	P1_macroregion_africa_vs_asia	macroregion_3	2	1	Africa	TRUE
CIBD03	Africa	0.895	Asia	0.105	0.79	11025	Moderate	P1_macroregion_africa_vs_asia	macroregion_3	2	1	Africa	TRUE
CIBD04	Africa	0.807	Asia	0.193	0.614	11044	Low	P1_macroregion_africa_vs_asia	macroregion_3	2	1	Africa	TRUE
FJZZ03	Asia	0.979	Africa	0.021	0.958	11075	High	P1_macroregion_africa_vs_asia	macroregion_3	2	1	Asia	TRUE
GHND03	Africa	0.845	Asia	0.155	0.69	10917	Low	P1_macroregion_africa_vs_asia	macroregion_3	2	1	Africa	TRUE
GZDY05	Asia	0.945	Africa	0.055	0.89	11063	Moderate	P1_macroregion_africa_vs_asia	macroregion_3	2	1	Asia	TRUE
HBWH02	Asia	0.967	Africa	0.033	0.934	11069	High	P1_macroregion_africa_vs_asia	macroregion_3	2	1	Asia	TRUE
HBWH04	Asia	0.99	Africa	0.01	0.98	11073	High	P1_macroregion_africa_vs_asia	macroregion_3	2	1	Asia	TRUE
HBWH05	Asia	0.974	Africa	0.026	0.948	11066	High	P1_macroregion_africa_vs_asia	macroregion_3	2	1	Asia	TRUE
HNDZ01	Asia	0.987	Africa	0.013	0.974	11076	High	P1_macroregion_africa_vs_asia	macroregion_3	2	1	Asia	TRUE
HNDZ03	Asia	0.95	Africa	0.05	0.9	11073	High	P1_macroregion_africa_vs_asia	macroregion_3	2	1	Asia	TRUE
HNDZ04	Asia	0.968	Africa	0.032	0.936	11057	High	P1_macroregion_africa_vs_asia	macroregion_3	2	1	Asia	TRUE
HNLY02	Asia	0.953	Africa	0.047	0.906	11036	High	P1_macroregion_africa_vs_asia	macroregion_3	2	1	Asia	TRUE
HNLY04	Asia	0.981	Africa	0.019	0.962	11075	High	P1_macroregion_africa_vs_asia	macroregion_3	2	1	Asia	TRUE
HNSY01	Asia	0.983	Africa	0.017	0.966	11071	High	P1_macroregion_africa_vs_asia	macroregion_3	2	1	Asia	TRUE
HNSY03	Asia	0.958	Africa	0.042	0.916	11027	High	P1_macroregion_africa_vs_asia	macroregion_3	2	1	Asia	TRUE
INAS04	Asia	0.943	Africa	0.057	0.886	11062	Moderate	P1_macroregion_africa_vs_asia	macroregion_3	2	1	Asia	TRUE
INPJ05	Asia	0.94	Africa	0.06	0.88	11057	Moderate	P1_macroregion_africa_vs_asia	macroregion_3	2	1	Asia	TRUE
JSZJ04	Asia	0.98	Africa	0.02	0.96	11065	High	P1_macroregion_africa_vs_asia	macroregion_3	2	1	Asia	TRUE
JSZJ05	Asia	0.968	Africa	0.032	0.936	11061	High	P1_macroregion_africa_vs_asia	macroregion_3	2	1	Asia	TRUE
KENB04	Africa	0.912	Asia	0.088	0.824	11073	Moderate	P1_macroregion_africa_vs_asia	macroregion_3	2	1	Africa	TRUE
LAVT02	Asia	0.973	Africa	0.027	0.946	11018	High	P1_macroregion_africa_vs_asia	macroregion_3	2	1	Asia	TRUE
LAVT03	Asia	0.961	Africa	0.039	0.922	11055	High	P1_macroregion_africa_vs_asia	macroregion_3	2	1	Asia	TRUE
MGAT06	Africa	0.96	Asia	0.04	0.92	11057	High	P1_macroregion_africa_vs_asia	macroregion_3	2	1	Africa	TRUE
MLBM04	Africa	0.868	Asia	0.132	0.736	11052	Moderate	P1_macroregion_africa_vs_asia	macroregion_3	2	1	Africa	TRUE
MYKL04	Asia	0.977	Africa	0.023	0.954	11066	High	P1_macroregion_africa_vs_asia	macroregion_3	2	1	Asia	TRUE
NGNS02	Africa	0.612	Asia	0.388	0.224	7500	Low	P1_macroregion_africa_vs_asia	macroregion_3	2	1	Africa	TRUE
NPSH04	Asia	0.951	Africa	0.049	0.902	11074	High	P1_macroregion_africa_vs_asia	macroregion_3	2	1	Asia	TRUE
PHDM01	Asia	0.985	Africa	0.015	0.97	11036	High	P1_macroregion_africa_vs_asia	macroregion_3	2	1	Asia	TRUE
PHDM03	Asia	0.989	Africa	0.011	0.978	11050	High	P1_macroregion_africa_vs_asia	macroregion_3	2	1	Asia	TRUE
PHDV01	Asia	0.989	Africa	0.011	0.978	11069	High	P1_macroregion_africa_vs_asia	macroregion_3	2	1	Asia	TRUE
SNBG05	Africa	0.849	Asia	0.151	0.698	10986	Low	P1_macroregion_africa_vs_asia	macroregion_3	2	1	Africa	TRUE
THBK06	Asia	0.97	Africa	0.03	0.94	11052	High	P1_macroregion_africa_vs_asia	macroregion_3	2	1	Asia	TRUE
TWPD04	Asia	0.979	Africa	0.021	0.958	10968	High	P1_macroregion_africa_vs_asia	macroregion_3	2	1	Asia	TRUE
TWTY02	Asia	0.987	Africa	0.013	0.974	11061	High	P1_macroregion_africa_vs_asia	macroregion_3	2	1	Asia	TRUE
TWTY03	Asia	0.967	Africa	0.033	0.934	11053	High	P1_macroregion_africa_vs_asia	macroregion_3	2	1	Asia	TRUE
UGEB01	Africa	0.899	Asia	0.101	0.798	11058	Moderate	P1_macroregion_africa_vs_asia	macroregion_3	2	1	Africa	TRUE
VNTG04	Asia	0.986	Africa	0.014	0.972	11067	High	P1_macroregion_africa_vs_asia	macroregion_3	2	1	Asia	TRUE
YNBS01	Asia	0.978	Africa	0.022	0.956	11078	High	P1_macroregion_africa_vs_asia	macroregion_3	2	1	Asia	TRUE
YNJH02	Asia	0.966	Africa	0.034	0.932	10849	High	P1_macroregion_africa_vs_asia	macroregion_3	2	1	Asia	TRUE
ZJZJ01	Asia	0.967	Africa	0.033	0.934	11069	High	P1_macroregion_africa_vs_asia	macroregion_3	2	1	Asia	TRUE
ZJZJ03	Asia	0.979	Africa	0.021	0.958	11077	High	P1_macroregion_africa_vs_asia	macroregion_3	2	1	Asia	TRUE
ReuPal3	Asia	0.891	Africa	0.109	0.782	11057	Moderate	P1_macroregion_africa_vs_asia	macroregion_3	2	1	Asia	TRUE
ReuSal3	Asia	0.935	Africa	0.065	0.87	11080	Moderate	P1_macroregion_africa_vs_asia	macroregion_3	2	1	Asia	TRUE
ReuBen5	Asia	0.937	Africa	0.063	0.874	11078	Moderate	P1_macroregion_africa_vs_asia	macroregion_3	2	1	Asia	TRUE
ReuPau2	Asia	0.925	Africa	0.075	0.85	11077	Moderate	P1_macroregion_africa_vs_asia	macroregion_3	2	1	Asia	TRUE
ReuPau3	Asia	0.908	Africa	0.092	0.816	11070	Moderate	P1_macroregion_africa_vs_asia	macroregion_3	2	1	Asia	TRUE
ReuPie4	Asia	0.884	Africa	0.116	0.768	1688	Moderate	P1_macroregion_africa_vs_asia	macroregion_3	2	1	Asia	TRUE
ReuPie5	Asia	0.942	Africa	0.058	0.884	11074	Moderate	P1_macroregion_africa_vs_asia	macroregion_3	2	1	Asia	TRUE
ComGra3	Africa	0.93	Asia	0.07	0.86	11052	Moderate	P1_macroregion_africa_vs_asia	macroregion_3	2	2	Africa	TRUE
MadAmb1	Africa	0.965	Asia	0.035	0.93	11045	High	P1_macroregion_africa_vs_asia	macroregion_3	2	2	Africa	TRUE
MadMah1	Africa	0.952	Asia	0.048	0.904	10994	High	P1_macroregion_africa_vs_asia	macroregion_3	2	2	Africa	TRUE
MadMah3	Africa	0.96	Asia	0.04	0.92	11048	High	P1_macroregion_africa_vs_asia	macroregion_3	2	2	Africa	TRUE
MadMah4	Africa	0.974	Asia	0.026	0.948	11019	High	P1_macroregion_africa_vs_asia	macroregion_3	2	2	Africa	TRUE
ReuBas4	Asia	0.969	Africa	0.031	0.938	11068	High	P1_macroregion_africa_vs_asia	macroregion_3	2	2	Asia	TRUE
ReuSte1	Asia	0.983	Africa	0.017	0.966	11058	High	P1_macroregion_africa_vs_asia	macroregion_3	2	2	Asia	TRUE
ReuSte3	Asia	0.968	Africa	0.032	0.936	11047	High	P1_macroregion_africa_vs_asia	macroregion_3	2	2	Asia	TRUE
ReuSte5	Asia	0.95	Africa	0.05	0.9	10202	High	P1_macroregion_africa_vs_asia	macroregion_3	2	2	Asia	TRUE
BDKG03	Asia	0.931	Africa	0.069	0.862	11053	Moderate	P1_macroregion_africa_vs_asia	macroregion_3	2	2	Asia	TRUE
BDKG04	Asia	0.964	Africa	0.036	0.928	11071	High	P1_macroregion_africa_vs_asia	macroregion_3	2	2	Asia	TRUE
BIBJ03	Africa	0.905	Asia	0.095	0.81	11034	Moderate	P1_macroregion_africa_vs_asia	macroregion_3	2	2	Africa	TRUE
CDKB03	Africa	0.865	Asia	0.135	0.73	11041	Moderate	P1_macroregion_africa_vs_asia	macroregion_3	2	2	Africa	TRUE
CIBD02	Africa	0.828	Asia	0.172	0.656	11056	Low	P1_macroregion_africa_vs_asia	macroregion_3	2	2	Africa	TRUE
ETMS03	Africa	0.899	Asia	0.101	0.798	11059	Moderate	P1_macroregion_africa_vs_asia	macroregion_3	2	2	Africa	TRUE
ETMS05	Africa	0.881	Asia	0.119	0.762	11070	Moderate	P1_macroregion_africa_vs_asia	macroregion_3	2	2	Africa	TRUE
GHND05	Africa	0.844	Asia	0.156	0.688	10804	Low	P1_macroregion_africa_vs_asia	macroregion_3	2	2	Africa	TRUE
GXNN01	Asia	0.978	Africa	0.022	0.956	11079	High	P1_macroregion_africa_vs_asia	macroregion_3	2	2	Asia	TRUE
GZDY03	Asia	0.967	Africa	0.033	0.934	11062	High	P1_macroregion_africa_vs_asia	macroregion_3	2	2	Asia	TRUE
HNSY05	Asia	0.973	Africa	0.027	0.946	11064	High	P1_macroregion_africa_vs_asia	macroregion_3	2	2	Asia	TRUE
IDJI01	Asia	0.982	Africa	0.018	0.964	11071	High	P1_macroregion_africa_vs_asia	macroregion_3	2	2	Asia	TRUE
IDJI03	Asia	0.981	Africa	0.019	0.962	11053	High	P1_macroregion_africa_vs_asia	macroregion_3	2	2	Asia	TRUE
IDJI05	Asia	0.975	Africa	0.025	0.95	11076	High	P1_macroregion_africa_vs_asia	macroregion_3	2	2	Asia	TRUE
INAS05	Asia	0.963	Africa	0.037	0.926	11067	High	P1_macroregion_africa_vs_asia	macroregion_3	2	2	Asia	TRUE
INBH03	Asia	0.946	Africa	0.054	0.892	11067	Moderate	P1_macroregion_africa_vs_asia	macroregion_3	2	2	Asia	TRUE
INPJ01	Asia	0.926	Africa	0.074	0.852	11038	Moderate	P1_macroregion_africa_vs_asia	macroregion_3	2	2	Asia	TRUE
INTG01	Asia	0.966	Africa	0.034	0.932	11068	High	P1_macroregion_africa_vs_asia	macroregion_3	2	2	Asia	TRUE
INTG05	Asia	0.952	Africa	0.048	0.904	11066	High	P1_macroregion_africa_vs_asia	macroregion_3	2	2	Asia	TRUE
INTN03	Asia	0.961	Africa	0.039	0.922	11047	High	P1_macroregion_africa_vs_asia	macroregion_3	2	2	Asia	TRUE
JSZJ01	Asia	0.982	Africa	0.018	0.964	11052	High	P1_macroregion_africa_vs_asia	macroregion_3	2	2	Asia	TRUE
JSZJ03	Asia	0.97	Africa	0.03	0.94	11068	High	P1_macroregion_africa_vs_asia	macroregion_3	2	2	Asia	TRUE
JXNC02	Asia	0.982	Africa	0.018	0.964	11075	High	P1_macroregion_africa_vs_asia	macroregion_3	2	2	Asia	TRUE
MGAT05	Africa	0.959	Asia	0.041	0.918	11059	High	P1_macroregion_africa_vs_asia	macroregion_3	2	2	Africa	TRUE
MMYG01	Asia	0.989	Africa	0.011	0.978	11032	High	P1_macroregion_africa_vs_asia	macroregion_3	2	2	Asia	TRUE
MMYG04	Asia	0.977	Africa	0.023	0.954	11030	High	P1_macroregion_africa_vs_asia	macroregion_3	2	2	Asia	TRUE
MWZB01	Africa	0.932	Asia	0.068	0.864	11028	Moderate	P1_macroregion_africa_vs_asia	macroregion_3	2	2	Africa	TRUE
NGNS01	Africa	0.82	Asia	0.18	0.64	11019	Low	P1_macroregion_africa_vs_asia	macroregion_3	2	2	Africa	TRUE
NPSH05	Asia	0.966	Africa	0.034	0.932	11073	High	P1_macroregion_africa_vs_asia	macroregion_3	2	2	Asia	TRUE
PKMR01	Asia	0.949	Africa	0.051	0.898	11035	Moderate	P1_macroregion_africa_vs_asia	macroregion_3	2	2	Asia	TRUE
SCLS05	Asia	0.971	Africa	0.029	0.942	11054	High	P1_macroregion_africa_vs_asia	macroregion_3	2	2	Asia	TRUE
SDSG04	Africa	0.903	Asia	0.097	0.806	10898	Moderate	P1_macroregion_africa_vs_asia	macroregion_3	2	2	Africa	TRUE
SNBG01	Africa	0.878	Asia	0.122	0.756	10997	Moderate	P1_macroregion_africa_vs_asia	macroregion_3	2	2	Africa	TRUE
SNBG03	Africa	0.885	Asia	0.115	0.77	11065	Moderate	P1_macroregion_africa_vs_asia	macroregion_3	2	2	Africa	TRUE
SNBG04	Africa	0.869	Asia	0.131	0.738	11050	Moderate	P1_macroregion_africa_vs_asia	macroregion_3	2	2	Africa	TRUE
THBK04	Asia	0.973	Africa	0.027	0.946	11065	High	P1_macroregion_africa_vs_asia	macroregion_3	2	2	Asia	TRUE
THPK01	Asia	0.963	Africa	0.037	0.926	11075	High	P1_macroregion_africa_vs_asia	macroregion_3	2	2	Asia	TRUE
THPK02	Asia	0.955	Africa	0.045	0.91	11066	High	P1_macroregion_africa_vs_asia	macroregion_3	2	2	Asia	TRUE
THPK04	Asia	0.983	Africa	0.017	0.966	11069	High	P1_macroregion_africa_vs_asia	macroregion_3	2	2	Asia	TRUE
TWPD02	Asia	0.966	Africa	0.034	0.932	10988	High	P1_macroregion_africa_vs_asia	macroregion_3	2	2	Asia	TRUE
UGEB02	Africa	0.877	Asia	0.123	0.754	11045	Moderate	P1_macroregion_africa_vs_asia	macroregion_3	2	2	Africa	TRUE
VNTG02	Asia	0.958	Africa	0.042	0.916	11070	High	P1_macroregion_africa_vs_asia	macroregion_3	2	2	Asia	TRUE
YNBS04	Asia	0.969	Africa	0.031	0.938	11075	High	P1_macroregion_africa_vs_asia	macroregion_3	2	2	Asia	TRUE
YNJH04	Asia	0.937	Africa	0.063	0.874	11072	Moderate	P1_macroregion_africa_vs_asia	macroregion_3	2	2	Asia	TRUE
YNJH05	Asia	0.975	Africa	0.025	0.95	10851	High	P1_macroregion_africa_vs_asia	macroregion_3	2	2	Asia	TRUE
ZAMP01	Africa	0.919	Asia	0.081	0.838	10990	Moderate	P1_macroregion_africa_vs_asia	macroregion_3	2	2	Africa	TRUE
ZAMP05	Africa	0.963	Asia	0.037	0.926	11061	High	P1_macroregion_africa_vs_asia	macroregion_3	2	2	Africa	TRUE
ZJZJ02	Asia	0.971	Africa	0.029	0.942	11064	High	P1_macroregion_africa_vs_asia	macroregion_3	2	2	Asia	TRUE
ZJZJ05	Asia	0.963	Africa	0.037	0.926	11077	High	P1_macroregion_africa_vs_asia	macroregion_3	2	2	Asia	TRUE
ReuSal1	Asia	0.941	Africa	0.059	0.882	11074	Moderate	P1_macroregion_africa_vs_asia	macroregion_3	2	2	Asia	TRUE
ReuSaL5	Asia	0.899	Africa	0.101	0.798	11081	Moderate	P1_macroregion_africa_vs_asia	macroregion_3	2	2	Asia	TRUE
ReuAnd1	Asia	0.909	Africa	0.091	0.818	11074	Moderate	P1_macroregion_africa_vs_asia	macroregion_3	2	2	Asia	TRUE
ReuAnd5	Asia	0.904	Africa	0.096	0.808	11082	Moderate	P1_macroregion_africa_vs_asia	macroregion_3	2	2	Asia	TRUE
ReuBen1	Asia	0.908	Africa	0.092	0.816	11076	Moderate	P1_macroregion_africa_vs_asia	macroregion_3	2	2	Asia	TRUE
ReuPie2	Asia	0.922	Africa	0.078	0.844	11074	Moderate	P1_macroregion_africa_vs_asia	macroregion_3	2	2	Asia	TRUE
ComAnj1	Africa	0.961	Asia	0.039	0.922	11077	High	P1_macroregion_africa_vs_asia	macroregion_3	2	3	Africa	TRUE
ComAnj4	Africa	0.895	Asia	0.105	0.79	11071	Moderate	P1_macroregion_africa_vs_asia	macroregion_3	2	3	Africa	TRUE
ComGra5	Africa	0.935	Asia	0.065	0.87	10983	Moderate	P1_macroregion_africa_vs_asia	macroregion_3	2	3	Africa	TRUE
ComMoh2	Africa	0.964	Asia	0.036	0.928	11062	High	P1_macroregion_africa_vs_asia	macroregion_3	2	3	Africa	TRUE
MadAmb5	Africa	0.973	Asia	0.027	0.946	11055	High	P1_macroregion_africa_vs_asia	macroregion_3	2	3	Africa	TRUE
MadMah5	Africa	0.969	Asia	0.031	0.938	11002	High	P1_macroregion_africa_vs_asia	macroregion_3	2	3	Africa	TRUE
MadMan3	Africa	0.968	Asia	0.032	0.936	10949	High	P1_macroregion_africa_vs_asia	macroregion_3	2	3	Africa	TRUE
MauLaS3	Asia	0.971	Africa	0.029	0.942	11069	High	P1_macroregion_africa_vs_asia	macroregion_3	2	3	Asia	TRUE
MauLaS4	Asia	0.972	Africa	0.028	0.944	11068	High	P1_macroregion_africa_vs_asia	macroregion_3	2	3	Asia	TRUE
MayDem4	Africa	0.963	Asia	0.037	0.926	11064	High	P1_macroregion_africa_vs_asia	macroregion_3	2	3	Africa	TRUE
MaySad4	Africa	0.967	Asia	0.033	0.934	11057	High	P1_macroregion_africa_vs_asia	macroregion_3	2	3	Africa	TRUE
BDKG01	Asia	0.945	Africa	0.055	0.89	11062	Moderate	P1_macroregion_africa_vs_asia	macroregion_3	2	3	Asia	TRUE
BDKG05	Asia	0.934	Africa	0.066	0.868	11071	Moderate	P1_macroregion_africa_vs_asia	macroregion_3	2	3	Asia	TRUE
BIBJ02	Africa	0.896	Asia	0.104	0.792	10973	Moderate	P1_macroregion_africa_vs_asia	macroregion_3	2	3	Africa	TRUE
CDKB05	Africa	0.887	Asia	0.113	0.774	11078	Moderate	P1_macroregion_africa_vs_asia	macroregion_3	2	3	Africa	TRUE
CIBD01	Africa	0.875	Asia	0.125	0.75	11050	Moderate	P1_macroregion_africa_vs_asia	macroregion_3	2	3	Africa	TRUE
ETMS02	Africa	0.869	Asia	0.131	0.738	11070	Moderate	P1_macroregion_africa_vs_asia	macroregion_3	2	3	Africa	TRUE
FJZZ02	Asia	0.97	Africa	0.03	0.94	11070	High	P1_macroregion_africa_vs_asia	macroregion_3	2	3	Asia	TRUE
GDGZ02	Asia	0.979	Africa	0.021	0.958	11079	High	P1_macroregion_africa_vs_asia	macroregion_3	2	3	Asia	TRUE
GDGZ05	Asia	0.972	Africa	0.028	0.944	11062	High	P1_macroregion_africa_vs_asia	macroregion_3	2	3	Asia	TRUE
GXNN03	Asia	0.969	Africa	0.031	0.938	11069	High	P1_macroregion_africa_vs_asia	macroregion_3	2	3	Asia	TRUE
GZDY01	Asia	0.973	Africa	0.027	0.946	11081	High	P1_macroregion_africa_vs_asia	macroregion_3	2	3	Asia	TRUE
HBWH01	Asia	0.974	Africa	0.026	0.948	11068	High	P1_macroregion_africa_vs_asia	macroregion_3	2	3	Asia	TRUE
HBWH03	Asia	0.983	Africa	0.017	0.966	11074	High	P1_macroregion_africa_vs_asia	macroregion_3	2	3	Asia	TRUE
HNLY01	Asia	0.943	Africa	0.057	0.886	11063	Moderate	P1_macroregion_africa_vs_asia	macroregion_3	2	3	Asia	TRUE
IDJI02	Asia	0.988	Africa	0.012	0.976	11069	High	P1_macroregion_africa_vs_asia	macroregion_3	2	3	Asia	TRUE
INAS02	Asia	0.94	Africa	0.06	0.88	11064	Moderate	P1_macroregion_africa_vs_asia	macroregion_3	2	3	Asia	TRUE
INBH01	Asia	0.953	Africa	0.047	0.906	11077	High	P1_macroregion_africa_vs_asia	macroregion_3	2	3	Asia	TRUE
INTG04	Asia	0.95	Africa	0.05	0.9	11067	High	P1_macroregion_africa_vs_asia	macroregion_3	2	3	Asia	TRUE
JXNC03	Asia	0.965	Africa	0.035	0.93	11072	High	P1_macroregion_africa_vs_asia	macroregion_3	2	3	Asia	TRUE
JXNC04	Asia	0.968	Africa	0.032	0.936	10982	High	P1_macroregion_africa_vs_asia	macroregion_3	2	3	Asia	TRUE
KENB02	Africa	0.9	Asia	0.1	0.8	11068	Moderate	P1_macroregion_africa_vs_asia	macroregion_3	2	3	Africa	TRUE
LKAD01	Asia	0.95	Africa	0.05	0.9	11070	High	P1_macroregion_africa_vs_asia	macroregion_3	2	3	Asia	TRUE
LKAD04	Asia	0.944	Africa	0.056	0.888	11077	Moderate	P1_macroregion_africa_vs_asia	macroregion_3	2	3	Asia	TRUE
MLBM01	Africa	0.82	Asia	0.18	0.64	11072	Low	P1_macroregion_africa_vs_asia	macroregion_3	2	3	Africa	TRUE
MLBM03	Africa	0.892	Asia	0.108	0.784	11054	Moderate	P1_macroregion_africa_vs_asia	macroregion_3	2	3	Africa	TRUE
MMYG03	Asia	0.964	Africa	0.036	0.928	11046	High	P1_macroregion_africa_vs_asia	macroregion_3	2	3	Asia	TRUE
MWZB02	Africa	0.942	Asia	0.058	0.884	11055	Moderate	P1_macroregion_africa_vs_asia	macroregion_3	2	3	Africa	TRUE
MYKL03	Asia	0.959	Africa	0.041	0.918	11070	High	P1_macroregion_africa_vs_asia	macroregion_3	2	3	Asia	TRUE
NGNS03	Africa	0.889	Asia	0.111	0.778	10903	Moderate	P1_macroregion_africa_vs_asia	macroregion_3	2	3	Africa	TRUE
PHDV03	Asia	0.982	Africa	0.018	0.964	11065	High	P1_macroregion_africa_vs_asia	macroregion_3	2	3	Asia	TRUE
PHDV04	Asia	0.994	Africa	0.006	0.988	11061	High	P1_macroregion_africa_vs_asia	macroregion_3	2	3	Asia	TRUE
PHDV05	Asia	0.992	Africa	0.008	0.984	11061	High	P1_macroregion_africa_vs_asia	macroregion_3	2	3	Asia	TRUE
PKMR05	Asia	0.933	Africa	0.067	0.866	11075	Moderate	P1_macroregion_africa_vs_asia	macroregion_3	2	3	Asia	TRUE
SCLS01	Asia	0.956	Africa	0.044	0.912	11071	High	P1_macroregion_africa_vs_asia	macroregion_3	2	3	Asia	TRUE
SDSG05	Africa	0.831	Asia	0.169	0.662	10922	Low	P1_macroregion_africa_vs_asia	macroregion_3	2	3	Africa	TRUE
SNBG02	Africa	0.901	Asia	0.099	0.802	11032	Moderate	P1_macroregion_africa_vs_asia	macroregion_3	2	3	Africa	TRUE
THBK02	Asia	0.937	Africa	0.063	0.874	11044	Moderate	P1_macroregion_africa_vs_asia	macroregion_3	2	3	Asia	TRUE
THPK03	Asia	0.974	Africa	0.026	0.948	11071	High	P1_macroregion_africa_vs_asia	macroregion_3	2	3	Asia	TRUE
THPK05	Asia	0.977	Africa	0.023	0.954	11073	High	P1_macroregion_africa_vs_asia	macroregion_3	2	3	Asia	TRUE
TWPD01	Asia	0.965	Africa	0.035	0.93	11050	High	P1_macroregion_africa_vs_asia	macroregion_3	2	3	Asia	TRUE
UGEB04	Africa	0.868	Asia	0.132	0.736	11053	Moderate	P1_macroregion_africa_vs_asia	macroregion_3	2	3	Africa	TRUE
VNTG03	Asia	0.962	Africa	0.038	0.924	11075	High	P1_macroregion_africa_vs_asia	macroregion_3	2	3	Asia	TRUE
YNBS03	Asia	0.984	Africa	0.016	0.968	11073	High	P1_macroregion_africa_vs_asia	macroregion_3	2	3	Asia	TRUE
YNJH01	Asia	0.972	Africa	0.028	0.944	10822	High	P1_macroregion_africa_vs_asia	macroregion_3	2	3	Asia	TRUE
ZJZJ04	Asia	0.965	Africa	0.035	0.93	11081	High	P1_macroregion_africa_vs_asia	macroregion_3	2	3	Asia	TRUE
ReuPal1	Asia	0.927	Africa	0.073	0.854	11056	Moderate	P1_macroregion_africa_vs_asia	macroregion_3	2	3	Asia	TRUE
ReuPal2	Asia	0.847	Africa	0.153	0.694	11056	Low	P1_macroregion_africa_vs_asia	macroregion_3	2	3	Asia	TRUE
ReuSal4	Asia	0.903	Africa	0.097	0.806	11078	Moderate	P1_macroregion_africa_vs_asia	macroregion_3	2	3	Asia	TRUE
ReuAnd4	Asia	0.943	Africa	0.057	0.886	11023	Moderate	P1_macroregion_africa_vs_asia	macroregion_3	2	3	Asia	TRUE
ReuBen2	Asia	0.914	Africa	0.086	0.828	11076	Moderate	P1_macroregion_africa_vs_asia	macroregion_3	2	3	Asia	TRUE
ReuBen4	Asia	0.899	Africa	0.101	0.798	11074	Moderate	P1_macroregion_africa_vs_asia	macroregion_3	2	3	Asia	TRUE
ReuPau4	Asia	0.837	Africa	0.163	0.674	11076	Low	P1_macroregion_africa_vs_asia	macroregion_3	2	3	Asia	TRUE
ReuPau5	Asia	0.939	Africa	0.061	0.878	11078	Moderate	P1_macroregion_africa_vs_asia	macroregion_3	2	3	Asia	TRUE
ComAnj3	Africa	0.943	Asia	0.057	0.886	11065	Moderate	P1_macroregion_africa_vs_asia	macroregion_3	2	4	Africa	TRUE
ComGra1	Africa	0.869	Asia	0.131	0.738	10934	Moderate	P1_macroregion_africa_vs_asia	macroregion_3	2	4	Africa	TRUE
ComGra6	Africa	0.916	Asia	0.084	0.832	11067	Moderate	P1_macroregion_africa_vs_asia	macroregion_3	2	4	Africa	TRUE
ComMoh1	Africa	0.956	Asia	0.044	0.912	10860	High	P1_macroregion_africa_vs_asia	macroregion_3	2	4	Africa	TRUE
ComMoh3	Africa	0.919	Asia	0.081	0.838	10926	Moderate	P1_macroregion_africa_vs_asia	macroregion_3	2	4	Africa	TRUE
MadMan1	Africa	0.97	Asia	0.03	0.94	10999	High	P1_macroregion_africa_vs_asia	macroregion_3	2	4	Africa	TRUE
MadMan5	Africa	0.98	Asia	0.02	0.96	11014	High	P1_macroregion_africa_vs_asia	macroregion_3	2	4	Africa	TRUE
MauLaS1	Asia	0.958	Africa	0.042	0.916	11069	High	P1_macroregion_africa_vs_asia	macroregion_3	2	4	Asia	TRUE
MauLaS5	Asia	0.964	Africa	0.036	0.928	11041	High	P1_macroregion_africa_vs_asia	macroregion_3	2	4	Asia	TRUE
MayDem3	Africa	0.981	Asia	0.019	0.962	11058	High	P1_macroregion_africa_vs_asia	macroregion_3	2	4	Africa	TRUE
MaySad1	Africa	0.972	Asia	0.028	0.944	11067	High	P1_macroregion_africa_vs_asia	macroregion_3	2	4	Africa	TRUE
MaySad2	Africa	0.976	Asia	0.024	0.952	11061	High	P1_macroregion_africa_vs_asia	macroregion_3	2	4	Africa	TRUE
ReuSte2	Asia	0.978	Africa	0.022	0.956	11058	High	P1_macroregion_africa_vs_asia	macroregion_3	2	4	Asia	TRUE
ETMS04	Africa	0.883	Asia	0.117	0.766	11069	Moderate	P1_macroregion_africa_vs_asia	macroregion_3	2	4	Africa	TRUE
FJZZ01	Asia	0.975	Africa	0.025	0.95	11066	High	P1_macroregion_africa_vs_asia	macroregion_3	2	4	Asia	TRUE
FJZZ04	Asia	0.981	Africa	0.019	0.962	11076	High	P1_macroregion_africa_vs_asia	macroregion_3	2	4	Asia	TRUE
GDGZ03	Asia	0.981	Africa	0.019	0.962	11080	High	P1_macroregion_africa_vs_asia	macroregion_3	2	4	Asia	TRUE
GXNN02	Asia	0.967	Africa	0.033	0.934	11058	High	P1_macroregion_africa_vs_asia	macroregion_3	2	4	Asia	TRUE
GXNN04	Asia	0.955	Africa	0.045	0.91	11069	High	P1_macroregion_africa_vs_asia	macroregion_3	2	4	Asia	TRUE
GXNN05	Asia	0.967	Africa	0.033	0.934	11070	High	P1_macroregion_africa_vs_asia	macroregion_3	2	4	Asia	TRUE
GZDY02	Asia	0.982	Africa	0.018	0.964	11072	High	P1_macroregion_africa_vs_asia	macroregion_3	2	4	Asia	TRUE
HNDZ02	Asia	0.967	Africa	0.033	0.934	11067	High	P1_macroregion_africa_vs_asia	macroregion_3	2	4	Asia	TRUE
HNDZ05	Asia	0.976	Africa	0.024	0.952	11076	High	P1_macroregion_africa_vs_asia	macroregion_3	2	4	Asia	TRUE
HNSY02	Asia	0.97	Africa	0.03	0.94	11072	High	P1_macroregion_africa_vs_asia	macroregion_3	2	4	Asia	TRUE
HNSY04	Asia	0.972	Africa	0.028	0.944	11068	High	P1_macroregion_africa_vs_asia	macroregion_3	2	4	Asia	TRUE
INAS03	Asia	0.934	Africa	0.066	0.868	11072	Moderate	P1_macroregion_africa_vs_asia	macroregion_3	2	4	Asia	TRUE
INBH05	Asia	0.926	Africa	0.074	0.852	10143	Moderate	P1_macroregion_africa_vs_asia	macroregion_3	2	4	Asia	TRUE
INTN01	Asia	0.956	Africa	0.044	0.912	11071	High	P1_macroregion_africa_vs_asia	macroregion_3	2	4	Asia	TRUE
INTN02	Asia	0.942	Africa	0.058	0.884	11071	Moderate	P1_macroregion_africa_vs_asia	macroregion_3	2	4	Asia	TRUE
INTN04	Asia	0.904	Africa	0.096	0.808	11083	Moderate	P1_macroregion_africa_vs_asia	macroregion_3	2	4	Asia	TRUE
INTN05	Asia	0.945	Africa	0.055	0.89	11079	Moderate	P1_macroregion_africa_vs_asia	macroregion_3	2	4	Asia	TRUE
JXNC01	Asia	0.981	Africa	0.019	0.962	11069	High	P1_macroregion_africa_vs_asia	macroregion_3	2	4	Asia	TRUE
KENB03	Africa	0.899	Asia	0.101	0.798	11069	Moderate	P1_macroregion_africa_vs_asia	macroregion_3	2	4	Africa	TRUE
KENB05	Africa	0.86	Asia	0.14	0.72	11037	Moderate	P1_macroregion_africa_vs_asia	macroregion_3	2	4	Africa	TRUE
LAVT01	Asia	0.962	Africa	0.038	0.924	11049	High	P1_macroregion_africa_vs_asia	macroregion_3	2	4	Asia	TRUE
LAVT04	Asia	0.941	Africa	0.059	0.882	11039	Moderate	P1_macroregion_africa_vs_asia	macroregion_3	2	4	Asia	TRUE
LAVT05	Asia	0.964	Africa	0.036	0.928	11075	High	P1_macroregion_africa_vs_asia	macroregion_3	2	4	Asia	TRUE
MLBM02	Africa	0.868	Asia	0.132	0.736	11070	Moderate	P1_macroregion_africa_vs_asia	macroregion_3	2	4	Africa	TRUE
MMYG02	Asia	0.98	Africa	0.02	0.96	10996	High	P1_macroregion_africa_vs_asia	macroregion_3	2	4	Asia	TRUE
MWZB03	Africa	0.951	Asia	0.049	0.902	11028	High	P1_macroregion_africa_vs_asia	macroregion_3	2	4	Africa	TRUE
MWZB05	Africa	0.917	Asia	0.083	0.834	11049	Moderate	P1_macroregion_africa_vs_asia	macroregion_3	2	4	Africa	TRUE
PHDM04	Asia	0.983	Africa	0.017	0.966	11022	High	P1_macroregion_africa_vs_asia	macroregion_3	2	4	Asia	TRUE
PHDM05	Asia	0.994	Africa	0.006	0.988	11041	High	P1_macroregion_africa_vs_asia	macroregion_3	2	4	Asia	TRUE
PKMR03	Asia	0.9	Africa	0.1	0.8	10976	Moderate	P1_macroregion_africa_vs_asia	macroregion_3	2	4	Asia	TRUE
PKMR04	Asia	0.925	Africa	0.075	0.85	11060	Moderate	P1_macroregion_africa_vs_asia	macroregion_3	2	4	Asia	TRUE
SCLS02	Asia	0.97	Africa	0.03	0.94	11072	High	P1_macroregion_africa_vs_asia	macroregion_3	2	4	Asia	TRUE
SCLS03	Asia	0.963	Africa	0.037	0.926	11067	High	P1_macroregion_africa_vs_asia	macroregion_3	2	4	Asia	TRUE
SDSG01	Africa	0.885	Asia	0.115	0.77	11041	Moderate	P1_macroregion_africa_vs_asia	macroregion_3	2	4	Africa	TRUE
SDSG03	Africa	0.861	Asia	0.139	0.722	11059	Moderate	P1_macroregion_africa_vs_asia	macroregion_3	2	4	Africa	TRUE
THBK01	Asia	0.977	Africa	0.023	0.954	11073	High	P1_macroregion_africa_vs_asia	macroregion_3	2	4	Asia	TRUE
THBK03	Asia	0.97	Africa	0.03	0.94	11079	High	P1_macroregion_africa_vs_asia	macroregion_3	2	4	Asia	TRUE
TWTY01	Asia	0.972	Africa	0.028	0.944	11060	High	P1_macroregion_africa_vs_asia	macroregion_3	2	4	Asia	TRUE
TWTY04	Asia	0.971	Africa	0.029	0.942	11067	High	P1_macroregion_africa_vs_asia	macroregion_3	2	4	Asia	TRUE
TWTY05	Asia	0.971	Africa	0.029	0.942	11069	High	P1_macroregion_africa_vs_asia	macroregion_3	2	4	Asia	TRUE
UGEB03	Africa	0.898	Asia	0.102	0.796	11063	Moderate	P1_macroregion_africa_vs_asia	macroregion_3	2	4	Africa	TRUE
VNTG01	Asia	0.962	Africa	0.038	0.924	11061	High	P1_macroregion_africa_vs_asia	macroregion_3	2	4	Asia	TRUE
VNTG05	Asia	0.951	Africa	0.049	0.902	10989	High	P1_macroregion_africa_vs_asia	macroregion_3	2	4	Asia	TRUE
YNBS02	Asia	0.966	Africa	0.034	0.932	11072	High	P1_macroregion_africa_vs_asia	macroregion_3	2	4	Asia	TRUE
ZAMP02	Africa	0.86	Asia	0.14	0.72	10933	Moderate	P1_macroregion_africa_vs_asia	macroregion_3	2	4	Africa	TRUE
ZAMP03	Africa	0.904	Asia	0.096	0.808	10947	Moderate	P1_macroregion_africa_vs_asia	macroregion_3	2	4	Africa	TRUE
ReuPaL5	Asia	0.952	Africa	0.048	0.904	11079	High	P1_macroregion_africa_vs_asia	macroregion_3	2	4	Asia	TRUE
ReuAnd2	Asia	0.915	Africa	0.085	0.83	11075	Moderate	P1_macroregion_africa_vs_asia	macroregion_3	2	4	Asia	TRUE
ReuPau1	Asia	0.887	Africa	0.113	0.774	11071	Moderate	P1_macroregion_africa_vs_asia	macroregion_3	2	4	Asia	TRUE
ReuPie1	Asia	0.808	Africa	0.192	0.616	2265	Low	P1_macroregion_africa_vs_asia	macroregion_3	2	4	Asia	TRUE
ComAnj2	Africa	0.923	Asia	0.077	0.846	11056	Moderate	P1_macroregion_africa_vs_asia	macroregion_3	2	5	Africa	TRUE
ComMoh4	Africa	0.971	Asia	0.029	0.942	10994	High	P1_macroregion_africa_vs_asia	macroregion_3	2	5	Africa	TRUE
MadAmb2	Africa	0.961	Asia	0.039	0.922	11000	High	P1_macroregion_africa_vs_asia	macroregion_3	2	5	Africa	TRUE
MadAmb4	Africa	0.959	Asia	0.041	0.918	11037	High	P1_macroregion_africa_vs_asia	macroregion_3	2	5	Africa	TRUE
MadMan2	Africa	0.968	Asia	0.032	0.936	11007	High	P1_macroregion_africa_vs_asia	macroregion_3	2	5	Africa	TRUE
MayDem1	Africa	0.943	Asia	0.057	0.886	11075	Moderate	P1_macroregion_africa_vs_asia	macroregion_3	2	5	Africa	TRUE
MayDem2	Africa	0.963	Asia	0.037	0.926	11061	High	P1_macroregion_africa_vs_asia	macroregion_3	2	5	Africa	TRUE
ReuBas3	Asia	0.948	Africa	0.052	0.896	11064	Moderate	P1_macroregion_africa_vs_asia	macroregion_3	2	5	Asia	TRUE
ReuBas5	Asia	0.953	Africa	0.047	0.906	11065	High	P1_macroregion_africa_vs_asia	macroregion_3	2	5	Asia	TRUE
BDKG02	Asia	0.965	Africa	0.035	0.93	11067	High	P1_macroregion_africa_vs_asia	macroregion_3	2	5	Asia	TRUE
BIBJ04	Africa	0.914	Asia	0.086	0.828	11046	Moderate	P1_macroregion_africa_vs_asia	macroregion_3	2	5	Africa	TRUE
BIBJ05	Africa	0.953	Asia	0.047	0.906	10905	High	P1_macroregion_africa_vs_asia	macroregion_3	2	5	Africa	TRUE
CDKB04	Africa	0.885	Asia	0.115	0.77	11065	Moderate	P1_macroregion_africa_vs_asia	macroregion_3	2	5	Africa	TRUE
CIBD05	Africa	0.896	Asia	0.104	0.792	11039	Moderate	P1_macroregion_africa_vs_asia	macroregion_3	2	5	Africa	TRUE
ETMS01	Africa	0.895	Asia	0.105	0.79	10874	Moderate	P1_macroregion_africa_vs_asia	macroregion_3	2	5	Africa	TRUE
FJZZ05	Asia	0.983	Africa	0.017	0.966	11076	High	P1_macroregion_africa_vs_asia	macroregion_3	2	5	Asia	TRUE
GDGZ01	Asia	0.971	Africa	0.029	0.942	11066	High	P1_macroregion_africa_vs_asia	macroregion_3	2	5	Asia	TRUE
GDGZ04	Asia	0.974	Africa	0.026	0.948	11075	High	P1_macroregion_africa_vs_asia	macroregion_3	2	5	Asia	TRUE
GHND01	Africa	0.812	Asia	0.188	0.624	11045	Low	P1_macroregion_africa_vs_asia	macroregion_3	2	5	Africa	TRUE
GHND02	Africa	0.871	Asia	0.129	0.742	11021	Moderate	P1_macroregion_africa_vs_asia	macroregion_3	2	5	Africa	TRUE
GHND04	Africa	0.912	Asia	0.088	0.824	11035	Moderate	P1_macroregion_africa_vs_asia	macroregion_3	2	5	Africa	TRUE
GZDY04	Asia	0.984	Africa	0.016	0.968	11078	High	P1_macroregion_africa_vs_asia	macroregion_3	2	5	Asia	TRUE
HNLY03	Asia	0.979	Africa	0.021	0.958	11064	High	P1_macroregion_africa_vs_asia	macroregion_3	2	5	Asia	TRUE
HNLY05	Asia	0.979	Africa	0.021	0.958	11023	High	P1_macroregion_africa_vs_asia	macroregion_3	2	5	Asia	TRUE
IDJI04	Asia	0.981	Africa	0.019	0.962	11047	High	P1_macroregion_africa_vs_asia	macroregion_3	2	5	Asia	TRUE
INAS01	Asia	0.963	Africa	0.037	0.926	11078	High	P1_macroregion_africa_vs_asia	macroregion_3	2	5	Asia	TRUE
INBH02	Asia	0.938	Africa	0.062	0.876	11057	Moderate	P1_macroregion_africa_vs_asia	macroregion_3	2	5	Asia	TRUE
INBH04	Asia	0.96	Africa	0.04	0.92	11062	High	P1_macroregion_africa_vs_asia	macroregion_3	2	5	Asia	TRUE
INPJ02	Asia	0.961	Africa	0.039	0.922	11053	High	P1_macroregion_africa_vs_asia	macroregion_3	2	5	Asia	TRUE
INPJ03	Asia	0.953	Africa	0.047	0.906	11074	High	P1_macroregion_africa_vs_asia	macroregion_3	2	5	Asia	TRUE
INPJ04	Asia	0.959	Africa	0.041	0.918	11057	High	P1_macroregion_africa_vs_asia	macroregion_3	2	5	Asia	TRUE
INTG02	Asia	0.947	Africa	0.053	0.894	11075	Moderate	P1_macroregion_africa_vs_asia	macroregion_3	2	5	Asia	TRUE
INTG03	Asia	0.953	Africa	0.047	0.906	11068	High	P1_macroregion_africa_vs_asia	macroregion_3	2	5	Asia	TRUE
JSZJ02	Asia	0.97	Africa	0.03	0.94	11055	High	P1_macroregion_africa_vs_asia	macroregion_3	2	5	Asia	TRUE
JXNC05	Asia	0.984	Africa	0.016	0.968	11058	High	P1_macroregion_africa_vs_asia	macroregion_3	2	5	Asia	TRUE
KENB01	Africa	0.896	Asia	0.104	0.792	11075	Moderate	P1_macroregion_africa_vs_asia	macroregion_3	2	5	Africa	TRUE
LKAD02	Asia	0.946	Africa	0.054	0.892	11077	Moderate	P1_macroregion_africa_vs_asia	macroregion_3	2	5	Asia	TRUE
LKAD03	Asia	0.946	Africa	0.054	0.892	11074	Moderate	P1_macroregion_africa_vs_asia	macroregion_3	2	5	Asia	TRUE
LKAD05	Asia	0.952	Africa	0.048	0.904	11058	High	P1_macroregion_africa_vs_asia	macroregion_3	2	5	Asia	TRUE
MLBM05	Africa	0.799	Asia	0.201	0.598	11009	Low	P1_macroregion_africa_vs_asia	macroregion_3	2	5	Africa	TRUE
MMYG05	Asia	0.989	Africa	0.011	0.978	11043	High	P1_macroregion_africa_vs_asia	macroregion_3	2	5	Asia	TRUE
MWZB04	Africa	0.951	Asia	0.049	0.902	11056	High	P1_macroregion_africa_vs_asia	macroregion_3	2	5	Africa	TRUE
MYKL01	Asia	0.966	Africa	0.034	0.932	11065	High	P1_macroregion_africa_vs_asia	macroregion_3	2	5	Asia	TRUE
MYKL02	Asia	0.981	Africa	0.019	0.962	11042	High	P1_macroregion_africa_vs_asia	macroregion_3	2	5	Asia	TRUE
MYKL05	Asia	0.973	Africa	0.027	0.946	11064	High	P1_macroregion_africa_vs_asia	macroregion_3	2	5	Asia	TRUE
NPSH06	Asia	0.969	Africa	0.031	0.938	11074	High	P1_macroregion_africa_vs_asia	macroregion_3	2	5	Asia	TRUE
NPSH07	Asia	0.959	Africa	0.041	0.918	11068	High	P1_macroregion_africa_vs_asia	macroregion_3	2	5	Asia	TRUE
NPSH08	Asia	0.967	Africa	0.033	0.934	11031	High	P1_macroregion_africa_vs_asia	macroregion_3	2	5	Asia	TRUE
PHDM02	Asia	0.975	Africa	0.025	0.95	11006	High	P1_macroregion_africa_vs_asia	macroregion_3	2	5	Asia	TRUE
PHDV02	Asia	0.987	Africa	0.013	0.974	11065	High	P1_macroregion_africa_vs_asia	macroregion_3	2	5	Asia	TRUE
PKMR02	Asia	0.946	Africa	0.054	0.892	11065	Moderate	P1_macroregion_africa_vs_asia	macroregion_3	2	5	Asia	TRUE
SCLS04	Asia	0.973	Africa	0.027	0.946	11070	High	P1_macroregion_africa_vs_asia	macroregion_3	2	5	Asia	TRUE
SDSG02	Africa	0.86	Asia	0.14	0.72	10937	Moderate	P1_macroregion_africa_vs_asia	macroregion_3	2	5	Africa	TRUE
TWPD03	Asia	0.949	Africa	0.051	0.898	11044	Moderate	P1_macroregion_africa_vs_asia	macroregion_3	2	5	Asia	TRUE
TWPD05	Asia	0.946	Africa	0.054	0.892	10254	Moderate	P1_macroregion_africa_vs_asia	macroregion_3	2	5	Asia	TRUE
UGEB05	Africa	0.896	Asia	0.104	0.792	11060	Moderate	P1_macroregion_africa_vs_asia	macroregion_3	2	5	Africa	TRUE
YNBS05	Asia	0.948	Africa	0.052	0.896	11050	Moderate	P1_macroregion_africa_vs_asia	macroregion_3	2	5	Asia	TRUE
YNJH03	Asia	0.981	Africa	0.019	0.962	10720	High	P1_macroregion_africa_vs_asia	macroregion_3	2	5	Asia	TRUE
ZAMP04	Africa	0.9	Asia	0.1	0.8	11062	Moderate	P1_macroregion_africa_vs_asia	macroregion_3	2	5	Africa	TRUE
ReuPal4	Asia	0.936	Africa	0.064	0.872	11002	Moderate	P1_macroregion_africa_vs_asia	macroregion_3	2	5	Asia	TRUE
ReuSal2	Asia	0.901	Africa	0.099	0.802	11075	Moderate	P1_macroregion_africa_vs_asia	macroregion_3	2	5	Asia	TRUE
ReuAnd3	Asia	0.891	Africa	0.109	0.782	11075	Moderate	P1_macroregion_africa_vs_asia	macroregion_3	2	5	Asia	TRUE
ReuBen3	Asia	0.947	Africa	0.053	0.894	11072	Moderate	P1_macroregion_africa_vs_asia	macroregion_3	2	5	Asia	TRUE
ReuPie3	Asia	0.93	Africa	0.07	0.86	11069	Moderate	P1_macroregion_africa_vs_asia	macroregion_3	2	5	Asia	TRUE
ComAnj2	Africa	0.942	Asia	0.058	0.884	11056	Moderate	P1_macroregion_africa_vs_asia	macroregion_3	3	1	Africa	TRUE
ComAnj4	Africa	0.908	Asia	0.092	0.816	11071	Moderate	P1_macroregion_africa_vs_asia	macroregion_3	3	1	Africa	TRUE
ComGra2	Africa	0.914	Asia	0.086	0.828	11014	Moderate	P1_macroregion_africa_vs_asia	macroregion_3	3	1	Africa	TRUE
ComGra5	Africa	0.937	Asia	0.063	0.874	10983	Moderate	P1_macroregion_africa_vs_asia	macroregion_3	3	1	Africa	TRUE
ComMoh1	Africa	0.952	Asia	0.048	0.904	10860	High	P1_macroregion_africa_vs_asia	macroregion_3	3	1	Africa	TRUE
ComMoh4	Africa	0.974	Asia	0.026	0.948	10994	High	P1_macroregion_africa_vs_asia	macroregion_3	3	1	Africa	TRUE
MadAmb1	Africa	0.966	Asia	0.034	0.932	11045	High	P1_macroregion_africa_vs_asia	macroregion_3	3	1	Africa	TRUE
MadAmb4	Africa	0.968	Asia	0.032	0.936	11037	High	P1_macroregion_africa_vs_asia	macroregion_3	3	1	Africa	TRUE
MadMan2	Africa	0.97	Asia	0.03	0.94	11007	High	P1_macroregion_africa_vs_asia	macroregion_3	3	1	Africa	TRUE
MadMan3	Africa	0.953	Asia	0.047	0.906	10949	High	P1_macroregion_africa_vs_asia	macroregion_3	3	1	Africa	TRUE
MadMan4	Africa	0.965	Asia	0.035	0.93	11010	High	P1_macroregion_africa_vs_asia	macroregion_3	3	1	Africa	TRUE
MauLaS3	Asia	0.971	Africa	0.029	0.942	11069	High	P1_macroregion_africa_vs_asia	macroregion_3	3	1	Asia	TRUE
MauLaS4	Asia	0.964	Africa	0.036	0.928	11068	High	P1_macroregion_africa_vs_asia	macroregion_3	3	1	Asia	TRUE
MauLaS5	Asia	0.979	Africa	0.021	0.958	11041	High	P1_macroregion_africa_vs_asia	macroregion_3	3	1	Asia	TRUE
ReuBas4	Asia	0.973	Africa	0.027	0.946	11068	High	P1_macroregion_africa_vs_asia	macroregion_3	3	1	Asia	TRUE
ReuSte3	Asia	0.977	Africa	0.023	0.954	11047	High	P1_macroregion_africa_vs_asia	macroregion_3	3	1	Asia	TRUE
BDKG04	Asia	0.956	Africa	0.044	0.912	11071	High	P1_macroregion_africa_vs_asia	macroregion_3	3	1	Asia	TRUE
BIBJ02	Africa	0.888	Asia	0.112	0.776	10973	Moderate	P1_macroregion_africa_vs_asia	macroregion_3	3	1	Africa	TRUE
CDKB02	Africa	0.918	Asia	0.082	0.836	11026	Moderate	P1_macroregion_africa_vs_asia	macroregion_3	3	1	Africa	TRUE
ETMS03	Africa	0.894	Asia	0.106	0.788	11059	Moderate	P1_macroregion_africa_vs_asia	macroregion_3	3	1	Africa	TRUE
GDGZ02	Asia	0.981	Africa	0.019	0.962	11079	High	P1_macroregion_africa_vs_asia	macroregion_3	3	1	Asia	TRUE
HBWH04	Asia	0.985	Africa	0.015	0.97	11073	High	P1_macroregion_africa_vs_asia	macroregion_3	3	1	Asia	TRUE
HNDZ02	Asia	0.963	Africa	0.037	0.926	11067	High	P1_macroregion_africa_vs_asia	macroregion_3	3	1	Asia	TRUE
HNSY01	Asia	0.978	Africa	0.022	0.956	11071	High	P1_macroregion_africa_vs_asia	macroregion_3	3	1	Asia	TRUE
IDJI02	Asia	0.981	Africa	0.019	0.962	11069	High	P1_macroregion_africa_vs_asia	macroregion_3	3	1	Asia	TRUE
IDJI03	Asia	0.985	Africa	0.015	0.97	11053	High	P1_macroregion_africa_vs_asia	macroregion_3	3	1	Asia	TRUE
IDJI04	Asia	0.975	Africa	0.025	0.95	11047	High	P1_macroregion_africa_vs_asia	macroregion_3	3	1	Asia	TRUE
IDJI05	Asia	0.983	Africa	0.017	0.966	11076	High	P1_macroregion_africa_vs_asia	macroregion_3	3	1	Asia	TRUE
INAS03	Asia	0.945	Africa	0.055	0.89	11072	Moderate	P1_macroregion_africa_vs_asia	macroregion_3	3	1	Asia	TRUE
INBH01	Asia	0.943	Africa	0.057	0.886	11077	Moderate	P1_macroregion_africa_vs_asia	macroregion_3	3	1	Asia	TRUE
INBH02	Asia	0.941	Africa	0.059	0.882	11057	Moderate	P1_macroregion_africa_vs_asia	macroregion_3	3	1	Asia	TRUE
INBH05	Asia	0.944	Africa	0.056	0.888	10143	Moderate	P1_macroregion_africa_vs_asia	macroregion_3	3	1	Asia	TRUE
JSZJ02	Asia	0.978	Africa	0.022	0.956	11055	High	P1_macroregion_africa_vs_asia	macroregion_3	3	1	Asia	TRUE
JSZJ04	Asia	0.98	Africa	0.02	0.96	11065	High	P1_macroregion_africa_vs_asia	macroregion_3	3	1	Asia	TRUE
JXNC02	Asia	0.978	Africa	0.022	0.956	11075	High	P1_macroregion_africa_vs_asia	macroregion_3	3	1	Asia	TRUE
LAVT04	Asia	0.93	Africa	0.07	0.86	11039	Moderate	P1_macroregion_africa_vs_asia	macroregion_3	3	1	Asia	TRUE
MLBM03	Africa	0.911	Asia	0.089	0.822	11054	Moderate	P1_macroregion_africa_vs_asia	macroregion_3	3	1	Africa	TRUE
MWZB02	Africa	0.942	Asia	0.058	0.884	11055	Moderate	P1_macroregion_africa_vs_asia	macroregion_3	3	1	Africa	TRUE
MWZB05	Africa	0.94	Asia	0.06	0.88	11049	Moderate	P1_macroregion_africa_vs_asia	macroregion_3	3	1	Africa	TRUE
NGNS01	Africa	0.849	Asia	0.151	0.698	11019	Low	P1_macroregion_africa_vs_asia	macroregion_3	3	1	Africa	TRUE
NPSH08	Asia	0.978	Africa	0.022	0.956	11031	High	P1_macroregion_africa_vs_asia	macroregion_3	3	1	Asia	TRUE
PHDM03	Asia	0.988	Africa	0.012	0.976	11050	High	P1_macroregion_africa_vs_asia	macroregion_3	3	1	Asia	TRUE
PHDV01	Asia	0.984	Africa	0.016	0.968	11069	High	P1_macroregion_africa_vs_asia	macroregion_3	3	1	Asia	TRUE
PKMR02	Asia	0.952	Africa	0.048	0.904	11065	High	P1_macroregion_africa_vs_asia	macroregion_3	3	1	Asia	TRUE
SCLS02	Asia	0.979	Africa	0.021	0.958	11072	High	P1_macroregion_africa_vs_asia	macroregion_3	3	1	Asia	TRUE
SDSG02	Africa	0.886	Asia	0.114	0.772	10937	Moderate	P1_macroregion_africa_vs_asia	macroregion_3	3	1	Africa	TRUE
SNBG04	Africa	0.89	Asia	0.11	0.78	11050	Moderate	P1_macroregion_africa_vs_asia	macroregion_3	3	1	Africa	TRUE
THBK03	Asia	0.971	Africa	0.029	0.942	11079	High	P1_macroregion_africa_vs_asia	macroregion_3	3	1	Asia	TRUE
THPK04	Asia	0.962	Africa	0.038	0.924	11069	High	P1_macroregion_africa_vs_asia	macroregion_3	3	1	Asia	TRUE
THPK05	Asia	0.977	Africa	0.023	0.954	11073	High	P1_macroregion_africa_vs_asia	macroregion_3	3	1	Asia	TRUE
TWPD04	Asia	0.977	Africa	0.023	0.954	10968	High	P1_macroregion_africa_vs_asia	macroregion_3	3	1	Asia	TRUE
TWTY03	Asia	0.972	Africa	0.028	0.944	11053	High	P1_macroregion_africa_vs_asia	macroregion_3	3	1	Asia	TRUE
UGEB03	Africa	0.874	Asia	0.126	0.748	11063	Moderate	P1_macroregion_africa_vs_asia	macroregion_3	3	1	Africa	TRUE
YNJH01	Asia	0.965	Africa	0.035	0.93	10822	High	P1_macroregion_africa_vs_asia	macroregion_3	3	1	Asia	TRUE
ZJZJ02	Asia	0.969	Africa	0.031	0.938	11064	High	P1_macroregion_africa_vs_asia	macroregion_3	3	1	Asia	TRUE
ZJZJ03	Asia	0.964	Africa	0.036	0.928	11077	High	P1_macroregion_africa_vs_asia	macroregion_3	3	1	Asia	TRUE
ZJZJ05	Asia	0.957	Africa	0.043	0.914	11077	High	P1_macroregion_africa_vs_asia	macroregion_3	3	1	Asia	TRUE
ReuSal1	Asia	0.929	Africa	0.071	0.858	11074	Moderate	P1_macroregion_africa_vs_asia	macroregion_3	3	1	Asia	TRUE
ReuAnd2	Asia	0.914	Africa	0.086	0.828	11075	Moderate	P1_macroregion_africa_vs_asia	macroregion_3	3	1	Asia	TRUE
ReuAnd4	Asia	0.948	Africa	0.052	0.896	11023	Moderate	P1_macroregion_africa_vs_asia	macroregion_3	3	1	Asia	TRUE
ReuAnd5	Asia	0.906	Africa	0.094	0.812	11082	Moderate	P1_macroregion_africa_vs_asia	macroregion_3	3	1	Asia	TRUE
ReuBen5	Asia	0.91	Africa	0.09	0.82	11078	Moderate	P1_macroregion_africa_vs_asia	macroregion_3	3	1	Asia	TRUE
ReuPie1	Asia	0.819	Africa	0.181	0.638	2265	Low	P1_macroregion_africa_vs_asia	macroregion_3	3	1	Asia	TRUE
ReuPie3	Asia	0.916	Africa	0.084	0.832	11069	Moderate	P1_macroregion_africa_vs_asia	macroregion_3	3	1	Asia	TRUE
MadAmb5	Africa	0.973	Asia	0.027	0.946	11055	High	P1_macroregion_africa_vs_asia	macroregion_3	3	2	Africa	TRUE
MadMah1	Africa	0.96	Asia	0.04	0.92	10994	High	P1_macroregion_africa_vs_asia	macroregion_3	3	2	Africa	TRUE
MadMah4	Africa	0.98	Asia	0.02	0.96	11019	High	P1_macroregion_africa_vs_asia	macroregion_3	3	2	Africa	TRUE
MadMan1	Africa	0.98	Asia	0.02	0.96	10999	High	P1_macroregion_africa_vs_asia	macroregion_3	3	2	Africa	TRUE
MayDem1	Africa	0.96	Asia	0.04	0.92	11075	High	P1_macroregion_africa_vs_asia	macroregion_3	3	2	Africa	TRUE
MayDem4	Africa	0.971	Asia	0.029	0.942	11064	High	P1_macroregion_africa_vs_asia	macroregion_3	3	2	Africa	TRUE
MaySad4	Africa	0.967	Asia	0.033	0.934	11057	High	P1_macroregion_africa_vs_asia	macroregion_3	3	2	Africa	TRUE
ReuBas3	Asia	0.932	Africa	0.068	0.864	11064	Moderate	P1_macroregion_africa_vs_asia	macroregion_3	3	2	Asia	TRUE
ReuBas5	Asia	0.946	Africa	0.054	0.892	11065	Moderate	P1_macroregion_africa_vs_asia	macroregion_3	3	2	Asia	TRUE
ReuSte4	Asia	0.97	Africa	0.03	0.94	11062	High	P1_macroregion_africa_vs_asia	macroregion_3	3	2	Asia	TRUE
BDKG01	Asia	0.946	Africa	0.054	0.892	11062	Moderate	P1_macroregion_africa_vs_asia	macroregion_3	3	2	Asia	TRUE
CDKB01	Africa	0.874	Asia	0.126	0.748	10996	Moderate	P1_macroregion_africa_vs_asia	macroregion_3	3	2	Africa	TRUE
CDKB03	Africa	0.879	Asia	0.121	0.758	11041	Moderate	P1_macroregion_africa_vs_asia	macroregion_3	3	2	Africa	TRUE
CIBD01	Africa	0.883	Asia	0.117	0.766	11050	Moderate	P1_macroregion_africa_vs_asia	macroregion_3	3	2	Africa	TRUE
CIBD05	Africa	0.889	Asia	0.111	0.778	11039	Moderate	P1_macroregion_africa_vs_asia	macroregion_3	3	2	Africa	TRUE
ETMS04	Africa	0.873	Asia	0.127	0.746	11069	Moderate	P1_macroregion_africa_vs_asia	macroregion_3	3	2	Africa	TRUE
FJZZ04	Asia	0.976	Africa	0.024	0.952	11076	High	P1_macroregion_africa_vs_asia	macroregion_3	3	2	Asia	TRUE
GDGZ04	Asia	0.966	Africa	0.034	0.932	11075	High	P1_macroregion_africa_vs_asia	macroregion_3	3	2	Asia	TRUE
GHND01	Africa	0.824	Asia	0.176	0.648	11045	Low	P1_macroregion_africa_vs_asia	macroregion_3	3	2	Africa	TRUE
GHND04	Africa	0.901	Asia	0.099	0.802	11035	Moderate	P1_macroregion_africa_vs_asia	macroregion_3	3	2	Africa	TRUE
GXNN05	Asia	0.966	Africa	0.034	0.932	11070	High	P1_macroregion_africa_vs_asia	macroregion_3	3	2	Asia	TRUE
GZDY05	Asia	0.947	Africa	0.053	0.894	11063	Moderate	P1_macroregion_africa_vs_asia	macroregion_3	3	2	Asia	TRUE
HBWH01	Asia	0.969	Africa	0.031	0.938	11068	High	P1_macroregion_africa_vs_asia	macroregion_3	3	2	Asia	TRUE
HBWH05	Asia	0.963	Africa	0.037	0.926	11066	High	P1_macroregion_africa_vs_asia	macroregion_3	3	2	Asia	TRUE
HNDZ04	Asia	0.965	Africa	0.035	0.93	11057	High	P1_macroregion_africa_vs_asia	macroregion_3	3	2	Asia	TRUE
HNDZ05	Asia	0.97	Africa	0.03	0.94	11076	High	P1_macroregion_africa_vs_asia	macroregion_3	3	2	Asia	TRUE
HNSY02	Asia	0.953	Africa	0.047	0.906	11072	High	P1_macroregion_africa_vs_asia	macroregion_3	3	2	Asia	TRUE
INAS05	Asia	0.961	Africa	0.039	0.922	11067	High	P1_macroregion_africa_vs_asia	macroregion_3	3	2	Asia	TRUE
INPJ03	Asia	0.946	Africa	0.054	0.892	11074	Moderate	P1_macroregion_africa_vs_asia	macroregion_3	3	2	Asia	TRUE
INPJ04	Asia	0.952	Africa	0.048	0.904	11057	High	P1_macroregion_africa_vs_asia	macroregion_3	3	2	Asia	TRUE
INTG01	Asia	0.962	Africa	0.038	0.924	11068	High	P1_macroregion_africa_vs_asia	macroregion_3	3	2	Asia	TRUE
JXNC01	Asia	0.979	Africa	0.021	0.958	11069	High	P1_macroregion_africa_vs_asia	macroregion_3	3	2	Asia	TRUE
JXNC03	Asia	0.976	Africa	0.024	0.952	11072	High	P1_macroregion_africa_vs_asia	macroregion_3	3	2	Asia	TRUE
LAVT01	Asia	0.979	Africa	0.021	0.958	11049	High	P1_macroregion_africa_vs_asia	macroregion_3	3	2	Asia	TRUE
LKAD01	Asia	0.953	Africa	0.047	0.906	11070	High	P1_macroregion_africa_vs_asia	macroregion_3	3	2	Asia	TRUE
MLBM01	Africa	0.828	Asia	0.172	0.656	11072	Low	P1_macroregion_africa_vs_asia	macroregion_3	3	2	Africa	TRUE
MLBM05	Africa	0.815	Asia	0.185	0.63	11009	Low	P1_macroregion_africa_vs_asia	macroregion_3	3	2	Africa	TRUE
MMYG03	Asia	0.967	Africa	0.033	0.934	11046	High	P1_macroregion_africa_vs_asia	macroregion_3	3	2	Asia	TRUE
MMYG05	Asia	0.988	Africa	0.012	0.976	11043	High	P1_macroregion_africa_vs_asia	macroregion_3	3	2	Asia	TRUE
MWZB03	Africa	0.935	Asia	0.065	0.87	11028	Moderate	P1_macroregion_africa_vs_asia	macroregion_3	3	2	Africa	TRUE
MYKL02	Asia	0.981	Africa	0.019	0.962	11042	High	P1_macroregion_africa_vs_asia	macroregion_3	3	2	Asia	TRUE
MYKL03	Asia	0.956	Africa	0.044	0.912	11070	High	P1_macroregion_africa_vs_asia	macroregion_3	3	2	Asia	TRUE
NPSH05	Asia	0.954	Africa	0.046	0.908	11073	High	P1_macroregion_africa_vs_asia	macroregion_3	3	2	Asia	TRUE
PKMR03	Asia	0.918	Africa	0.082	0.836	10976	Moderate	P1_macroregion_africa_vs_asia	macroregion_3	3	2	Asia	TRUE
SCLS03	Asia	0.961	Africa	0.039	0.922	11067	High	P1_macroregion_africa_vs_asia	macroregion_3	3	2	Asia	TRUE
SNBG01	Africa	0.865	Asia	0.135	0.73	10997	Moderate	P1_macroregion_africa_vs_asia	macroregion_3	3	2	Africa	TRUE
THBK01	Asia	0.97	Africa	0.03	0.94	11073	High	P1_macroregion_africa_vs_asia	macroregion_3	3	2	Asia	TRUE
THBK06	Asia	0.962	Africa	0.038	0.924	11052	High	P1_macroregion_africa_vs_asia	macroregion_3	3	2	Asia	TRUE
THPK02	Asia	0.962	Africa	0.038	0.924	11066	High	P1_macroregion_africa_vs_asia	macroregion_3	3	2	Asia	TRUE
TWPD05	Asia	0.958	Africa	0.042	0.916	10254	High	P1_macroregion_africa_vs_asia	macroregion_3	3	2	Asia	TRUE
VNTG03	Asia	0.962	Africa	0.038	0.924	11075	High	P1_macroregion_africa_vs_asia	macroregion_3	3	2	Asia	TRUE
YNBS02	Asia	0.965	Africa	0.035	0.93	11072	High	P1_macroregion_africa_vs_asia	macroregion_3	3	2	Asia	TRUE
YNBS05	Asia	0.955	Africa	0.045	0.91	11050	High	P1_macroregion_africa_vs_asia	macroregion_3	3	2	Asia	TRUE
ZAMP01	Africa	0.916	Asia	0.084	0.832	10990	Moderate	P1_macroregion_africa_vs_asia	macroregion_3	3	2	Africa	TRUE
ZAMP03	Africa	0.895	Asia	0.105	0.79	10947	Moderate	P1_macroregion_africa_vs_asia	macroregion_3	3	2	Africa	TRUE
ZAMP04	Africa	0.907	Asia	0.093	0.814	11062	Moderate	P1_macroregion_africa_vs_asia	macroregion_3	3	2	Africa	TRUE
ZJZJ01	Asia	0.975	Africa	0.025	0.95	11069	High	P1_macroregion_africa_vs_asia	macroregion_3	3	2	Asia	TRUE
ReuSal2	Asia	0.895	Africa	0.105	0.79	11075	Moderate	P1_macroregion_africa_vs_asia	macroregion_3	3	2	Asia	TRUE
ReuSal4	Asia	0.931	Africa	0.069	0.862	11078	Moderate	P1_macroregion_africa_vs_asia	macroregion_3	3	2	Asia	TRUE
ReuBen1	Asia	0.909	Africa	0.091	0.818	11076	Moderate	P1_macroregion_africa_vs_asia	macroregion_3	3	2	Asia	TRUE
ReuBen3	Asia	0.945	Africa	0.055	0.89	11072	Moderate	P1_macroregion_africa_vs_asia	macroregion_3	3	2	Asia	TRUE
ReuPau1	Asia	0.912	Africa	0.088	0.824	11071	Moderate	P1_macroregion_africa_vs_asia	macroregion_3	3	2	Asia	TRUE
ReuPau5	Asia	0.944	Africa	0.056	0.888	11078	Moderate	P1_macroregion_africa_vs_asia	macroregion_3	3	2	Asia	TRUE
ReuPie2	Asia	0.923	Africa	0.077	0.846	11074	Moderate	P1_macroregion_africa_vs_asia	macroregion_3	3	2	Asia	TRUE
ComAnj1	Africa	0.947	Asia	0.053	0.894	11077	Moderate	P1_macroregion_africa_vs_asia	macroregion_3	3	3	Africa	TRUE
ComAnj3	Africa	0.951	Asia	0.049	0.902	11065	High	P1_macroregion_africa_vs_asia	macroregion_3	3	3	Africa	TRUE
ComAnj5	Africa	0.954	Asia	0.046	0.908	11070	High	P1_macroregion_africa_vs_asia	macroregion_3	3	3	Africa	TRUE
ComGra1	Africa	0.856	Asia	0.144	0.712	10934	Moderate	P1_macroregion_africa_vs_asia	macroregion_3	3	3	Africa	TRUE
ComMoh2	Africa	0.962	Asia	0.038	0.924	11062	High	P1_macroregion_africa_vs_asia	macroregion_3	3	3	Africa	TRUE
MadMah3	Africa	0.979	Asia	0.021	0.958	11048	High	P1_macroregion_africa_vs_asia	macroregion_3	3	3	Africa	TRUE
MaySad2	Africa	0.965	Asia	0.035	0.93	11061	High	P1_macroregion_africa_vs_asia	macroregion_3	3	3	Africa	TRUE
ReuSte1	Asia	0.983	Africa	0.017	0.966	11058	High	P1_macroregion_africa_vs_asia	macroregion_3	3	3	Asia	TRUE
ReuSte5	Asia	0.951	Africa	0.049	0.902	10202	High	P1_macroregion_africa_vs_asia	macroregion_3	3	3	Asia	TRUE
BIBJ03	Africa	0.893	Asia	0.107	0.786	11034	Moderate	P1_macroregion_africa_vs_asia	macroregion_3	3	3	Africa	TRUE
CDKB04	Africa	0.919	Asia	0.081	0.838	11065	Moderate	P1_macroregion_africa_vs_asia	macroregion_3	3	3	Africa	TRUE
CIBD02	Africa	0.846	Asia	0.154	0.692	11056	Low	P1_macroregion_africa_vs_asia	macroregion_3	3	3	Africa	TRUE
ETMS01	Africa	0.885	Asia	0.115	0.77	10874	Moderate	P1_macroregion_africa_vs_asia	macroregion_3	3	3	Africa	TRUE
GDGZ03	Asia	0.984	Africa	0.016	0.968	11080	High	P1_macroregion_africa_vs_asia	macroregion_3	3	3	Asia	TRUE
GXNN03	Asia	0.971	Africa	0.029	0.942	11069	High	P1_macroregion_africa_vs_asia	macroregion_3	3	3	Asia	TRUE
GZDY03	Asia	0.977	Africa	0.023	0.954	11062	High	P1_macroregion_africa_vs_asia	macroregion_3	3	3	Asia	TRUE
HNDZ01	Asia	0.972	Africa	0.028	0.944	11076	High	P1_macroregion_africa_vs_asia	macroregion_3	3	3	Asia	TRUE
HNDZ03	Asia	0.954	Africa	0.046	0.908	11073	High	P1_macroregion_africa_vs_asia	macroregion_3	3	3	Asia	TRUE
HNLY03	Asia	0.983	Africa	0.017	0.966	11064	High	P1_macroregion_africa_vs_asia	macroregion_3	3	3	Asia	TRUE
HNSY03	Asia	0.955	Africa	0.045	0.91	11027	High	P1_macroregion_africa_vs_asia	macroregion_3	3	3	Asia	TRUE
HNSY04	Asia	0.98	Africa	0.02	0.96	11068	High	P1_macroregion_africa_vs_asia	macroregion_3	3	3	Asia	TRUE
HNSY05	Asia	0.975	Africa	0.025	0.95	11064	High	P1_macroregion_africa_vs_asia	macroregion_3	3	3	Asia	TRUE
INAS02	Asia	0.927	Africa	0.073	0.854	11064	Moderate	P1_macroregion_africa_vs_asia	macroregion_3	3	3	Asia	TRUE
INAS04	Asia	0.962	Africa	0.038	0.924	11062	High	P1_macroregion_africa_vs_asia	macroregion_3	3	3	Asia	TRUE
INPJ05	Asia	0.936	Africa	0.064	0.872	11057	Moderate	P1_macroregion_africa_vs_asia	macroregion_3	3	3	Asia	TRUE
INTG04	Asia	0.945	Africa	0.055	0.89	11067	Moderate	P1_macroregion_africa_vs_asia	macroregion_3	3	3	Asia	TRUE
INTG05	Asia	0.94	Africa	0.06	0.88	11066	Moderate	P1_macroregion_africa_vs_asia	macroregion_3	3	3	Asia	TRUE
JSZJ03	Asia	0.962	Africa	0.038	0.924	11068	High	P1_macroregion_africa_vs_asia	macroregion_3	3	3	Asia	TRUE
JXNC04	Asia	0.974	Africa	0.026	0.948	10982	High	P1_macroregion_africa_vs_asia	macroregion_3	3	3	Asia	TRUE
KENB04	Africa	0.896	Asia	0.104	0.792	11073	Moderate	P1_macroregion_africa_vs_asia	macroregion_3	3	3	Africa	TRUE
LKAD04	Asia	0.943	Africa	0.057	0.886	11077	Moderate	P1_macroregion_africa_vs_asia	macroregion_3	3	3	Asia	TRUE
MGAT05	Africa	0.964	Asia	0.036	0.928	11059	High	P1_macroregion_africa_vs_asia	macroregion_3	3	3	Africa	TRUE
MLBM04	Africa	0.864	Asia	0.136	0.728	11052	Moderate	P1_macroregion_africa_vs_asia	macroregion_3	3	3	Africa	TRUE
MMYG01	Asia	0.993	Africa	0.007	0.986	11032	High	P1_macroregion_africa_vs_asia	macroregion_3	3	3	Asia	TRUE
MWZB01	Africa	0.915	Asia	0.085	0.83	11028	Moderate	P1_macroregion_africa_vs_asia	macroregion_3	3	3	Africa	TRUE
MYKL01	Asia	0.977	Africa	0.023	0.954	11065	High	P1_macroregion_africa_vs_asia	macroregion_3	3	3	Asia	TRUE
NGNS03	Africa	0.898	Asia	0.102	0.796	10903	Moderate	P1_macroregion_africa_vs_asia	macroregion_3	3	3	Africa	TRUE
NPSH04	Asia	0.951	Africa	0.049	0.902	11074	High	P1_macroregion_africa_vs_asia	macroregion_3	3	3	Asia	TRUE
PHDM01	Asia	0.971	Africa	0.029	0.942	11036	High	P1_macroregion_africa_vs_asia	macroregion_3	3	3	Asia	TRUE
PHDM02	Asia	0.974	Africa	0.026	0.948	11006	High	P1_macroregion_africa_vs_asia	macroregion_3	3	3	Asia	TRUE
PHDV03	Asia	0.981	Africa	0.019	0.962	11065	High	P1_macroregion_africa_vs_asia	macroregion_3	3	3	Asia	TRUE
PHDV04	Asia	0.976	Africa	0.024	0.952	11061	High	P1_macroregion_africa_vs_asia	macroregion_3	3	3	Asia	TRUE
PKMR01	Asia	0.955	Africa	0.045	0.91	11035	High	P1_macroregion_africa_vs_asia	macroregion_3	3	3	Asia	TRUE
SCLS04	Asia	0.975	Africa	0.025	0.95	11070	High	P1_macroregion_africa_vs_asia	macroregion_3	3	3	Asia	TRUE
SCLS05	Asia	0.97	Africa	0.03	0.94	11054	High	P1_macroregion_africa_vs_asia	macroregion_3	3	3	Asia	TRUE
SDSG01	Africa	0.877	Asia	0.123	0.754	11041	Moderate	P1_macroregion_africa_vs_asia	macroregion_3	3	3	Africa	TRUE
SDSG04	Africa	0.904	Asia	0.096	0.808	10898	Moderate	P1_macroregion_africa_vs_asia	macroregion_3	3	3	Africa	TRUE
SDSG05	Africa	0.847	Asia	0.153	0.694	10922	Low	P1_macroregion_africa_vs_asia	macroregion_3	3	3	Africa	TRUE
SNBG03	Africa	0.88	Asia	0.12	0.76	11065	Moderate	P1_macroregion_africa_vs_asia	macroregion_3	3	3	Africa	TRUE
TWTY05	Asia	0.971	Africa	0.029	0.942	11069	High	P1_macroregion_africa_vs_asia	macroregion_3	3	3	Asia	TRUE
UGEB04	Africa	0.851	Asia	0.149	0.702	11053	Moderate	P1_macroregion_africa_vs_asia	macroregion_3	3	3	Africa	TRUE
VNTG02	Asia	0.967	Africa	0.033	0.934	11070	High	P1_macroregion_africa_vs_asia	macroregion_3	3	3	Asia	TRUE
VNTG05	Asia	0.947	Africa	0.053	0.894	10989	Moderate	P1_macroregion_africa_vs_asia	macroregion_3	3	3	Asia	TRUE
YNBS03	Asia	0.971	Africa	0.029	0.942	11073	High	P1_macroregion_africa_vs_asia	macroregion_3	3	3	Asia	TRUE
YNBS04	Asia	0.963	Africa	0.037	0.926	11075	High	P1_macroregion_africa_vs_asia	macroregion_3	3	3	Asia	TRUE
YNJH03	Asia	0.967	Africa	0.033	0.934	10720	High	P1_macroregion_africa_vs_asia	macroregion_3	3	3	Asia	TRUE
YNJH04	Asia	0.918	Africa	0.082	0.836	11072	Moderate	P1_macroregion_africa_vs_asia	macroregion_3	3	3	Asia	TRUE
YNJH05	Asia	0.976	Africa	0.024	0.952	10851	High	P1_macroregion_africa_vs_asia	macroregion_3	3	3	Asia	TRUE
ZJZJ04	Asia	0.967	Africa	0.033	0.934	11081	High	P1_macroregion_africa_vs_asia	macroregion_3	3	3	Asia	TRUE
ReuPal4	Asia	0.944	Africa	0.056	0.888	11002	Moderate	P1_macroregion_africa_vs_asia	macroregion_3	3	3	Asia	TRUE
ReuPau2	Asia	0.939	Africa	0.061	0.878	11077	Moderate	P1_macroregion_africa_vs_asia	macroregion_3	3	3	Asia	TRUE
ReuPau3	Asia	0.938	Africa	0.062	0.876	11070	Moderate	P1_macroregion_africa_vs_asia	macroregion_3	3	3	Asia	TRUE
ReuPau4	Asia	0.837	Africa	0.163	0.674	11076	Low	P1_macroregion_africa_vs_asia	macroregion_3	3	3	Asia	TRUE
ReuPie5	Asia	0.941	Africa	0.059	0.882	11074	Moderate	P1_macroregion_africa_vs_asia	macroregion_3	3	3	Asia	TRUE
ComMoh3	Africa	0.934	Asia	0.066	0.868	10926	Moderate	P1_macroregion_africa_vs_asia	macroregion_3	3	4	Africa	TRUE
ComMoh5	Africa	0.929	Asia	0.071	0.858	11068	Moderate	P1_macroregion_africa_vs_asia	macroregion_3	3	4	Africa	TRUE
MadAmb3	Africa	0.982	Asia	0.018	0.964	11055	High	P1_macroregion_africa_vs_asia	macroregion_3	3	4	Africa	TRUE
MadMah5	Africa	0.977	Asia	0.023	0.954	11002	High	P1_macroregion_africa_vs_asia	macroregion_3	3	4	Africa	TRUE
MadMan5	Africa	0.97	Asia	0.03	0.94	11014	High	P1_macroregion_africa_vs_asia	macroregion_3	3	4	Africa	TRUE
MauLaS2	Asia	0.981	Africa	0.019	0.962	11069	High	P1_macroregion_africa_vs_asia	macroregion_3	3	4	Asia	TRUE
MaySad5	Africa	0.98	Asia	0.02	0.96	11049	High	P1_macroregion_africa_vs_asia	macroregion_3	3	4	Africa	TRUE
ReuBas1	Asia	0.957	Africa	0.043	0.914	11039	High	P1_macroregion_africa_vs_asia	macroregion_3	3	4	Asia	TRUE
ReuBas2	Asia	0.961	Africa	0.039	0.922	11039	High	P1_macroregion_africa_vs_asia	macroregion_3	3	4	Asia	TRUE
BDKG02	Asia	0.965	Africa	0.035	0.93	11067	High	P1_macroregion_africa_vs_asia	macroregion_3	3	4	Asia	TRUE
BDKG05	Asia	0.939	Africa	0.061	0.878	11071	Moderate	P1_macroregion_africa_vs_asia	macroregion_3	3	4	Asia	TRUE
BIBJ01	Africa	0.898	Asia	0.102	0.796	10987	Moderate	P1_macroregion_africa_vs_asia	macroregion_3	3	4	Africa	TRUE
BIBJ05	Africa	0.956	Asia	0.044	0.912	10905	High	P1_macroregion_africa_vs_asia	macroregion_3	3	4	Africa	TRUE
CIBD04	Africa	0.819	Asia	0.181	0.638	11044	Low	P1_macroregion_africa_vs_asia	macroregion_3	3	4	Africa	TRUE
ETMS02	Africa	0.864	Asia	0.136	0.728	11070	Moderate	P1_macroregion_africa_vs_asia	macroregion_3	3	4	Africa	TRUE
FJZZ05	Asia	0.982	Africa	0.018	0.964	11076	High	P1_macroregion_africa_vs_asia	macroregion_3	3	4	Asia	TRUE
GDGZ01	Asia	0.972	Africa	0.028	0.944	11066	High	P1_macroregion_africa_vs_asia	macroregion_3	3	4	Asia	TRUE
GDGZ05	Asia	0.964	Africa	0.036	0.928	11062	High	P1_macroregion_africa_vs_asia	macroregion_3	3	4	Asia	TRUE
GHND05	Africa	0.865	Asia	0.135	0.73	10804	Moderate	P1_macroregion_africa_vs_asia	macroregion_3	3	4	Africa	TRUE
GXNN04	Asia	0.966	Africa	0.034	0.932	11069	High	P1_macroregion_africa_vs_asia	macroregion_3	3	4	Asia	TRUE
GZDY04	Asia	0.975	Africa	0.025	0.95	11078	High	P1_macroregion_africa_vs_asia	macroregion_3	3	4	Asia	TRUE
HBWH02	Asia	0.968	Africa	0.032	0.936	11069	High	P1_macroregion_africa_vs_asia	macroregion_3	3	4	Asia	TRUE
HNLY01	Asia	0.965	Africa	0.035	0.93	11063	High	P1_macroregion_africa_vs_asia	macroregion_3	3	4	Asia	TRUE
HNLY04	Asia	0.978	Africa	0.022	0.956	11075	High	P1_macroregion_africa_vs_asia	macroregion_3	3	4	Asia	TRUE
IDJI01	Asia	0.985	Africa	0.015	0.97	11071	High	P1_macroregion_africa_vs_asia	macroregion_3	3	4	Asia	TRUE
INBH03	Asia	0.952	Africa	0.048	0.904	11067	High	P1_macroregion_africa_vs_asia	macroregion_3	3	4	Asia	TRUE
INBH04	Asia	0.953	Africa	0.047	0.906	11062	High	P1_macroregion_africa_vs_asia	macroregion_3	3	4	Asia	TRUE
INTG02	Asia	0.929	Africa	0.071	0.858	11075	Moderate	P1_macroregion_africa_vs_asia	macroregion_3	3	4	Asia	TRUE
INTG03	Asia	0.953	Africa	0.047	0.906	11068	High	P1_macroregion_africa_vs_asia	macroregion_3	3	4	Asia	TRUE
INTN03	Asia	0.951	Africa	0.049	0.902	11047	High	P1_macroregion_africa_vs_asia	macroregion_3	3	4	Asia	TRUE
INTN04	Asia	0.885	Africa	0.115	0.77	11083	Moderate	P1_macroregion_africa_vs_asia	macroregion_3	3	4	Asia	TRUE
JSZJ05	Asia	0.978	Africa	0.022	0.956	11061	High	P1_macroregion_africa_vs_asia	macroregion_3	3	4	Asia	TRUE
KENB02	Africa	0.892	Asia	0.108	0.784	11068	Moderate	P1_macroregion_africa_vs_asia	macroregion_3	3	4	Africa	TRUE
KENB03	Africa	0.897	Asia	0.103	0.794	11069	Moderate	P1_macroregion_africa_vs_asia	macroregion_3	3	4	Africa	TRUE
KENB05	Africa	0.884	Asia	0.116	0.768	11037	Moderate	P1_macroregion_africa_vs_asia	macroregion_3	3	4	Africa	TRUE
LAVT03	Asia	0.961	Africa	0.039	0.922	11055	High	P1_macroregion_africa_vs_asia	macroregion_3	3	4	Asia	TRUE
LAVT05	Asia	0.965	Africa	0.035	0.93	11075	High	P1_macroregion_africa_vs_asia	macroregion_3	3	4	Asia	TRUE
LKAD02	Asia	0.953	Africa	0.047	0.906	11077	High	P1_macroregion_africa_vs_asia	macroregion_3	3	4	Asia	TRUE
LKAD03	Asia	0.954	Africa	0.046	0.908	11074	High	P1_macroregion_africa_vs_asia	macroregion_3	3	4	Asia	TRUE
LKAD05	Asia	0.951	Africa	0.049	0.902	11058	High	P1_macroregion_africa_vs_asia	macroregion_3	3	4	Asia	TRUE
MGAT06	Africa	0.973	Asia	0.027	0.946	11057	High	P1_macroregion_africa_vs_asia	macroregion_3	3	4	Africa	TRUE
MLBM02	Africa	0.868	Asia	0.132	0.736	11070	Moderate	P1_macroregion_africa_vs_asia	macroregion_3	3	4	Africa	TRUE
MMYG02	Asia	0.977	Africa	0.023	0.954	10996	High	P1_macroregion_africa_vs_asia	macroregion_3	3	4	Asia	TRUE
NGNS02	Africa	0.609	Asia	0.391	0.218	7500	Low	P1_macroregion_africa_vs_asia	macroregion_3	3	4	Africa	TRUE
NPSH06	Asia	0.97	Africa	0.03	0.94	11074	High	P1_macroregion_africa_vs_asia	macroregion_3	3	4	Asia	TRUE
PHDM05	Asia	0.991	Africa	0.009	0.982	11041	High	P1_macroregion_africa_vs_asia	macroregion_3	3	4	Asia	TRUE
PHDV02	Asia	0.99	Africa	0.01	0.98	11065	High	P1_macroregion_africa_vs_asia	macroregion_3	3	4	Asia	TRUE
PHDV05	Asia	0.983	Africa	0.017	0.966	11061	High	P1_macroregion_africa_vs_asia	macroregion_3	3	4	Asia	TRUE
PKMR04	Asia	0.926	Africa	0.074	0.852	11060	Moderate	P1_macroregion_africa_vs_asia	macroregion_3	3	4	Asia	TRUE
PKMR05	Asia	0.93	Africa	0.07	0.86	11075	Moderate	P1_macroregion_africa_vs_asia	macroregion_3	3	4	Asia	TRUE
SNBG05	Africa	0.863	Asia	0.137	0.726	10986	Moderate	P1_macroregion_africa_vs_asia	macroregion_3	3	4	Africa	TRUE
TWPD01	Asia	0.979	Africa	0.021	0.958	11050	High	P1_macroregion_africa_vs_asia	macroregion_3	3	4	Asia	TRUE
TWPD02	Asia	0.976	Africa	0.024	0.952	10988	High	P1_macroregion_africa_vs_asia	macroregion_3	3	4	Asia	TRUE
TWTY01	Asia	0.975	Africa	0.025	0.95	11060	High	P1_macroregion_africa_vs_asia	macroregion_3	3	4	Asia	TRUE
TWTY04	Asia	0.965	Africa	0.035	0.93	11067	High	P1_macroregion_africa_vs_asia	macroregion_3	3	4	Asia	TRUE
UGEB01	Africa	0.907	Asia	0.093	0.814	11058	Moderate	P1_macroregion_africa_vs_asia	macroregion_3	3	4	Africa	TRUE
UGEB02	Africa	0.905	Asia	0.095	0.81	11045	Moderate	P1_macroregion_africa_vs_asia	macroregion_3	3	4	Africa	TRUE
VNTG04	Asia	0.983	Africa	0.017	0.966	11067	High	P1_macroregion_africa_vs_asia	macroregion_3	3	4	Asia	TRUE
YNBS01	Asia	0.967	Africa	0.033	0.934	11078	High	P1_macroregion_africa_vs_asia	macroregion_3	3	4	Asia	TRUE
ZAMP02	Africa	0.869	Asia	0.131	0.738	10933	Moderate	P1_macroregion_africa_vs_asia	macroregion_3	3	4	Africa	TRUE
ReuPal2	Asia	0.869	Africa	0.131	0.738	11056	Moderate	P1_macroregion_africa_vs_asia	macroregion_3	3	4	Asia	TRUE
ReuSaL5	Asia	0.901	Africa	0.099	0.802	11081	Moderate	P1_macroregion_africa_vs_asia	macroregion_3	3	4	Asia	TRUE
ReuAnd1	Asia	0.898	Africa	0.102	0.796	11074	Moderate	P1_macroregion_africa_vs_asia	macroregion_3	3	4	Asia	TRUE
ReuAnd3	Asia	0.901	Africa	0.099	0.802	11075	Moderate	P1_macroregion_africa_vs_asia	macroregion_3	3	4	Asia	TRUE
ComGra3	Africa	0.928	Asia	0.072	0.856	11052	Moderate	P1_macroregion_africa_vs_asia	macroregion_3	3	5	Africa	TRUE
ComGra6	Africa	0.942	Asia	0.058	0.884	11067	Moderate	P1_macroregion_africa_vs_asia	macroregion_3	3	5	Africa	TRUE
MadAmb2	Africa	0.965	Asia	0.035	0.93	11000	High	P1_macroregion_africa_vs_asia	macroregion_3	3	5	Africa	TRUE
MadMah2	Africa	0.973	Asia	0.027	0.946	11026	High	P1_macroregion_africa_vs_asia	macroregion_3	3	5	Africa	TRUE
MauLaS1	Asia	0.956	Africa	0.044	0.912	11069	High	P1_macroregion_africa_vs_asia	macroregion_3	3	5	Asia	TRUE
MayDem2	Africa	0.954	Asia	0.046	0.908	11061	High	P1_macroregion_africa_vs_asia	macroregion_3	3	5	Africa	TRUE
MayDem3	Africa	0.978	Asia	0.022	0.956	11058	High	P1_macroregion_africa_vs_asia	macroregion_3	3	5	Africa	TRUE
MayDem5	Africa	0.973	Asia	0.027	0.946	11043	High	P1_macroregion_africa_vs_asia	macroregion_3	3	5	Africa	TRUE
MaySad1	Africa	0.97	Asia	0.03	0.94	11067	High	P1_macroregion_africa_vs_asia	macroregion_3	3	5	Africa	TRUE
MaySad3	Africa	0.96	Asia	0.04	0.92	11065	High	P1_macroregion_africa_vs_asia	macroregion_3	3	5	Africa	TRUE
ReuSte2	Asia	0.978	Africa	0.022	0.956	11058	High	P1_macroregion_africa_vs_asia	macroregion_3	3	5	Asia	TRUE
BDKG03	Asia	0.95	Africa	0.05	0.9	11053	High	P1_macroregion_africa_vs_asia	macroregion_3	3	5	Asia	TRUE
BIBJ04	Africa	0.93	Asia	0.07	0.86	11046	Moderate	P1_macroregion_africa_vs_asia	macroregion_3	3	5	Africa	TRUE
CDKB05	Africa	0.905	Asia	0.095	0.81	11078	Moderate	P1_macroregion_africa_vs_asia	macroregion_3	3	5	Africa	TRUE
CIBD03	Africa	0.903	Asia	0.097	0.806	11025	Moderate	P1_macroregion_africa_vs_asia	macroregion_3	3	5	Africa	TRUE
ETMS05	Africa	0.876	Asia	0.124	0.752	11070	Moderate	P1_macroregion_africa_vs_asia	macroregion_3	3	5	Africa	TRUE
FJZZ01	Asia	0.975	Africa	0.025	0.95	11066	High	P1_macroregion_africa_vs_asia	macroregion_3	3	5	Asia	TRUE
FJZZ02	Asia	0.964	Africa	0.036	0.928	11070	High	P1_macroregion_africa_vs_asia	macroregion_3	3	5	Asia	TRUE
FJZZ03	Asia	0.975	Africa	0.025	0.95	11075	High	P1_macroregion_africa_vs_asia	macroregion_3	3	5	Asia	TRUE
GHND02	Africa	0.844	Asia	0.156	0.688	11021	Low	P1_macroregion_africa_vs_asia	macroregion_3	3	5	Africa	TRUE
GHND03	Africa	0.866	Asia	0.134	0.732	10917	Moderate	P1_macroregion_africa_vs_asia	macroregion_3	3	5	Africa	TRUE
GXNN01	Asia	0.978	Africa	0.022	0.956	11079	High	P1_macroregion_africa_vs_asia	macroregion_3	3	5	Asia	TRUE
GXNN02	Asia	0.969	Africa	0.031	0.938	11058	High	P1_macroregion_africa_vs_asia	macroregion_3	3	5	Asia	TRUE
GZDY01	Asia	0.968	Africa	0.032	0.936	11081	High	P1_macroregion_africa_vs_asia	macroregion_3	3	5	Asia	TRUE
GZDY02	Asia	0.98	Africa	0.02	0.96	11072	High	P1_macroregion_africa_vs_asia	macroregion_3	3	5	Asia	TRUE
HBWH03	Asia	0.98	Africa	0.02	0.96	11074	High	P1_macroregion_africa_vs_asia	macroregion_3	3	5	Asia	TRUE
HNLY02	Asia	0.967	Africa	0.033	0.934	11036	High	P1_macroregion_africa_vs_asia	macroregion_3	3	5	Asia	TRUE
HNLY05	Asia	0.97	Africa	0.03	0.94	11023	High	P1_macroregion_africa_vs_asia	macroregion_3	3	5	Asia	TRUE
INAS01	Asia	0.95	Africa	0.05	0.9	11078	High	P1_macroregion_africa_vs_asia	macroregion_3	3	5	Asia	TRUE
INPJ01	Asia	0.947	Africa	0.053	0.894	11038	Moderate	P1_macroregion_africa_vs_asia	macroregion_3	3	5	Asia	TRUE
INPJ02	Asia	0.952	Africa	0.048	0.904	11053	High	P1_macroregion_africa_vs_asia	macroregion_3	3	5	Asia	TRUE
INTN01	Asia	0.959	Africa	0.041	0.918	11071	High	P1_macroregion_africa_vs_asia	macroregion_3	3	5	Asia	TRUE
INTN02	Asia	0.946	Africa	0.054	0.892	11071	Moderate	P1_macroregion_africa_vs_asia	macroregion_3	3	5	Asia	TRUE
INTN05	Asia	0.95	Africa	0.05	0.9	11079	High	P1_macroregion_africa_vs_asia	macroregion_3	3	5	Asia	TRUE
JSZJ01	Asia	0.985	Africa	0.015	0.97	11052	High	P1_macroregion_africa_vs_asia	macroregion_3	3	5	Asia	TRUE
JXNC05	Asia	0.99	Africa	0.01	0.98	11058	High	P1_macroregion_africa_vs_asia	macroregion_3	3	5	Asia	TRUE
KENB01	Africa	0.9	Asia	0.1	0.8	11075	Moderate	P1_macroregion_africa_vs_asia	macroregion_3	3	5	Africa	TRUE
LAVT02	Asia	0.968	Africa	0.032	0.936	11018	High	P1_macroregion_africa_vs_asia	macroregion_3	3	5	Asia	TRUE
MMYG04	Asia	0.979	Africa	0.021	0.958	11030	High	P1_macroregion_africa_vs_asia	macroregion_3	3	5	Asia	TRUE
MWZB04	Africa	0.965	Asia	0.035	0.93	11056	High	P1_macroregion_africa_vs_asia	macroregion_3	3	5	Africa	TRUE
MYKL04	Asia	0.946	Africa	0.054	0.892	11066	Moderate	P1_macroregion_africa_vs_asia	macroregion_3	3	5	Asia	TRUE
MYKL05	Asia	0.974	Africa	0.026	0.948	11064	High	P1_macroregion_africa_vs_asia	macroregion_3	3	5	Asia	TRUE
NPSH07	Asia	0.952	Africa	0.048	0.904	11068	High	P1_macroregion_africa_vs_asia	macroregion_3	3	5	Asia	TRUE
PHDM04	Asia	0.99	Africa	0.01	0.98	11022	High	P1_macroregion_africa_vs_asia	macroregion_3	3	5	Asia	TRUE
SCLS01	Asia	0.948	Africa	0.052	0.896	11071	Moderate	P1_macroregion_africa_vs_asia	macroregion_3	3	5	Asia	TRUE
SDSG03	Africa	0.868	Asia	0.132	0.736	11059	Moderate	P1_macroregion_africa_vs_asia	macroregion_3	3	5	Africa	TRUE
SNBG02	Africa	0.92	Asia	0.08	0.84	11032	Moderate	P1_macroregion_africa_vs_asia	macroregion_3	3	5	Africa	TRUE
THBK02	Asia	0.945	Africa	0.055	0.89	11044	Moderate	P1_macroregion_africa_vs_asia	macroregion_3	3	5	Asia	TRUE
THBK04	Asia	0.96	Africa	0.04	0.92	11065	High	P1_macroregion_africa_vs_asia	macroregion_3	3	5	Asia	TRUE
THPK01	Asia	0.962	Africa	0.038	0.924	11075	High	P1_macroregion_africa_vs_asia	macroregion_3	3	5	Asia	TRUE
THPK03	Asia	0.97	Africa	0.03	0.94	11071	High	P1_macroregion_africa_vs_asia	macroregion_3	3	5	Asia	TRUE
TWPD03	Asia	0.95	Africa	0.05	0.9	11044	High	P1_macroregion_africa_vs_asia	macroregion_3	3	5	Asia	TRUE
TWTY02	Asia	0.987	Africa	0.013	0.974	11061	High	P1_macroregion_africa_vs_asia	macroregion_3	3	5	Asia	TRUE
UGEB05	Africa	0.903	Asia	0.097	0.806	11060	Moderate	P1_macroregion_africa_vs_asia	macroregion_3	3	5	Africa	TRUE
VNTG01	Asia	0.962	Africa	0.038	0.924	11061	High	P1_macroregion_africa_vs_asia	macroregion_3	3	5	Asia	TRUE
YNJH02	Asia	0.974	Africa	0.026	0.948	10849	High	P1_macroregion_africa_vs_asia	macroregion_3	3	5	Asia	TRUE
ZAMP05	Africa	0.961	Asia	0.039	0.922	11061	High	P1_macroregion_africa_vs_asia	macroregion_3	3	5	Africa	TRUE
ReuPal1	Asia	0.947	Africa	0.053	0.894	11056	Moderate	P1_macroregion_africa_vs_asia	macroregion_3	3	5	Asia	TRUE
ReuPal3	Asia	0.887	Africa	0.113	0.774	11057	Moderate	P1_macroregion_africa_vs_asia	macroregion_3	3	5	Asia	TRUE
ReuPaL5	Asia	0.954	Africa	0.046	0.908	11079	High	P1_macroregion_africa_vs_asia	macroregion_3	3	5	Asia	TRUE
ReuSal3	Asia	0.943	Africa	0.057	0.886	11080	Moderate	P1_macroregion_africa_vs_asia	macroregion_3	3	5	Asia	TRUE
ReuBen2	Asia	0.888	Africa	0.112	0.776	11076	Moderate	P1_macroregion_africa_vs_asia	macroregion_3	3	5	Asia	TRUE
ReuBen4	Asia	0.919	Africa	0.081	0.838	11074	Moderate	P1_macroregion_africa_vs_asia	macroregion_3	3	5	Asia	TRUE
ReuPie4	Asia	0.794	Africa	0.206	0.588	1688	Low	P1_macroregion_africa_vs_asia	macroregion_3	3	5	Asia	TRUE
ComAnj1	Africa	0.944	Asia	0.056	0.888	11077	Moderate	P1_macroregion_africa_vs_asia	macroregion_3	4	1	Africa	TRUE
ComAnj2	Africa	0.929	Asia	0.071	0.858	11056	Moderate	P1_macroregion_africa_vs_asia	macroregion_3	4	1	Africa	TRUE
ComAnj5	Africa	0.939	Asia	0.061	0.878	11070	Moderate	P1_macroregion_africa_vs_asia	macroregion_3	4	1	Africa	TRUE
ComGra1	Africa	0.88	Asia	0.12	0.76	10934	Moderate	P1_macroregion_africa_vs_asia	macroregion_3	4	1	Africa	TRUE
ComGra6	Africa	0.928	Asia	0.072	0.856	11067	Moderate	P1_macroregion_africa_vs_asia	macroregion_3	4	1	Africa	TRUE
ComMoh4	Africa	0.961	Asia	0.039	0.922	10994	High	P1_macroregion_africa_vs_asia	macroregion_3	4	1	Africa	TRUE
MadAmb1	Africa	0.954	Asia	0.046	0.908	11045	High	P1_macroregion_africa_vs_asia	macroregion_3	4	1	Africa	TRUE
MadAmb5	Africa	0.966	Asia	0.034	0.932	11055	High	P1_macroregion_africa_vs_asia	macroregion_3	4	1	Africa	TRUE
MauLaS3	Asia	0.972	Africa	0.028	0.944	11069	High	P1_macroregion_africa_vs_asia	macroregion_3	4	1	Asia	TRUE
MauLaS4	Asia	0.968	Africa	0.032	0.936	11068	High	P1_macroregion_africa_vs_asia	macroregion_3	4	1	Asia	TRUE
MayDem1	Africa	0.968	Asia	0.032	0.936	11075	High	P1_macroregion_africa_vs_asia	macroregion_3	4	1	Africa	TRUE
MayDem5	Africa	0.972	Asia	0.028	0.944	11043	High	P1_macroregion_africa_vs_asia	macroregion_3	4	1	Africa	TRUE
MaySad1	Africa	0.971	Asia	0.029	0.942	11067	High	P1_macroregion_africa_vs_asia	macroregion_3	4	1	Africa	TRUE
MaySad2	Africa	0.971	Asia	0.029	0.942	11061	High	P1_macroregion_africa_vs_asia	macroregion_3	4	1	Africa	TRUE
MaySad3	Africa	0.958	Asia	0.042	0.916	11065	High	P1_macroregion_africa_vs_asia	macroregion_3	4	1	Africa	TRUE
BDKG01	Asia	0.948	Africa	0.052	0.896	11062	Moderate	P1_macroregion_africa_vs_asia	macroregion_3	4	1	Asia	TRUE
ETMS05	Africa	0.892	Asia	0.108	0.784	11070	Moderate	P1_macroregion_africa_vs_asia	macroregion_3	4	1	Africa	TRUE
GDGZ01	Asia	0.966	Africa	0.034	0.932	11066	High	P1_macroregion_africa_vs_asia	macroregion_3	4	1	Asia	TRUE
GDGZ02	Asia	0.975	Africa	0.025	0.95	11079	High	P1_macroregion_africa_vs_asia	macroregion_3	4	1	Asia	TRUE
GDGZ05	Asia	0.971	Africa	0.029	0.942	11062	High	P1_macroregion_africa_vs_asia	macroregion_3	4	1	Asia	TRUE
GHND04	Africa	0.912	Asia	0.088	0.824	11035	Moderate	P1_macroregion_africa_vs_asia	macroregion_3	4	1	Africa	TRUE
GHND05	Africa	0.834	Asia	0.166	0.668	10804	Low	P1_macroregion_africa_vs_asia	macroregion_3	4	1	Africa	TRUE
GXNN02	Asia	0.982	Africa	0.018	0.964	11058	High	P1_macroregion_africa_vs_asia	macroregion_3	4	1	Asia	TRUE
GXNN03	Asia	0.955	Africa	0.045	0.91	11069	High	P1_macroregion_africa_vs_asia	macroregion_3	4	1	Asia	TRUE
GXNN05	Asia	0.965	Africa	0.035	0.93	11070	High	P1_macroregion_africa_vs_asia	macroregion_3	4	1	Asia	TRUE
HBWH05	Asia	0.953	Africa	0.047	0.906	11066	High	P1_macroregion_africa_vs_asia	macroregion_3	4	1	Asia	TRUE
HNLY04	Asia	0.974	Africa	0.026	0.948	11075	High	P1_macroregion_africa_vs_asia	macroregion_3	4	1	Asia	TRUE
IDJI01	Asia	0.986	Africa	0.014	0.972	11071	High	P1_macroregion_africa_vs_asia	macroregion_3	4	1	Asia	TRUE
INAS05	Asia	0.952	Africa	0.048	0.904	11067	High	P1_macroregion_africa_vs_asia	macroregion_3	4	1	Asia	TRUE
INTG04	Asia	0.949	Africa	0.051	0.898	11067	Moderate	P1_macroregion_africa_vs_asia	macroregion_3	4	1	Asia	TRUE
JSZJ02	Asia	0.971	Africa	0.029	0.942	11055	High	P1_macroregion_africa_vs_asia	macroregion_3	4	1	Asia	TRUE
JSZJ03	Asia	0.974	Africa	0.026	0.948	11068	High	P1_macroregion_africa_vs_asia	macroregion_3	4	1	Asia	TRUE
JXNC02	Asia	0.977	Africa	0.023	0.954	11075	High	P1_macroregion_africa_vs_asia	macroregion_3	4	1	Asia	TRUE
KENB01	Africa	0.905	Asia	0.095	0.81	11075	Moderate	P1_macroregion_africa_vs_asia	macroregion_3	4	1	Africa	TRUE
LAVT04	Asia	0.944	Africa	0.056	0.888	11039	Moderate	P1_macroregion_africa_vs_asia	macroregion_3	4	1	Asia	TRUE
LKAD02	Asia	0.953	Africa	0.047	0.906	11077	High	P1_macroregion_africa_vs_asia	macroregion_3	4	1	Asia	TRUE
LKAD03	Asia	0.959	Africa	0.041	0.918	11074	High	P1_macroregion_africa_vs_asia	macroregion_3	4	1	Asia	TRUE
LKAD05	Asia	0.943	Africa	0.057	0.886	11058	Moderate	P1_macroregion_africa_vs_asia	macroregion_3	4	1	Asia	TRUE
MLBM02	Africa	0.867	Asia	0.133	0.734	11070	Moderate	P1_macroregion_africa_vs_asia	macroregion_3	4	1	Africa	TRUE
MYKL01	Asia	0.97	Africa	0.03	0.94	11065	High	P1_macroregion_africa_vs_asia	macroregion_3	4	1	Asia	TRUE
MYKL04	Asia	0.965	Africa	0.035	0.93	11066	High	P1_macroregion_africa_vs_asia	macroregion_3	4	1	Asia	TRUE
MYKL05	Asia	0.967	Africa	0.033	0.934	11064	High	P1_macroregion_africa_vs_asia	macroregion_3	4	1	Asia	TRUE
NGNS03	Africa	0.903	Asia	0.097	0.806	10903	Moderate	P1_macroregion_africa_vs_asia	macroregion_3	4	1	Africa	TRUE
NPSH06	Asia	0.958	Africa	0.042	0.916	11074	High	P1_macroregion_africa_vs_asia	macroregion_3	4	1	Asia	TRUE
NPSH07	Asia	0.925	Africa	0.075	0.85	11068	Moderate	P1_macroregion_africa_vs_asia	macroregion_3	4	1	Asia	TRUE
NPSH04	Asia	0.949	Africa	0.051	0.898	11074	Moderate	P1_macroregion_africa_vs_asia	macroregion_3	4	1	Asia	TRUE
PHDM01	Asia	0.987	Africa	0.013	0.974	11036	High	P1_macroregion_africa_vs_asia	macroregion_3	4	1	Asia	TRUE
PHDM02	Asia	0.984	Africa	0.016	0.968	11006	High	P1_macroregion_africa_vs_asia	macroregion_3	4	1	Asia	TRUE
PHDV01	Asia	0.988	Africa	0.012	0.976	11069	High	P1_macroregion_africa_vs_asia	macroregion_3	4	1	Asia	TRUE
PHDV05	Asia	0.983	Africa	0.017	0.966	11061	High	P1_macroregion_africa_vs_asia	macroregion_3	4	1	Asia	TRUE
SCLS04	Asia	0.968	Africa	0.032	0.936	11070	High	P1_macroregion_africa_vs_asia	macroregion_3	4	1	Asia	TRUE
THBK03	Asia	0.956	Africa	0.044	0.912	11079	High	P1_macroregion_africa_vs_asia	macroregion_3	4	1	Asia	TRUE
THPK03	Asia	0.979	Africa	0.021	0.958	11071	High	P1_macroregion_africa_vs_asia	macroregion_3	4	1	Asia	TRUE
VNTG04	Asia	0.975	Africa	0.025	0.95	11067	High	P1_macroregion_africa_vs_asia	macroregion_3	4	1	Asia	TRUE
YNBS04	Asia	0.968	Africa	0.032	0.936	11075	High	P1_macroregion_africa_vs_asia	macroregion_3	4	1	Asia	TRUE
YNJH03	Asia	0.972	Africa	0.028	0.944	10720	High	P1_macroregion_africa_vs_asia	macroregion_3	4	1	Asia	TRUE
ZAMP02	Africa	0.855	Asia	0.145	0.71	10933	Moderate	P1_macroregion_africa_vs_asia	macroregion_3	4	1	Africa	TRUE
ZAMP03	Africa	0.89	Asia	0.11	0.78	10947	Moderate	P1_macroregion_africa_vs_asia	macroregion_3	4	1	Africa	TRUE
ReuPal1	Asia	0.931	Africa	0.069	0.862	11056	Moderate	P1_macroregion_africa_vs_asia	macroregion_3	4	1	Asia	TRUE
ReuPal2	Asia	0.865	Africa	0.135	0.73	11056	Moderate	P1_macroregion_africa_vs_asia	macroregion_3	4	1	Asia	TRUE
ReuPaL5	Asia	0.963	Africa	0.037	0.926	11079	High	P1_macroregion_africa_vs_asia	macroregion_3	4	1	Asia	TRUE
ReuAnd2	Asia	0.931	Africa	0.069	0.862	11075	Moderate	P1_macroregion_africa_vs_asia	macroregion_3	4	1	Asia	TRUE
ReuBen5	Asia	0.924	Africa	0.076	0.848	11078	Moderate	P1_macroregion_africa_vs_asia	macroregion_3	4	1	Asia	TRUE
ReuPau1	Asia	0.905	Africa	0.095	0.81	11071	Moderate	P1_macroregion_africa_vs_asia	macroregion_3	4	1	Asia	TRUE
ComAnj4	Africa	0.912	Asia	0.088	0.824	11071	Moderate	P1_macroregion_africa_vs_asia	macroregion_3	4	2	Africa	TRUE
MadAmb2	Africa	0.958	Asia	0.042	0.916	11000	High	P1_macroregion_africa_vs_asia	macroregion_3	4	2	Africa	TRUE
MadMah3	Africa	0.973	Asia	0.027	0.946	11048	High	P1_macroregion_africa_vs_asia	macroregion_3	4	2	Africa	TRUE
MadMah5	Africa	0.978	Asia	0.022	0.956	11002	High	P1_macroregion_africa_vs_asia	macroregion_3	4	2	Africa	TRUE
MadMan1	Africa	0.969	Asia	0.031	0.938	10999	High	P1_macroregion_africa_vs_asia	macroregion_3	4	2	Africa	TRUE
MadMan4	Africa	0.954	Asia	0.046	0.908	11010	High	P1_macroregion_africa_vs_asia	macroregion_3	4	2	Africa	TRUE
MauLaS1	Asia	0.96	Africa	0.04	0.92	11069	High	P1_macroregion_africa_vs_asia	macroregion_3	4	2	Asia	TRUE
MauLaS2	Asia	0.97	Africa	0.03	0.94	11069	High	P1_macroregion_africa_vs_asia	macroregion_3	4	2	Asia	TRUE
MaySad4	Africa	0.959	Asia	0.041	0.918	11057	High	P1_macroregion_africa_vs_asia	macroregion_3	4	2	Africa	TRUE
MaySad5	Africa	0.972	Asia	0.028	0.944	11049	High	P1_macroregion_africa_vs_asia	macroregion_3	4	2	Africa	TRUE
ReuBas3	Asia	0.955	Africa	0.045	0.91	11064	High	P1_macroregion_africa_vs_asia	macroregion_3	4	2	Asia	TRUE
ReuBas4	Asia	0.969	Africa	0.031	0.938	11068	High	P1_macroregion_africa_vs_asia	macroregion_3	4	2	Asia	TRUE
ReuBas5	Asia	0.941	Africa	0.059	0.882	11065	Moderate	P1_macroregion_africa_vs_asia	macroregion_3	4	2	Asia	TRUE
CDKB04	Africa	0.897	Asia	0.103	0.794	11065	Moderate	P1_macroregion_africa_vs_asia	macroregion_3	4	2	Africa	TRUE
CIBD01	Africa	0.868	Asia	0.132	0.736	11050	Moderate	P1_macroregion_africa_vs_asia	macroregion_3	4	2	Africa	TRUE
ETMS02	Africa	0.857	Asia	0.143	0.714	11070	Moderate	P1_macroregion_africa_vs_asia	macroregion_3	4	2	Africa	TRUE
ETMS03	Africa	0.881	Asia	0.119	0.762	11059	Moderate	P1_macroregion_africa_vs_asia	macroregion_3	4	2	Africa	TRUE
FJZZ01	Asia	0.98	Africa	0.02	0.96	11066	High	P1_macroregion_africa_vs_asia	macroregion_3	4	2	Asia	TRUE
GDGZ03	Asia	0.977	Africa	0.023	0.954	11080	High	P1_macroregion_africa_vs_asia	macroregion_3	4	2	Asia	TRUE
GHND01	Africa	0.819	Asia	0.181	0.638	11045	Low	P1_macroregion_africa_vs_asia	macroregion_3	4	2	Africa	TRUE
HBWH04	Asia	0.99	Africa	0.01	0.98	11073	High	P1_macroregion_africa_vs_asia	macroregion_3	4	2	Asia	TRUE
HNDZ03	Asia	0.951	Africa	0.049	0.902	11073	High	P1_macroregion_africa_vs_asia	macroregion_3	4	2	Asia	TRUE
HNLY03	Asia	0.983	Africa	0.017	0.966	11064	High	P1_macroregion_africa_vs_asia	macroregion_3	4	2	Asia	TRUE
HNSY03	Asia	0.967	Africa	0.033	0.934	11027	High	P1_macroregion_africa_vs_asia	macroregion_3	4	2	Asia	TRUE
IDJI04	Asia	0.975	Africa	0.025	0.95	11047	High	P1_macroregion_africa_vs_asia	macroregion_3	4	2	Asia	TRUE
INAS03	Asia	0.932	Africa	0.068	0.864	11072	Moderate	P1_macroregion_africa_vs_asia	macroregion_3	4	2	Asia	TRUE
INBH04	Asia	0.977	Africa	0.023	0.954	11062	High	P1_macroregion_africa_vs_asia	macroregion_3	4	2	Asia	TRUE
INPJ05	Asia	0.933	Africa	0.067	0.866	11057	Moderate	P1_macroregion_africa_vs_asia	macroregion_3	4	2	Asia	TRUE
INTN02	Asia	0.934	Africa	0.066	0.868	11071	Moderate	P1_macroregion_africa_vs_asia	macroregion_3	4	2	Asia	TRUE
JSZJ01	Asia	0.978	Africa	0.022	0.956	11052	High	P1_macroregion_africa_vs_asia	macroregion_3	4	2	Asia	TRUE
JSZJ05	Asia	0.963	Africa	0.037	0.926	11061	High	P1_macroregion_africa_vs_asia	macroregion_3	4	2	Asia	TRUE
LAVT02	Asia	0.972	Africa	0.028	0.944	11018	High	P1_macroregion_africa_vs_asia	macroregion_3	4	2	Asia	TRUE
MGAT05	Africa	0.959	Asia	0.041	0.918	11059	High	P1_macroregion_africa_vs_asia	macroregion_3	4	2	Africa	TRUE
MYKL02	Asia	0.989	Africa	0.011	0.978	11042	High	P1_macroregion_africa_vs_asia	macroregion_3	4	2	Asia	TRUE
MYKL03	Asia	0.958	Africa	0.042	0.916	11070	High	P1_macroregion_africa_vs_asia	macroregion_3	4	2	Asia	TRUE
PHDM04	Asia	0.99	Africa	0.01	0.98	11022	High	P1_macroregion_africa_vs_asia	macroregion_3	4	2	Asia	TRUE
PHDM05	Asia	0.991	Africa	0.009	0.982	11041	High	P1_macroregion_africa_vs_asia	macroregion_3	4	2	Asia	TRUE
PHDV04	Asia	0.986	Africa	0.014	0.972	11061	High	P1_macroregion_africa_vs_asia	macroregion_3	4	2	Asia	TRUE
PKMR04	Asia	0.909	Africa	0.091	0.818	11060	Moderate	P1_macroregion_africa_vs_asia	macroregion_3	4	2	Asia	TRUE
SCLS01	Asia	0.951	Africa	0.049	0.902	11071	High	P1_macroregion_africa_vs_asia	macroregion_3	4	2	Asia	TRUE
SCLS03	Asia	0.972	Africa	0.028	0.944	11067	High	P1_macroregion_africa_vs_asia	macroregion_3	4	2	Asia	TRUE
SDSG04	Africa	0.896	Asia	0.104	0.792	10898	Moderate	P1_macroregion_africa_vs_asia	macroregion_3	4	2	Africa	TRUE
SDSG05	Africa	0.858	Asia	0.142	0.716	10922	Moderate	P1_macroregion_africa_vs_asia	macroregion_3	4	2	Africa	TRUE
SNBG03	Africa	0.873	Asia	0.127	0.746	11065	Moderate	P1_macroregion_africa_vs_asia	macroregion_3	4	2	Africa	TRUE
SNBG04	Africa	0.881	Asia	0.119	0.762	11050	Moderate	P1_macroregion_africa_vs_asia	macroregion_3	4	2	Africa	TRUE
THBK04	Asia	0.972	Africa	0.028	0.944	11065	High	P1_macroregion_africa_vs_asia	macroregion_3	4	2	Asia	TRUE
THPK04	Asia	0.967	Africa	0.033	0.934	11069	High	P1_macroregion_africa_vs_asia	macroregion_3	4	2	Asia	TRUE
TWPD01	Asia	0.974	Africa	0.026	0.948	11050	High	P1_macroregion_africa_vs_asia	macroregion_3	4	2	Asia	TRUE
TWPD03	Asia	0.958	Africa	0.042	0.916	11044	High	P1_macroregion_africa_vs_asia	macroregion_3	4	2	Asia	TRUE
UGEB02	Africa	0.889	Asia	0.111	0.778	11045	Moderate	P1_macroregion_africa_vs_asia	macroregion_3	4	2	Africa	TRUE
UGEB03	Africa	0.848	Asia	0.152	0.696	11063	Low	P1_macroregion_africa_vs_asia	macroregion_3	4	2	Africa	TRUE
UGEB05	Africa	0.878	Asia	0.122	0.756	11060	Moderate	P1_macroregion_africa_vs_asia	macroregion_3	4	2	Africa	TRUE
VNTG01	Asia	0.976	Africa	0.024	0.952	11061	High	P1_macroregion_africa_vs_asia	macroregion_3	4	2	Asia	TRUE
YNBS02	Asia	0.944	Africa	0.056	0.888	11072	Moderate	P1_macroregion_africa_vs_asia	macroregion_3	4	2	Asia	TRUE
YNJH02	Asia	0.966	Africa	0.034	0.932	10849	High	P1_macroregion_africa_vs_asia	macroregion_3	4	2	Asia	TRUE
ZJZJ03	Asia	0.961	Africa	0.039	0.922	11077	High	P1_macroregion_africa_vs_asia	macroregion_3	4	2	Asia	TRUE
ZJZJ05	Asia	0.971	Africa	0.029	0.942	11077	High	P1_macroregion_africa_vs_asia	macroregion_3	4	2	Asia	TRUE
ReuSal2	Asia	0.906	Africa	0.094	0.812	11075	Moderate	P1_macroregion_africa_vs_asia	macroregion_3	4	2	Asia	TRUE
ReuSal4	Asia	0.934	Africa	0.066	0.868	11078	Moderate	P1_macroregion_africa_vs_asia	macroregion_3	4	2	Asia	TRUE
ReuAnd3	Asia	0.897	Africa	0.103	0.794	11075	Moderate	P1_macroregion_africa_vs_asia	macroregion_3	4	2	Asia	TRUE
ReuBen2	Asia	0.879	Africa	0.121	0.758	11076	Moderate	P1_macroregion_africa_vs_asia	macroregion_3	4	2	Asia	TRUE
ReuBen3	Asia	0.934	Africa	0.066	0.868	11072	Moderate	P1_macroregion_africa_vs_asia	macroregion_3	4	2	Asia	TRUE
ReuPie3	Asia	0.902	Africa	0.098	0.804	11069	Moderate	P1_macroregion_africa_vs_asia	macroregion_3	4	2	Asia	TRUE
ReuPie4	Asia	0.802	Africa	0.198	0.604	1688	Low	P1_macroregion_africa_vs_asia	macroregion_3	4	2	Asia	TRUE
ComGra2	Africa	0.908	Asia	0.092	0.816	11014	Moderate	P1_macroregion_africa_vs_asia	macroregion_3	4	3	Africa	TRUE
ComGra5	Africa	0.918	Asia	0.082	0.836	10983	Moderate	P1_macroregion_africa_vs_asia	macroregion_3	4	3	Africa	TRUE
MadMah1	Africa	0.973	Asia	0.027	0.946	10994	High	P1_macroregion_africa_vs_asia	macroregion_3	4	3	Africa	TRUE
MadMan2	Africa	0.962	Asia	0.038	0.924	11007	High	P1_macroregion_africa_vs_asia	macroregion_3	4	3	Africa	TRUE
MadMan5	Africa	0.98	Asia	0.02	0.96	11014	High	P1_macroregion_africa_vs_asia	macroregion_3	4	3	Africa	TRUE
MayDem2	Africa	0.955	Asia	0.045	0.91	11061	High	P1_macroregion_africa_vs_asia	macroregion_3	4	3	Africa	TRUE
MayDem3	Africa	0.979	Asia	0.021	0.958	11058	High	P1_macroregion_africa_vs_asia	macroregion_3	4	3	Africa	TRUE
MayDem4	Africa	0.977	Asia	0.023	0.954	11064	High	P1_macroregion_africa_vs_asia	macroregion_3	4	3	Africa	TRUE
ReuBas1	Asia	0.977	Africa	0.023	0.954	11039	High	P1_macroregion_africa_vs_asia	macroregion_3	4	3	Asia	TRUE
ReuSte5	Asia	0.949	Africa	0.051	0.898	10202	Moderate	P1_macroregion_africa_vs_asia	macroregion_3	4	3	Asia	TRUE
BDKG02	Asia	0.968	Africa	0.032	0.936	11067	High	P1_macroregion_africa_vs_asia	macroregion_3	4	3	Asia	TRUE
BDKG05	Asia	0.93	Africa	0.07	0.86	11071	Moderate	P1_macroregion_africa_vs_asia	macroregion_3	4	3	Asia	TRUE
CDKB02	Africa	0.911	Asia	0.089	0.822	11026	Moderate	P1_macroregion_africa_vs_asia	macroregion_3	4	3	Africa	TRUE
CIBD04	Africa	0.821	Asia	0.179	0.642	11044	Low	P1_macroregion_africa_vs_asia	macroregion_3	4	3	Africa	TRUE
ETMS04	Africa	0.878	Asia	0.122	0.756	11069	Moderate	P1_macroregion_africa_vs_asia	macroregion_3	4	3	Africa	TRUE
FJZZ03	Asia	0.981	Africa	0.019	0.962	11075	High	P1_macroregion_africa_vs_asia	macroregion_3	4	3	Asia	TRUE
FJZZ04	Asia	0.977	Africa	0.023	0.954	11076	High	P1_macroregion_africa_vs_asia	macroregion_3	4	3	Asia	TRUE
GHND03	Africa	0.832	Asia	0.168	0.664	10917	Low	P1_macroregion_africa_vs_asia	macroregion_3	4	3	Africa	TRUE
GXNN04	Asia	0.951	Africa	0.049	0.902	11069	High	P1_macroregion_africa_vs_asia	macroregion_3	4	3	Asia	TRUE
GZDY02	Asia	0.992	Africa	0.008	0.984	11072	High	P1_macroregion_africa_vs_asia	macroregion_3	4	3	Asia	TRUE
GZDY03	Asia	0.964	Africa	0.036	0.928	11062	High	P1_macroregion_africa_vs_asia	macroregion_3	4	3	Asia	TRUE
GZDY04	Asia	0.987	Africa	0.013	0.974	11078	High	P1_macroregion_africa_vs_asia	macroregion_3	4	3	Asia	TRUE
HBWH01	Asia	0.978	Africa	0.022	0.956	11068	High	P1_macroregion_africa_vs_asia	macroregion_3	4	3	Asia	TRUE
HNDZ05	Asia	0.987	Africa	0.013	0.974	11076	High	P1_macroregion_africa_vs_asia	macroregion_3	4	3	Asia	TRUE
HNSY01	Asia	0.983	Africa	0.017	0.966	11071	High	P1_macroregion_africa_vs_asia	macroregion_3	4	3	Asia	TRUE
HNSY02	Asia	0.961	Africa	0.039	0.922	11072	High	P1_macroregion_africa_vs_asia	macroregion_3	4	3	Asia	TRUE
INAS02	Asia	0.941	Africa	0.059	0.882	11064	Moderate	P1_macroregion_africa_vs_asia	macroregion_3	4	3	Asia	TRUE
INBH02	Asia	0.943	Africa	0.057	0.886	11057	Moderate	P1_macroregion_africa_vs_asia	macroregion_3	4	3	Asia	TRUE
INPJ02	Asia	0.952	Africa	0.048	0.904	11053	High	P1_macroregion_africa_vs_asia	macroregion_3	4	3	Asia	TRUE
INPJ04	Asia	0.969	Africa	0.031	0.938	11057	High	P1_macroregion_africa_vs_asia	macroregion_3	4	3	Asia	TRUE
JXNC01	Asia	0.979	Africa	0.021	0.958	11069	High	P1_macroregion_africa_vs_asia	macroregion_3	4	3	Asia	TRUE
JXNC03	Asia	0.981	Africa	0.019	0.962	11072	High	P1_macroregion_africa_vs_asia	macroregion_3	4	3	Asia	TRUE
JXNC04	Asia	0.957	Africa	0.043	0.914	10982	High	P1_macroregion_africa_vs_asia	macroregion_3	4	3	Asia	TRUE
KENB03	Africa	0.897	Asia	0.103	0.794	11069	Moderate	P1_macroregion_africa_vs_asia	macroregion_3	4	3	Africa	TRUE
KENB05	Africa	0.887	Asia	0.113	0.774	11037	Moderate	P1_macroregion_africa_vs_asia	macroregion_3	4	3	Africa	TRUE
MGAT06	Africa	0.969	Asia	0.031	0.938	11057	High	P1_macroregion_africa_vs_asia	macroregion_3	4	3	Africa	TRUE
MLBM05	Africa	0.792	Asia	0.208	0.584	11009	Low	P1_macroregion_africa_vs_asia	macroregion_3	4	3	Africa	TRUE
MMYG02	Asia	0.973	Africa	0.027	0.946	10996	High	P1_macroregion_africa_vs_asia	macroregion_3	4	3	Asia	TRUE
MMYG03	Asia	0.959	Africa	0.041	0.918	11046	High	P1_macroregion_africa_vs_asia	macroregion_3	4	3	Asia	TRUE
MMYG04	Asia	0.98	Africa	0.02	0.96	11030	High	P1_macroregion_africa_vs_asia	macroregion_3	4	3	Asia	TRUE
MWZB02	Africa	0.929	Asia	0.071	0.858	11055	Moderate	P1_macroregion_africa_vs_asia	macroregion_3	4	3	Africa	TRUE
NGNS01	Africa	0.799	Asia	0.201	0.598	11019	Low	P1_macroregion_africa_vs_asia	macroregion_3	4	3	Africa	TRUE
NPSH08	Asia	0.962	Africa	0.038	0.924	11031	High	P1_macroregion_africa_vs_asia	macroregion_3	4	3	Asia	TRUE
NPSH05	Asia	0.974	Africa	0.026	0.948	11073	High	P1_macroregion_africa_vs_asia	macroregion_3	4	3	Asia	TRUE
PKMR01	Asia	0.959	Africa	0.041	0.918	11035	High	P1_macroregion_africa_vs_asia	macroregion_3	4	3	Asia	TRUE
PKMR03	Asia	0.936	Africa	0.064	0.872	10976	Moderate	P1_macroregion_africa_vs_asia	macroregion_3	4	3	Asia	TRUE
SCLS05	Asia	0.971	Africa	0.029	0.942	11054	High	P1_macroregion_africa_vs_asia	macroregion_3	4	3	Asia	TRUE
SDSG02	Africa	0.856	Asia	0.144	0.712	10937	Moderate	P1_macroregion_africa_vs_asia	macroregion_3	4	3	Africa	TRUE
THBK06	Asia	0.962	Africa	0.038	0.924	11052	High	P1_macroregion_africa_vs_asia	macroregion_3	4	3	Asia	TRUE
TWPD04	Asia	0.984	Africa	0.016	0.968	10968	High	P1_macroregion_africa_vs_asia	macroregion_3	4	3	Asia	TRUE
TWPD05	Asia	0.941	Africa	0.059	0.882	10254	Moderate	P1_macroregion_africa_vs_asia	macroregion_3	4	3	Asia	TRUE
TWTY05	Asia	0.979	Africa	0.021	0.958	11069	High	P1_macroregion_africa_vs_asia	macroregion_3	4	3	Asia	TRUE
UGEB01	Africa	0.912	Asia	0.088	0.824	11058	Moderate	P1_macroregion_africa_vs_asia	macroregion_3	4	3	Africa	TRUE
UGEB04	Africa	0.822	Asia	0.178	0.644	11053	Low	P1_macroregion_africa_vs_asia	macroregion_3	4	3	Africa	TRUE
VNTG02	Asia	0.959	Africa	0.041	0.918	11070	High	P1_macroregion_africa_vs_asia	macroregion_3	4	3	Asia	TRUE
YNJH05	Asia	0.979	Africa	0.021	0.958	10851	High	P1_macroregion_africa_vs_asia	macroregion_3	4	3	Asia	TRUE
ZJZJ01	Asia	0.968	Africa	0.032	0.936	11069	High	P1_macroregion_africa_vs_asia	macroregion_3	4	3	Asia	TRUE
ZJZJ04	Asia	0.982	Africa	0.018	0.964	11081	High	P1_macroregion_africa_vs_asia	macroregion_3	4	3	Asia	TRUE
ReuPal4	Asia	0.941	Africa	0.059	0.882	11002	Moderate	P1_macroregion_africa_vs_asia	macroregion_3	4	3	Asia	TRUE
ReuSal3	Asia	0.941	Africa	0.059	0.882	11080	Moderate	P1_macroregion_africa_vs_asia	macroregion_3	4	3	Asia	TRUE
ReuAnd1	Asia	0.926	Africa	0.074	0.852	11074	Moderate	P1_macroregion_africa_vs_asia	macroregion_3	4	3	Asia	TRUE
ReuBen4	Asia	0.936	Africa	0.064	0.872	11074	Moderate	P1_macroregion_africa_vs_asia	macroregion_3	4	3	Asia	TRUE
ReuPau2	Asia	0.939	Africa	0.061	0.878	11077	Moderate	P1_macroregion_africa_vs_asia	macroregion_3	4	3	Asia	TRUE
ReuPau4	Asia	0.797	Africa	0.203	0.594	11076	Low	P1_macroregion_africa_vs_asia	macroregion_3	4	3	Asia	TRUE
ComMoh5	Africa	0.949	Asia	0.051	0.898	11068	Moderate	P1_macroregion_africa_vs_asia	macroregion_3	4	4	Africa	TRUE
MadAmb4	Africa	0.979	Asia	0.021	0.958	11037	High	P1_macroregion_africa_vs_asia	macroregion_3	4	4	Africa	TRUE
MadMah4	Africa	0.976	Asia	0.024	0.952	11019	High	P1_macroregion_africa_vs_asia	macroregion_3	4	4	Africa	TRUE
MadMan3	Africa	0.937	Asia	0.063	0.874	10949	Moderate	P1_macroregion_africa_vs_asia	macroregion_3	4	4	Africa	TRUE
MauLaS5	Asia	0.967	Africa	0.033	0.934	11041	High	P1_macroregion_africa_vs_asia	macroregion_3	4	4	Asia	TRUE
ReuSte3	Asia	0.977	Africa	0.023	0.954	11047	High	P1_macroregion_africa_vs_asia	macroregion_3	4	4	Asia	TRUE
BDKG03	Asia	0.947	Africa	0.053	0.894	11053	Moderate	P1_macroregion_africa_vs_asia	macroregion_3	4	4	Asia	TRUE
BDKG04	Asia	0.965	Africa	0.035	0.93	11071	High	P1_macroregion_africa_vs_asia	macroregion_3	4	4	Asia	TRUE
BIBJ02	Africa	0.887	Asia	0.113	0.774	10973	Moderate	P1_macroregion_africa_vs_asia	macroregion_3	4	4	Africa	TRUE
BIBJ03	Africa	0.881	Asia	0.119	0.762	11034	Moderate	P1_macroregion_africa_vs_asia	macroregion_3	4	4	Africa	TRUE
BIBJ05	Africa	0.925	Asia	0.075	0.85	10905	Moderate	P1_macroregion_africa_vs_asia	macroregion_3	4	4	Africa	TRUE
CDKB01	Africa	0.857	Asia	0.143	0.714	10996	Moderate	P1_macroregion_africa_vs_asia	macroregion_3	4	4	Africa	TRUE
CIBD02	Africa	0.854	Asia	0.146	0.708	11056	Moderate	P1_macroregion_africa_vs_asia	macroregion_3	4	4	Africa	TRUE
CIBD03	Africa	0.897	Asia	0.103	0.794	11025	Moderate	P1_macroregion_africa_vs_asia	macroregion_3	4	4	Africa	TRUE
ETMS01	Africa	0.883	Asia	0.117	0.766	10874	Moderate	P1_macroregion_africa_vs_asia	macroregion_3	4	4	Africa	TRUE
FJZZ05	Asia	0.989	Africa	0.011	0.978	11076	High	P1_macroregion_africa_vs_asia	macroregion_3	4	4	Asia	TRUE
GDGZ04	Asia	0.967	Africa	0.033	0.934	11075	High	P1_macroregion_africa_vs_asia	macroregion_3	4	4	Asia	TRUE
GHND02	Africa	0.854	Asia	0.146	0.708	11021	Moderate	P1_macroregion_africa_vs_asia	macroregion_3	4	4	Africa	TRUE
GXNN01	Asia	0.98	Africa	0.02	0.96	11079	High	P1_macroregion_africa_vs_asia	macroregion_3	4	4	Asia	TRUE
GZDY01	Asia	0.96	Africa	0.04	0.92	11081	High	P1_macroregion_africa_vs_asia	macroregion_3	4	4	Asia	TRUE
HBWH02	Asia	0.963	Africa	0.037	0.926	11069	High	P1_macroregion_africa_vs_asia	macroregion_3	4	4	Asia	TRUE
HNDZ01	Asia	0.984	Africa	0.016	0.968	11076	High	P1_macroregion_africa_vs_asia	macroregion_3	4	4	Asia	TRUE
HNDZ02	Asia	0.968	Africa	0.032	0.936	11067	High	P1_macroregion_africa_vs_asia	macroregion_3	4	4	Asia	TRUE
HNSY05	Asia	0.97	Africa	0.03	0.94	11064	High	P1_macroregion_africa_vs_asia	macroregion_3	4	4	Asia	TRUE
IDJI02	Asia	0.986	Africa	0.014	0.972	11069	High	P1_macroregion_africa_vs_asia	macroregion_3	4	4	Asia	TRUE
INBH01	Asia	0.951	Africa	0.049	0.902	11077	High	P1_macroregion_africa_vs_asia	macroregion_3	4	4	Asia	TRUE
INBH05	Asia	0.954	Africa	0.046	0.908	10143	High	P1_macroregion_africa_vs_asia	macroregion_3	4	4	Asia	TRUE
INPJ01	Asia	0.937	Africa	0.063	0.874	11038	Moderate	P1_macroregion_africa_vs_asia	macroregion_3	4	4	Asia	TRUE
JSZJ04	Asia	0.972	Africa	0.028	0.944	11065	High	P1_macroregion_africa_vs_asia	macroregion_3	4	4	Asia	TRUE
KENB02	Africa	0.887	Asia	0.113	0.774	11068	Moderate	P1_macroregion_africa_vs_asia	macroregion_3	4	4	Africa	TRUE
KENB04	Africa	0.886	Asia	0.114	0.772	11073	Moderate	P1_macroregion_africa_vs_asia	macroregion_3	4	4	Africa	TRUE
LAVT01	Asia	0.99	Africa	0.01	0.98	11049	High	P1_macroregion_africa_vs_asia	macroregion_3	4	4	Asia	TRUE
LKAD04	Asia	0.962	Africa	0.038	0.924	11077	High	P1_macroregion_africa_vs_asia	macroregion_3	4	4	Asia	TRUE
MLBM01	Africa	0.832	Asia	0.168	0.664	11072	Low	P1_macroregion_africa_vs_asia	macroregion_3	4	4	Africa	TRUE
MLBM03	Africa	0.911	Asia	0.089	0.822	11054	Moderate	P1_macroregion_africa_vs_asia	macroregion_3	4	4	Africa	TRUE
MMYG01	Asia	0.989	Africa	0.011	0.978	11032	High	P1_macroregion_africa_vs_asia	macroregion_3	4	4	Asia	TRUE
MMYG05	Asia	0.989	Africa	0.011	0.978	11043	High	P1_macroregion_africa_vs_asia	macroregion_3	4	4	Asia	TRUE
NGNS02	Africa	0.58	Asia	0.42	0.16	7500	Uncertain	P1_macroregion_africa_vs_asia	macroregion_3	4	4	Africa	TRUE
PHDM03	Asia	0.986	Africa	0.014	0.972	11050	High	P1_macroregion_africa_vs_asia	macroregion_3	4	4	Asia	TRUE
PHDV02	Asia	0.99	Africa	0.01	0.98	11065	High	P1_macroregion_africa_vs_asia	macroregion_3	4	4	Asia	TRUE
PKMR02	Asia	0.934	Africa	0.066	0.868	11065	Moderate	P1_macroregion_africa_vs_asia	macroregion_3	4	4	Asia	TRUE
SNBG01	Africa	0.874	Asia	0.126	0.748	10997	Moderate	P1_macroregion_africa_vs_asia	macroregion_3	4	4	Africa	TRUE
SNBG02	Africa	0.909	Asia	0.091	0.818	11032	Moderate	P1_macroregion_africa_vs_asia	macroregion_3	4	4	Africa	TRUE
THBK01	Asia	0.974	Africa	0.026	0.948	11073	High	P1_macroregion_africa_vs_asia	macroregion_3	4	4	Asia	TRUE
THBK02	Asia	0.935	Africa	0.065	0.87	11044	Moderate	P1_macroregion_africa_vs_asia	macroregion_3	4	4	Asia	TRUE
THPK01	Asia	0.98	Africa	0.02	0.96	11075	High	P1_macroregion_africa_vs_asia	macroregion_3	4	4	Asia	TRUE
THPK02	Asia	0.958	Africa	0.042	0.916	11066	High	P1_macroregion_africa_vs_asia	macroregion_3	4	4	Asia	TRUE
THPK05	Asia	0.972	Africa	0.028	0.944	11073	High	P1_macroregion_africa_vs_asia	macroregion_3	4	4	Asia	TRUE
TWTY02	Asia	0.987	Africa	0.013	0.974	11061	High	P1_macroregion_africa_vs_asia	macroregion_3	4	4	Asia	TRUE
TWTY03	Asia	0.977	Africa	0.023	0.954	11053	High	P1_macroregion_africa_vs_asia	macroregion_3	4	4	Asia	TRUE
VNTG03	Asia	0.971	Africa	0.029	0.942	11075	High	P1_macroregion_africa_vs_asia	macroregion_3	4	4	Asia	TRUE
VNTG05	Asia	0.947	Africa	0.053	0.894	10989	Moderate	P1_macroregion_africa_vs_asia	macroregion_3	4	4	Asia	TRUE
YNBS03	Asia	0.97	Africa	0.03	0.94	11073	High	P1_macroregion_africa_vs_asia	macroregion_3	4	4	Asia	TRUE
YNBS05	Asia	0.971	Africa	0.029	0.942	11050	High	P1_macroregion_africa_vs_asia	macroregion_3	4	4	Asia	TRUE
YNJH01	Asia	0.969	Africa	0.031	0.938	10822	High	P1_macroregion_africa_vs_asia	macroregion_3	4	4	Asia	TRUE
YNJH04	Asia	0.942	Africa	0.058	0.884	11072	Moderate	P1_macroregion_africa_vs_asia	macroregion_3	4	4	Asia	TRUE
ZAMP01	Africa	0.915	Asia	0.085	0.83	10990	Moderate	P1_macroregion_africa_vs_asia	macroregion_3	4	4	Africa	TRUE
ZAMP05	Africa	0.951	Asia	0.049	0.902	11061	High	P1_macroregion_africa_vs_asia	macroregion_3	4	4	Africa	TRUE
ReuSaL5	Asia	0.865	Africa	0.135	0.73	11081	Moderate	P1_macroregion_africa_vs_asia	macroregion_3	4	4	Asia	TRUE
ReuAnd5	Asia	0.906	Africa	0.094	0.812	11082	Moderate	P1_macroregion_africa_vs_asia	macroregion_3	4	4	Asia	TRUE
ReuPau3	Asia	0.909	Africa	0.091	0.818	11070	Moderate	P1_macroregion_africa_vs_asia	macroregion_3	4	4	Asia	TRUE
ReuPie1	Asia	0.913	Africa	0.087	0.826	2265	Moderate	P1_macroregion_africa_vs_asia	macroregion_3	4	4	Asia	TRUE
ReuPie2	Asia	0.932	Africa	0.068	0.864	11074	Moderate	P1_macroregion_africa_vs_asia	macroregion_3	4	4	Asia	TRUE
ReuPie5	Asia	0.954	Africa	0.046	0.908	11074	High	P1_macroregion_africa_vs_asia	macroregion_3	4	4	Asia	TRUE
ComAnj3	Africa	0.949	Asia	0.051	0.898	11065	Moderate	P1_macroregion_africa_vs_asia	macroregion_3	4	5	Africa	TRUE
ComGra3	Africa	0.931	Asia	0.069	0.862	11052	Moderate	P1_macroregion_africa_vs_asia	macroregion_3	4	5	Africa	TRUE
ComMoh1	Africa	0.952	Asia	0.048	0.904	10860	High	P1_macroregion_africa_vs_asia	macroregion_3	4	5	Africa	TRUE
ComMoh2	Africa	0.95	Asia	0.05	0.9	11062	High	P1_macroregion_africa_vs_asia	macroregion_3	4	5	Africa	TRUE
ComMoh3	Africa	0.919	Asia	0.081	0.838	10926	Moderate	P1_macroregion_africa_vs_asia	macroregion_3	4	5	Africa	TRUE
MadAmb3	Africa	0.971	Asia	0.029	0.942	11055	High	P1_macroregion_africa_vs_asia	macroregion_3	4	5	Africa	TRUE
MadMah2	Africa	0.979	Asia	0.021	0.958	11026	High	P1_macroregion_africa_vs_asia	macroregion_3	4	5	Africa	TRUE
ReuBas2	Asia	0.959	Africa	0.041	0.918	11039	High	P1_macroregion_africa_vs_asia	macroregion_3	4	5	Asia	TRUE
ReuSte1	Asia	0.981	Africa	0.019	0.962	11058	High	P1_macroregion_africa_vs_asia	macroregion_3	4	5	Asia	TRUE
ReuSte2	Asia	0.981	Africa	0.019	0.962	11058	High	P1_macroregion_africa_vs_asia	macroregion_3	4	5	Asia	TRUE
ReuSte4	Asia	0.956	Africa	0.044	0.912	11062	High	P1_macroregion_africa_vs_asia	macroregion_3	4	5	Asia	TRUE
BIBJ01	Africa	0.879	Asia	0.121	0.758	10987	Moderate	P1_macroregion_africa_vs_asia	macroregion_3	4	5	Africa	TRUE
BIBJ04	Africa	0.921	Asia	0.079	0.842	11046	Moderate	P1_macroregion_africa_vs_asia	macroregion_3	4	5	Africa	TRUE
CDKB03	Africa	0.849	Asia	0.151	0.698	11041	Low	P1_macroregion_africa_vs_asia	macroregion_3	4	5	Africa	TRUE
CDKB05	Africa	0.921	Asia	0.079	0.842	11078	Moderate	P1_macroregion_africa_vs_asia	macroregion_3	4	5	Africa	TRUE
CIBD05	Africa	0.882	Asia	0.118	0.764	11039	Moderate	P1_macroregion_africa_vs_asia	macroregion_3	4	5	Africa	TRUE
FJZZ02	Asia	0.973	Africa	0.027	0.946	11070	High	P1_macroregion_africa_vs_asia	macroregion_3	4	5	Asia	TRUE
GZDY05	Asia	0.937	Africa	0.063	0.874	11063	Moderate	P1_macroregion_africa_vs_asia	macroregion_3	4	5	Asia	TRUE
HBWH03	Asia	0.977	Africa	0.023	0.954	11074	High	P1_macroregion_africa_vs_asia	macroregion_3	4	5	Asia	TRUE
HNDZ04	Asia	0.957	Africa	0.043	0.914	11057	High	P1_macroregion_africa_vs_asia	macroregion_3	4	5	Asia	TRUE
HNLY01	Asia	0.959	Africa	0.041	0.918	11063	High	P1_macroregion_africa_vs_asia	macroregion_3	4	5	Asia	TRUE
HNLY02	Asia	0.96	Africa	0.04	0.92	11036	High	P1_macroregion_africa_vs_asia	macroregion_3	4	5	Asia	TRUE
HNLY05	Asia	0.967	Africa	0.033	0.934	11023	High	P1_macroregion_africa_vs_asia	macroregion_3	4	5	Asia	TRUE
HNSY04	Asia	0.977	Africa	0.023	0.954	11068	High	P1_macroregion_africa_vs_asia	macroregion_3	4	5	Asia	TRUE
IDJI03	Asia	0.977	Africa	0.023	0.954	11053	High	P1_macroregion_africa_vs_asia	macroregion_3	4	5	Asia	TRUE
IDJI05	Asia	0.982	Africa	0.018	0.964	11076	High	P1_macroregion_africa_vs_asia	macroregion_3	4	5	Asia	TRUE
INAS01	Asia	0.95	Africa	0.05	0.9	11078	High	P1_macroregion_africa_vs_asia	macroregion_3	4	5	Asia	TRUE
INAS04	Asia	0.952	Africa	0.048	0.904	11062	High	P1_macroregion_africa_vs_asia	macroregion_3	4	5	Asia	TRUE
INBH03	Asia	0.961	Africa	0.039	0.922	11067	High	P1_macroregion_africa_vs_asia	macroregion_3	4	5	Asia	TRUE
INPJ03	Asia	0.946	Africa	0.054	0.892	11074	Moderate	P1_macroregion_africa_vs_asia	macroregion_3	4	5	Asia	TRUE
INTG01	Asia	0.97	Africa	0.03	0.94	11068	High	P1_macroregion_africa_vs_asia	macroregion_3	4	5	Asia	TRUE
INTG02	Asia	0.958	Africa	0.042	0.916	11075	High	P1_macroregion_africa_vs_asia	macroregion_3	4	5	Asia	TRUE
INTG03	Asia	0.952	Africa	0.048	0.904	11068	High	P1_macroregion_africa_vs_asia	macroregion_3	4	5	Asia	TRUE
INTG05	Asia	0.954	Africa	0.046	0.908	11066	High	P1_macroregion_africa_vs_asia	macroregion_3	4	5	Asia	TRUE
INTN01	Asia	0.956	Africa	0.044	0.912	11071	High	P1_macroregion_africa_vs_asia	macroregion_3	4	5	Asia	TRUE
INTN03	Asia	0.966	Africa	0.034	0.932	11047	High	P1_macroregion_africa_vs_asia	macroregion_3	4	5	Asia	TRUE
INTN04	Asia	0.902	Africa	0.098	0.804	11083	Moderate	P1_macroregion_africa_vs_asia	macroregion_3	4	5	Asia	TRUE
INTN05	Asia	0.942	Africa	0.058	0.884	11079	Moderate	P1_macroregion_africa_vs_asia	macroregion_3	4	5	Asia	TRUE
JXNC05	Asia	0.977	Africa	0.023	0.954	11058	High	P1_macroregion_africa_vs_asia	macroregion_3	4	5	Asia	TRUE
LAVT03	Asia	0.961	Africa	0.039	0.922	11055	High	P1_macroregion_africa_vs_asia	macroregion_3	4	5	Asia	TRUE
LAVT05	Asia	0.971	Africa	0.029	0.942	11075	High	P1_macroregion_africa_vs_asia	macroregion_3	4	5	Asia	TRUE
LKAD01	Asia	0.949	Africa	0.051	0.898	11070	Moderate	P1_macroregion_africa_vs_asia	macroregion_3	4	5	Asia	TRUE
MLBM04	Africa	0.872	Asia	0.128	0.744	11052	Moderate	P1_macroregion_africa_vs_asia	macroregion_3	4	5	Africa	TRUE
MWZB01	Africa	0.909	Asia	0.091	0.818	11028	Moderate	P1_macroregion_africa_vs_asia	macroregion_3	4	5	Africa	TRUE
MWZB03	Africa	0.952	Asia	0.048	0.904	11028	High	P1_macroregion_africa_vs_asia	macroregion_3	4	5	Africa	TRUE
MWZB04	Africa	0.97	Asia	0.03	0.94	11056	High	P1_macroregion_africa_vs_asia	macroregion_3	4	5	Africa	TRUE
MWZB05	Africa	0.917	Asia	0.083	0.834	11049	Moderate	P1_macroregion_africa_vs_asia	macroregion_3	4	5	Africa	TRUE
PHDV03	Asia	0.983	Africa	0.017	0.966	11065	High	P1_macroregion_africa_vs_asia	macroregion_3	4	5	Asia	TRUE
PKMR05	Asia	0.946	Africa	0.054	0.892	11075	Moderate	P1_macroregion_africa_vs_asia	macroregion_3	4	5	Asia	TRUE
SCLS02	Asia	0.963	Africa	0.037	0.926	11072	High	P1_macroregion_africa_vs_asia	macroregion_3	4	5	Asia	TRUE
SDSG01	Africa	0.877	Asia	0.123	0.754	11041	Moderate	P1_macroregion_africa_vs_asia	macroregion_3	4	5	Africa	TRUE
SDSG03	Africa	0.839	Asia	0.161	0.678	11059	Low	P1_macroregion_africa_vs_asia	macroregion_3	4	5	Africa	TRUE
SNBG05	Africa	0.864	Asia	0.136	0.728	10986	Moderate	P1_macroregion_africa_vs_asia	macroregion_3	4	5	Africa	TRUE
TWPD02	Asia	0.96	Africa	0.04	0.92	10988	High	P1_macroregion_africa_vs_asia	macroregion_3	4	5	Asia	TRUE
TWTY01	Asia	0.981	Africa	0.019	0.962	11060	High	P1_macroregion_africa_vs_asia	macroregion_3	4	5	Asia	TRUE
TWTY04	Asia	0.989	Africa	0.011	0.978	11067	High	P1_macroregion_africa_vs_asia	macroregion_3	4	5	Asia	TRUE
YNBS01	Asia	0.98	Africa	0.02	0.96	11078	High	P1_macroregion_africa_vs_asia	macroregion_3	4	5	Asia	TRUE
ZAMP04	Africa	0.903	Asia	0.097	0.806	11062	Moderate	P1_macroregion_africa_vs_asia	macroregion_3	4	5	Africa	TRUE
ZJZJ02	Asia	0.973	Africa	0.027	0.946	11064	High	P1_macroregion_africa_vs_asia	macroregion_3	4	5	Asia	TRUE
ReuPal3	Asia	0.885	Africa	0.115	0.77	11057	Moderate	P1_macroregion_africa_vs_asia	macroregion_3	4	5	Asia	TRUE
ReuSal1	Asia	0.925	Africa	0.075	0.85	11074	Moderate	P1_macroregion_africa_vs_asia	macroregion_3	4	5	Asia	TRUE
ReuAnd4	Asia	0.949	Africa	0.051	0.898	11023	Moderate	P1_macroregion_africa_vs_asia	macroregion_3	4	5	Asia	TRUE
ReuBen1	Asia	0.9	Africa	0.1	0.8	11076	Moderate	P1_macroregion_africa_vs_asia	macroregion_3	4	5	Asia	TRUE
ReuPau5	Asia	0.963	Africa	0.037	0.926	11078	High	P1_macroregion_africa_vs_asia	macroregion_3	4	5	Asia	TRUE
ComAnj5	Africa	0.943	Asia	0.057	0.886	11070	Moderate	P1_macroregion_africa_vs_asia	macroregion_3	5	1	Africa	TRUE
ComGra2	Africa	0.909	Asia	0.091	0.818	11014	Moderate	P1_macroregion_africa_vs_asia	macroregion_3	5	1	Africa	TRUE
ComMoh3	Africa	0.938	Asia	0.062	0.876	10926	Moderate	P1_macroregion_africa_vs_asia	macroregion_3	5	1	Africa	TRUE
MadAmb3	Africa	0.973	Asia	0.027	0.946	11055	High	P1_macroregion_africa_vs_asia	macroregion_3	5	1	Africa	TRUE
MadAmb4	Africa	0.967	Asia	0.033	0.934	11037	High	P1_macroregion_africa_vs_asia	macroregion_3	5	1	Africa	TRUE
MadMah5	Africa	0.98	Asia	0.02	0.96	11002	High	P1_macroregion_africa_vs_asia	macroregion_3	5	1	Africa	TRUE
MadMan3	Africa	0.956	Asia	0.044	0.912	10949	High	P1_macroregion_africa_vs_asia	macroregion_3	5	1	Africa	TRUE
MadMan5	Africa	0.972	Asia	0.028	0.944	11014	High	P1_macroregion_africa_vs_asia	macroregion_3	5	1	Africa	TRUE
MauLaS2	Asia	0.968	Africa	0.032	0.936	11069	High	P1_macroregion_africa_vs_asia	macroregion_3	5	1	Asia	TRUE
MauLaS5	Asia	0.973	Africa	0.027	0.946	11041	High	P1_macroregion_africa_vs_asia	macroregion_3	5	1	Asia	TRUE
MaySad1	Africa	0.975	Asia	0.025	0.95	11067	High	P1_macroregion_africa_vs_asia	macroregion_3	5	1	Africa	TRUE
ReuBas1	Asia	0.972	Africa	0.028	0.944	11039	High	P1_macroregion_africa_vs_asia	macroregion_3	5	1	Asia	TRUE
ReuBas4	Asia	0.965	Africa	0.035	0.93	11068	High	P1_macroregion_africa_vs_asia	macroregion_3	5	1	Asia	TRUE
BIBJ01	Africa	0.897	Asia	0.103	0.794	10987	Moderate	P1_macroregion_africa_vs_asia	macroregion_3	5	1	Africa	TRUE
BIBJ02	Africa	0.903	Asia	0.097	0.806	10973	Moderate	P1_macroregion_africa_vs_asia	macroregion_3	5	1	Africa	TRUE
CDKB04	Africa	0.924	Asia	0.076	0.848	11065	Moderate	P1_macroregion_africa_vs_asia	macroregion_3	5	1	Africa	TRUE
CIBD03	Africa	0.892	Asia	0.108	0.784	11025	Moderate	P1_macroregion_africa_vs_asia	macroregion_3	5	1	Africa	TRUE
ETMS02	Africa	0.859	Asia	0.141	0.718	11070	Moderate	P1_macroregion_africa_vs_asia	macroregion_3	5	1	Africa	TRUE
GDGZ01	Asia	0.97	Africa	0.03	0.94	11066	High	P1_macroregion_africa_vs_asia	macroregion_3	5	1	Asia	TRUE
HBWH01	Asia	0.974	Africa	0.026	0.948	11068	High	P1_macroregion_africa_vs_asia	macroregion_3	5	1	Asia	TRUE
HNDZ05	Asia	0.977	Africa	0.023	0.954	11076	High	P1_macroregion_africa_vs_asia	macroregion_3	5	1	Asia	TRUE
HNLY05	Asia	0.977	Africa	0.023	0.954	11023	High	P1_macroregion_africa_vs_asia	macroregion_3	5	1	Asia	TRUE
IDJI01	Asia	0.986	Africa	0.014	0.972	11071	High	P1_macroregion_africa_vs_asia	macroregion_3	5	1	Asia	TRUE
INAS01	Asia	0.954	Africa	0.046	0.908	11078	High	P1_macroregion_africa_vs_asia	macroregion_3	5	1	Asia	TRUE
INAS02	Asia	0.944	Africa	0.056	0.888	11064	Moderate	P1_macroregion_africa_vs_asia	macroregion_3	5	1	Asia	TRUE
INBH03	Asia	0.956	Africa	0.044	0.912	11067	High	P1_macroregion_africa_vs_asia	macroregion_3	5	1	Asia	TRUE
INBH04	Asia	0.962	Africa	0.038	0.924	11062	High	P1_macroregion_africa_vs_asia	macroregion_3	5	1	Asia	TRUE
INTG05	Asia	0.954	Africa	0.046	0.908	11066	High	P1_macroregion_africa_vs_asia	macroregion_3	5	1	Asia	TRUE
INTN01	Asia	0.953	Africa	0.047	0.906	11071	High	P1_macroregion_africa_vs_asia	macroregion_3	5	1	Asia	TRUE
INTN03	Asia	0.963	Africa	0.037	0.926	11047	High	P1_macroregion_africa_vs_asia	macroregion_3	5	1	Asia	TRUE
JSZJ01	Asia	0.967	Africa	0.033	0.934	11052	High	P1_macroregion_africa_vs_asia	macroregion_3	5	1	Asia	TRUE
LAVT01	Asia	0.98	Africa	0.02	0.96	11049	High	P1_macroregion_africa_vs_asia	macroregion_3	5	1	Asia	TRUE
MGAT05	Africa	0.956	Asia	0.044	0.912	11059	High	P1_macroregion_africa_vs_asia	macroregion_3	5	1	Africa	TRUE
MLBM04	Africa	0.85	Asia	0.15	0.7	11052	Moderate	P1_macroregion_africa_vs_asia	macroregion_3	5	1	Africa	TRUE
MMYG03	Asia	0.964	Africa	0.036	0.928	11046	High	P1_macroregion_africa_vs_asia	macroregion_3	5	1	Asia	TRUE
MMYG04	Asia	0.986	Africa	0.014	0.972	11030	High	P1_macroregion_africa_vs_asia	macroregion_3	5	1	Asia	TRUE
NGNS03	Africa	0.902	Asia	0.098	0.804	10903	Moderate	P1_macroregion_africa_vs_asia	macroregion_3	5	1	Africa	TRUE
PHDV02	Asia	0.994	Africa	0.006	0.988	11065	High	P1_macroregion_africa_vs_asia	macroregion_3	5	1	Asia	TRUE
PHDV03	Asia	0.985	Africa	0.015	0.97	11065	High	P1_macroregion_africa_vs_asia	macroregion_3	5	1	Asia	TRUE
PHDV04	Asia	0.983	Africa	0.017	0.966	11061	High	P1_macroregion_africa_vs_asia	macroregion_3	5	1	Asia	TRUE
PKMR04	Asia	0.916	Africa	0.084	0.832	11060	Moderate	P1_macroregion_africa_vs_asia	macroregion_3	5	1	Asia	TRUE
SCLS02	Asia	0.969	Africa	0.031	0.938	11072	High	P1_macroregion_africa_vs_asia	macroregion_3	5	1	Asia	TRUE
SCLS04	Asia	0.969	Africa	0.031	0.938	11070	High	P1_macroregion_africa_vs_asia	macroregion_3	5	1	Asia	TRUE
SDSG04	Africa	0.917	Asia	0.083	0.834	10898	Moderate	P1_macroregion_africa_vs_asia	macroregion_3	5	1	Africa	TRUE
SNBG03	Africa	0.897	Asia	0.103	0.794	11065	Moderate	P1_macroregion_africa_vs_asia	macroregion_3	5	1	Africa	TRUE
TWPD01	Asia	0.976	Africa	0.024	0.952	11050	High	P1_macroregion_africa_vs_asia	macroregion_3	5	1	Asia	TRUE
TWPD04	Asia	0.968	Africa	0.032	0.936	10968	High	P1_macroregion_africa_vs_asia	macroregion_3	5	1	Asia	TRUE
TWTY04	Asia	0.968	Africa	0.032	0.936	11067	High	P1_macroregion_africa_vs_asia	macroregion_3	5	1	Asia	TRUE
UGEB05	Africa	0.879	Asia	0.121	0.758	11060	Moderate	P1_macroregion_africa_vs_asia	macroregion_3	5	1	Africa	TRUE
VNTG02	Asia	0.962	Africa	0.038	0.924	11070	High	P1_macroregion_africa_vs_asia	macroregion_3	5	1	Asia	TRUE
VNTG04	Asia	0.977	Africa	0.023	0.954	11067	High	P1_macroregion_africa_vs_asia	macroregion_3	5	1	Asia	TRUE
YNJH02	Asia	0.934	Africa	0.066	0.868	10849	Moderate	P1_macroregion_africa_vs_asia	macroregion_3	5	1	Asia	TRUE
YNJH05	Asia	0.938	Africa	0.062	0.876	10851	Moderate	P1_macroregion_africa_vs_asia	macroregion_3	5	1	Asia	TRUE
ZAMP05	Africa	0.941	Asia	0.059	0.882	11061	Moderate	P1_macroregion_africa_vs_asia	macroregion_3	5	1	Africa	TRUE
ZJZJ01	Asia	0.969	Africa	0.031	0.938	11069	High	P1_macroregion_africa_vs_asia	macroregion_3	5	1	Asia	TRUE
ZJZJ05	Asia	0.974	Africa	0.026	0.948	11077	High	P1_macroregion_africa_vs_asia	macroregion_3	5	1	Asia	TRUE
ReuPal1	Asia	0.93	Africa	0.07	0.86	11056	Moderate	P1_macroregion_africa_vs_asia	macroregion_3	5	1	Asia	TRUE
ReuPal4	Asia	0.955	Africa	0.045	0.91	11002	High	P1_macroregion_africa_vs_asia	macroregion_3	5	1	Asia	TRUE
ReuPaL5	Asia	0.94	Africa	0.06	0.88	11079	Moderate	P1_macroregion_africa_vs_asia	macroregion_3	5	1	Asia	TRUE
ReuAnd1	Asia	0.917	Africa	0.083	0.834	11074	Moderate	P1_macroregion_africa_vs_asia	macroregion_3	5	1	Asia	TRUE
ReuBen5	Asia	0.933	Africa	0.067	0.866	11078	Moderate	P1_macroregion_africa_vs_asia	macroregion_3	5	1	Asia	TRUE
ReuPau3	Asia	0.937	Africa	0.063	0.874	11070	Moderate	P1_macroregion_africa_vs_asia	macroregion_3	5	1	Asia	TRUE
ReuPau4	Asia	0.847	Africa	0.153	0.694	11076	Low	P1_macroregion_africa_vs_asia	macroregion_3	5	1	Asia	TRUE
ReuPie1	Asia	0.814	Africa	0.186	0.628	2265	Low	P1_macroregion_africa_vs_asia	macroregion_3	5	1	Asia	TRUE
ComAnj4	Africa	0.917	Asia	0.083	0.834	11071	Moderate	P1_macroregion_africa_vs_asia	macroregion_3	5	2	Africa	TRUE
ComGra1	Africa	0.893	Asia	0.107	0.786	10934	Moderate	P1_macroregion_africa_vs_asia	macroregion_3	5	2	Africa	TRUE
ComGra5	Africa	0.917	Asia	0.083	0.834	10983	Moderate	P1_macroregion_africa_vs_asia	macroregion_3	5	2	Africa	TRUE
ComMoh1	Africa	0.968	Asia	0.032	0.936	10860	High	P1_macroregion_africa_vs_asia	macroregion_3	5	2	Africa	TRUE
MadMah3	Africa	0.964	Asia	0.036	0.928	11048	High	P1_macroregion_africa_vs_asia	macroregion_3	5	2	Africa	TRUE
MadMan2	Africa	0.96	Asia	0.04	0.92	11007	High	P1_macroregion_africa_vs_asia	macroregion_3	5	2	Africa	TRUE
MauLaS3	Asia	0.983	Africa	0.017	0.966	11069	High	P1_macroregion_africa_vs_asia	macroregion_3	5	2	Asia	TRUE
MaySad3	Africa	0.955	Asia	0.045	0.91	11065	High	P1_macroregion_africa_vs_asia	macroregion_3	5	2	Africa	TRUE
MaySad4	Africa	0.972	Asia	0.028	0.944	11057	High	P1_macroregion_africa_vs_asia	macroregion_3	5	2	Africa	TRUE
ReuSte4	Asia	0.963	Africa	0.037	0.926	11062	High	P1_macroregion_africa_vs_asia	macroregion_3	5	2	Asia	TRUE
BDKG03	Asia	0.954	Africa	0.046	0.908	11053	High	P1_macroregion_africa_vs_asia	macroregion_3	5	2	Asia	TRUE
BIBJ03	Africa	0.896	Asia	0.104	0.792	11034	Moderate	P1_macroregion_africa_vs_asia	macroregion_3	5	2	Africa	TRUE
BIBJ04	Africa	0.909	Asia	0.091	0.818	11046	Moderate	P1_macroregion_africa_vs_asia	macroregion_3	5	2	Africa	TRUE
CDKB03	Africa	0.859	Asia	0.141	0.718	11041	Moderate	P1_macroregion_africa_vs_asia	macroregion_3	5	2	Africa	TRUE
ETMS05	Africa	0.871	Asia	0.129	0.742	11070	Moderate	P1_macroregion_africa_vs_asia	macroregion_3	5	2	Africa	TRUE
GDGZ02	Asia	0.98	Africa	0.02	0.96	11079	High	P1_macroregion_africa_vs_asia	macroregion_3	5	2	Asia	TRUE
GXNN01	Asia	0.978	Africa	0.022	0.956	11079	High	P1_macroregion_africa_vs_asia	macroregion_3	5	2	Asia	TRUE
GXNN04	Asia	0.957	Africa	0.043	0.914	11069	High	P1_macroregion_africa_vs_asia	macroregion_3	5	2	Asia	TRUE
HBWH02	Asia	0.967	Africa	0.033	0.934	11069	High	P1_macroregion_africa_vs_asia	macroregion_3	5	2	Asia	TRUE
HBWH04	Asia	0.989	Africa	0.011	0.978	11073	High	P1_macroregion_africa_vs_asia	macroregion_3	5	2	Asia	TRUE
HNDZ03	Asia	0.945	Africa	0.055	0.89	11073	Moderate	P1_macroregion_africa_vs_asia	macroregion_3	5	2	Asia	TRUE
HNLY03	Asia	0.976	Africa	0.024	0.952	11064	High	P1_macroregion_africa_vs_asia	macroregion_3	5	2	Asia	TRUE
HNSY01	Asia	0.98	Africa	0.02	0.96	11071	High	P1_macroregion_africa_vs_asia	macroregion_3	5	2	Asia	TRUE
IDJI03	Asia	0.979	Africa	0.021	0.958	11053	High	P1_macroregion_africa_vs_asia	macroregion_3	5	2	Asia	TRUE
INAS03	Asia	0.932	Africa	0.068	0.864	11072	Moderate	P1_macroregion_africa_vs_asia	macroregion_3	5	2	Asia	TRUE
INBH02	Asia	0.939	Africa	0.061	0.878	11057	Moderate	P1_macroregion_africa_vs_asia	macroregion_3	5	2	Asia	TRUE
INPJ02	Asia	0.95	Africa	0.05	0.9	11053	High	P1_macroregion_africa_vs_asia	macroregion_3	5	2	Asia	TRUE
INPJ03	Asia	0.971	Africa	0.029	0.942	11074	High	P1_macroregion_africa_vs_asia	macroregion_3	5	2	Asia	TRUE
INTG01	Asia	0.96	Africa	0.04	0.92	11068	High	P1_macroregion_africa_vs_asia	macroregion_3	5	2	Asia	TRUE
INTG02	Asia	0.944	Africa	0.056	0.888	11075	Moderate	P1_macroregion_africa_vs_asia	macroregion_3	5	2	Asia	TRUE
JSZJ04	Asia	0.97	Africa	0.03	0.94	11065	High	P1_macroregion_africa_vs_asia	macroregion_3	5	2	Asia	TRUE
JXNC01	Asia	0.981	Africa	0.019	0.962	11069	High	P1_macroregion_africa_vs_asia	macroregion_3	5	2	Asia	TRUE
JXNC03	Asia	0.969	Africa	0.031	0.938	11072	High	P1_macroregion_africa_vs_asia	macroregion_3	5	2	Asia	TRUE
JXNC05	Asia	0.994	Africa	0.006	0.988	11058	High	P1_macroregion_africa_vs_asia	macroregion_3	5	2	Asia	TRUE
KENB03	Africa	0.911	Asia	0.089	0.822	11069	Moderate	P1_macroregion_africa_vs_asia	macroregion_3	5	2	Africa	TRUE
LAVT03	Asia	0.968	Africa	0.032	0.936	11055	High	P1_macroregion_africa_vs_asia	macroregion_3	5	2	Asia	TRUE
LKAD04	Asia	0.956	Africa	0.044	0.912	11077	High	P1_macroregion_africa_vs_asia	macroregion_3	5	2	Asia	TRUE
LKAD05	Asia	0.954	Africa	0.046	0.908	11058	High	P1_macroregion_africa_vs_asia	macroregion_3	5	2	Asia	TRUE
MLBM05	Africa	0.82	Asia	0.18	0.64	11009	Low	P1_macroregion_africa_vs_asia	macroregion_3	5	2	Africa	TRUE
MMYG05	Asia	0.989	Africa	0.011	0.978	11043	High	P1_macroregion_africa_vs_asia	macroregion_3	5	2	Asia	TRUE
MWZB03	Africa	0.95	Asia	0.05	0.9	11028	High	P1_macroregion_africa_vs_asia	macroregion_3	5	2	Africa	TRUE
MWZB04	Africa	0.966	Asia	0.034	0.932	11056	High	P1_macroregion_africa_vs_asia	macroregion_3	5	2	Africa	TRUE
NPSH06	Asia	0.961	Africa	0.039	0.922	11074	High	P1_macroregion_africa_vs_asia	macroregion_3	5	2	Asia	TRUE
NPSH08	Asia	0.962	Africa	0.038	0.924	11031	High	P1_macroregion_africa_vs_asia	macroregion_3	5	2	Asia	TRUE
PHDM04	Asia	0.993	Africa	0.007	0.986	11022	High	P1_macroregion_africa_vs_asia	macroregion_3	5	2	Asia	TRUE
PHDM05	Asia	0.993	Africa	0.007	0.986	11041	High	P1_macroregion_africa_vs_asia	macroregion_3	5	2	Asia	TRUE
PKMR02	Asia	0.952	Africa	0.048	0.904	11065	High	P1_macroregion_africa_vs_asia	macroregion_3	5	2	Asia	TRUE
SDSG01	Africa	0.88	Asia	0.12	0.76	11041	Moderate	P1_macroregion_africa_vs_asia	macroregion_3	5	2	Africa	TRUE
SNBG02	Africa	0.923	Asia	0.077	0.846	11032	Moderate	P1_macroregion_africa_vs_asia	macroregion_3	5	2	Africa	TRUE
THBK02	Asia	0.942	Africa	0.058	0.884	11044	Moderate	P1_macroregion_africa_vs_asia	macroregion_3	5	2	Asia	TRUE
THPK01	Asia	0.971	Africa	0.029	0.942	11075	High	P1_macroregion_africa_vs_asia	macroregion_3	5	2	Asia	TRUE
THPK05	Asia	0.966	Africa	0.034	0.932	11073	High	P1_macroregion_africa_vs_asia	macroregion_3	5	2	Asia	TRUE
TWPD02	Asia	0.976	Africa	0.024	0.952	10988	High	P1_macroregion_africa_vs_asia	macroregion_3	5	2	Asia	TRUE
TWPD05	Asia	0.947	Africa	0.053	0.894	10254	Moderate	P1_macroregion_africa_vs_asia	macroregion_3	5	2	Asia	TRUE
TWTY02	Asia	0.976	Africa	0.024	0.952	11061	High	P1_macroregion_africa_vs_asia	macroregion_3	5	2	Asia	TRUE
UGEB01	Africa	0.891	Asia	0.109	0.782	11058	Moderate	P1_macroregion_africa_vs_asia	macroregion_3	5	2	Africa	TRUE
UGEB02	Africa	0.897	Asia	0.103	0.794	11045	Moderate	P1_macroregion_africa_vs_asia	macroregion_3	5	2	Africa	TRUE
ZAMP02	Africa	0.874	Asia	0.126	0.748	10933	Moderate	P1_macroregion_africa_vs_asia	macroregion_3	5	2	Africa	TRUE
ZJZJ04	Asia	0.982	Africa	0.018	0.964	11081	High	P1_macroregion_africa_vs_asia	macroregion_3	5	2	Asia	TRUE
ReuPal2	Asia	0.881	Africa	0.119	0.762	11056	Moderate	P1_macroregion_africa_vs_asia	macroregion_3	5	2	Asia	TRUE
ReuPal3	Asia	0.842	Africa	0.158	0.684	11057	Low	P1_macroregion_africa_vs_asia	macroregion_3	5	2	Asia	TRUE
ReuAnd5	Asia	0.876	Africa	0.124	0.752	11082	Moderate	P1_macroregion_africa_vs_asia	macroregion_3	5	2	Asia	TRUE
ReuBen4	Asia	0.949	Africa	0.051	0.898	11074	Moderate	P1_macroregion_africa_vs_asia	macroregion_3	5	2	Asia	TRUE
ReuPie3	Asia	0.927	Africa	0.073	0.854	11069	Moderate	P1_macroregion_africa_vs_asia	macroregion_3	5	2	Asia	TRUE
ComAnj1	Africa	0.954	Asia	0.046	0.908	11077	High	P1_macroregion_africa_vs_asia	macroregion_3	5	3	Africa	TRUE
ComAnj3	Africa	0.945	Asia	0.055	0.89	11065	Moderate	P1_macroregion_africa_vs_asia	macroregion_3	5	3	Africa	TRUE
ComGra6	Africa	0.932	Asia	0.068	0.864	11067	Moderate	P1_macroregion_africa_vs_asia	macroregion_3	5	3	Africa	TRUE
ComMoh5	Africa	0.939	Asia	0.061	0.878	11068	Moderate	P1_macroregion_africa_vs_asia	macroregion_3	5	3	Africa	TRUE
MadMah4	Africa	0.972	Asia	0.028	0.944	11019	High	P1_macroregion_africa_vs_asia	macroregion_3	5	3	Africa	TRUE
MayDem1	Africa	0.969	Asia	0.031	0.938	11075	High	P1_macroregion_africa_vs_asia	macroregion_3	5	3	Africa	TRUE
MaySad5	Africa	0.957	Asia	0.043	0.914	11049	High	P1_macroregion_africa_vs_asia	macroregion_3	5	3	Africa	TRUE
ReuBas3	Asia	0.948	Africa	0.052	0.896	11064	Moderate	P1_macroregion_africa_vs_asia	macroregion_3	5	3	Asia	TRUE
ReuSte3	Asia	0.979	Africa	0.021	0.958	11047	High	P1_macroregion_africa_vs_asia	macroregion_3	5	3	Asia	TRUE
BDKG01	Asia	0.944	Africa	0.056	0.888	11062	Moderate	P1_macroregion_africa_vs_asia	macroregion_3	5	3	Asia	TRUE
BIBJ05	Africa	0.956	Asia	0.044	0.912	10905	High	P1_macroregion_africa_vs_asia	macroregion_3	5	3	Africa	TRUE
CDKB01	Africa	0.867	Asia	0.133	0.734	10996	Moderate	P1_macroregion_africa_vs_asia	macroregion_3	5	3	Africa	TRUE
CDKB05	Africa	0.89	Asia	0.11	0.78	11078	Moderate	P1_macroregion_africa_vs_asia	macroregion_3	5	3	Africa	TRUE
CIBD01	Africa	0.902	Asia	0.098	0.804	11050	Moderate	P1_macroregion_africa_vs_asia	macroregion_3	5	3	Africa	TRUE
FJZZ01	Asia	0.987	Africa	0.013	0.974	11066	High	P1_macroregion_africa_vs_asia	macroregion_3	5	3	Asia	TRUE
FJZZ03	Asia	0.987	Africa	0.013	0.974	11075	High	P1_macroregion_africa_vs_asia	macroregion_3	5	3	Asia	TRUE
FJZZ05	Asia	0.987	Africa	0.013	0.974	11076	High	P1_macroregion_africa_vs_asia	macroregion_3	5	3	Asia	TRUE
GDGZ04	Asia	0.977	Africa	0.023	0.954	11075	High	P1_macroregion_africa_vs_asia	macroregion_3	5	3	Asia	TRUE
GHND02	Africa	0.846	Asia	0.154	0.692	11021	Low	P1_macroregion_africa_vs_asia	macroregion_3	5	3	Africa	TRUE
GHND03	Africa	0.865	Asia	0.135	0.73	10917	Moderate	P1_macroregion_africa_vs_asia	macroregion_3	5	3	Africa	TRUE
GZDY04	Asia	0.971	Africa	0.029	0.942	11078	High	P1_macroregion_africa_vs_asia	macroregion_3	5	3	Asia	TRUE
GZDY05	Asia	0.951	Africa	0.049	0.902	11063	High	P1_macroregion_africa_vs_asia	macroregion_3	5	3	Asia	TRUE
HNLY01	Asia	0.951	Africa	0.049	0.902	11063	High	P1_macroregion_africa_vs_asia	macroregion_3	5	3	Asia	TRUE
HNSY05	Asia	0.97	Africa	0.03	0.94	11064	High	P1_macroregion_africa_vs_asia	macroregion_3	5	3	Asia	TRUE
IDJI02	Asia	0.975	Africa	0.025	0.95	11069	High	P1_macroregion_africa_vs_asia	macroregion_3	5	3	Asia	TRUE
INAS05	Asia	0.959	Africa	0.041	0.918	11067	High	P1_macroregion_africa_vs_asia	macroregion_3	5	3	Asia	TRUE
INBH05	Asia	0.938	Africa	0.062	0.876	10143	Moderate	P1_macroregion_africa_vs_asia	macroregion_3	5	3	Asia	TRUE
INPJ04	Asia	0.973	Africa	0.027	0.946	11057	High	P1_macroregion_africa_vs_asia	macroregion_3	5	3	Asia	TRUE
INTN04	Asia	0.916	Africa	0.084	0.832	11083	Moderate	P1_macroregion_africa_vs_asia	macroregion_3	5	3	Asia	TRUE
KENB02	Africa	0.87	Asia	0.13	0.74	11068	Moderate	P1_macroregion_africa_vs_asia	macroregion_3	5	3	Africa	TRUE
KENB04	Africa	0.918	Asia	0.082	0.836	11073	Moderate	P1_macroregion_africa_vs_asia	macroregion_3	5	3	Africa	TRUE
LAVT05	Asia	0.961	Africa	0.039	0.922	11075	High	P1_macroregion_africa_vs_asia	macroregion_3	5	3	Asia	TRUE
MGAT06	Africa	0.962	Asia	0.038	0.924	11057	High	P1_macroregion_africa_vs_asia	macroregion_3	5	3	Africa	TRUE
MLBM03	Africa	0.908	Asia	0.092	0.816	11054	Moderate	P1_macroregion_africa_vs_asia	macroregion_3	5	3	Africa	TRUE
MMYG01	Asia	0.991	Africa	0.009	0.982	11032	High	P1_macroregion_africa_vs_asia	macroregion_3	5	3	Asia	TRUE
MWZB05	Africa	0.933	Asia	0.067	0.866	11049	Moderate	P1_macroregion_africa_vs_asia	macroregion_3	5	3	Africa	TRUE
MYKL01	Asia	0.974	Africa	0.026	0.948	11065	High	P1_macroregion_africa_vs_asia	macroregion_3	5	3	Asia	TRUE
MYKL05	Asia	0.97	Africa	0.03	0.94	11064	High	P1_macroregion_africa_vs_asia	macroregion_3	5	3	Asia	TRUE
NPSH04	Asia	0.952	Africa	0.048	0.904	11074	High	P1_macroregion_africa_vs_asia	macroregion_3	5	3	Asia	TRUE
PHDM01	Asia	0.982	Africa	0.018	0.964	11036	High	P1_macroregion_africa_vs_asia	macroregion_3	5	3	Asia	TRUE
PHDM03	Asia	0.993	Africa	0.007	0.986	11050	High	P1_macroregion_africa_vs_asia	macroregion_3	5	3	Asia	TRUE
PHDV01	Asia	0.988	Africa	0.012	0.976	11069	High	P1_macroregion_africa_vs_asia	macroregion_3	5	3	Asia	TRUE
PKMR01	Asia	0.951	Africa	0.049	0.902	11035	High	P1_macroregion_africa_vs_asia	macroregion_3	5	3	Asia	TRUE
PKMR05	Asia	0.929	Africa	0.071	0.858	11075	Moderate	P1_macroregion_africa_vs_asia	macroregion_3	5	3	Asia	TRUE
SCLS03	Asia	0.978	Africa	0.022	0.956	11067	High	P1_macroregion_africa_vs_asia	macroregion_3	5	3	Asia	TRUE
SDSG05	Africa	0.816	Asia	0.184	0.632	10922	Low	P1_macroregion_africa_vs_asia	macroregion_3	5	3	Africa	TRUE
SNBG05	Africa	0.856	Asia	0.144	0.712	10986	Moderate	P1_macroregion_africa_vs_asia	macroregion_3	5	3	Africa	TRUE
THPK04	Asia	0.975	Africa	0.025	0.95	11069	High	P1_macroregion_africa_vs_asia	macroregion_3	5	3	Asia	TRUE
UGEB03	Africa	0.862	Asia	0.138	0.724	11063	Moderate	P1_macroregion_africa_vs_asia	macroregion_3	5	3	Africa	TRUE
VNTG01	Asia	0.954	Africa	0.046	0.908	11061	High	P1_macroregion_africa_vs_asia	macroregion_3	5	3	Asia	TRUE
VNTG03	Asia	0.963	Africa	0.037	0.926	11075	High	P1_macroregion_africa_vs_asia	macroregion_3	5	3	Asia	TRUE
YNBS01	Asia	0.975	Africa	0.025	0.95	11078	High	P1_macroregion_africa_vs_asia	macroregion_3	5	3	Asia	TRUE
YNBS05	Asia	0.959	Africa	0.041	0.918	11050	High	P1_macroregion_africa_vs_asia	macroregion_3	5	3	Asia	TRUE
YNJH01	Asia	0.947	Africa	0.053	0.894	10822	Moderate	P1_macroregion_africa_vs_asia	macroregion_3	5	3	Asia	TRUE
YNJH03	Asia	0.954	Africa	0.046	0.908	10720	High	P1_macroregion_africa_vs_asia	macroregion_3	5	3	Asia	TRUE
YNJH04	Asia	0.939	Africa	0.061	0.878	11072	Moderate	P1_macroregion_africa_vs_asia	macroregion_3	5	3	Asia	TRUE
ReuSal1	Asia	0.935	Africa	0.065	0.87	11074	Moderate	P1_macroregion_africa_vs_asia	macroregion_3	5	3	Asia	TRUE
ReuSal2	Asia	0.916	Africa	0.084	0.832	11075	Moderate	P1_macroregion_africa_vs_asia	macroregion_3	5	3	Asia	TRUE
ReuSal3	Asia	0.929	Africa	0.071	0.858	11080	Moderate	P1_macroregion_africa_vs_asia	macroregion_3	5	3	Asia	TRUE
ReuSal4	Asia	0.928	Africa	0.072	0.856	11078	Moderate	P1_macroregion_africa_vs_asia	macroregion_3	5	3	Asia	TRUE
ReuAnd2	Asia	0.925	Africa	0.075	0.85	11075	Moderate	P1_macroregion_africa_vs_asia	macroregion_3	5	3	Asia	TRUE
ReuPau1	Asia	0.907	Africa	0.093	0.814	11071	Moderate	P1_macroregion_africa_vs_asia	macroregion_3	5	3	Asia	TRUE
ReuPie2	Asia	0.924	Africa	0.076	0.848	11074	Moderate	P1_macroregion_africa_vs_asia	macroregion_3	5	3	Asia	TRUE
ReuPie4	Asia	0.796	Africa	0.204	0.592	1688	Low	P1_macroregion_africa_vs_asia	macroregion_3	5	3	Asia	TRUE
ComAnj2	Africa	0.928	Asia	0.072	0.856	11056	Moderate	P1_macroregion_africa_vs_asia	macroregion_3	5	4	Africa	TRUE
MadAmb1	Africa	0.958	Asia	0.042	0.916	11045	High	P1_macroregion_africa_vs_asia	macroregion_3	5	4	Africa	TRUE
MadAmb2	Africa	0.962	Asia	0.038	0.924	11000	High	P1_macroregion_africa_vs_asia	macroregion_3	5	4	Africa	TRUE
MadAmb5	Africa	0.973	Asia	0.027	0.946	11055	High	P1_macroregion_africa_vs_asia	macroregion_3	5	4	Africa	TRUE
MadMah1	Africa	0.971	Asia	0.029	0.942	10994	High	P1_macroregion_africa_vs_asia	macroregion_3	5	4	Africa	TRUE
MadMan4	Africa	0.961	Asia	0.039	0.922	11010	High	P1_macroregion_africa_vs_asia	macroregion_3	5	4	Africa	TRUE
MauLaS1	Asia	0.956	Africa	0.044	0.912	11069	High	P1_macroregion_africa_vs_asia	macroregion_3	5	4	Asia	TRUE
MauLaS4	Asia	0.982	Africa	0.018	0.964	11068	High	P1_macroregion_africa_vs_asia	macroregion_3	5	4	Asia	TRUE
MayDem3	Africa	0.984	Asia	0.016	0.968	11058	High	P1_macroregion_africa_vs_asia	macroregion_3	5	4	Africa	TRUE
MayDem4	Africa	0.969	Asia	0.031	0.938	11064	High	P1_macroregion_africa_vs_asia	macroregion_3	5	4	Africa	TRUE
ReuBas2	Asia	0.977	Africa	0.023	0.954	11039	High	P1_macroregion_africa_vs_asia	macroregion_3	5	4	Asia	TRUE
ReuSte5	Asia	0.943	Africa	0.057	0.886	10202	Moderate	P1_macroregion_africa_vs_asia	macroregion_3	5	4	Asia	TRUE
BDKG02	Asia	0.965	Africa	0.035	0.93	11067	High	P1_macroregion_africa_vs_asia	macroregion_3	5	4	Asia	TRUE
BDKG05	Asia	0.933	Africa	0.067	0.866	11071	Moderate	P1_macroregion_africa_vs_asia	macroregion_3	5	4	Asia	TRUE
CIBD02	Africa	0.862	Asia	0.138	0.724	11056	Moderate	P1_macroregion_africa_vs_asia	macroregion_3	5	4	Africa	TRUE
CIBD04	Africa	0.818	Asia	0.182	0.636	11044	Low	P1_macroregion_africa_vs_asia	macroregion_3	5	4	Africa	TRUE
ETMS04	Africa	0.862	Asia	0.138	0.724	11069	Moderate	P1_macroregion_africa_vs_asia	macroregion_3	5	4	Africa	TRUE
FJZZ02	Asia	0.968	Africa	0.032	0.936	11070	High	P1_macroregion_africa_vs_asia	macroregion_3	5	4	Asia	TRUE
GDGZ03	Asia	0.988	Africa	0.012	0.976	11080	High	P1_macroregion_africa_vs_asia	macroregion_3	5	4	Asia	TRUE
GDGZ05	Asia	0.956	Africa	0.044	0.912	11062	High	P1_macroregion_africa_vs_asia	macroregion_3	5	4	Asia	TRUE
GHND01	Africa	0.804	Asia	0.196	0.608	11045	Low	P1_macroregion_africa_vs_asia	macroregion_3	5	4	Africa	TRUE
GXNN02	Asia	0.977	Africa	0.023	0.954	11058	High	P1_macroregion_africa_vs_asia	macroregion_3	5	4	Asia	TRUE
GXNN03	Asia	0.97	Africa	0.03	0.94	11069	High	P1_macroregion_africa_vs_asia	macroregion_3	5	4	Asia	TRUE
GXNN05	Asia	0.968	Africa	0.032	0.936	11070	High	P1_macroregion_africa_vs_asia	macroregion_3	5	4	Asia	TRUE
GZDY01	Asia	0.968	Africa	0.032	0.936	11081	High	P1_macroregion_africa_vs_asia	macroregion_3	5	4	Asia	TRUE
GZDY02	Asia	0.988	Africa	0.012	0.976	11072	High	P1_macroregion_africa_vs_asia	macroregion_3	5	4	Asia	TRUE
HBWH03	Asia	0.979	Africa	0.021	0.958	11074	High	P1_macroregion_africa_vs_asia	macroregion_3	5	4	Asia	TRUE
HNDZ04	Asia	0.964	Africa	0.036	0.928	11057	High	P1_macroregion_africa_vs_asia	macroregion_3	5	4	Asia	TRUE
HNLY02	Asia	0.954	Africa	0.046	0.908	11036	High	P1_macroregion_africa_vs_asia	macroregion_3	5	4	Asia	TRUE
HNLY04	Asia	0.972	Africa	0.028	0.944	11075	High	P1_macroregion_africa_vs_asia	macroregion_3	5	4	Asia	TRUE
HNSY03	Asia	0.975	Africa	0.025	0.95	11027	High	P1_macroregion_africa_vs_asia	macroregion_3	5	4	Asia	TRUE
INBH01	Asia	0.949	Africa	0.051	0.898	11077	Moderate	P1_macroregion_africa_vs_asia	macroregion_3	5	4	Asia	TRUE
INTG03	Asia	0.954	Africa	0.046	0.908	11068	High	P1_macroregion_africa_vs_asia	macroregion_3	5	4	Asia	TRUE
INTN05	Asia	0.945	Africa	0.055	0.89	11079	Moderate	P1_macroregion_africa_vs_asia	macroregion_3	5	4	Asia	TRUE
JSZJ02	Asia	0.977	Africa	0.023	0.954	11055	High	P1_macroregion_africa_vs_asia	macroregion_3	5	4	Asia	TRUE
JSZJ05	Asia	0.958	Africa	0.042	0.916	11061	High	P1_macroregion_africa_vs_asia	macroregion_3	5	4	Asia	TRUE
JXNC02	Asia	0.977	Africa	0.023	0.954	11075	High	P1_macroregion_africa_vs_asia	macroregion_3	5	4	Asia	TRUE
JXNC04	Asia	0.967	Africa	0.033	0.934	10982	High	P1_macroregion_africa_vs_asia	macroregion_3	5	4	Asia	TRUE
KENB05	Africa	0.892	Asia	0.108	0.784	11037	Moderate	P1_macroregion_africa_vs_asia	macroregion_3	5	4	Africa	TRUE
LAVT04	Asia	0.948	Africa	0.052	0.896	11039	Moderate	P1_macroregion_africa_vs_asia	macroregion_3	5	4	Asia	TRUE
LKAD01	Asia	0.957	Africa	0.043	0.914	11070	High	P1_macroregion_africa_vs_asia	macroregion_3	5	4	Asia	TRUE
MWZB01	Africa	0.928	Asia	0.072	0.856	11028	Moderate	P1_macroregion_africa_vs_asia	macroregion_3	5	4	Africa	TRUE
MWZB02	Africa	0.927	Asia	0.073	0.854	11055	Moderate	P1_macroregion_africa_vs_asia	macroregion_3	5	4	Africa	TRUE
MYKL02	Asia	0.985	Africa	0.015	0.97	11042	High	P1_macroregion_africa_vs_asia	macroregion_3	5	4	Asia	TRUE
MYKL04	Asia	0.949	Africa	0.051	0.898	11066	Moderate	P1_macroregion_africa_vs_asia	macroregion_3	5	4	Asia	TRUE
NGNS02	Africa	0.61	Asia	0.39	0.22	7500	Low	P1_macroregion_africa_vs_asia	macroregion_3	5	4	Africa	TRUE
NPSH07	Asia	0.949	Africa	0.051	0.898	11068	Moderate	P1_macroregion_africa_vs_asia	macroregion_3	5	4	Asia	TRUE
NPSH05	Asia	0.953	Africa	0.047	0.906	11073	High	P1_macroregion_africa_vs_asia	macroregion_3	5	4	Asia	TRUE
PHDM02	Asia	0.983	Africa	0.017	0.966	11006	High	P1_macroregion_africa_vs_asia	macroregion_3	5	4	Asia	TRUE
PKMR03	Asia	0.906	Africa	0.094	0.812	10976	Moderate	P1_macroregion_africa_vs_asia	macroregion_3	5	4	Asia	TRUE
SCLS05	Asia	0.975	Africa	0.025	0.95	11054	High	P1_macroregion_africa_vs_asia	macroregion_3	5	4	Asia	TRUE
SDSG02	Africa	0.87	Asia	0.13	0.74	10937	Moderate	P1_macroregion_africa_vs_asia	macroregion_3	5	4	Africa	TRUE
SNBG01	Africa	0.88	Asia	0.12	0.76	10997	Moderate	P1_macroregion_africa_vs_asia	macroregion_3	5	4	Africa	TRUE
THBK03	Asia	0.975	Africa	0.025	0.95	11079	High	P1_macroregion_africa_vs_asia	macroregion_3	5	4	Asia	TRUE
THBK04	Asia	0.958	Africa	0.042	0.916	11065	High	P1_macroregion_africa_vs_asia	macroregion_3	5	4	Asia	TRUE
THPK03	Asia	0.973	Africa	0.027	0.946	11071	High	P1_macroregion_africa_vs_asia	macroregion_3	5	4	Asia	TRUE
UGEB04	Africa	0.858	Asia	0.142	0.716	11053	Moderate	P1_macroregion_africa_vs_asia	macroregion_3	5	4	Africa	TRUE
ZAMP01	Africa	0.926	Asia	0.074	0.852	10990	Moderate	P1_macroregion_africa_vs_asia	macroregion_3	5	4	Africa	TRUE
ZAMP03	Africa	0.892	Asia	0.108	0.784	10947	Moderate	P1_macroregion_africa_vs_asia	macroregion_3	5	4	Africa	TRUE
ReuAnd4	Asia	0.95	Africa	0.05	0.9	11023	High	P1_macroregion_africa_vs_asia	macroregion_3	5	4	Asia	TRUE
ReuBen1	Asia	0.9	Africa	0.1	0.8	11076	Moderate	P1_macroregion_africa_vs_asia	macroregion_3	5	4	Asia	TRUE
ReuBen2	Asia	0.912	Africa	0.088	0.824	11076	Moderate	P1_macroregion_africa_vs_asia	macroregion_3	5	4	Asia	TRUE
ReuBen3	Asia	0.955	Africa	0.045	0.91	11072	High	P1_macroregion_africa_vs_asia	macroregion_3	5	4	Asia	TRUE
ReuPau5	Asia	0.955	Africa	0.045	0.91	11078	High	P1_macroregion_africa_vs_asia	macroregion_3	5	4	Asia	TRUE
ComGra3	Africa	0.931	Asia	0.069	0.862	11052	Moderate	P1_macroregion_africa_vs_asia	macroregion_3	5	5	Africa	TRUE
ComMoh2	Africa	0.95	Asia	0.05	0.9	11062	High	P1_macroregion_africa_vs_asia	macroregion_3	5	5	Africa	TRUE
ComMoh4	Africa	0.971	Asia	0.029	0.942	10994	High	P1_macroregion_africa_vs_asia	macroregion_3	5	5	Africa	TRUE
MadMah2	Africa	0.972	Asia	0.028	0.944	11026	High	P1_macroregion_africa_vs_asia	macroregion_3	5	5	Africa	TRUE
MadMan1	Africa	0.968	Asia	0.032	0.936	10999	High	P1_macroregion_africa_vs_asia	macroregion_3	5	5	Africa	TRUE
MayDem2	Africa	0.958	Asia	0.042	0.916	11061	High	P1_macroregion_africa_vs_asia	macroregion_3	5	5	Africa	TRUE
MayDem5	Africa	0.967	Asia	0.033	0.934	11043	High	P1_macroregion_africa_vs_asia	macroregion_3	5	5	Africa	TRUE
MaySad2	Africa	0.977	Asia	0.023	0.954	11061	High	P1_macroregion_africa_vs_asia	macroregion_3	5	5	Africa	TRUE
ReuBas5	Asia	0.95	Africa	0.05	0.9	11065	High	P1_macroregion_africa_vs_asia	macroregion_3	5	5	Asia	TRUE
ReuSte1	Asia	0.976	Africa	0.024	0.952	11058	High	P1_macroregion_africa_vs_asia	macroregion_3	5	5	Asia	TRUE
ReuSte2	Asia	0.979	Africa	0.021	0.958	11058	High	P1_macroregion_africa_vs_asia	macroregion_3	5	5	Asia	TRUE
BDKG04	Asia	0.972	Africa	0.028	0.944	11071	High	P1_macroregion_africa_vs_asia	macroregion_3	5	5	Asia	TRUE
CDKB02	Africa	0.904	Asia	0.096	0.808	11026	Moderate	P1_macroregion_africa_vs_asia	macroregion_3	5	5	Africa	TRUE
CIBD05	Africa	0.901	Asia	0.099	0.802	11039	Moderate	P1_macroregion_africa_vs_asia	macroregion_3	5	5	Africa	TRUE
ETMS01	Africa	0.894	Asia	0.106	0.788	10874	Moderate	P1_macroregion_africa_vs_asia	macroregion_3	5	5	Africa	TRUE
ETMS03	Africa	0.885	Asia	0.115	0.77	11059	Moderate	P1_macroregion_africa_vs_asia	macroregion_3	5	5	Africa	TRUE
FJZZ04	Asia	0.968	Africa	0.032	0.936	11076	High	P1_macroregion_africa_vs_asia	macroregion_3	5	5	Asia	TRUE
GHND04	Africa	0.899	Asia	0.101	0.798	11035	Moderate	P1_macroregion_africa_vs_asia	macroregion_3	5	5	Africa	TRUE
GHND05	Africa	0.824	Asia	0.176	0.648	10804	Low	P1_macroregion_africa_vs_asia	macroregion_3	5	5	Africa	TRUE
GZDY03	Asia	0.968	Africa	0.032	0.936	11062	High	P1_macroregion_africa_vs_asia	macroregion_3	5	5	Asia	TRUE
HBWH05	Asia	0.964	Africa	0.036	0.928	11066	High	P1_macroregion_africa_vs_asia	macroregion_3	5	5	Asia	TRUE
HNDZ01	Asia	0.975	Africa	0.025	0.95	11076	High	P1_macroregion_africa_vs_asia	macroregion_3	5	5	Asia	TRUE
HNDZ02	Asia	0.973	Africa	0.027	0.946	11067	High	P1_macroregion_africa_vs_asia	macroregion_3	5	5	Asia	TRUE
HNSY02	Asia	0.973	Africa	0.027	0.946	11072	High	P1_macroregion_africa_vs_asia	macroregion_3	5	5	Asia	TRUE
HNSY04	Asia	0.974	Africa	0.026	0.948	11068	High	P1_macroregion_africa_vs_asia	macroregion_3	5	5	Asia	TRUE
IDJI04	Asia	0.971	Africa	0.029	0.942	11047	High	P1_macroregion_africa_vs_asia	macroregion_3	5	5	Asia	TRUE
IDJI05	Asia	0.979	Africa	0.021	0.958	11076	High	P1_macroregion_africa_vs_asia	macroregion_3	5	5	Asia	TRUE
INAS04	Asia	0.962	Africa	0.038	0.924	11062	High	P1_macroregion_africa_vs_asia	macroregion_3	5	5	Asia	TRUE
INPJ01	Asia	0.927	Africa	0.073	0.854	11038	Moderate	P1_macroregion_africa_vs_asia	macroregion_3	5	5	Asia	TRUE
INPJ05	Asia	0.948	Africa	0.052	0.896	11057	Moderate	P1_macroregion_africa_vs_asia	macroregion_3	5	5	Asia	TRUE
INTG04	Asia	0.953	Africa	0.047	0.906	11067	High	P1_macroregion_africa_vs_asia	macroregion_3	5	5	Asia	TRUE
INTN02	Asia	0.936	Africa	0.064	0.872	11071	Moderate	P1_macroregion_africa_vs_asia	macroregion_3	5	5	Asia	TRUE
JSZJ03	Asia	0.972	Africa	0.028	0.944	11068	High	P1_macroregion_africa_vs_asia	macroregion_3	5	5	Asia	TRUE
KENB01	Africa	0.894	Asia	0.106	0.788	11075	Moderate	P1_macroregion_africa_vs_asia	macroregion_3	5	5	Africa	TRUE
LAVT02	Asia	0.956	Africa	0.044	0.912	11018	High	P1_macroregion_africa_vs_asia	macroregion_3	5	5	Asia	TRUE
LKAD02	Asia	0.954	Africa	0.046	0.908	11077	High	P1_macroregion_africa_vs_asia	macroregion_3	5	5	Asia	TRUE
LKAD03	Asia	0.954	Africa	0.046	0.908	11074	High	P1_macroregion_africa_vs_asia	macroregion_3	5	5	Asia	TRUE
MLBM01	Africa	0.83	Asia	0.17	0.66	11072	Low	P1_macroregion_africa_vs_asia	macroregion_3	5	5	Africa	TRUE
MLBM02	Africa	0.867	Asia	0.133	0.734	11070	Moderate	P1_macroregion_africa_vs_asia	macroregion_3	5	5	Africa	TRUE
MMYG02	Asia	0.97	Africa	0.03	0.94	10996	High	P1_macroregion_africa_vs_asia	macroregion_3	5	5	Asia	TRUE
MYKL03	Asia	0.966	Africa	0.034	0.932	11070	High	P1_macroregion_africa_vs_asia	macroregion_3	5	5	Asia	TRUE
NGNS01	Africa	0.831	Asia	0.169	0.662	11019	Low	P1_macroregion_africa_vs_asia	macroregion_3	5	5	Africa	TRUE
PHDV05	Asia	0.991	Africa	0.009	0.982	11061	High	P1_macroregion_africa_vs_asia	macroregion_3	5	5	Asia	TRUE
SCLS01	Asia	0.954	Africa	0.046	0.908	11071	High	P1_macroregion_africa_vs_asia	macroregion_3	5	5	Asia	TRUE
SDSG03	Africa	0.857	Asia	0.143	0.714	11059	Moderate	P1_macroregion_africa_vs_asia	macroregion_3	5	5	Africa	TRUE
SNBG04	Africa	0.889	Asia	0.111	0.778	11050	Moderate	P1_macroregion_africa_vs_asia	macroregion_3	5	5	Africa	TRUE
THBK01	Asia	0.97	Africa	0.03	0.94	11073	High	P1_macroregion_africa_vs_asia	macroregion_3	5	5	Asia	TRUE
THBK06	Asia	0.976	Africa	0.024	0.952	11052	High	P1_macroregion_africa_vs_asia	macroregion_3	5	5	Asia	TRUE
THPK02	Asia	0.962	Africa	0.038	0.924	11066	High	P1_macroregion_africa_vs_asia	macroregion_3	5	5	Asia	TRUE
TWPD03	Asia	0.954	Africa	0.046	0.908	11044	High	P1_macroregion_africa_vs_asia	macroregion_3	5	5	Asia	TRUE
TWTY01	Asia	0.971	Africa	0.029	0.942	11060	High	P1_macroregion_africa_vs_asia	macroregion_3	5	5	Asia	TRUE
TWTY03	Asia	0.972	Africa	0.028	0.944	11053	High	P1_macroregion_africa_vs_asia	macroregion_3	5	5	Asia	TRUE
TWTY05	Asia	0.966	Africa	0.034	0.932	11069	High	P1_macroregion_africa_vs_asia	macroregion_3	5	5	Asia	TRUE
VNTG05	Asia	0.954	Africa	0.046	0.908	10989	High	P1_macroregion_africa_vs_asia	macroregion_3	5	5	Asia	TRUE
YNBS02	Asia	0.958	Africa	0.042	0.916	11072	High	P1_macroregion_africa_vs_asia	macroregion_3	5	5	Asia	TRUE
YNBS03	Asia	0.966	Africa	0.034	0.932	11073	High	P1_macroregion_africa_vs_asia	macroregion_3	5	5	Asia	TRUE
YNBS04	Asia	0.975	Africa	0.025	0.95	11075	High	P1_macroregion_africa_vs_asia	macroregion_3	5	5	Asia	TRUE
ZAMP04	Africa	0.92	Asia	0.08	0.84	11062	Moderate	P1_macroregion_africa_vs_asia	macroregion_3	5	5	Africa	TRUE
ZJZJ02	Asia	0.959	Africa	0.041	0.918	11064	High	P1_macroregion_africa_vs_asia	macroregion_3	5	5	Asia	TRUE
ZJZJ03	Asia	0.959	Africa	0.041	0.918	11077	High	P1_macroregion_africa_vs_asia	macroregion_3	5	5	Asia	TRUE
ReuSaL5	Asia	0.891	Africa	0.109	0.782	11081	Moderate	P1_macroregion_africa_vs_asia	macroregion_3	5	5	Asia	TRUE
ReuAnd3	Asia	0.905	Africa	0.095	0.81	11075	Moderate	P1_macroregion_africa_vs_asia	macroregion_3	5	5	Asia	TRUE
ReuPau2	Asia	0.937	Africa	0.063	0.874	11077	Moderate	P1_macroregion_africa_vs_asia	macroregion_3	5	5	Asia	TRUE
ReuPie5	Asia	0.955	Africa	0.045	0.91	11074	High	P1_macroregion_africa_vs_asia	macroregion_3	5	5	Asia	TRUE
