snp_id	importance
OG4900_1063_T_C	0.845926370202178
OG6609_519_T_C	0.808175955613246
OG5186_4987_T_A	0.754743936128494
OG5508_1389_C_T	0.707818125459345
OG4242_891_T_C	0.706725594514962
OG1996_1216_C_T	0.679303124363612
OG3978_1326_C_T	0.603415977759722
OG5494_660_A_G	0.601598848356069
OG9595_504_T_C	0.586035503447042
OG4201_1485_C_T	0.576106206793477
OG4651_690_T_A	0.572493007675832
OG1005_1590_C_T	0.562859673290988
OG2171_47_A_T	0.527954186455383
OG6396_1014_A_C	0.508568679394118
OG4843_1394_C_T	0.453752613702695
OG10096_411_G_A	0.445496779411793
OG122_6252_G_A	0.427421368885813
OG509_775_A_G	0.417853658216925
OG5910_42_C_T	0.408207153386361
OG4102_156_C_T	0.379040479737263
OG8885_11_G_T	0.353948595723668
OG3208_1533_C_T	0.334253193363711
OG83_8964_A_T	0.325631026043184
OG308_1094_A_G	0.319480565452307
OG4413_532_A_T	0.316255432276247
OG301_3375_T_C	0.31231684160961
OG3655_192_G_A	0.308583839416189
OG3570_144_C_T	0.306371647412409
OG3089_567_T_C	0.298429810436987
OG381_612_T_C	0.288216822598991
OG6541_875_A_G	0.280984208298604
OG1855_195_G_C	0.278277649573686
OG1469_2565_A_G	0.274889908910502
OG10258_156_C_T	0.274229470449545
OG5396_1370_C_T	0.273884811537312
OG312_1986_C_T	0.273215818376994
OG5860_330_C_T	0.263098844303963
OG92_1173_C_T	0.261424159225048
OG4523_711_A_T	0.258311573718942
OG4724_693_C_T	0.258188384097942
OG9478_685_G_A	0.257626343263615
OG3986_255_T_C	0.255394220561232
OG9707_2571_C_T	0.253789124292403
OG5582_984_A_G	0.25249014594446
OG4251_114_T_C	0.252428070778602
OG8300_567_T_C	0.250984914368907
OG1234_1236_G_A	0.246018711105607
OG106_906_A_C	0.245995134323293
OG2943_1108_T_A	0.245194485767217
OG8478_500_G_T	0.243504806362269
OG9631_255_G_A	0.24132422019091
OG4700_1192_G_A	0.235346696282786
OG521_2952_C_T	0.235142645042216
OG5157_492_G_A	0.23489622932516
OG2838_33_C_T	0.233016200639131
OG4946_844_C_T	0.227644981431694
OG1831_202_C_G	0.221544688001055
OG3875_1314_A_G	0.220766528630471
OG1911_205_C_A	0.219491703967585
OG6015_204_T_C	0.219272059386053
OG3265_825_C_T	0.218874817812013
OG9715_555_A_G	0.218548571238025
OG3287_1488_C_T	0.217037929527876
OG2743_1827_A_G	0.215887864886069
OG11324_1153_C_T	0.213817568026456
OG4429_699_A_T	0.211847111557604
OG3893_804_C_T	0.210075268587967
OG3795_1743_T_C	0.209039392977709
OG8237_275_G_A	0.208190644996337
OG265_3033_G_A	0.206973058911233
OG10173_378_G_A	0.202967306382972
OG5457_705_A_G	0.199936034292434
OG2760_798_A_C	0.199662907070142
OG433_2997_A_C	0.198532887659261
OG632_3288_G_T	0.197164220630457
OG7866_29_G_A	0.19593673109632
OG9831_38_C_A	0.19530042218949
OG2170_1119_C_T	0.193728543475746
OG3209_42_C_T	0.193488873977122
OG9114_314_A_T	0.192935699767487
OG9938_182_T_G	0.192376923904261
OG10986_213_T_C	0.190151004986951
OG8113_285_G_A	0.188472416252204
OG4818_1474_G_A	0.187156319248476
OG2260_1066_G_A	0.184869293492903
OG108_10296_G_A	0.184389709210993
OG8989_129_A_G	0.180683045422659
OG9792_456_C_T	0.179928184088735
OG7791_834_T_C	0.17906800149623
OG5234_983_A_G	0.178832494545138
OG4892_1344_C_T	0.178193873649583
OG1252_2648_C_A	0.178041355888514
OG1725_1305_G_A	0.176126985742915
OG3861_1425_C_T	0.174669288541022
OG1272_2983_A_G	0.164470922610436
OG5178_756_A_T	0.161977835896807
OG3299_426_T_A	0.160445819221085
OG10120_39_T_C	0.160307306079554
OG4935_1092_G_A	0.159858708356872
OG3456_1633_C_T	0.158780017781137
OG9050_531_T_C	0.157614914118968
OG4839_1259_T_C	0.157537890064514
OG9698_207_A_C	0.156961389791153
OG1208_3126_T_C	0.155708782078543
OG11268_116_G_A	0.154564303261087
OG1440_634_G_A	0.153340125576406
OG4410_1349_C_T	0.151571957667626
OG1196_3093_G_A	0.150254591452979
OG238_3633_G_A	0.148039823370121
OG4906_1239_G_A	0.146887428277623
OG6849_1588_T_G	0.146343190832039
OG5148_796_C_T	0.145900796539439
OG2554_2252_G_A	0.145525431828258
OG3471_933_C_T	0.144683144539287
OG5065_719_G_A	0.144664665281897
OG4401_786_A_G	0.143866094075511
OG1318_2979_A_T	0.142675151719958
OG6062_1284_T_C	0.141844022396345
OG2228_504_C_T	0.140811643911133
OG1551_808_G_A	0.1386840881489
OG3825_1370_C_A	0.138423619530778
OG5497_1059_T_C	0.136373524739808
OG6389_925_T_C	0.135228619794915
OG2432_1389_G_A	0.134175964351399
OG1020_3522_C_T	0.132416577634289
OG2777_1953_G_A	0.131581231576359
OG2060_2124_G_A	0.131425166738383
OG5822_1164_G_A	0.130949952353167
OG3098_838_G_A	0.130033879465687
OG7576_1251_G_A	0.129695093952989
OG8419_483_C_G	0.129152030050304
OG7124_339_C_G	0.128168906542353
OG4375_1300_C_T	0.127801564339762
OG1836_1740_C_T	0.127584477166076
OG6056_1176_C_T	0.127536362165975
OG5492_1272_C_T	0.127330914811987
OG3766_774_A_G	0.127204667309059
OG9690_462_C_T	0.126349270686087
OG1941_1794_T_C	0.126320738010722
OG3243_1398_T_A	0.122696308051775
OG2537_1746_C_T	0.121965333473657
OG6174_272_G_A	0.121625627630716
OG28_3324_G_T	0.121239830708989
OG103_1091_C_T	0.120825820649178
OG7110_603_T_C	0.120771118053439
OG840_4167_C_T	0.120708736379467
OG9797_360_C_T	0.119958263260061
OG498_1941_C_T	0.118408104995919
OG14_13081_G_A	0.118207528481632
OG7044_762_T_C	0.117890096600539
OG119_5247_T_C	0.117853534894892
OG6835_186_A_G	0.114292269224527
OG3240_1647_T_C	0.113086474994108
OG184_3238_G_A	0.11277245944182
OG451_4471_G_A	0.112287376416625
OG1651_2096_A_C	0.111573594009256
OG2025_2223_A_T	0.111526825654514
OG9410_580_T_A	0.11109685710209
OG579_4275_C_T	0.110718347753865
OG510_4548_T_C	0.110201576682629
OG57_2567_A_T	0.109529064828179
OG4682_507_C_T	0.109150349226833
OG32_3855_A_G	0.108526332033825
OG4797_600_A_G	0.108243784324157
OG1182_2544_A_G	0.10730799260303
OG3213_117_G_T	0.107195434599497
OG9592_426_T_C	0.106484911387782
OG4490_603_G_A	0.10638103202892
OG8149_45_G_A	0.10579220040685
OG2392_1527_C_T	0.105757629614046
OG9842_193_C_G	0.105736316947429
OG6709_495_C_T	0.105258219315729
OG3543_66_G_A	0.104397557705067
OG5219_528_C_T	0.104240674818416
OG5988_360_C_T	0.103638712408734
OG4706_507_A_G	0.102970242586883
OG1561_657_T_A	0.102082066852103
OG140_2526_T_C	0.101776073134732
OG1890_733_T_C	0.10160348404364
OG9537_270_A_G	0.101589148399581
OG4212_564_C_T	0.100957402721692
OG7548_691_A_T	0.100867477723672
OG6946_57_T_C	0.100786238500503
OG2719_1155_G_A	0.0999336889394766
OG2292_858_C_T	0.0998333718026417
OG751_3727_T_A	0.0990658008494332
OG4446_282_T_A	0.0989791880450316
OG172_2364_G_A	0.0984416174884779
OG5141_1093_G_A	0.0984146744169573
OG6030_438_G_A	0.0983123503562473
OG4325_1608_G_A	0.0967835217950779
OG6336_369_C_T	0.0967118409154175
OG4339_25_A_G	0.0966493565168652
OG11044_2522_C_T	0.0964355833893804
OG1010_3009_A_G	0.0962912570720061
OG7708_36_G_A	0.0961410806669165
OG1637_1953_A_T	0.0961351063622827
OG278_1522_A_G	0.0957907202656546
OG6770_1098_T_G	0.0957059539153926
OG5961_443_T_C	0.0956289952221051
OG6911_798_G_A	0.095518009222551
OG2969_824_G_C	0.0933755646372497
OG13_12918_G_A	0.0932046705761875
OG1784_2304_A_T	0.0928925138219952
OG1421_1215_G_A	0.0928078062372795
OG591_4220_A_G	0.0928039076296129
OG3144_1722_C_T	0.0927964004749041
OG10510_288_C_T	0.0927473134039367
OG11312_126_G_A	0.0915611783282021
OG639_914_A_G	0.0910336155280102
OG497_3148_G_C	0.0908786067813785
OG218_7814_A_G	0.0908498696322991
OG2275_2046_A_G	0.0907873082526634
OG9315_333_C_T	0.090388709340309
OG2630_892_C_T	0.090277253961824
OG126_3030_A_G	0.0900379046804858
OG306_6070_T_C	0.0896610275304371
OG4457_1598_A_G	0.0892534266623829
OG8181_700_T_C	0.088696942417297
OG158_3444_A_G	0.0885003962333359
OG1893_1280_A_G	0.0884303169127742
OG1627_2082_G_A	0.0882689438237045
OG6119_858_C_T	0.0880282420626056
OG5431_705_A_T	0.087755175659283
OG930_615_C_T	0.0877317044704838
OG699_2103_A_C	0.0875872102934028
OG3006_957_C_T	0.0872890427466289
OG1205_2922_T_C	0.0871937018965089
OG1343_1701_T_A	0.0867684921045246
OG5029_486_T_G	0.0863822012495226
OG488_530_G_A	0.0861224935273427
OG9584_174_C_T	0.0854396262268434
OG3530_1626_C_T	0.0850752746508418
OG4815_258_G_A	0.0844323848400704
OG3158_1494_G_A	0.0843953256422593
OG1665_2163_G_A	0.0841663039217527
OG2729_48_G_A	0.0837650019532574
OG2353_1857_A_G	0.083234951248421
OG942_1641_G_A	0.0830863939044188
OG1636_741_T_A	0.0829812902348216
OG2785_249_G_A	0.0829490235890797
OG9827_168_C_G	0.0823260804344787
OG8854_90_G_A	0.0822272964083026
OG250_1899_G_A	0.0818851164268507
OG8345_348_T_C	0.0815116513061338
OG337_3981_G_A	0.0806091819930766
OG9608_1017_C_T	0.0794537654578728
OG6085_1123_A_T	0.0792687523774981
OG243_681_A_T	0.0792225602774206
OG2184_747_C_T	0.0791185778659423
OG7766_606_T_C	0.0790372645251635
OG862_1736_C_G	0.0787487686589996
OG4880_840_G_T	0.0774817341530234
OG4736_1101_T_C	0.0766941015724931
OG1781_1320_C_T	0.0766149243592456
OG4763_392_C_A	0.0764668252683195
OG6051_798_T_A	0.0763771837624006
OG5886_270_T_C	0.0761970547450651
OG843_3834_T_C	0.0761242323225364
OG1778_1310_A_C	0.0759824202738163
OG77_202_C_T	0.0759541443554404
OG1575_1545_G_A	0.0758028771418618
OG7575_380_T_A	0.0755713254386807
OG514_3480_C_G	0.0752254071913779
OG6055_141_G_A	0.075089570767821
OG1553_2733_A_G	0.0747866609070551
OG309_5658_A_C	0.0740849068018195
OG7879_542_G_A	0.0740105131282548
OG3359_750_C_T	0.0735089483148635
OG1677_388_G_A	0.0732714304906207
OG4910_135_A_G	0.0732230278653772
OG1358_2763_A_G	0.0731337923685444
OG205_3279_G_A	0.0730198182732156
OG2377_978_T_C	0.0727293116830097
OG5809_309_G_A	0.0726991375379165
OG3965_183_G_T	0.0726499455218237
OG5878_1029_T_A	0.0724096092122673
OG841_3634_G_A	0.0723897904951198
OG8958_549_C_T	0.0722330403226374
OG1383_1561_G_A	0.0716850009364327
OG335_6515_T_C	0.071416774834153
OG4140_936_A_G	0.0708506697295129
OG343_9615_C_A	0.0705812838950784
OG7828_206_G_A	0.0701966511814379
OG8472_666_G_A	0.069954708849065
OG1210_2769_G_A	0.0696974607271739
OG8665_438_A_T	0.0694637648528663
OG6293_612_T_A	0.0692773430368497
OG252_3210_G_T	0.0691205010614794
OG2396_2178_C_T	0.0691182179504608
OG9713_617_C_A	0.0690947749935367
OG2685_828_G_A	0.069056765367934
OG3723_450_A_G	0.0690505582711024
OG3373_574_T_C	0.0682428522709296
OG7656_673_A_G	0.0682030889174352
OG7930_816_C_T	0.0672573822884652
OG8728_756_T_C	0.0670760169789582
OG1737_42_T_C	0.0670609067298601
OG6409_852_A_G	0.0670232608842835
OG5739_1128_A_G	0.0663953090862728
OG2000_840_A_T	0.066212953463355
OG5282_1392_A_G	0.065915835045305
OG1090_1689_T_A	0.0658991420794401
OG6276_585_A_C	0.0657951678871044
OG1292_3273_G_A	0.0657756761691148
OG8157_426_G_C	0.0653413564297562
OG6942_564_T_G	0.0652318113018669
OG2497_1431_C_T	0.0651577535304479
OG740_882_C_T	0.0649602597268322
OG7082_876_C_T	0.0647310495382059
OG2860_303_C_T	0.0646986918832618
OG5399_451_C_T	0.0646188143119121
OG5359_208_T_A	0.064552592260816
OG4097_74_C_T	0.0643071650996716
OG2316_1749_T_G	0.064041355275117
OG5274_570_C_T	0.0639957544563838
OG3361_1446_G_A	0.0639388855784565
OG2788_1689_C_T	0.0637633602485669
OG3715_1149_T_C	0.0637550102458992
OG1113_1950_C_T	0.0637029165219057
OG4008_867_T_C	0.0636879802762526
OG1852_1785_G_A	0.0636769880182461
OG8059_252_G_C	0.063461237116283
OG9781_460_C_A	0.0631590170710045
OG9962_177_T_A	0.062922377218847
OG2791_1379_T_C	0.0627605656229006
OG6063_843_C_T	0.0627151367682778
OG3617_744_A_G	0.0627060588170931
OG10963_246_T_G	0.0626405288754829
OG4272_1038_T_C	0.0625096008589058
OG1516_1929_A_G	0.0615617750730642
OG2307_2211_T_C	0.0615309014219581
OG8338_577_T_C	0.0614794937152983
OG729_4276_A_G	0.0612762242940027
OG5678_954_A_T	0.0611579568082037
OG131_7145_A_G	0.0611276400282933
OG1686_198_T_C	0.0610092297865468
OG2935_552_C_T	0.0609935601118023
OG10697_333_T_C	0.0607534821325841
OG5992_163_C_T	0.0606190625188764
OG820_1909_T_C	0.0604387483337558
OG8909_802_T_C	0.0602628496382944
OG4114_758_T_C	0.059929425380567
OG6189_739_C_T	0.0598252484438712
OG3014_51_A_C	0.0598080537375951
OG7756_768_A_T	0.0597277781193264
OG796_1737_G_A	0.0595834841836444
OG530_1473_T_A	0.059178582954106
OG5833_903_A_G	0.059066902924078
OG520_985_C_T	0.0588740764685665
OG651_3084_G_A	0.0587928422437351
OG3234_609_T_G	0.0587272282471598
OG8012_147_A_C	0.0587071358812899
OG93_1146_C_T	0.058637128851328
OG7569_753_T_A	0.0585977240388032
OG5857_252_G_A	0.058566149449327
OG974_1987_T_C	0.0584152571645765
OG6738_1089_G_A	0.0584030868663454
OG5073_900_A_G	0.058316018281298
OG4740_69_T_C	0.058224526575971
OG3363_1537_T_C	0.0580057239412787
OG2366_2280_A_G	0.0578998492508864
OG2902_1557_G_A	0.057891452376331
OG584_3711_G_C	0.0578704943787238
OG869_2142_C_T	0.0578004410934056
OG845_3030_G_A	0.0577539205183398
OG9280_474_G_A	0.0577015110570329
OG216_5600_A_T	0.0575550985543418
OG3942_1212_C_T	0.0574752363665867
OG4671_27_G_A	0.0570842719643223
OG5122_822_C_T	0.0569897128786124
OG7178_540_A_G	0.0567434371384923
OG2818_459_T_C	0.0566833179205758
OG2813_2208_G_A	0.0566724329820386
OG5228_840_C_T	0.0566285559789096
OG8725_396_G_A	0.0565481029045102
OG7355_709_G_A	0.0565275363517672
OG76_9984_C_T	0.0560049377551689
OG3621_2028_T_C	0.0559649139561241
OG4034_432_G_A	0.055801658148325
OG5343_216_T_C	0.055761193679454
OG9632_441_G_A	0.0556113045961437
OG10269_615_C_T	0.0555837670052414
OG4691_1572_T_G	0.0555167648955588
OG9275_525_A_G	0.0554955785262384
OG4529_1395_C_A	0.0554602973749472
OG5259_825_A_G	0.0554107848564971
OG4496_807_T_C	0.0552972331180415
OG5790_1050_C_T	0.055033712075139
OG565_2466_G_A	0.0548736377456609
OG7485_724_C_T	0.0548508549879127
OG4608_762_C_T	0.0548143494516454
OG778_3790_G_A	0.0547865812865304
OG61_1172_G_A	0.0547800849032764
OG2862_522_A_T	0.0545588899786086
OG468_3417_C_G	0.0545361565602597
OG5844_1284_T_C	0.0541199196897661
OG646_1635_A_T	0.0539688938486494
OG2797_378_G_A	0.0539532586966306
OG7690_107_A_G	0.0538477673592515
OG1104_4280_G_A	0.0536874271518293
OG6315_1038_C_T	0.0536632827081346
OG890_1115_A_G	0.0535479510505619
OG291_2026_T_C	0.0533002055232681
OG4043_396_A_G	0.053258763170003
OG3108_1549_C_T	0.0532156449927379
OG2781_861_A_G	0.053160076641639
OG9033_237_G_A	0.0530614720039749
OG5735_144_A_G	0.052994396298443
OG3790_1080_T_A	0.0529722759116023
OG2227_1005_A_G	0.0529273557796593
OG2065_912_T_C	0.0529115095572148
OG2175_981_C_T	0.0528997837307648
OG500_1821_C_T	0.0527449596252601
OG10659_198_G_A	0.0527201523179552
OG6780_210_G_A	0.0526874377332275
OG7017_429_T_C	0.0526266321235815
OG1566_993_T_C	0.052596242929337
OG7470_72_C_T	0.0524597855094647
OG162_5949_A_G	0.052404850961387
OG6655_504_A_G	0.0521624000482097
OG1053_1050_T_C	0.0520798151956823
OG6038_1077_A_T	0.0520777903866015
OG2281_978_G_A	0.0520458157129345
OG1212_930_T_C	0.0520233965364631
OG861_1404_G_A	0.0520027440330362
OG9129_284_C_G	0.0519787722931821
OG563_2825_T_C	0.0519080376221444
OG223_1764_G_A	0.05186618786787
OG8889_159_T_C	0.0517464952191145
OG8433_470_C_T	0.0517259611574939
OG739_996_T_C	0.0516792914867692
OG6807_690_T_G	0.0515345426104796
OG5151_1290_G_A	0.0514885094081714
OG883_3216_C_T	0.0514157202762679
OG8474_526_T_C	0.0513570124865206
OG26_9654_G_A	0.0512860738663186
OG10232_358_T_C	0.0512851730905384
OG10328_276_A_G	0.051205094669129
OG1489_1583_A_T	0.0511441538185466
OG399_415_A_G	0.0510940152519978
OG1309_3441_A_G	0.0510606037415922
OG7972_725_C_T	0.05088624250605
OG10822_339_T_G	0.0508680090132702
OG10146_228_G_A	0.0508517043655204
OG170_3177_G_T	0.050740137392324
OG4966_499_G_A	0.0506522578810468
OG9628_123_G_A	0.0506361114160586
OG8766_489_G_T	0.0505763636869376
OG4925_766_C_T	0.0505386471183013
OG6139_230_A_C	0.0504746835047907
OG6388_1439_A_C	0.0504635539250343
OG3508_111_A_G	0.0503839348790708
OG38_2082_G_A	0.050364029083163
OG11159_1951_T_A	0.0503034619276986
OG5341_255_T_C	0.0499949277249023
OG4938_621_A_T	0.0499364509981925
OG2105_2628_G_A	0.0498404898610162
OG2192_144_T_C	0.0496349965894746
OG6776_9_G_A	0.0495801035144808
OG6069_812_A_G	0.0495173655587643
OG6447_1077_C_T	0.0494862048453602
OG8614_315_A_G	0.0494532926165266
OG1319_2736_T_C	0.0494347666915092
OG4518_1100_A_G	0.0493457747516187
OG6221_109_A_G	0.0492839448901199
OG5984_359_G_A	0.0491997541328722
OG9248_28_G_A	0.0491782806315174
OG6377_390_A_T	0.0489469138280671
OG269_1200_A_G	0.0489341302282842
OG8138_606_T_C	0.0488755910446368
OG1735_2805_G_A	0.0488417342935309
OG7965_669_G_A	0.0488248157342286
OG9155_567_A_G	0.0487915285190443
OG8145_240_C_T	0.0487423787919654
OG5647_848_G_A	0.0487351477916522
OG1722_1581_C_A	0.0485841268858436
OG483_8328_C_T	0.0485573331691227
OG829_855_C_A	0.0485211618552249
OG9318_438_G_A	0.0484754411336875
OG3862_1230_C_T	0.0484358700946504
OG55_6385_T_C	0.0484327030706004
OG6351_768_A_G	0.0483278117498451
OG2498_1461_C_G	0.0482972101104368
OG2312_603_T_C	0.0482965424210069
OG2949_11_A_C	0.0482197401595222
OG4066_342_A_T	0.0480834625387052
OG901_862_C_T	0.0480199756898681
OG10687_77_A_G	0.0479986609298695
OG359_846_C_A	0.0477834565355239
OG863_3621_T_C	0.0476697232929888
OG9047_130_A_T	0.0476680890075772
OG5515_1704_A_T	0.0476041643794761
OG6224_495_A_G	0.0475096214348414
OG4186_1362_G_T	0.0474921511867603
OG5611_456_A_G	0.047465713805944
OG6271_918_T_A	0.0474462829673427
OG7687_564_A_G	0.04739069074028
OG187_7450_C_T	0.0473369404663777
OG9899_51_C_T	0.0473072500222405
OG9848_1519_T_C	0.0471456483852826
OG5263_1026_C_T	0.0471130164794394
OG3554_1356_G_A	0.0469698187526352
OG2133_1632_C_T	0.0469552290029727
OG6395_600_C_T	0.0469076195249203
OG3827_61_C_G	0.0468102279931132
OG684_4185_C_T	0.0467672664053843
OG8193_126_G_A	0.0467154912676026
OG100_1501_C_T	0.0466768505532112
OG2905_1854_A_G	0.046667263624511
OG8488_339_G_A	0.0466303853605623
OG3651_222_T_A	0.0465862189503143
OG438_4773_G_A	0.0465125258143057
OG8997_381_T_A	0.0463805431632462
OG1764_348_C_T	0.0463511832029659
OG8108_267_A_G	0.0463275946724274
OG97_820_G_A	0.0463014519490499
OG2706_990_A_G	0.046242910831051
OG2149_1017_G_A	0.0462394949292059
OG2244_954_T_A	0.0462051605765915
OG5714_33_A_G	0.0461717530471771
OG1197_1086_A_G	0.0461122976621931
OG6695_219_A_T	0.0460443553197603
OG1616_654_A_C	0.0459006648324679
OG2256_837_T_C	0.0458688099482217
OG1342_709_T_C	0.0458572967105283
OG189_6402_T_G	0.0458176929361355
OG3584_1356_C_T	0.0456016452984663
OG3420_111_T_C	0.0455672939947649
OG8091_93_G_A	0.0454684096739866
OG1171_3183_C_T	0.0454397825448443
OG6601_318_G_A	0.0454020088674755
OG1654_1842_C_T	0.045263892549552
OG5368_1257_G_A	0.0452564478024268
OG5623_652_C_T	0.0452134922510457
OG709_1117_A_G	0.0450291126369722
OG1604_3192_G_A	0.0450028029267193
OG997_2424_A_G	0.0449427800938143
OG9162_424_A_G	0.044922275354077
OG903_123_C_T	0.0448663796518317
OG90_2231_G_A	0.0448234157218021
OG2758_858_G_A	0.0448199457566118
OG9010_617_A_T	0.0447867376025114
OG2807_693_T_C	0.0447603228060781
OG9845_198_G_A	0.0446169100247785
OG3524_981_T_C	0.0446020894099554
OG852_3610_A_G	0.0445298962757736
OG9779_261_A_T	0.0445247577901098
OG2425_318_G_A	0.0445161653998914
OG8346_397_G_A	0.0444293700769759
OG2235_2517_A_C	0.0444016848096798
OG3331_1146_C_T	0.0443728570678486
OG706_699_C_T	0.0443615932221463
OG1556_1515_A_G	0.0442832437182922
OG3634_1644_A_T	0.0441813866561332
OG3457_531_G_A	0.0441460035192864
OG5922_1409_G_T	0.0438183289309839
OG4384_412_C_T	0.0436126761104661
OG110_6000_G_A	0.043608214186353
OG6294_888_C_A	0.0435935279480404
OG1791_1665_C_T	0.0435862407470155
OG436_4701_G_C	0.0435670297106654
OG6233_1488_A_C	0.0435552118549118
OG262_1731_C_T	0.0434033705835294
OG3781_1572_G_A	0.0432982111262913
OG4690_906_G_A	0.0432950126734604
OG7774_901_T_A	0.0432528253146869
OG3912_1610_C_T	0.043130416942777
OG209_6646_G_T	0.0430559953945436
OG10649_538_T_G	0.0430540146873321
OG5480_637_A_G	0.0430365176927156
OG1166_2821_G_C	0.0429988040879534
OG7836_464_G_C	0.0429582007750533
OG9890_394_A_G	0.0429543830725694
OG1251_2613_A_G	0.0428272157341576
OG102_1215_C_T	0.0427655248057958
OG3701_1233_C_T	0.0427439505570362
OG4145_1345_G_C	0.0427081528944473
OG7944_987_C_T	0.0426546935006778
OG1510_807_C_T	0.0425742876241397
OG1028_3405_C_T	0.0424259823323788
OG2919_411_G_A	0.0424022816323126
OG880_1704_T_C	0.0423303702360925
OG3872_1146_A_T	0.0423146528222928
OG834_3381_C_T	0.04229004491859
OG774_585_A_T	0.0422517070616508
OG7990_514_C_T	0.0421826990975927
OG8070_795_G_A	0.042085368581396
OG6104_861_G_A	0.0420118669156242
OG1752_249_C_T	0.0420009624083514
OG5774_1455_G_A	0.0419997348062058
OG6135_1185_T_A	0.0419326833268547
OG8853_363_G_A	0.0419281953516734
OG931_156_G_A	0.0418818493192123
OG3314_534_T_C	0.0418692650894972
OG3539_1093_C_A	0.0418446070988045
OG295_5796_A_G	0.0418221878737866
OG9586_405_A_G	0.0418085891484316
OG775_243_C_T	0.0417744731326874
OG3360_1317_C_T	0.0416969064324841
OG452_138_C_T	0.0415366814293694
OG10063_184_G_A	0.0414431242337106
OG3037_822_C_T	0.0413552931082135
OG1821_2997_G_A	0.0413364152065371
OG2018_2190_T_C	0.0411429316659066
OG2482_1088_C_G	0.0411191133364758
OG63_3576_G_A	0.0409372152583
OG9414_561_G_A	0.0408580878850922
OG2528_1863_T_C	0.0408300296195033
OG3348_1788_C_T	0.0407646347173389
OG1942_1891_C_A	0.0407195854813457
OG5008_1053_G_A	0.0405073078043093
OG489_2373_T_A	0.0403139192435868
OG3238_1527_C_T	0.0403050609216537
OG9072_348_C_A	0.0402594386335818
OG4564_1431_T_C	0.0399521154035304
OG4703_397_A_G	0.0398877918795367
OG4647_172_A_G	0.0398515608940739
OG4330_513_C_G	0.0397741922265249
OG2329_1872_A_G	0.0397112947058864
OG603_2241_C_T	0.0396151059448445
OG31_5430_T_C	0.0395888534970331
OG7746_726_C_T	0.0395568402714102
OG2642_120_G_A	0.0394446736450917
OG375_941_A_G	0.0393829039071586
OG8585_199_G_A	0.0393432044984696
OG8030_872_G_C	0.039311500089659
OG6791_987_C_T	0.0392184632689671
OG2663_1281_A_G	0.039198307455903
OG3120_1788_G_A	0.0391255713051724
OG256_3258_A_T	0.0390814276935846
OG9377_303_C_T	0.0390529561792376
OG5432_170_C_A	0.0390465187906596
OG5423_307_A_G	0.0389915336470666
OG4720_858_A_G	0.0389849576376915
OG4_14367_C_T	0.038925440545923
OG3129_1875_C_T	0.0388919243943158
OG4250_775_T_C	0.0388220017003392
OG3913_1458_C_T	0.0387652053695832
OG2523_837_A_T	0.0387465577811026
OG105_10806_G_A	0.0386377407284672
OG4190_948_C_T	0.038579917377221
OG727_1929_T_G	0.0385660226193176
OG1453_2472_T_G	0.0384900928191251
OG9254_57_C_T	0.0384858054398813
OG1044_780_C_T	0.0384226489735564
OG7315_60_G_A	0.0383513564248874
OG9005_483_C_T	0.0383281171829
OG1333_1166_T_C	0.0382772768131404
OG6731_722_G_C	0.0382756236576826
OG1599_1147_T_A	0.0382699065725656
OG4171_482_T_G	0.0382592668896222
OG2081_1647_G_A	0.0382014774541818
OG4545_372_T_C	0.0381372279964411
OG597_3177_A_C	0.0381337538706757
OG9811_438_C_T	0.0381280852989323
OG5332_128_A_C	0.0381217589687916
OG5300_321_C_T	0.0380717587217587
OG4311_884_G_C	0.0380563521460323
OG2631_264_A_C	0.0379941736094369
OG2762_1776_G_A	0.037963055837297
OG9175_487_G_A	0.0379568221880594
OG8503_324_C_T	0.0379441867117428
OG5120_882_A_T	0.0379366631410098
OG7142_669_T_C	0.0379361914477397
OG10014_147_C_T	0.0378912337689191
OG3705_711_T_C	0.0378411552228603
OG3851_112_T_A	0.0378276942661176
OG2463_669_C_A	0.0378264407953485
OG745_1983_T_C	0.0377919840372556
OG4625_1308_C_T	0.0377127652585385
OG6004_1170_C_T	0.0375974264571919
OG7953_771_C_T	0.0375767398887029
OG1555_2547_G_A	0.037563157004278
OG10390_271_A_G	0.0375322378748485
OG8698_700_A_G	0.0374543288297786
OG6329_388_G_A	0.0374042717298933
OG3780_1200_C_T	0.037349792937784
OG8375_567_C_A	0.0372277792371519
OG9236_387_G_A	0.0372011371437431
OG4149_1458_G_A	0.0371755585980615
OG2736_1584_C_T	0.0371700826618852
OG4135_744_C_T	0.0371689769401014
OG842_2322_G_A	0.0371612873877954
OG3174_874_C_T	0.0370923734159001
OG5558_262_C_G	0.0370658342440881
OG3282_789_G_A	0.0370624125348411
OG626_1551_T_A	0.0370163015454587
OG239_2367_C_T	0.0370105157164519
OG454_529_G_A	0.0368646235525054
OG5887_369_C_T	0.0367740071356301
OG5071_180_A_T	0.0367595813727336
OG5136_811_G_A	0.0367573886052994
OG9570_697_A_C	0.0367544475986424
OG2690_1314_T_C	0.0367536535603406
OG3007_726_C_T	0.0366904415371308
OG5572_540_G_A	0.0366530571994148
OG2012_1002_G_A	0.0365430611778325
OG2961_756_G_A	0.0364882485643884
OG4675_212_G_A	0.0364633974879616
OG1299_3288_C_T	0.0364610841590174
OG139_2571_C_T	0.0364209594786516
OG1702_145_G_T	0.0363832382294568
OG53_6696_C_T	0.0363090317160073
OG4232_267_T_C	0.0362848212795386
OG10880_86_T_C	0.03627481098006
OG1591_321_T_C	0.036255534528349
OG5849_1047_C_G	0.0362397659957454
OG8312_579_T_C	0.0362083452081615
OG2441_2142_T_C	0.0361088995257225
OG1384_267_C_T	0.0360020864570679
OG1621_846_T_C	0.035995184110832
OG723_3936_G_C	0.0359157561066664
OG6523_846_A_T	0.0359137314659789
OG3247_1623_T_G	0.0358946273473232
OG6488_129_C_T	0.0358189311013408
OG4199_1287_T_C	0.0357821444450502
OG7619_282_C_T	0.035766923598295
OG7931_546_A_G	0.0356799409917319
OG6122_63_G_A	0.0355919757864919
OG545_3462_G_A	0.035584267883269
OG1307_2649_T_C	0.03553935243181
OG1077_866_C_T	0.0354806194785458
OG524_1612_A_G	0.0354347843727154
OG3376_812_A_G	0.0353739533565849
OG1676_32_C_T	0.0353557679979208
OG11345_112_C_T	0.035236336651658
OG7824_507_C_T	0.035177874311116
OG1826_2481_T_C	0.0350673994273945
OG1825_120_A_G	0.0350339961508331
OG6045_1110_C_T	0.0349917737223874
OG8428_574_T_C	0.0349634913084119
OG9252_88_C_T	0.0348688221297874
OG6118_1009_A_G	0.0348547870312256
OG4673_1024_C_T	0.0348361495161843
OG5532_784_C_A	0.0348338383838384
OG2859_1856_A_G	0.034830062142427
OG2039_1698_C_T	0.0347988222206898
OG8233_405_T_G	0.034793181768041
OG2893_1173_G_A	0.0347686992366436
OG2732_1356_T_A	0.0347475523843883
OG3197_90_T_C	0.0346790193521547
OG3024_1308_G_T	0.0346575387987069
OG10680_1170_A_T	0.034594855217289
OG4979_753_C_G	0.0345491770274213
OG1957_1830_G_A	0.0344992334061445
OG10323_123_G_A	0.0344970422687141
OG2681_915_A_G	0.0344877779423284
OG548_1383_G_A	0.0344637537032997
OG27_8424_C_T	0.0344465472951048
OG129_9069_T_C	0.0344433078145984
OG4932_1441_G_A	0.0344396290260972
OG9030_480_G_T	0.0344380014854085
OG10491_168_G_A	0.0344336388050725
OG2157_690_G_A	0.0343896788503422
OG1475_2352_C_T	0.0343815442937264
OG327_2937_T_C	0.0342468169285189
OG1482_2712_G_A	0.0342392036071974
OG10311_342_T_C	0.0342360223168655
OG441_778_A_C	0.0342038430300111
OG3274_1374_G_T	0.0341871936090699
OG672_4230_A_G	0.0341708766573618
OG96_1785_C_T	0.0341541252329257
OG4928_826_A_C	0.0341331020823289
OG533_3303_G_T	0.0341294632139768
OG344_4351_C_G	0.0341275571711305
OG155_1581_C_G	0.0341215803366118
OG8100_274_C_T	0.034018126144222
OG6394_936_C_T	0.0339993375751423
OG9077_345_T_C	0.0339886072096077
OG2458_1290_A_G	0.033943222303684
OG2703_651_C_T	0.033935168158545
OG5456_87_C_T	0.0339261657800157
OG9388_424_G_A	0.0338744044298143
OG4452_1154_C_T	0.0338570630964653
OG685_938_C_A	0.0338319406052082
OG3157_1821_G_A	0.0338306720272415
OG1003_3558_G_A	0.0337984417854052
OG9681_11_A_G	0.0337704554488784
OG1034_2055_G_A	0.0337599968816886
OG10103_522_A_C	0.033750862890497
OG10806_297_T_C	0.0335430154841188
OG18_636_A_T	0.0335006141519937
OG8524_612_A_T	0.0334570293713179
OG7495_573_T_C	0.0334546035584608
OG4859_942_T_C	0.0334268062799996
OG675_3852_A_G	0.033421283260247
OG420_7205_A_G	0.0333773610666622
OG6168_696_A_T	0.0333727491935309
OG933_1614_G_A	0.0333562600171571
OG9966_206_T_C	0.0333489356013329
OG10552_318_A_G	0.0332682956754139
OG6115_1083_C_T	0.0332512846153828
OG56_3346_G_A	0.0332465292327034
OG7800_672_T_C	0.033211805170346
OG4998_897_T_C	0.0331911637019304
OG2999_783_G_A	0.0331225210467066
OG9796_237_C_T	0.0330740617243643
OG2495_1806_C_T	0.0330572029086614
OG305_3834_T_C	0.0329423145492978
OG9203_159_A_T	0.0328559129448881
OG7461_489_G_A	0.0328519572858282
OG9347_105_T_C	0.0328081210314399
OG2234_544_G_A	0.0327930713606267
OG5530_840_G_A	0.0326852187290347
OG168_1590_T_G	0.032682919382008
OG1721_337_A_T	0.0326301059661599
OG1588_1371_G_T	0.0326273602753743
OG3212_1098_G_A	0.0326200779727095
OG1540_2418_A_G	0.0325415905534412
OG2932_435_C_T	0.0325246524398065
OG5206_1239_A_T	0.0325226028781632
OG1796_1257_C_T	0.0325219022101594
OG7657_1005_A_C	0.0325173677227918
OG2803_886_C_T	0.0325055129142001
OG767_282_A_G	0.032498400678573
OG8971_492_T_C	0.03249788151804
OG4095_1237_G_A	0.0324608292537777
OG9829_327_T_A	0.0324516395151856
OG1623_1458_T_C	0.0324138001526738
OG1774_2277_C_T	0.032368373100687
OG4813_499_C_A	0.0323062771314614
OG3934_1584_A_G	0.0323051678953397
OG7724_566_C_G	0.0322367026640944
OG1259_2568_G_A	0.0322200980985559
OG10999_249_A_T	0.0322169960474308
OG2162_201_T_C	0.0321964567518443
OG1374_1860_C_T	0.0321790060819623
OG11214_996_A_C	0.0321562386852252
OG6682_513_T_C	0.0321203366751277
OG10733_141_G_C	0.0320501718469845
OG790_3429_C_T	0.031989719803232
OG9657_147_G_T	0.0319487261431379
OG3005_1185_C_T	0.0319409432338855
OG2840_1746_G_A	0.0319322586297802
OG1776_1884_A_T	0.0319187007520902
OG4178_813_T_C	0.0318974573319401
OG1537_2457_A_G	0.0318436854754176
OG1543_1917_A_G	0.0318411710723723
OG3714_159_C_T	0.031833113791524
OG9446_534_A_G	0.0318003169116513
OG60_10014_C_T	0.0317336034777144
OG8639_366_G_A	0.0317096864272396
OG8618_543_T_C	0.0317047980769258
OG8395_141_G_A	0.0316927173593733
OG156_6864_A_G	0.0316916166228012
OG3828_669_T_C	0.0316875982922738
OG3221_1329_C_G	0.0316163972764233
OG6984_624_G_A	0.0315736287414589
OG3645_987_G_A	0.031525379057469
OG6452_501_C_T	0.0315175360357612
OG5850_852_C_T	0.0314744689781139
OG4422_1503_C_T	0.0314477834551671
OG3667_258_T_C	0.0314378235270469
OG6148_447_A_C	0.0313686148134648
OG6109_912_G_T	0.0312739698147513
OG2197_1503_T_C	0.0312622570507816
OG8077_111_A_G	0.0312527117295322
OG192_5601_G_A	0.0311969489070792
OG3171_480_G_A	0.0310853679401616
OG70_2829_C_T	0.0310667534596909
OG1428_2804_A_C	0.0310653836011794
OG7541_876_C_T	0.031009197092216
OG3510_747_T_C	0.0309960918968677
OG445_2431_A_G	0.0309878379518862
OG8283_627_A_G	0.0309453292052389
OG4407_596_C_T	0.0308695025714128
OG7194_615_G_A	0.0307836282875528
OG472_2712_A_G	0.0307826680504738
OG2516_894_T_C	0.0307625752850149
OG9612_243_C_T	0.0307029334550158
OG7189_975_A_G	0.0306668849358129
OG104_7011_C_T	0.0306633208283198
OG1226_1920_G_A	0.0306295620080403
OG323_4209_T_C	0.0306084914325399
OG2132_279_C_T	0.0305796416747581
OG137_1185_T_C	0.0305763203828707
OG10601_177_A_G	0.0305702697512775
OG1455_988_C_T	0.030542139966053
OG2864_1773_C_T	0.0305320136232885
OG1161_1902_C_T	0.0305313524686444
OG355_4854_G_A	0.0305149835768127
OG1346_4002_G_A	0.0304937089475989
OG940_2380_A_G	0.03046840163189
OG3_17433_G_A	0.0304651229722658
OG8406_135_T_C	0.0304381037517831
OG525_798_T_C	0.0304124434300379
OG10449_222_A_G	0.0304087576391714
OG1097_2442_T_C	0.0303766557399044
OG6889_768_C_A	0.0303146133493709
OG690_1872_C_T	0.0302936143626788
OG9732_81_T_G	0.0302704236699241
OG204_1671_G_A	0.0302094387784997
OG1216_1182_C_T	0.0301978046594982
OG4837_766_T_C	0.0301786879076287
OG5113_36_C_T	0.0301366382798677
OG657_685_C_T	0.0301205217485855
OG2031_765_G_A	0.0300911221556717
OG4104_516_A_G	0.0300894427176819
OG11316_71_A_G	0.0300758841051984
OG5079_165_T_C	0.0300374523545631
OG2733_2054_C_T	0.0300142976829101
OG2484_1987_A_G	0.0300003257930774
OG9115_435_G_A	0.0299918621263692
OG6851_237_G_A	0.0299730016367448
OG2367_12_T_A	0.0299510386241937
OG3414_696_G_A	0.0299163684140786
OG600_3150_G_C	0.0298866644602762
OG2918_2016_G_A	0.029843647411258
OG5891_929_C_A	0.0298274222462288
OG1248_801_C_T	0.0297384778442763
OG1751_1404_G_A	0.029736339151045
OG5254_310_G_C	0.0296911687898134
OG1452_1731_A_G	0.0296582899671135
OG8464_696_T_A	0.0296566886773668
OG354_5298_C_T	0.029640891634806
OG9132_432_T_G	0.029604351563714
OG1339_2619_A_G	0.0295847338935574
OG360_366_A_G	0.0294275346275346
OG1427_3009_G_A	0.0293912071846282
OG1487_2082_G_A	0.0293909714473776
OG1558_2550_A_G	0.0293120165005758
OG2106_1671_A_G	0.029303290274642
OG2053_2151_A_G	0.0292639338032931
OG6710_939_C_T	0.0292636482422945
OG2455_741_T_C	0.0292413429288395
OG3819_924_C_T	0.029232386448631
OG2850_674_A_G	0.0292073061305619
OG378_4938_C_T	0.0291335152460153
OG6549_231_T_C	0.0291326174490112
OG3526_1201_G_C	0.0290977909546824
OG1173_1878_G_A	0.0290671562854891
OG714_1110_T_A	0.0290612165984131
OG10615_119_C_T	0.0290555730179533
OG10049_312_C_T	0.029044672635275
OG1015_3382_A_G	0.0290257040398608
OG4688_58_A_G	0.0290205127338292
OG7046_36_G_A	0.029000646612382
OG3529_220_A_T	0.0289879738183444
OG557_807_T_C	0.0289865978365451
OG5820_1254_G_T	0.0289638900020036
OG4637_1317_A_G	0.0289145652204332
OG5062_1041_A_G	0.0288892741317409
OG1761_2565_C_T	0.0288769952685601
OG9188_90_T_C	0.0288469349522839
OG1633_1216_G_A	0.028729019647448
OG7093_1008_A_G	0.0286773940370947
OG783_2995_C_G	0.0286480133192744
OG4644_787_C_T	0.028613623585831
OG406_2778_G_A	0.0285945558057867
OG8232_714_A_G	0.0285870063659537
OG728_3796_C_T	0.0285673346428568
OG3337_885_T_A	0.0285634332973586
OG4096_244_C_A	0.0285569539341583
OG10794_181_G_A	0.0285506493105308
OG3152_1407_A_G	0.0284945490367901
OG482_2583_G_T	0.0284878648795959
OG1154_3196_A_G	0.0284293485479966
OG5330_1326_A_T	0.028427960519207
OG1863_2478_T_C	0.0283919945754728
OG10218_174_G_A	0.0283526093529652
OG9652_243_G_A	0.0283454745913003
OG24_5667_A_T	0.0283203984350102
OG1850_2856_G_A	0.0282970941664951
OG8991_141_C_T	0.0282857041194909
OG2272_1536_A_G	0.0282801699997426
OG5388_941_C_T	0.0282632525200814
OG2550_2600_A_G	0.0282606261738032
OG1157_3270_C_T	0.0282345220310223
OG5226_1182_A_G	0.0282262842740349
OG10801_96_C_T	0.02822030437263
OG9406_141_C_T	0.0282147750121531
OG7285_269_A_G	0.0281907153365985
OG6782_1125_T_C	0.0281721985407559
OG7286_50_C_T	0.0281576788124157
OG8570_276_C_T	0.0280807595385779
OG5896_393_A_G	0.028036328433599
OG249_5025_A_G	0.028011216074374
OG6860_180_C_T	0.0280012834224599
OG5959_97_G_A	0.0279857126174886
OG8201_602_G_A	0.0279513324810925
OG9741_453_C_T	0.027916341991342
OG185_240_A_C	0.0278879937922462
OG4351_1377_T_A	0.0278802739422434
OG6603_1090_G_A	0.0278605284714335
OG3267_1695_G_T	0.0278110830588634
OG634_3207_A_G	0.0277814208135685
OG7540_1029_G_A	0.0277784011284011
OG9058_1095_T_G	0.0277602937742413
OG317_2676_G_T	0.0277474158368895
OG9025_334_T_C	0.0277459913695208
OG818_2546_G_A	0.0277451717503442
OG6676_1095_T_A	0.0277421340785118
OG10800_102_C_T	0.0277101402462499
OG1330_1512_C_T	0.0276859685880622
OG6790_48_A_G	0.0276347103692588
OG8299_393_T_C	0.0276129716725222
OG3616_792_C_T	0.0275848672571854
OG9502_259_T_A	0.0275705533151316
OG9159_66_T_C	0.0275598984475898
OG3838_408_G_A	0.0275506766023794
OG3113_1155_A_C	0.027547878374633
OG881_1164_C_T	0.0275314475537859
OG5635_726_G_A	0.0275072229338261
OG3135_1260_T_A	0.0274616937839669
OG3091_843_T_C	0.0274448744669783
OG7939_258_G_A	0.027432394382781
OG9253_471_T_C	0.0273889585302165
OG8128_618_G_A	0.0273763477801268
OG10919_207_C_T	0.0273753905571553
OG10791_129_T_C	0.0273729374559962
OG4238_924_G_A	0.0273556570992676
OG2677_951_T_C	0.0273455254257885
OG1233_1299_C_T	0.0273341325055667
OG9972_141_G_C	0.027319271991911
OG1740_2218_C_A	0.0272679523303207
OG5557_483_C_T	0.0272646326337179
OG7955_747_T_C	0.0272331182002582
OG768_374_T_C	0.0271858365585447
OG5948_1371_C_T	0.027181008612404
OG1571_2118_T_A	0.0271764814541156
OG8922_231_A_C	0.0271521978345366
OG6188_1075_T_G	0.0271321272359516
OG8051_1155_A_G	0.0271315240457184
OG3352_1449_G_A	0.027124492212387
OG947_1590_T_A	0.0271220931187004
OG3970_1200_T_C	0.027115895076152
OG8081_337_A_G	0.0271039462285068
OG9494_357_C_T	0.027088507693869
OG6918_462_C_T	0.0270403892018166
OG1159_2904_G_A	0.027038767205088
OG3823_1482_T_G	0.0270283414180613
OG1522_1107_A_G	0.0270161747484404
OG828_3735_A_G	0.0269853664950526
OG7321_843_T_G	0.0269525044481566
OG2776_1464_C_T	0.0269363494692442
OG3542_663_A_G	0.026928302895724
OG1956_1278_A_G	0.0269234529368987
OG720_1950_C_G	0.0268688064179561
OG440_4914_C_T	0.0268658599593497
OG2757_879_T_C	0.0268510632391692
OG7481_791_T_C	0.0268427341315401
OG7164_1053_C_T	0.0268421383047085
OG4632_1447_G_A	0.0267997320352666
OG2161_1962_A_T	0.0267961806778354
OG5510_168_T_A	0.0267794300377387
OG3092_1422_C_T	0.0267778627388797
OG4378_775_C_T	0.0267683047965881
OG3193_294_T_C	0.0267668044788975
OG7311_465_A_G	0.0267460316007011
OG1912_1538_G_A	0.0267427514354033
OG4209_783_A_G	0.0267368004060662
OG8440_526_T_C	0.0267307046649618
OG7366_168_G_A	0.0267238396640728
OG1889_1632_T_C	0.0266664736164736
OG3890_628_G_A	0.026651797956945
OG670_1548_T_C	0.0266475454913619
OG2474_684_C_T	0.0266141307293784
OG3985_174_C_T	0.0266045553816337
OG1063_327_C_T	0.0266033741660916
OG1630_1896_C_T	0.0265640196254354
OG9125_523_T_C	0.026541349922523
OG2173_2668_T_C	0.0265267643020975
OG1607_2246_G_C	0.0264946585427317
OG6285_1021_T_C	0.0264827772314134
OG866_2091_T_C	0.0264514642077825
OG9371_491_C_T	0.0264349151717129
OG2088_1423_G_T	0.0264167630569996
OG5765_1176_A_T	0.0263882784099586
OG695_543_C_T	0.02637555472808
OG5011_1003_A_C	0.0263651971980292
OG10844_93_C_T	0.0263447339503031
OG7130_159_G_A	0.0263419015738783
OG20_4104_T_C	0.0263211357212449
OG6509_18_A_G	0.026299441051712
OG1827_1482_T_C	0.0262978650803705
OG7755_75_T_G	0.0262603751847665
OG782_3123_A_G	0.0262416264625163
OG8718_351_T_C	0.0262333485004193
OG4893_139_A_T	0.0261974272387419
OG5776_946_C_T	0.0261626424658933
OG736_3995_C_A	0.0261332593985422
OG1069_378_C_T	0.0261190977305144
OG1492_1554_G_A	0.026113346598818
OG3783_1629_C_T	0.0260967450843335
OG5516_411_C_T	0.026072068262743
OG6405_773_C_T	0.0260533432365251
OG1844_2385_G_A	0.0260376649986166
OG6059_657_G_A	0.0260346620625196
OG8254_384_A_T	0.0260124504031786
OG1055_3495_C_T	0.0260098094605563
OG4474_507_A_G	0.0259727377825565
OG7002_867_C_A	0.0259679768879821
OG2948_1800_G_A	0.0259439873014024
OG4802_744_A_G	0.0259294656174807
OG7564_495_G_A	0.025924716144071
OG6515_1008_T_C	0.0259219159224964
OG4766_1188_G_A	0.0258820592379992
OG5337_867_T_C	0.0258789536183932
OG6985_864_T_G	0.0258689707385779
OG2701_864_A_G	0.0258583212690399
OG4937_348_G_A	0.0258487763444285
OG4319_1062_G_A	0.0258055647840532
OG6197_51_C_T	0.0257858513708514
OG2443_408_C_T	0.0257836490715294
OG3956_636_T_C	0.0257805509248234
OG3661_1014_C_T	0.0257742642442607
OG3340_735_T_A	0.0257648130295993
OG8663_196_C_T	0.0257423129133387
OG8879_378_A_G	0.0257146234584037
OG6546_58_A_G	0.0257100343094116
OG9720_531_C_T	0.0256615304325793
OG9158_33_G_A	0.0256591658341658
OG7231_99_C_T	0.0256425268691398
OG1013_1884_A_G	0.0256362287855182
OG3023_1683_T_C	0.0255876463873169
OG10962_1454_G_C	0.0255748579357738
OG1820_2475_A_G	0.0255728866853106
OG9496_222_T_C	0.0255439976689977
OG2699_2063_G_A	0.0255386639182649
OG3745_1478_G_A	0.0255191974464204
OG10067_168_G_A	0.0254913364675066
OG4067_1269_A_T	0.0254699360897352
OG9672_363_G_A	0.0254583128078818
OG3767_915_G_A	0.0254200672015469
OG9861_334_G_A	0.0254057387786095
OG2714_1524_C_T	0.0253803141574867
OG2356_957_G_A	0.0253750177986745
OG735_2751_C_T	0.0253726508762582
OG5913_492_T_C	0.0253631678666161
OG1324_3373_G_C	0.0253612333141128
OG4566_497_A_G	0.0253429648314175
OG1230_2757_A_T	0.0253085851024765
OG10618_203_G_A	0.0253019834881906
OG5012_45_C_T	0.0252968259979422
OG3389_546_T_C	0.025293518212533
OG7667_162_G_C	0.0252354001590327
OG2509_1047_G_A	0.0252286995784229
OG2303_1788_T_C	0.0252208640833383
OG8116_459_A_C	0.0251801130673171
OG7066_502_A_G	0.0251589919489987
OG8735_966_A_G	0.0251556847681165
OG123_6543_T_C	0.0251504230008585
OG10481_162_T_C	0.0251117053714504
OG3107_168_G_A	0.0250973764305455
OG3588_1392_G_A	0.0250658677013178
OG6817_969_G_C	0.0250617989991229
OG183_2300_T_C	0.0250550467454742
OG296_970_C_A	0.0250449928621713
OG54_2410_T_C	0.0250376392349775
OG10450_93_C_T	0.02501809183065
OG5607_326_T_C	0.0250047496218145
OG318_630_G_A	0.0250038461538462
OG207_5475_A_G	0.025002946432716
OG665_127_G_A	0.0249564615119864
OG10446_291_C_T	0.0249530498096675
OG9156_312_G_A	0.0249475442725084
OG3476_51_T_G	0.024946826426777
OG6821_213_C_T	0.024937793990385
OG4645_61_G_A	0.0249111111111111
OG5923_270_T_C	0.0249092825609545
OG3567_1446_C_T	0.0248618207989919
OG190_7227_G_C	0.0248126344423723
OG6325_690_C_T	0.024794453556892
OG4129_372_G_A	0.0247862489326249
OG3568_600_T_C	0.0247752645145881
OG10826_461_G_T	0.0247496392496393
OG351_492_C_T	0.024743697968698
OG7623_166_G_A	0.0247252763318553
OG4164_1483_C_T	0.0247166226091825
OG578_96_C_T	0.0247009867009867
OG3515_735_T_C	0.0246829877420094
OG7148_579_A_C	0.0246470021613972
OG11145_45_C_G	0.0246363962534655
OG2798_2235_G_A	0.0246284008101677
OG9174_501_C_T	0.0246177956691351
OG4834_606_G_A	0.0246156025326178
OG4811_282_T_C	0.0245775205898467
OG80_9316_T_A	0.0245708964191357
OG4817_990_T_C	0.0245659809448559
OG5746_936_G_A	0.0245466288140663
OG4130_861_T_C	0.0245091879384983
OG3254_523_T_A	0.0244869264754869
OG10759_30_C_T	0.0244819869967834
OG463_264_G_C	0.0244312638768664
OG8577_390_G_A	0.0244310993317992
OG7795_484_T_C	0.0244217012193005
OG6235_360_T_G	0.0244092618534348
OG7680_837_G_T	0.0243903100775194
OG1993_33_A_T	0.02438323798627
OG1347_1267_C_T	0.0243110860182873
OG2513_797_C_T	0.0242822041735822
OG6701_246_C_T	0.0242642862938842
OG6110_138_G_A	0.0242594539448388
OG9311_870_T_C	0.0242246526499816
OG8825_585_G_A	0.0242229715814393
OG4587_1315_C_T	0.0242058891675709
OG7015_945_C_T	0.0241873982373504
OG692_3627_C_T	0.0241609864767343
OG4840_522_A_G	0.0241502437826651
OG1842_729_C_T	0.0241367914754835
OG1841_2301_A_G	0.0241233966326072
OG528_4611_T_C	0.0240742317141233
OG4576_846_A_G	0.0240629298662915
OG3041_663_G_A	0.0240546187335908
OG392_4644_G_A	0.0240430166668774
OG6580_318_A_G	0.0240390635112793
OG2996_996_C_T	0.0240390364659488
OG8340_300_A_G	0.0240316235800691
OG6253_633_T_C	0.0240183911513323
OG471_3612_T_C	0.0239984743104996
OG3927_855_C_T	0.0239813922004886
OG8429_469_G_A	0.0239670130706538
OG2585_1866_T_C	0.023962689288098
OG446_2338_C_T	0.023962575641372
OG4322_1105_G_A	0.0239312151067323
OG2311_1305_G_A	0.0238959086260858
OG455_4575_T_C	0.0238618796484111
OG3432_1617_A_G	0.0238613211324451
OG1728_2481_A_T	0.0238600542968818
OG566_4818_C_G	0.0238500069471606
OG4494_496_A_G	0.0238371801549718
OG1238_24_A_G	0.0238241685942629
OG2997_324_T_C	0.0238154951474229
OG5806_297_A_G	0.0238091333503098
OG628_3720_C_T	0.0237792139873901
OG780_3742_T_C	0.023746881513592
OG7886_445_T_C	0.0237453402087684
OG4950_573_A_C	0.0237430743109848
OG1723_1662_A_C	0.0237411181813356
OG3275_1896_C_T	0.0237341223958711
OG7818_390_G_A	0.0237294139868726
OG10613_348_T_C	0.0237286111046564
OG7633_531_C_T	0.023726539039039
OG8389_97_T_G	0.0237103976493261
OG7327_165_C_G	0.023678873503767
OG3757_1419_G_A	0.0236650082939346
OG10854_351_A_G	0.0236560908084164
OG9151_144_G_A	0.0236428731132392
OG1117_1974_G_C	0.0236359306439374
OG825_1984_C_T	0.0236231627947155
OG550_3187_C_T	0.0236218083318051
OG1959_150_G_A	0.0236108864352218
OG3652_204_G_A	0.0235889532218463
OG5355_1185_C_T	0.0235869288401181
OG4001_1121_C_A	0.0235705705203447
OG89_2633_C_T	0.0235650425049729
OG6306_210_C_T	0.0235586760278093
OG3140_2516_T_C	0.0235353563339446
OG4594_201_T_G	0.0234757301993391
OG7989_663_A_G	0.0234727272727273
OG506_897_A_G	0.0234562763537988
OG1960_2328_T_C	0.0234449589868623
OG388_3126_C_T	0.0234334302090418
OG1108_540_C_T	0.0234207482993197
OG8608_276_A_G	0.0234119573293508
OG3111_907_T_A	0.0234082665526269
OG195_4815_C_T	0.0234068418385581
OG2810_1128_C_A	0.0234021329365079
OG1229_509_A_G	0.0234007050117042
OG4598_42_T_C	0.0233799333205216
OG6298_481_G_C	0.0233784338095648
OG1817_1570_C_T	0.0233731168526363
OG6599_504_G_A	0.0233506850342139
OG9803_27_T_A	0.0233473745034541
OG10098_423_T_C	0.0233226234496189
OG7054_861_G_A	0.0233151371061645
OG9527_225_C_T	0.0233124832926157
OG10421_231_T_C	0.0233117811746205
OG2504_1363_T_C	0.0233112431933327
OG9547_408_T_C	0.0233047675297675
OG5534_860_T_A	0.0232783740305294
OG2247_307_C_A	0.0232769754947709
OG4848_975_A_G	0.0232641878734236
OG6576_1212_A_G	0.0232372407002946
OG8084_567_C_T	0.0232342198278603
OG8625_120_C_A	0.0232148298528519
OG8371_627_C_T	0.0232146356246078
OG2641_858_A_C	0.023212451037806
OG390_513_G_A	0.0232072753985961
OG5884_729_A_T	0.0232009843292021
OG587_3132_A_T	0.0231980560314442
OG422_594_T_C	0.0231603362842637
OG1618_1923_C_T	0.0231270997075172
OG6112_963_G_A	0.0231140074707071
OG8851_153_T_G	0.0230753999415241
OG754_2505_G_A	0.0230710756284389
OG5364_648_T_A	0.0230587878787879
OG15_9426_G_A	0.0230460725897576
OG4975_774_A_G	0.0230261635931414
OG1338_1475_C_T	0.0230220260806758
OG547_2838_C_T	0.0229654025749739
OG9136_517_C_T	0.0229474118125001
OG3852_1404_C_T	0.0229465862955627
OG1435_2125_G_A	0.0229443262656076
OG5437_582_A_T	0.0229277763902764
OG4730_882_C_T	0.0229128611573473
OG8691_222_A_G	0.0228948652913687
OG1694_1893_T_C	0.0228811163305649
OG5622_1216_C_A	0.0228625509635212
OG1163_2709_T_C	0.0228468097354575
OG4014_7_G_A	0.0228456946244247
OG7043_732_C_T	0.0228166666666667
OG8353_786_G_A	0.0228041338366409
OG9276_366_C_T	0.0228008412744199
OG2658_678_C_A	0.0227999627268471
OG5555_576_G_A	0.0227955400020309
OG3241_1896_T_C	0.0227602484918461
OG2693_1893_G_A	0.0227509808244953
OG1896_1587_G_A	0.0227286904263311
OG9675_216_T_C	0.0227081362055486
OG4558_918_T_C	0.0226865788207894
OG640_3420_C_T	0.0226782205781321
OG9517_634_T_A	0.0226529365079365
OG3112_1143_T_C	0.0226409632034632
OG9876_27_C_T	0.0226332871953312
OG2411_2217_C_T	0.0225857207781736
OG5721_756_C_T	0.0225752690467362
OG6623_387_G_C	0.0225552930763596
OG6933_1047_A_G	0.0225520600089566
OG4829_444_T_C	0.0225340555968724
OG9960_142_G_A	0.0225089764146628
OG9328_254_A_C	0.0224926179200015
OG4783_991_T_C	0.0224775989268947
OG1370_1593_T_C	0.0224712799937169
OG7721_261_G_A	0.0224285402521636
OG7505_297_T_C	0.0224219375262513
OG1386_2256_C_T	0.0224215859554616
OG1584_930_T_C	0.0223992475070382
OG1458_3547_G_A	0.0223746523882828
OG614_3694_T_C	0.0223733888113023
OG2459_469_C_T	0.022358670309783
OG1908_2004_T_C	0.0223536037062353
OG2927_970_A_T	0.0223047449282743
OG1828_1752_C_A	0.0223017933047229
OG5340_456_G_A	0.0222820320004762
OG4011_462_C_T	0.0222698187230829
OG7101_444_A_G	0.0222643720452559
OG5819_514_G_A	0.0222628867668699
OG560_426_T_C	0.0222619249702937
OG6907_295_G_A	0.0222573901446498
OG1424_1149_T_C	0.0222205087983912
OG3736_625_C_T	0.0222112069843442
OG181_2694_C_T	0.0222067444291452
OG3473_573_T_C	0.0222020141624037
OG6658_906_G_A	0.0222014842667465
OG8307_166_C_A	0.0221978243978244
OG10393_405_T_C	0.022182473197306
OG4805_1104_A_G	0.0221753401727086
OG2075_1767_A_G	0.0221447729310673
OG3520_231_C_T	0.0221204994204523
OG8092_228_A_T	0.0220984388954381
OG1403_807_C_A	0.0220710618244455
OG2115_426_T_G	0.0220628646396049
OG9239_93_T_C	0.0220613275613276
OG7518_231_C_T	0.0220438180008959
OG2951_1161_A_T	0.0220365608794378
OG6565_439_A_C	0.0220285344747656
OG3658_1201_A_G	0.0220004571069455
OG3926_1560_A_G	0.0219919209822436
OG8243_345_C_T	0.0219788224641359
OG11333_270_C_T	0.0219339257285061
OG4617_98_G_A	0.0219327755577756
OG3804_1047_T_C	0.0219246458162121
OG3971_657_G_T	0.021899507880776
OG7645_779_G_A	0.0218795670766431
OG9968_111_G_A	0.0218727239554826
OG1550_2415_A_G	0.0218690476190476
OG5743_822_T_C	0.021857346803228
OG2457_1644_A_G	0.0218483329984919
OG3423_1836_A_T	0.0218452514637775
OG5876_30_C_A	0.0218374425500777
OG48_1977_A_G	0.0218209683169455
OG2607_234_A_C	0.0218139948169222
OG3883_528_G_A	0.0218032436973483
OG4341_321_T_C	0.0217995333605867
OG6819_450_G_T	0.021794542199318
OG5751_213_C_T	0.0217878150085358
OG7367_240_C_T	0.0217740093086112
OG543_2565_C_T	0.0217325638090702
OG7201_615_A_G	0.0217218493969475
OG10234_25_T_G	0.021712975147307
OG2632_1506_A_G	0.021710237606246
OG5318_954_C_T	0.0216897435897436
OG3937_309_G_C	0.0216892945830911
OG6490_415_T_C	0.0216863407054357
OG918_48_C_A	0.0216830574566575
OG10489_368_A_G	0.0216674993875724
OG4094_879_T_C	0.0216624882364013
OG2656_543_T_C	0.0216313118087031
OG2735_1215_T_C	0.0216213718483224
OG9804_266_C_A	0.0216166666666667
OG3427_1656_A_G	0.0216085314278077
OG1869_4130_T_G	0.0216055854285083
OG1253_1995_A_G	0.0216039682539683
OG7916_378_A_C	0.02157589787056
OG6487_684_C_T	0.0215684068717503
OG2014_2040_C_A	0.0215672364306951
OG2517_723_T_C	0.021562424969988
OG8646_249_C_T	0.0215475154656891
OG6181_186_A_G	0.0215369696969697
OG4614_1026_A_G	0.0215175205254516
OG2384_984_G_C	0.021486864892175
OG7302_228_A_G	0.0214624649859944
OG311_5967_A_G	0.0214528870212921
OG241_341_C_T	0.0214448458184348
OG9682_342_C_T	0.0214318571601639
OG4934_111_T_C	0.0214218816606734
OG10462_63_G_A	0.0214197053966609
OG2861_177_T_C	0.0214112145786272
OG2089_1326_C_G	0.0214078072699396
OG2595_307_C_T	0.0214073796791444
OG9650_414_A_T	0.0214029175637745
OG4087_93_G_A	0.0213977098170647
OG5477_1062_G_T	0.021397176307908
OG6619_351_C_T	0.0213893210403299
OG4981_717_G_A	0.0213631354902336
OG9113_300_A_C	0.0213623883043191
OG8822_586_T_G	0.0213555440637794
OG851_240_T_C	0.0213318045694005
OG5034_272_T_A	0.0212983538898678
OG4715_1176_A_G	0.021277324153388
OG8313_849_G_C	0.0212686303881376
OG1530_1128_T_A	0.021259505300015
OG8720_138_A_G	0.0212232726055307
OG10472_453_A_G	0.0212217371426023
OG10776_102_G_A	0.0211835624476146
OG4134_783_G_A	0.0211778649955893
OG2769_1779_C_G	0.0211696489999509
OG1684_2040_G_A	0.0211682516644781
OG2640_2115_C_G	0.0211677306163968
OG9815_108_T_A	0.0211618610887637
OG9869_273_A_G	0.0211446570972887
OG5845_225_C_T	0.0211152725183885
OG6855_811_G_A	0.0211098260803524
OG2480_1848_G_A	0.021106364667079
OG3955_270_C_T	0.0211013145133076
OG4118_99_T_C	0.0211011404247539
OG1681_2271_A_T	0.0210983061301879
OG7401_435_G_A	0.021066695098495
OG2937_1473_T_C	0.0210514536921523
OG4395_1513_A_G	0.0210304947188102
OG8887_591_T_C	0.0210074421682682
OG2524_1656_A_T	0.021000078602458
OG7769_342_C_T	0.0209980935292777
OG2704_129_C_T	0.0209966029040451
OG3930_387_T_C	0.0209952418413974
OG5107_1393_G_C	0.0209876775145938
OG9387_461_G_A	0.0209805570888169
OG9623_186_G_A	0.0209801587301587
OG7387_504_G_A	0.020976472599977
OG561_3074_G_A	0.020960496351194
OG2613_429_C_T	0.0209585181109957
OG7135_871_G_A	0.0209519602459917
OG7722_400_C_T	0.0209514731651477
OG9399_69_C_T	0.0208950216450216
OG7835_830_T_A	0.0208928292954609
OG2204_663_T_C	0.0208673280883558
OG9767_264_A_G	0.0208635852932992
OG4599_1266_G_A	0.0208586888823222
OG523_614_T_C	0.0208539207022505
OG147_7938_G_A	0.0208516596119433
OG886_3012_G_A	0.0208074174916008
OG1683_3043_G_A	0.0208051010507108
OG3582_1266_T_A	0.0207885245901639
OG4718_942_G_A	0.0207837943066259
OG4151_13_A_G	0.0207764379502215
OG3343_1350_G_C	0.0207606152066385
OG8594_170_G_A	0.0207582849774339
OG3706_1305_C_T	0.0207545385277808
OG2724_566_G_A	0.020728695865538
OG7241_423_T_C	0.0207084904515762
OG464_1617_T_C	0.020706525974026
OG5804_619_T_A	0.0207061175740524
OG7157_372_G_T	0.0206936496805361
OG6177_93_A_C	0.0206821850726106
OG10245_390_C_T	0.020673098576187
OG2167_267_G_A	0.0206448862215554
OG8458_72_T_C	0.020642977700559
OG9178_378_G_A	0.0206425790715682
OG5662_669_A_C	0.0206374238704823
OG460_3132_T_A	0.0206310301631873
OG694_3888_A_C	0.0206288010348452
OG4069_687_G_A	0.0206212988422512
OG6677_853_C_T	0.0206027777204248
OG4434_999_G_A	0.0205752917633606
OG5802_684_G_A	0.0205696161894847
OG3574_432_G_C	0.020562905982906
OG7664_675_C_T	0.0205590922487474
OG1999_1628_T_A	0.0205231882091983
OG2485_909_C_T	0.0204900738150738
OG341_5298_A_G	0.0204841447350932
OG3884_1605_T_G	0.0204734006673662
OG7763_146_T_C	0.0204680405322249
OG7158_364_A_G	0.0204489113884246
OG7264_487_C_T	0.0204080362567131
OG6890_717_T_A	0.0203981886087768
OG3751_1509_G_A	0.0203924206563057
OG431_2721_G_A	0.0203870698297468
OG10582_219_G_A	0.0203806788119288
OG5502_1561_C_T	0.0203739316239316
OG9067_452_A_G	0.0203559018133183
OG1282_2256_G_A	0.0203480835524909
OG4635_189_A_T	0.0203448057155355
OG386_4062_C_T	0.0203152618495947
OG4944_326_A_C	0.0202418745275888
OG8968_637_G_A	0.0202415995708381
OG6725_354_T_C	0.0202386363636364
OG770_3222_C_T	0.0202343811112421
OG6777_444_A_G	0.0202204284886487
OG1465_2382_T_C	0.0202022026992615
OG3391_645_T_C	0.0201936507936508
OG208_1440_C_T	0.0201805626598466
OG328_4669_G_A	0.020158750880902
OG4381_451_C_T	0.0201470643090125
OG604_3708_C_T	0.0201430445244035
OG3288_880_C_T	0.020138140792791
OG8539_702_C_T	0.0201373945641987
OG10508_336_G_C	0.0201267483524214
OG364_5619_T_C	0.0201153872206504
OG107_3690_G_A	0.0201132413421894
OG2998_258_G_A	0.0200814570004952
OG8883_409_G_A	0.0200694340699243
OG669_2268_A_C	0.0200606086294167
OG3134_792_G_A	0.0200591181307886
OG5384_423_G_A	0.0200131716414448
OG7986_534_C_T	0.0199918547978321
OG10817_79_C_T	0.0199821271831617
OG5425_745_A_G	0.0199776470608233
OG358_4170_T_C	0.0199749756118519
OG9384_491_C_A	0.0199699075233152
OG2829_757_G_A	0.019967694235589
OG8736_580_C_T	0.0199559336724468
OG8191_108_C_T	0.0199469106961526
OG6705_6_C_G	0.0199463616094051
OG4790_1299_C_A	0.0199459852216749
OG320_5529_G_A	0.0199367335562988
OG5045_369_C_T	0.0199102801936091
OG9598_78_G_A	0.0199057889822596
OG263_378_G_A	0.0199019711765621
OG2253_1749_C_T	0.0198904878153727
OG7176_866_C_T	0.0198645885430693
OG2881_1764_A_G	0.0198620180632376
OG8400_421_A_G	0.0198597077515726
OG5127_240_C_T	0.019859161232579
OG8171_71_G_T	0.0198526632268568
OG9477_528_G_A	0.0198524328384793
OG1472_1467_C_T	0.0198523290119735
OG8606_609_G_A	0.0198506218891842
OG5478_438_A_T	0.0198440374957978
OG8592_216_T_C	0.0198229104229104
OG9208_147_G_A	0.0198136036685996
OG6905_267_C_A	0.0198073172307292
OG5403_513_G_A	0.0198061371659265
OG2975_1506_A_G	0.0198055331991952
OG9303_105_C_T	0.0198012979704078
OG6521_729_C_T	0.0197908203021183
OG8142_673_T_C	0.0197798380764825
OG4355_1141_A_G	0.019773581973582
OG5637_879_T_A	0.019763504370525
OG10479_31_A_T	0.0197591671065636
OG4306_1155_C_G	0.0197419120860092
OG10751_219_C_T	0.0197259814088658
OG6307_290_G_T	0.0197242905242905
OG2476_1311_A_G	0.0196776703202235
OG2972_561_C_T	0.0196414537917064
OG4842_1050_T_G	0.0196403114705002
OG2346_1726_A_G	0.0196019565586022
OG3553_1050_A_G	0.0195987271272754
OG8034_822_A_T	0.0195934220251294
OG9558_601_A_G	0.0195932508824688
OG85_1374_T_C	0.0195846535753513
OG3180_1224_G_T	0.019573839536883
OG4734_112_T_A	0.0195513627391127
OG7529_741_G_C	0.0195489732474748
OG8953_630_A_G	0.0195313620071685
OG4889_660_C_T	0.0195192513368984
OG1240_1830_G_A	0.0195186731780779
OG10754_48_C_T	0.0195088415595396
OG5440_123_T_C	0.0195050123047033
OG4881_973_C_A	0.0195013511886522
OG9160_615_C_T	0.0194949303405573
OG6390_1260_T_C	0.0194908411849588
OG9332_279_G_A	0.0194837673879541
OG9802_189_G_A	0.0194767963159077
OG353_3108_T_C	0.019441884939084
OG4099_1406_C_A	0.0194035358857277
OG8367_219_C_A	0.0193883264137448
OG7112_259_G_A	0.0193881631299735
OG2672_717_C_T	0.0193732993551071
OG1985_885_G_A	0.0193712949067518
OG8360_447_C_T	0.019364425322024
OG9419_120_C_T	0.0193643481547208
OG7211_798_A_C	0.0193508845955959
OG368_5004_C_T	0.019319436026936
OG2315_471_T_C	0.0193032945032945
OG10367_48_C_A	0.0193032481979943
OG7414_573_A_G	0.0192986037484021
OG10426_87_G_A	0.0192909847310696
OG9023_213_C_A	0.0192747526937001
OG762_4224_G_C	0.0192395747930231
OG2983_691_C_A	0.0192245700021372
OG1088_2682_A_C	0.0192241893873916
OG1585_3549_G_A	0.0192237052449576
OG8900_342_T_A	0.0192227593616162
OG6880_153_T_C	0.0192170260191947
OG1909_1281_C_T	0.0192154751892346
OG9329_378_T_C	0.0192102282192237
OG1056_306_A_G	0.0192074677817886
OG4969_294_T_C	0.0191955366737655
OG2759_457_G_A	0.0191937936594639
OG10191_318_C_T	0.0191606665181798
OG9214_1013_A_G	0.0191602564102564
OG362_3957_A_G	0.0191602130325815
OG878_2602_G_A	0.0191533170757767
OG5994_483_A_T	0.0191520039100684
OG37_666_T_C	0.0191475007968965
OG7901_204_G_A	0.0191297530364349
OG9256_142_T_C	0.0191263853105958
OG1466_2826_A_G	0.019110540892799
OG5539_1068_G_A	0.0191083724398851
OG319_402_C_A	0.0191009625668449
OG2871_330_C_T	0.019079797979798
OG150_4903_G_A	0.0190788773034297
OG1425_2820_G_A	0.0190532088282088
OG2849_1725_C_T	0.0190454473948843
OG9819_421_A_G	0.0190390460030166
OG6802_1550_T_C	0.0190162091503268
OG10341_99_C_T	0.0190142681913646
OG5732_1666_T_A	0.0190123894286695
OG7958_513_A_T	0.0189949720359039
OG4686_843_T_A	0.0189612882221578
OG2305_2091_C_T	0.0189223886480095
OG6633_516_G_A	0.0189139471639472
OG3636_1641_A_G	0.018869320657556
OG2765_1170_T_A	0.0188691253191253
OG1467_741_A_G	0.0188601147091692
OG9508_255_T_C	0.018858255891273
OG8063_633_T_C	0.0188515692846718
OG340_2532_T_C	0.0188483348964377
OG1030_2466_T_A	0.0188462923952688
OG98_1314_A_T	0.0188370278772718
OG1480_2916_C_T	0.0188364088741447
OG1871_726_T_C	0.0188332380952381
OG5033_1182_T_G	0.0188324512162523
OG4554_795_A_G	0.0188183772059548
OG7617_792_G_A	0.0188152318647042
OG3191_819_C_T	0.0188121125851548
OG10235_96_C_T	0.0188026724060659
OG9764_187_A_G	0.0188020744529696
OG442_4449_C_T	0.0187957865823002
OG891_853_T_C	0.0187814270244786
OG8354_136_C_T	0.0187809694691274
OG2338_2398_A_T	0.0187756785720629
OG8109_366_C_T	0.0187665845648604
OG4631_1224_C_T	0.0187369674557565
OG4469_1125_C_T	0.0187368797237653
OG7409_381_T_C	0.018725348314822
OG1045_571_G_A	0.0187234542801624
OG10085_336_A_T	0.0187219716361662
OG201_3801_T_C	0.0187170525127047
OG1615_750_G_A	0.018691663452219
OG1731_789_A_T	0.0186613894877053
OG124_4527_T_C	0.018637974987975
OG7823_870_T_C	0.0186357510910142
OG3468_1509_G_A	0.0186217070028532
OG747_2791_G_A	0.018615177772103
OG8688_585_A_G	0.0186105125886771
OG1533_180_G_A	0.0186103748388342
OG4883_891_G_A	0.0186098186366479
OG7296_891_T_C	0.0186097522078906
OG4920_49_C_T	0.0186009259259259
OG5324_522_A_G	0.0185941643323996
OG7282_81_C_T	0.0185891779038074
OG9785_165_C_T	0.0185864044168392
OG1064_3072_T_C	0.0185856666788164
OG5752_501_G_A	0.0185816614923693
OG7363_513_G_A	0.0185753571102175
OG2083_519_A_G	0.018567176486486
OG5495_384_G_A	0.0185541835357625
OG5430_243_C_A	0.0185412936012527
OG1470_2715_C_T	0.0185397849462366
OG6902_553_G_A	0.0185276917152334
OG4228_839_A_T	0.0185273701580993
OG2449_1782_G_A	0.0185208118826154
OG2380_90_T_C	0.0185207283138318
OG9666_532_C_A	0.0185135582010582
OG10974_66_A_G	0.0185100670956388
OG5279_801_G_C	0.0185055623398494
OG8148_357_T_C	0.0184982909555634
OG3034_876_C_T	0.0184889211665527
OG5293_43_C_T	0.0184841559612351
OG9664_336_A_G	0.018483283492823
OG4396_1329_T_C	0.0184713178294574
OG2606_2128_T_A	0.0184424455467043
OG2397_2157_T_G	0.0184324589175335
OG3312_1329_C_T	0.018421135973436
OG7903_204_C_A	0.0184164231216863
OG5944_601_G_A	0.0184105174084754
OG5669_675_T_C	0.0184097190391308
OG4475_1158_A_G	0.0184010045064262
OG4124_1395_C_T	0.0183982565439969
OG5271_246_G_A	0.0183876338132152
OG3763_689_C_T	0.0183849435784032
OG6476_708_C_T	0.018382699227981
OG3099_798_G_A	0.0183820118924918
OG4122_777_C_T	0.0183807422054594
OG987_2259_A_T	0.0183693297060116
OG1379_870_T_A	0.018358658008658
OG2529_1757_T_C	0.018349467064507
OG8878_111_A_C	0.0183460429769392
OG331_9426_C_T	0.0183245421245421
OG766_2586_G_A	0.0183229800765798
OG2461_390_T_C	0.0183173097314402
OG789_1963_A_G	0.0182890287490287
OG8944_670_A_T	0.0182773563760574
OG1181_1807_C_T	0.0182720973207718
OG10753_156_G_A	0.0182549609810479
OG9777_522_C_A	0.01825189475869
OG10407_127_T_C	0.0182062645687646
OG5111_64_C_T	0.0182039948355738
OG5152_1409_T_C	0.0182029238357012
OG10078_402_G_A	0.0181936167768543
OG3730_1732_G_C	0.0181811284043841
OG677_1323_G_A	0.0181786435786436
OG7999_203_T_C	0.0181758185594834
OG3324_523_A_G	0.0181742898631962
OG1856_1380_C_T	0.0181728475663258
OG7400_34_A_G	0.0181614270927797
OG2531_1107_G_A	0.0181592205700901
OG8677_105_A_G	0.0181408656728794
OG1211_3213_G_A	0.0181206493437483
OG8202_368_A_C	0.0180848484848485
OG7460_198_T_A	0.0180602212602213
OG5995_1482_C_T	0.0180566464866282
OG6979_264_G_A	0.0180460044157523
OG9320_272_T_C	0.0180382718074172
OG2426_28_T_A	0.0180166316526611
OG915_1482_C_T	0.0180126081043526
OG478_4176_C_T	0.0179991632195163
OG8134_462_A_C	0.0179631868131868
OG45_9345_C_T	0.0179345259391771
OG1391_2448_G_A	0.0179337025719379
OG6659_737_A_T	0.0179271959387946
OG1224_1218_T_C	0.0179058245483215
OG10516_336_G_A	0.0179050917371882
OG5214_1176_C_T	0.0178796283562029
OG5277_842_T_G	0.0178774879227053
OG4027_1674_T_C	0.0178711529366178
OG9046_543_A_G	0.0178645299145299
OG8852_1200_T_A	0.0178544902809609
OG1887_714_G_A	0.0178334789023488
OG7333_745_T_A	0.0178317852607338
OG7445_885_C_T	0.0178268985361218
OG4828_1377_T_C	0.0178179126786728
OG467_2233_C_T	0.0178098844616263
OG5357_1374_C_T	0.017788958473169
OG5537_678_G_A	0.0177848180984757
OG2903_1960_T_C	0.0177737315381746
OG8574_564_G_A	0.0177722640480087
OG4280_1329_C_T	0.0177675023417129
OG1257_2331_T_C	0.0177617386462776
OG1527_2049_C_T	0.0177360918151616
OG1036_3342_T_C	0.0177
OG7413_984_C_T	0.0176952501202501
OG2283_2430_G_A	0.0176949238544708
OG6136_582_A_T	0.017690231990232
OG329_1945_G_A	0.0176822165093819
OG5997_12_C_T	0.0176603618704345
OG1_4950_A_G	0.0176336118538324
OG8184_315_C_T	0.0176186371936723
OG396_4612_G_A	0.0176133437990581
OG3983_1218_T_C	0.0176048354099572
OG9020_612_C_T	0.0176010303616643
OG7555_218_C_A	0.0175866845274105
OG8956_108_C_T	0.0175786477062221
OG8324_450_G_A	0.0175487263389614
OG1795_2254_G_A	0.0175483465842913
OG453_1743_T_C	0.0175430264808599
OG6475_914_G_T	0.0175097115580888
OG10600_192_A_G	0.0175024942123317
OG1755_405_C_T	0.0175015179174262
OG5090_496_C_T	0.0174950704995429
OG10141_312_C_T	0.0174853673549326
OG1340_3309_C_T	0.017483568427371
OG650_465_A_G	0.0174717049198181
OG888_975_A_G	0.0174714104996837
OG6346_759_C_T	0.0174627011658606
OG10590_123_C_T	0.0174611043226471
OG5167_522_T_G	0.0174507816257816
OG6003_628_G_A	0.0174378332194122
OG8065_510_C_T	0.0174251074534945
OG149_3796_C_A	0.01741573478476
OG264_1792_C_T	0.017412955043293
OG5177_271_T_C	0.017405843319475
OG6692_906_G_A	0.017405332723404
OG10509_190_C_G	0.0174040875152878
OG5223_141_A_T	0.0173966983345062
OG10722_9_A_G	0.0173820453283105
OG1502_2610_C_G	0.0173755514815025
OG6263_954_C_T	0.0173470494417863
OG5754_687_T_C	0.0173436864716139
OG6643_423_C_T	0.017327335415135
OG10478_189_T_C	0.0173253953192837
OG1075_704_A_G	0.0173216107731403
OG3001_429_C_T	0.0173188830264988
OG678_1485_T_C	0.0173184987126164
OG10029_277_A_G	0.0173017691955253
OG4751_1117_T_C	0.0172971846846847
OG9788_186_G_A	0.0172894117647059
OG772_2043_C_T	0.0172852647352647
OG5926_324_C_T	0.0172814739941456
OG4838_135_C_T	0.0172545358090186
OG1587_1473_T_C	0.01721888833636
OG2668_1296_T_C	0.0172136044032596
OG7403_684_A_G	0.0171976046176046
OG5627_431_A_G	0.0171897366522367
OG10730_88_C_G	0.0171889706784444
OG1898_1311_G_A	0.0171835106275268
OG7188_504_C_T	0.0171798303229338
OG9238_186_G_A	0.0171790463232111
OG2257_966_G_A	0.0171789545703339
OG4731_859_T_C	0.0171777777777778
OG8635_634_G_T	0.0171767323032166
OG4980_888_G_A	0.0171751974817479
OG2016_579_T_A	0.0171660227490047
OG7326_904_A_G	0.0171574144289538
OG945_936_T_C	0.0171569792536898
OG5900_996_A_G	0.0171504927297766
OG1787_1671_C_T	0.0171320440184969
OG6596_302_A_T	0.0171309751945919
OG9220_195_T_C	0.0170997138411461
OG2473_1344_A_G	0.0170806652660241
OG5655_318_C_T	0.0170738319715064
OG1929_815_G_A	0.017039564198471
OG4420_684_T_A	0.0170353360913031
OG9348_482_G_A	0.01701998001998
OG831_270_G_A	0.0170192763952744
OG2155_2502_T_A	0.0169967768378254
OG1819_1903_G_A	0.0169946460050961
OG4508_882_A_C	0.0169892187892982
OG9070_1085_A_G	0.0169802955665025
OG2917_1788_G_A	0.0169745051407418
OG2319_1634_G_A	0.0169715892935071
OG5441_100_T_A	0.0169698358319585
OG7844_42_A_G	0.0169604247277639
OG3231_1972_C_A	0.0169508451138886
OG1719_1488_G_A	0.0169409969082383
OG3021_1599_A_G	0.016933878415886
OG8975_258_G_A	0.0169337674951861
OG8753_319_G_A	0.0169294655967446
OG6895_814_T_C	0.0169159022062833
OG700_3222_T_C	0.0169071705116473
OG1539_735_C_T	0.0168976427858448
OG8047_513_C_T	0.0168912525162525
OG484_882_C_T	0.0168911308470429
OG7086_512_G_A	0.0168861801242236
OG710_78_G_A	0.0168792621162537
OG2897_478_C_T	0.0168765467861096
OG4775_155_G_A	0.0168726681531029
OG1397_858_G_A	0.016870355135061
OG9975_141_C_T	0.0168690641923809
OG10041_687_T_C	0.016868056268389
OG4480_1482_T_C	0.016865241863121
OG1824_2590_G_A	0.0168465666757227
OG4726_183_T_A	0.0168354358724189
OG424_3551_C_T	0.0168313520601553
OG1068_359_G_T	0.0168310493994432
OG9103_45_C_T	0.0168281087333719
OG1969_477_C_T	0.0168279334700387
OG3952_587_A_T	0.0168275218400687
OG5004_891_A_G	0.0168231416337055
OG1232_3189_C_T	0.0168065439132094
OG4693_686_G_A	0.016798023715415
OG2222_460_A_G	0.0167976023976024
OG8236_97_G_A	0.0167971570810243
OG112_4539_G_A	0.0167961514839464
OG1901_429_C_T	0.0167960409757218
OG953_1023_T_C	0.0167885497642411
OG7288_822_C_T	0.0167873095093523
OG630_2250_G_A	0.0167855758395312
OG1231_2033_C_T	0.0167754548559364
OG59_1400_A_G	0.0167654824531439
OG3153_159_C_T	0.0167618254505351
OG875_4149_G_A	0.0167497113997114
OG1155_3240_G_T	0.0167434030022265
OG5060_996_T_C	0.0167350933755392
OG5680_1142_G_A	0.0167091596007435
OG2987_444_A_C	0.0167072751322751
OG5262_721_G_A	0.0166883513802259
OG4020_2067_C_G	0.0166877706979474
OG6531_771_C_T	0.0166871585520604
OG621_1053_C_T	0.016687104907963
OG1089_300_A_G	0.0166812042997604
OG8037_765_C_A	0.0166716062377701
OG6165_53_A_T	0.0166647824670265
OG11304_86_G_A	0.0166592724242795
OG10926_277_T_C	0.0166531746031746
OG9892_480_A_G	0.0166524872658606
OG9772_420_C_T	0.0166477383819822
OG1938_1752_A_G	0.0166363315696649
OG2666_643_C_T	0.0166321319219666
OG8204_669_A_T	0.0166298696714251
OG6759_912_T_C	0.0166153137621738
OG969_1779_T_C	0.0166012422360248
OG7108_699_A_G	0.0165940988044214
OG4196_1008_G_T	0.016592371377007
OG9993_78_T_C	0.0165915015015015
OG9912_231_A_T	0.0165816773188469
OG285_2057_A_G	0.0165695551153178
OG9620_360_A_G	0.016559098065677
OG4329_900_C_T	0.0165588050895676
OG8244_613_C_T	0.0165483088170245
OG8537_45_A_G	0.0165359413342464
OG279_5706_T_C	0.0165358014534485
OG8674_624_C_T	0.0165349188507351
OG121_160_A_C	0.0165230582396298
OG8230_693_C_T	0.0165020065069376
OG5311_1020_G_T	0.0165001524728116
OG2092_705_C_T	0.0164949326805386
OG222_2103_A_G	0.0164879619014022
OG373_939_T_A	0.016483518881595
OG9875_243_G_A	0.0164816993464052
OG10606_393_T_A	0.0164786595218536
OG6009_415_A_T	0.0164713361661973
OG7885_72_T_C	0.0164712215320911
OG1858_468_C_T	0.0164670891973524
OG6857_345_G_A	0.0164623655913978
OG7692_675_C_T	0.0164523609503432
OG4593_1305_A_G	0.0164494291862713
OG4439_1161_T_C	0.016443901501762
OG2898_2005_C_T	0.0164418692418692
OG3607_1251_C_T	0.0164352853936187
OG5894_560_A_T	0.0164102466977467
OG5972_486_G_T	0.0164022591645354
OG7111_858_G_A	0.0163943223443223
OG7388_840_G_A	0.0163809253451069
OG8848_293_C_T	0.0163807797146318
OG5583_1197_C_T	0.0163745833376389
OG3739_976_G_A	0.0163721076913553
OG10212_324_T_A	0.0163714581592871
OG4210_1431_T_C	0.0163545065650209
OG10634_315_C_T	0.0163444141127725
OG286_5883_A_G	0.0163371370734693
OG7482_96_C_T	0.0163340308491719
OG9417_186_A_G	0.0162932818025886
OG8717_126_T_C	0.0162899828399828
OG4373_1338_C_G	0.0162846433067363
OG9744_240_G_A	0.016283104298802
OG259_3966_G_A	0.0162830101381234
OG4556_360_C_T	0.0162828297874334
OG8255_468_G_A	0.0162760989010989
OG4139_756_A_G	0.0162746209701984
OG4793_1731_G_A	0.0162726943346509
OG1659_1494_T_A	0.0162588839119074
OG2334_675_T_A	0.0162575752123938
OG6330_877_C_T	0.0162512093107838
OG10621_342_T_C	0.016244008714597
OG7078_61_A_C	0.0162278598278598
OG4400_1059_A_G	0.0162222441954149
OG2080_597_A_G	0.0162170876943029
OG1693_1794_T_C	0.0162166091954023
OG1120_324_G_A	0.016214895072332
OG4878_732_T_C	0.0162026495882834
OG4525_1326_C_T	0.0161979553313664
OG9061_250_A_C	0.0161748146439396
OG2318_273_C_T	0.0161699855699856
OG3118_475_A_G	0.0161698830409357
OG8173_669_C_T	0.0161690568475452
OG3909_1144_C_T	0.0161638693107659
OG10419_483_G_A	0.0161573830179201
OG1838_2748_G_A	0.0161480657994742
OG8495_717_G_A	0.0161450666021445
OG5928_462_C_T	0.0161436276286151
OG19_8601_T_C	0.0161360367199668
OG819_1249_G_C	0.0161326297686054
OG1500_3114_A_G	0.0161285897435897
OG4972_1612_C_G	0.0161218884546169
OG1406_3216_C_T	0.0161003289033503
OG9085_505_C_T	0.0160937154348919
OG750_2047_T_C	0.0160892044927133
OG2602_1665_A_G	0.0160783999088094
OG69_10739_C_A	0.0160757081280788
OG3182_1317_A_T	0.016071521147808
OG5230_834_A_T	0.0160641900998539
OG7627_780_C_T	0.0160637338696162
OG8006_167_G_C	0.016054830427761
OG1457_882_C_G	0.0160546489742142
OG815_2208_C_T	0.0160535714285714
OG1807_1587_C_T	0.0160387847446671
OG5051_771_C_T	0.0160360034410034
OG1724_2463_C_T	0.0160294383628292
OG897_1893_C_T	0.0160280886468323
OG6714_210_C_T	0.0160185620530904
OG610_1785_C_T	0.0160123155411188
OG415_2799_A_C	0.0160097102572578
OG6357_579_G_A	0.0160081349206349
OG3946_388_C_A	0.016002182911939
OG7221_66_C_G	0.0159994734195973
OG9870_282_C_T	0.0159945150467972
OG1793_2682_T_C	0.0159909462269756
OG8160_114_T_C	0.0159890331890332
OG6451_654_C_T	0.0159655357273996
OG568_1755_G_A	0.0159628853554652
OG6439_642_G_A	0.0159595687510998
OG3700_165_C_T	0.0159474450386215
OG6191_984_G_A	0.0159439059965376
OG5943_345_A_G	0.0159426094082174
OG9161_481_T_A	0.0159412468285611
OG3702_1468_T_C	0.0159383709273183
OG8147_132_C_T	0.0159263676138676
OG4918_1494_G_A	0.0159160003395297
OG2545_1746_T_G	0.0159115539632781
OG10376_192_T_C	0.0159060660823469
OG6797_57_A_G	0.01588719735549
OG10296_651_A_G	0.0158796536796537
OG9194_102_T_C	0.0158763996534826
OG10833_249_C_T	0.0158735180463186
OG4262_729_G_A	0.015871441527498
OG2354_561_G_A	0.0158712166433823
OG1356_790_G_C	0.015860476997123
OG1434_2499_T_C	0.0158594795984158
OG7984_96_A_G	0.0158388938407512
OG1222_3273_T_C	0.0158333333333333
OG10501_126_G_A	0.0158324762064227
OG6243_822_T_C	0.015830355577724
OG1613_2565_T_C	0.0158283038907263
OG6799_852_A_T	0.0158250404250404
OG10363_21_G_A	0.0158224089635854
OG11278_1029_A_G	0.0158222222222222
OG7465_670_C_T	0.0158159772689184
OG4482_513_C_T	0.0158015359832696
OG1270_24_A_G	0.0157518516571148
OG5221_816_C_T	0.0157471629098289
OG2143_522_A_C	0.0157444444444444
OG350_1230_T_G	0.0157404714153242
OG7042_70_A_G	0.0157361415921409
OG2422_2385_A_G	0.0157272550628758
OG11136_1465_A_G	0.015725168176181
OG1868_300_G_T	0.0157208149233994
OG4024_1314_G_A	0.0157137502292316
OG9696_312_T_C	0.0157126410872905
OG1100_1179_G_C	0.0157102181128497
OG2428_2051_G_A	0.0157089909185018
OG6698_114_G_A	0.0157038095238095
OG148_2370_A_G	0.0157011904761905
OG10607_280_C_T	0.0156998571307496
OG1710_1017_A_G	0.0156993620414673
OG5573_402_C_T	0.0156943126921388
OG3004_171_T_C	0.0156935839598997
OG7621_414_T_C	0.0156822816399287
OG900_360_G_C	0.0156811489508084
OG1512_588_T_C	0.0156791522889349
OG4083_1521_C_T	0.0156578975683814
OG3891_1161_T_C	0.0156483024647986
OG4089_513_A_G	0.0156393920599956
OG798_525_C_T	0.0156249750392241
OG6212_645_G_A	0.0156154588025852
OG457_3858_C_T	0.0156132217424735
OG5868_1083_A_G	0.0156110266643986
OG7263_852_A_G	0.0156059410608591
OG2940_189_G_A	0.0156051400287273
OG171_3000_G_A	0.015604843486067
OG2434_1662_A_G	0.015599518546887
OG9886_156_A_G	0.0155890883626178
OG8203_480_C_T	0.0155517075517076
OG11350_465_A_T	0.0155417980051855
OG7154_615_A_G	0.0155394120549815
OG5081_291_G_A	0.015536901240652
OG3576_1271_G_T	0.0155310343179649
OG9169_186_G_A	0.0155092909803999
OG5250_1003_A_C	0.0155061347061347
OG240_1196_C_T	0.0155055555555556
OG2123_75_G_A	0.0154988900823487
OG3678_1741_A_G	0.0154759064190755
OG10727_3435_G_A	0.0154743950034106
OG3765_1561_T_C	0.0154729431516196
OG2220_582_G_A	0.015472514619883
OG7811_318_A_G	0.0154712820512821
OG5099_1080_T_A	0.0154710213177696
OG1488_948_C_T	0.0154626166268619
OG470_1358_G_A	0.0154610722610723
OG10417_141_C_T	0.0154598929657793
OG3903_17_G_A	0.0154519140989729
OG926_3399_C_T	0.0154463003663004
OG3219_813_G_A	0.0154402974075105
OG6765_711_C_T	0.0154289942914767
OG3641_816_A_G	0.015424558050645
OG5302_9_G_C	0.0154085949581041
OG6832_624_C_T	0.0154056269156336
OG8329_123_G_A	0.0153833483939867
OG3692_841_T_C	0.0153731306876818
OG4204_253_T_A	0.0153719718877614
OG1300_2049_C_T	0.0153674242424242
OG7778_747_C_T	0.0153651515151515
OG3507_1248_A_C	0.0153555271578155
OG439_1039_T_C	0.0153395339954163
OG1717_1071_C_T	0.0153321462043112
OG10174_329_T_G	0.0153309398242055
OG4177_870_C_T	0.0153280478805211
OG2755_642_C_T	0.0153278510184509
OG2800_729_A_T	0.0153262698931764
OG3364_966_C_T	0.0153122642902535
OG4060_1398_C_T	0.0152857705414616
OG6391_684_C_T	0.0152708234652822
OG1468_1089_T_C	0.0152694158605702
OG6842_78_A_C	0.015262601010101
OG1041_3006_T_C	0.0152539024944014
OG9501_441_A_G	0.0152401174168297
OG532_4485_T_G	0.0152378282828283
OG4041_1026_C_A	0.0152307825118351
OG3836_348_G_A	0.0152292748917749
OG4596_1086_C_T	0.0152282478292213
OG10027_540_A_G	0.0152241025641026
OG6064_561_C_T	0.0152196881091618
OG2055_457_T_C	0.0152025670794634
OG594_3387_T_G	0.0151996342305038
OG9260_318_G_A	0.0151982456140351
OG4505_642_C_T	0.0151940476190476
OG2205_1035_T_C	0.0151898148148148
OG1936_846_A_T	0.0151818829318829
OG174_1188_A_T	0.0151735157044353
OG9099_462_C_T	0.0151677677677678
OG2734_1731_A_G	0.0151676800555325
OG6412_1005_G_A	0.0151653323676128
OG9813_36_C_T	0.0151636459758032
OG5312_1356_T_A	0.0151612698412698
OG4115_1158_T_C	0.0151573047236265
OG7220_850_G_A	0.0151543302701197
OG8622_78_C_T	0.0151496501109404
OG3362_630_A_G	0.0151174492555499
OG39_1734_C_T	0.0151135947712418
OG10424_76_T_G	0.0151067328211694
OG2753_126_T_C	0.015097031199508
OG2815_721_T_A	0.0150970085470086
OG3879_1485_G_C	0.0150707465253697
OG1932_3129_G_A	0.0150675465044503
OG8068_480_C_T	0.0150657131464434
OG5188_867_G_A	0.0150629761904762
OG6173_876_C_T	0.0150585005357084
OG9948_183_G_A	0.0150556381118881
OG617_2814_C_T	0.0150507053046361
OG7894_138_T_C	0.015047961297033
OG3072_1155_C_T	0.0150277967236874
OG5978_606_C_T	0.0150255758221276
OG1873_804_G_T	0.0150158903861451
OG752_2616_G_A	0.0150153512526394
OG4877_408_C_T	0.0149950915750916
OG4362_342_C_A	0.0149896480331263
OG4559_726_T_C	0.014984126984127
OG3142_1732_T_C	0.0149814423302795
OG300_885_C_T	0.0149793291675645
OG324_5307_G_A	0.01497284144427
OG5696_585_T_A	0.0149661094224924
OG3020_936_G_T	0.0149654509783881
OG805_468_C_T	0.0149525801262534
OG6164_399_T_C	0.0149479853479853
OG1590_2151_G_A	0.014945652173913
OG7376_637_T_C	0.014942094893819
OG7184_396_T_A	0.0149384579544801
OG7804_153_G_A	0.0149322137632482
OG4668_1278_T_A	0.0149316481294237
OG8831_195_G_A	0.0149300319508735
OG4231_696_T_C	0.0149165609891416
OG1360_471_T_A	0.0149145021645022
OG5014_1104_C_T	0.0149143442143442
OG7438_536_A_T	0.0149015662550145
OG5768_1017_T_C	0.0148959672859678
OG3900_1071_G_A	0.0148891414141414
OG4770_273_C_T	0.0148785931273918
OG1544_1821_C_T	0.0148557217473884
OG8620_279_C_T	0.0148481087470449
OG721_813_C_T	0.0148479532163743
OG4716_648_C_T	0.0148442712974987
OG10298_93_T_G	0.0148384343434343
OG544_505_C_T	0.014834564365492
OG4575_81_T_C	0.0148067785216853
OG8835_49_A_C	0.01479464665759
OG1031_3874_A_G	0.0147805147716372
OG6943_302_T_C	0.0147800865800866
OG5757_1020_C_T	0.0147731328320802
OG708_1047_T_G	0.0147596677369817
OG4271_495_T_A	0.0147517809675704
OG9671_192_G_A	0.0147367521367521
OG7671_675_C_A	0.0147194089244089
OG5541_445_G_T	0.0147154471544715
OG4431_912_G_A	0.0147127509408974
OG6434_1062_T_C	0.0147118533868789
OG1415_1356_T_C	0.0147107761513486
OG872_1032_C_T	0.0147095238095238
OG11284_926_C_G	0.014707345491388
OG6208_489_G_T	0.0146959919252142
OG3682_936_G_A	0.0146952988424285
OG5638_33_G_A	0.0146911068439757
OG5999_561_A_G	0.0146902682582467
OG1351_2841_T_C	0.0146854864433812
OG1531_34_C_A	0.0146774847870183
OG10676_74_A_C	0.0146763888888889
OG4985_126_C_T	0.0146760577766347
OG7577_330_C_T	0.0146689484628421
OG4882_1464_A_T	0.014657006217121
OG382_735_A_G	0.0146565044468408
OG6497_666_A_G	0.0146540616246499
OG5498_90_C_T	0.0146527816577798
OG5604_741_A_G	0.0146435064935065
OG3746_1116_C_T	0.01464329004329
OG5419_957_C_T	0.0146391534391534
OG7738_609_T_G	0.0146362811791383
OG9719_31_A_T	0.0146326791709239
OG5707_570_C_T	0.0146309499897345
OG4641_438_T_C	0.0146224779766979
OG2061_96_G_A	0.0146219155844156
OG261_6033_C_T	0.0146173745173745
OG3486_492_T_C	0.0146090339993905
OG824_1001_C_T	0.014607939250906
OG2269_1815_T_C	0.0146029914529915
OG764_3018_G_A	0.01459565840066
OG6281_880_C_T	0.0145938572285821
OG3660_1305_C_T	0.0145772116216626
OG959_2550_G_A	0.0145760420092034
OG4013_1545_T_C	0.0145629911883782
OG62_1382_C_T	0.0145585281385281
OG6812_300_T_C	0.0145446316325573
OG4247_1659_A_G	0.0145382352941177
OG753_1909_G_A	0.0145368650831938
OG661_3055_C_G	0.0145358805891172
OG8019_156_A_T	0.0145323832837909
OG1528_495_T_C	0.0145298116298116
OG6341_279_A_G	0.0145246044735406
OG1657_2034_T_C	0.0145129679544774
OG2686_1254_T_C	0.0145111196485053
OG1235_1917_G_C	0.0145029063540302
OG9578_297_T_A	0.0144961594202899
OG6587_39_G_A	0.0144924383997785
OG4390_1353_C_T	0.0144908818411061
OG5996_1050_G_A	0.0144864504776269
OG4183_670_G_A	0.0144809068627451
OG2023_780_T_C	0.0144749398749399
OG6571_918_T_C	0.0144747718705976
OG9272_24_C_T	0.0144737012987013
OG7341_215_C_A	0.0144652530779754
OG1395_87_C_T	0.0144394736842105
OG1984_1911_C_T	0.0144337187697147
OG7538_546_T_C	0.0144318584719068
OG3380_777_T_A	0.0144246494010782
OG3964_720_C_A	0.0144215726221344
OG2401_2244_G_T	0.0144185623673475
OG2638_1689_A_C	0.0144059337058531
OG5491_1329_A_G	0.0143935867895545
OG9730_81_A_G	0.0143925686358319
OG8281_469_A_C	0.0143888888888889
OG4847_60_C_T	0.0143885064424777
OG2971_429_A_G	0.0143779273504274
OG5677_255_G_A	0.0143615683594012
OG8792_225_C_T	0.0143575453292634
OG663_2169_G_A	0.0143461759631972
OG152_1965_G_A	0.0143457307027329
OG4765_234_T_C	0.0143429169076538
OG4123_57_C_T	0.0143310708898944
OG2587_781_A_G	0.0143277944862155
OG9700_174_A_G	0.0143206534385836
OG10827_498_A_G	0.0143113697705803
OG5200_857_A_G	0.0142974867145645
OG7331_319_G_C	0.0142896602042944
OG11010_127_A_G	0.0142885976676843
OG4068_1119_C_T	0.0142883883952305
OG619_4707_G_A	0.0142844170754619
OG4088_753_T_G	0.0142727130325815
OG5619_657_C_T	0.0142660952380952
OG616_56_C_T	0.014259205500382
OG967_3480_C_T	0.0142577620521893
OG7160_51_C_T	0.0142510016321877
OG8558_708_A_G	0.0142448778474318
OG7394_255_G_A	0.0142421586086548
OG1594_1938_C_T	0.0142411607772073
OG896_1305_T_C	0.0142293650793651
OG2217_1479_C_T	0.0142291666666667
OG2226_1335_C_T	0.0142267268962921
OG4357_111_T_A	0.0142243145792424
OG8088_462_A_G	0.014219934765112
OG3817_2238_C_T	0.0142045706835537
OG8683_865_A_G	0.0142007997401859
OG9765_39_C_T	0.0141871945259042
OG7236_393_T_C	0.0141857142857143
OG2255_1803_G_A	0.0141822880371661
OG10503_156_A_G	0.0141696103896104
OG6204_528_G_A	0.0141680391596318
OG4750_52_C_T	0.0141578431372549
OG2273_1997_G_C	0.014152380952381
OG3889_442_C_T	0.0141510962156124
OG601_1641_G_A	0.0141497544384337
OG6264_336_G_A	0.0141486602355916
OG1716_1978_G_C	0.0141479345361333
OG3816_394_T_G	0.0141467005026502
OG219_3266_C_A	0.0141417163917164
OG1317_2400_G_A	0.0141344592439964
OG5505_567_T_C	0.0141323232323232
OG4292_116_A_T	0.0141260313917579
OG654_3299_C_T	0.0141247380585516
OG11131_282_T_C	0.0141209096459096
OG4707_12_G_A	0.0141071401792713
OG1206_321_G_A	0.0141041953037818
OG6149_660_C_T	0.0140976897689769
OG143_371_G_A	0.0140853658536585
OG2054_430_A_G	0.014070610662996
OG4184_1527_C_T	0.0140674025459287
OG3284_558_C_T	0.0140518980824358
OG3459_1852_A_G	0.0140488349083164
OG3897_411_C_T	0.0140487340318945
OG2328_1188_T_C	0.0140402341519132
OG10940_243_C_A	0.0140307055030739
OG10164_101_T_C	0.014028516216604
OG2618_1005_C_T	0.0140139962971951
OG3062_105_G_A	0.014012617012617
OG10040_429_A_G	0.0140112218530823
OG7912_19_A_C	0.0140099152257848
OG2586_1233_T_C	0.0140062180049574
OG7513_135_T_C	0.0140030047013918
OG3793_609_G_A	0.014000903573377
OG8756_177_A_G	0.013995417221733
OG786_3117_G_A	0.0139933182791963
OG5256_985_C_A	0.0139904761904762
OG404_3214_G_A	0.0139742424242424
OG1712_556_T_C	0.0139714111011281
OG6694_222_A_G	0.0139691668023394
OG1650_4634_A_C	0.0139639472513058
OG8098_487_A_T	0.0139551616544814
OG114_7509_C_T	0.0139427572427572
OG210_6258_T_C	0.0139406030285733
OG1350_831_C_T	0.0139339337292549
OG4634_324_T_C	0.0139308394755464
OG4200_1530_A_G	0.0139222888222888
OG3877_1567_C_T	0.0139182338937658
OG7023_105_A_G	0.0139
OG3916_1416_A_G	0.0138917406887954
OG6_11088_T_A	0.013889956775998
OG7035_448_G_A	0.0138850427350427
OG8675_145_C_A	0.0138755930344166
OG3548_391_T_A	0.0138674624226348
OG10385_84_G_A	0.0138653390922447
OG1813_2633_C_T	0.0138649575210779
OG10126_183_C_G	0.013861577822762
OG989_2339_T_C	0.013859243697479
OG5870_558_G_A	0.0138521840559809
OG434_2202_G_A	0.0138516881589663
OG10327_364_A_G	0.0138443478701569
OG3853_516_A_T	0.0138374684574685
OG8271_207_C_T	0.0138328063241107
OG1313_1965_T_C	0.013827980621529
OG7064_576_C_T	0.013823008671103
OG2976_27_A_T	0.0138190943043884
OG1165_378_G_T	0.0138119682094437
OG9317_240_C_T	0.0138085355592147
OG5225_994_A_G	0.0138029761904762
OG6334_867_G_T	0.0137880495244877
OG3281_501_C_T	0.0137871428571429
OG79_1140_A_G	0.0137784250063662
OG4338_1443_C_T	0.0137756157530786
OG6826_558_G_A	0.0137753623188406
OG6726_759_G_A	0.0137724082537045
OG4785_1473_T_A	0.0137660256410256
OG11_4044_C_T	0.0137623620823621
OG2314_705_A_G	0.0137487913730798
OG6557_900_T_C	0.0137422575309899
OG5526_379_A_G	0.0137364334454772
OG10073_152_C_G	0.0137321472435695
OG3798_1203_C_T	0.0137268170426065
OG1349_1609_C_T	0.01372567132116
OG3578_425_C_T	0.0137042748917749
OG9853_341_T_C	0.01370122557942
OG4831_1497_C_T	0.0136988596981119
OG2583_519_A_G	0.0136871106337272
OG7186_881_C_A	0.01368556998557
OG4116_606_G_A	0.0136821689702344
OG5247_421_G_A	0.0136812187812188
OG1603_1863_A_G	0.0136602941899379
OG1410_789_G_A	0.0136481105990783
OG10035_306_T_C	0.0136432012432012
OG3813_1455_G_A	0.0136408833897932
OG6864_97_G_A	0.0136380952380952
OG7654_852_C_T	0.0136366737315497
OG1634_2814_T_C	0.0136303478763763
OG4864_1119_C_T	0.0136270725168551
OG2541_1872_G_A	0.0136201756995752
OG5950_1245_C_T	0.0136123376623377
OG1271_807_T_A	0.0136088004511614
OG6910_723_G_A	0.0135993369593281
OG10293_243_C_A	0.013596059452214
OG5632_1129_A_T	0.0135938304093567
OG2297_2127_T_C	0.0135877321603128
OG8774_142_T_C	0.0135870308435526
OG9370_190_A_C	0.0135828530274336
OG612_145_C_T	0.0135762112555362
OG3447_1098_T_C	0.0135710971962855
OG5763_273_C_T	0.0135647591780597
OG4328_489_C_T	0.0135623190296074
OG7293_501_C_T	0.0135586822237474
OG5874_340_T_C	0.0135476817282947
OG5780_252_C_T	0.0135315889456937
OG1907_1302_A_G	0.0135211942585303
OG41_10875_C_T	0.0135169696969697
OG6818_969_C_T	0.0135164511204738
OG7265_557_A_G	0.0135157591392215
OG1021_93_A_G	0.0135154761904762
OG1881_84_T_C	0.013502036636705
OG6956_934_G_A	0.0134870843776107
OG4240_1074_T_C	0.0134852344577202
OG2002_1299_G_C	0.0134830762491066
OG1138_1749_T_C	0.0134823216638434
OG4385_1248_G_A	0.0134818263607737
OG1563_1371_G_A	0.0134787878787879
OG3557_26_C_T	0.0134752732007172
OG9316_47_G_A	0.0134740990072079
OG979_342_A_G	0.0134615960127942
OG9839_309_T_C	0.0134614285714286
OG2436_2292_A_G	0.0134575556071663
OG11337_266_C_A	0.0134547619047619
OG580_1572_C_T	0.0134477854428036
OG777_1206_C_T	0.0134358620689655
OG6258_954_C_T	0.0134333453224594
OG4913_1050_G_A	0.013428221947086
OG387_5307_G_A	0.0134249706227967
OG2277_1830_T_C	0.0134108974358974
OG8882_604_A_G	0.0134012147743855
OG4679_324_C_T	0.0133991945862914
OG8545_71_A_G	0.0133987445887446
OG4601_447_T_C	0.0133966810966811
OG6874_951_T_C	0.0133958117354344
OG6454_672_T_C	0.0133772273821809
OG8121_591_A_G	0.0133751231790281
OG1718_550_A_G	0.0133734569346255
OG1103_846_T_C	0.0133584630671097
OG5986_769_C_T	0.0133570003439972
OG2408_3016_T_C	0.0133561146455883
OG2533_2382_A_G	0.0133560185185185
OG1038_955_G_A	0.0133549728049728
OG1692_2730_A_G	0.0133536780383795
OG2928_1005_T_C	0.0133535714285714
OG6559_495_G_A	0.0133498964803313
OG6957_303_G_A	0.0133450374390673
OG4346_1408_C_T	0.01334
OG3095_1290_A_G	0.0133393428793429
OG270_5739_C_T	0.0133370269862807
OG2348_1794_C_T	0.0133329789119263
OG7594_871_C_T	0.0133252989947905
OG7306_720_G_A	0.0133226515648154
OG3690_1284_G_A	0.0133159285159285
OG6664_475_C_T	0.0133146658896659
OG1958_1545_G_A	0.0133124673060157
OG9447_165_C_T	0.0133045875112556
OG125_3352_T_G	0.0132945946609426
OG9464_187_C_T	0.0132753445838906
OG7141_896_T_C	0.013273914973915
OG3707_135_C_T	0.0132617351046699
OG1023_114_T_A	0.0132592505750207
OG5664_1566_C_T	0.013250481419591
OG2991_465_C_T	0.0132438658577688
OG6459_363_A_G	0.0132389174944956
OG7022_528_C_T	0.0132309777941357
OG5087_288_T_C	0.0132198757763975
OG813_1938_C_T	0.0132166666666667
OG6699_231_C_T	0.0132079731390989
OG130_9177_G_A	0.0131967592592593
OG4868_327_G_A	0.0131914257517706
OG858_266_C_T	0.0131848382010147
OG4999_147_A_G	0.0131761891490152
OG4956_1869_C_T	0.0131706917371054
OG423_3351_C_T	0.0131674948240166
OG5709_6_G_A	0.0131521899367653
OG6108_1026_A_G	0.0131518540669856
OG6404_531_G_C	0.0131458874458874
OG757_3720_G_A	0.0131365612648221
OG3047_12_G_A	0.0131319727891156
OG809_3381_T_A	0.0131244746481589
OG2066_2372_A_G	0.0131212121212121
OG5082_1212_T_C	0.0131126209102215
OG297_2478_T_C	0.0131083232254686
OG8032_492_C_T	0.0130967821174159
OG3716_303_T_G	0.013092380952381
OG660_3405_C_T	0.0130888888888889
OG3010_1268_A_C	0.0130848780487805
OG8253_393_A_G	0.0130829836829837
OG4512_921_A_G	0.0130826734371783
OG9284_516_T_C	0.0130714285714286
OG10222_46_T_A	0.0130613267709243
OG6121_715_C_T	0.0130576923076923
OG7295_726_T_G	0.0130568408727029
OG11075_70_C_T	0.0130512333965844
OG1935_1491_G_A	0.0130510744042644
OG11072_558_T_C	0.0130479796508723
OG7695_1095_C_G	0.0130426319810221
OG1024_1885_C_T	0.0130415576150852
OG9563_105_C_T	0.0130407585202441
OG8376_354_G_A	0.013038262590946
OG5965_525_T_C	0.0130317976141506
OG2214_285_G_A	0.0130296776248069
OG7443_729_A_T	0.0130275659824047
OG8182_480_G_A	0.0130271322124263
OG3418_1728_C_T	0.0130212435339099
OG10913_68_T_G	0.0130153968253968
OG4563_1437_T_C	0.0130108197358197
OG2879_1131_T_C	0.0130046160657317
OG7706_711_T_C	0.0130040803790804
OG8126_525_A_T	0.0130030045952633
OG5800_489_A_G	0.01300131826742
OG4015_906_C_T	0.0129957370060666
OG9550_27_G_A	0.012992572892041
OG6850_651_G_A	0.0129849694749695
OG8549_442_A_G	0.0129811855886049
OG5429_765_C_T	0.0129791121405134
OG8282_362_G_A	0.0129764299511968
OG6086_477_T_G	0.012974650495479
OG5576_1137_T_A	0.012973419154896
OG3087_763_C_T	0.012969696969697
OG3358_1494_C_T	0.0129688405797101
OG6642_331_T_C	0.0129641580641581
OG10046_366_A_G	0.0129625415933635
OG9967_378_T_C	0.0129518496758771
OG322_1359_A_G	0.0129426061405388
OG6630_651_A_C	0.0129414842432088
OG4699_672_C_T	0.0129407407407407
OG8929_363_C_T	0.0129285714285714
OG1738_22_G_A	0.0129285115601245
OG2191_2476_T_G	0.0129274376417234
OG4964_1416_G_A	0.0129261427125456
OG3779_691_G_A	0.0129234282657898
OG3901_573_A_G	0.0129143356643357
OG9559_267_C_A	0.0129007246376812
OG361_576_C_G	0.0128956212357095
OG2113_2049_G_T	0.0128922077922078
OG2364_903_C_T	0.01288717542597
OG865_3351_C_A	0.0128871594570843
OG10397_93_C_T	0.0128833333333333
OG10699_15_A_T	0.0128815108441538
OG10090_324_C_T	0.0128786739576213
OG2138_492_G_A	0.0128725573491895
OG1617_3210_A_G	0.012870803891449
OG11049_159_C_T	0.0128659138655462
OG2530_1626_G_A	0.0128620851370851
OG1049_2061_G_A	0.0128614585054009
OG7259_369_G_A	0.0128582417582418
OG848_4145_A_G	0.0128574508560558
OG3606_495_G_C	0.0128287170939382
OG3085_840_C_T	0.0128193001012249
OG10741_186_C_T	0.0128186974789916
OG8693_726_G_A	0.0128184821449984
OG9711_550_G_A	0.0128102008228269
OG7921_11_C_T	0.0127980200040825
OG5858_984_A_G	0.0127902298850575
OG8207_720_T_C	0.0127723084899175
OG4017_1233_G_A	0.0127564172335601
OG7846_729_G_A	0.012753003978004
OG4561_1146_C_A	0.0127507038712921
OG11306_258_T_C	0.01275
OG1815_976_G_A	0.0127460953622244
OG8370_627_C_T	0.0127452014117074
OG7693_561_C_T	0.0127380798660928
OG4382_874_A_C	0.0127376778031742
OG127_4287_G_A	0.0127348653685496
OG8045_306_A_G	0.0127312576312576
OG5821_1116_G_A	0.0127301675012437
OG8633_387_C_T	0.0127188550183906
OG4629_1561_T_C	0.0127179945054945
OG832_2655_A_G	0.0127143337173579
OG1921_2109_T_C	0.0127074327122153
OG9673_420_A_G	0.0127055756385653
OG5147_114_G_A	0.0126822344322344
OG427_4302_A_G	0.0126766666666667
OG2493_871_T_C	0.0126743975045278
OG6723_169_G_A	0.0126736295832681
OG5072_966_T_C	0.0126666666666667
OG5135_507_T_G	0.0126637746681979
OG2627_1381_C_T	0.0126581242532855
OG8257_263_T_C	0.0126503663003663
OG5552_936_T_A	0.0126457269072009
OG6922_99_T_C	0.0126421101774043
OG4640_12_A_G	0.0126349547056157
OG9454_363_T_A	0.0126306785347741
OG1614_2936_G_A	0.0126228438228438
OG2445_456_T_C	0.0126207282913165
OG4916_408_T_C	0.0126040404040404
OG1695_1389_A_G	0.0126011105235325
OG7840_783_G_A	0.0126000929022668
OG2698_207_C_T	0.0125875457875458
OG4908_1200_G_A	0.0125867892407218
OG9471_25_A_G	0.0125822774327122
OG2806_327_G_A	0.0125818351402693
OG8447_471_G_A	0.0125811198786735
OG6024_1086_C_A	0.0125797101449275
OG7006_780_C_T	0.0125768401513529
OG3082_415_C_T	0.0125716770051738
OG5294_555_T_C	0.0125680603948897
OG10622_122_C_T	0.0125667633784655
OG5411_471_C_T	0.012558669879287
OG9823_678_A_T	0.0125548178711006
OG2749_2112_T_C	0.0125527777777778
OG2713_267_C_A	0.012551690123303
OG257_4977_G_A	0.0125438754793594
OG4781_1091_C_T	0.0125367007672634
OG776_2070_C_T	0.0125351009123939
OG5075_1080_A_G	0.0125250602409639
OG3013_1894_A_T	0.0125232488443538
OG3871_600_G_A	0.0125230086005948
OG3969_62_A_G	0.0125224665094943
OG4323_126_C_T	0.0125198955075026
OG4646_1347_A_G	0.0125082541965172
OG4220_705_G_A	0.0125059369438088
OG9430_236_A_G	0.0125051087801088
OG4773_492_A_G	0.0124941338854382
OG3046_498_G_A	0.0124887481817404
OG950_2820_C_T	0.0124886936613998
OG5052_729_T_A	0.0124866559551765
OG9269_495_T_G	0.0124859989385825
OG7165_680_C_A	0.0124845439667171
OG501_2445_C_T	0.0124804591063912
OG4098_756_G_A	0.0124800665257614
OG608_1200_T_A	0.0124690476190476
OG267_4968_G_A	0.0124654557479558
OG9688_72_T_A	0.0124579451502319
OG8707_447_A_G	0.0124495356037152
OG5215_760_C_G	0.0124406627854904
OG376_5663_T_C	0.0124379048582996
OG9901_417_T_C	0.0124239894198148
OG4741_1381_T_A	0.0124201058201058
OG7113_1011_T_C	0.0124148148148148
OG2288_2040_T_A	0.0124026090868196
OG5298_1431_G_A	0.0124022077022077
OG9832_146_C_T	0.0124019654020108
OG5242_213_G_A	0.0124012828328618
OG9003_147_C_T	0.0123975962478014
OG260_4950_T_C	0.0123934350439205
OG10455_255_G_A	0.0123910062967958
OG4570_594_G_A	0.0123811579470498
OG5909_1012_G_A	0.0123755570773646
OG9457_102_G_A	0.0123701310415804
OG11323_307_A_T	0.0123660131434325
OG5043_360_T_A	0.0123543700881162
OG6595_362_G_A	0.0123428339859374
OG1578_1862_C_G	0.012342735042735
OG5875_897_G_A	0.0123368039664378
OG6530_720_A_G	0.0123350578960335
OG6273_564_C_A	0.0123301129493029
OG932_3576_C_T	0.0123285095856524
OG64_3421_G_A	0.0123057349255492
OG1640_2175_C_T	0.0123023823710561
OG8930_213_C_T	0.0123001465183869
OG6060_174_T_C	0.012297385620915
OG3719_936_G_A	0.0122909493916144
OG4079_337_T_C	0.0122825249386225
OG592_1285_G_A	0.0122816177854541
OG4077_990_C_T	0.0122694150867285
OG8535_288_G_A	0.0122646178409796
OG6247_220_C_A	0.0122533613445378
OG6978_876_C_T	0.0122513225899091
OG5932_498_T_C	0.0122488888888889
OG2320_189_A_C	0.0122416074121957
OG1877_2056_A_C	0.0122367644602795
OG7604_528_G_A	0.0122234690799397
OG5730_1200_G_T	0.0122210918114144
OG3438_1380_T_C	0.0122208800186741
OG8225_132_G_C	0.0122205548886221
OG4275_933_A_T	0.0122190476190476
OG7147_903_G_A	0.0122087644552648
OG4712_975_C_T	0.0122049019607843
OG4538_993_G_A	0.0121994327511569
OG10816_93_T_C	0.0121948983865499
OG1131_1843_A_C	0.0121931001801905
OG3167_1728_A_T	0.0121924659850205
OG5435_753_C_T	0.0121886128364389
OG2216_1842_G_A	0.012179475503246
OG2172_2349_A_G	0.0121720588235294
OG462_3210_C_T	0.0121660578991132
OG5579_549_G_A	0.0121645323289391
OG10927_157_G_C	0.01216
OG9607_183_A_G	0.012154347826087
OG7335_696_C_T	0.012145453097627
OG6820_1014_G_A	0.0121435064935065
OG3346_444_C_T	0.0121418910854237
OG6927_399_C_A	0.0121348524114874
OG10513_406_G_A	0.012133789881616
OG3039_1641_C_T	0.0121322890860172
OG5264_741_T_C	0.012124472798157
OG6361_357_A_G	0.0121191891891892
OG3815_1254_C_T	0.0121062944718117
OG7121_1161_T_C	0.0121059068627451
OG1243_3211_G_A	0.0121034390063033
OG5452_483_G_A	0.012101299402352
OG8141_176_T_C	0.0121
OG9770_363_G_A	0.012097202688582
OG1042_556_G_A	0.0120917008659899
OG2376_1663_C_A	0.0120914862914863
OG10877_213_C_T	0.0120885167464115
OG895_2157_C_T	0.0120821332681809
OG10335_345_C_T	0.0120818903318903
OG6940_519_C_G	0.0120783642880417
OG3886_1521_T_C	0.012069375090331
OG3803_226_C_T	0.0120676724137931
OG10337_192_G_A	0.0120675457875458
OG10165_474_T_C	0.0120663213191303
OG1168_2736_A_G	0.0120647141108585
OG4433_1231_G_A	0.0120618253085439
OG10443_60_G_A	0.0120609426726651
OG8897_120_T_A	0.0120553467000835
OG10556_414_T_C	0.0120539682539683
OG7788_50_A_C	0.0120511220454504
OG1946_2457_G_A	0.0120487067167292
OG8841_318_T_C	0.012045974025974
OG8508_499_G_T	0.0120455919209789
OG1560_2428_C_T	0.0120450010843635
OG2766_1164_C_T	0.0120406451612903
OG5941_1083_A_G	0.012039984209339
OG3504_1620_A_T	0.0120376280066683
OG1447_270_A_C	0.0120350101112235
OG4577_1242_G_A	0.0120308791903858
OG9088_112_A_C	0.0120227272727273
OG5179_811_C_T	0.0120221891887735
OG1445_1747_C_A	0.0120148541114058
OG9721_585_T_A	0.0120066943949297
OG49_7677_T_C	0.0120032467532467
OG944_2091_T_C	0.0120003607503608
OG1524_1698_T_G	0.0119917293233083
OG5427_318_G_A	0.0119804818370036
OG3187_1173_A_G	0.0119795648795649
OG1870_723_C_T	0.0119793279920902
OG4974_147_A_T	0.0119777777777778
OG3143_1422_C_T	0.0119750053867701
OG4136_1485_C_T	0.0119734877665475
OG2779_198_T_A	0.0119669163026142
OG8586_141_G_T	0.0119571428571429
OG8836_399_T_A	0.0119488229119808
OG2038_903_T_G	0.0119447100594763
OG5946_436_G_C	0.0119446623626962
OG3516_850_G_A	0.0119367648128322
OG7433_321_C_T	0.0119360053981107
OG8378_477_C_T	0.0119311004784689
OG4696_138_A_G	0.0119309210526316
OG6994_462_G_A	0.0119217391304348
OG537_558_A_G	0.0119210520960521
OG5705_1245_T_C	0.0119206390725109
OG5336_1110_T_C	0.0119172140120416
OG6837_327_G_A	0.01190931261849
OG733_2472_C_T	0.0119079831932773
OG3220_1741_G_A	0.0118985937809467
OG7676_912_C_T	0.0118981014628073
OG3055_627_C_T	0.0118953056144609
OG5162_283_G_A	0.0118950569358178
OG9918_350_T_C	0.011892297979798
OG7297_1173_A_G	0.0118895238095238
OG7270_71_T_C	0.0118854547266678
OG3724_106_G_A	0.0118829403898003
OG512_4005_A_G	0.0118786324786325
OG11346_64_C_T	0.0118771764032073
OG211_1126_A_G	0.0118750809233689
OG5553_1298_A_G	0.0118722222222222
OG11302_103_T_C	0.0118686868686869
OG11026_42_C_T	0.0118656264568517
OG2103_1374_G_A	0.0118652347652348
OG939_2570_G_T	0.0118584194760042
OG10236_351_A_T	0.0118583333333333
OG352_3786_G_A	0.0118499645890092
OG655_3099_G_A	0.011839211634137
OG5861_444_A_G	0.0118290043290043
OG5798_63_C_A	0.0118262834072937
OG5442_216_T_C	0.0118214285714286
OG4481_174_T_C	0.0118127347127347
OG3093_1308_G_T	0.011802413079351
OG1859_886_T_C	0.0118
OG2391_62_A_G	0.0117982959069916
OG8167_444_C_T	0.0117961923134337
OG9654_318_G_A	0.0117920763447079
OG4222_186_A_C	0.0117913832199546
OG5377_84_C_T	0.011784188034188
OG8061_303_A_C	0.0117791335322786
OG7041_318_G_A	0.0117790538620941
OG8229_332_C_G	0.0117747508412629
OG8759_34_C_A	0.0117671300037857
OG8565_615_A_G	0.0117635695615101
OG10611_249_C_T	0.0117585130199128
OG9536_147_A_G	0.0117502625811923
OG10610_150_C_A	0.0117474889012209
OG11039_63_G_A	0.0117439657681254
OG2614_1677_A_G	0.0117416768416768
OG3256_714_T_C	0.0117397630456454
OG8935_9_C_T	0.0117352867151089
OG2358_1860_A_G	0.0117349206349206
OG6862_166_A_T	0.0117288734896944
OG10334_321_C_A	0.0117247797247797
OG6288_576_T_C	0.0117232323232323
OG3945_1150_A_T	0.011716373571615
OG6704_657_T_C	0.0117081055909036
OG4086_1587_A_G	0.011696690996691
OG7497_276_A_G	0.0116954292571179
OG3982_1346_T_C	0.0116923412438787
OG10964_283_C_A	0.011678229822841
OG1743_2604_A_C	0.0116698412698413
OG10976_84_C_T	0.0116677740863787
OG643_2679_T_C	0.0116659663865546
OG909_2868_A_T	0.0116602984538773
OG10430_279_G_A	0.0116596465696466
OG2420_2031_T_G	0.0116573944762897
OG9412_531_T_C	0.0116349899530474
OG8331_336_T_C	0.0116339853225099
OG7450_830_T_C	0.0116311009252186
OG3899_738_C_T	0.0116308777429467
OG6589_720_A_G	0.011628097052138
OG4349_822_C_T	0.0116203322600234
OG9466_384_C_T	0.0116108452950558
OG9055_213_G_C	0.0116080879096235
OG7776_495_A_G	0.0116013833992095
OG10079_360_G_A	0.0115878837152008
OG8197_741_A_C	0.0115874609600925
OG8942_555_T_C	0.0115862732405509
OG879_2383_C_T	0.0115827841280496
OG7713_549_T_C	0.0115783034953112
OG8881_602_T_G	0.0115619386176234
OG1170_2925_C_T	0.0115611111111111
OG5339_181_G_C	0.0115577777777778
OG288_3919_C_T	0.0115554381019497
OG9991_363_G_A	0.0115541571319603
OG9041_495_G_A	0.0115534406800695
OG3339_518_A_T	0.0115507692307692
OG7603_237_T_C	0.0115452836637047
OG8610_683_C_A	0.0115406911928651
OG5962_1030_T_G	0.0115333690790173
OG10069_171_C_T	0.0115309803921569
OG10683_156_T_C	0.0115309200603318
OG1703_180_C_A	0.0115294117647059
OG10313_210_T_C	0.0115283760502643
OG9111_403_A_C	0.0115225689404935
OG4491_481_C_T	0.0115220266391394
OG10797_165_G_A	0.0115124089909832
OG4669_957_A_T	0.0115114153543062
OG6924_180_C_T	0.0115
OG1074_2704_C_A	0.0114961538461538
OG6774_132_C_T	0.0114945689386866
OG8555_108_A_G	0.0114918251584918
OG6172_463_G_T	0.0114875534424296
OG10821_236_C_A	0.0114766843385013
OG9520_60_T_G	0.0114749373433584
OG7966_714_C_T	0.0114705128205128
OG10867_75_T_C	0.0114698412698413
OG6226_1022_G_C	0.0114591293977341
OG4713_1011_T_A	0.0114580218516389
OG1983_1218_C_T	0.011456670956671
OG357_3276_C_T	0.0114544762840665
OG791_3126_G_A	0.0114542122040073
OG7591_871_G_A	0.0114466650062857
OG7857_624_G_A	0.0114407994133395
OG3613_1674_G_C	0.011432833614197
OG6913_228_A_G	0.0114320576288398
OG11197_1146_C_T	0.0114298245614035
OG3591_1170_T_C	0.0114269735720375
OG2181_2199_T_C	0.0114106720962653
OG9929_123_A_T	0.0114105263157895
OG3412_1392_A_C	0.0114103225230055
OG405_2865_A_G	0.0114097875304772
OG6547_585_A_G	0.011408253968254
OG2190_729_A_G	0.011407469342252
OG8152_384_T_C	0.0114065077222972
OG11147_255_T_C	0.0114048484848485
OG274_4698_C_T	0.0114027777777778
OG8421_684_A_T	0.0114026973026973
OG5823_964_C_T	0.0114000185322461
OG4772_1503_C_T	0.0113999058912102
OG5945_1078_C_T	0.0113942809878294
OG9736_369_A_G	0.0113928571428571
OG1246_1992_A_G	0.011392154871899
OG7381_480_C_T	0.0113903133903134
OG2289_1413_G_A	0.0113873458595965
OG1001_1907_G_T	0.0113830749570032
OG5150_348_T_C	0.0113825037707391
OG3285_1359_C_T	0.0113823037934585
OG1132_3117_C_T	0.0113814882032668
OG4028_630_A_G	0.0113800541529078
OG4227_1278_C_A	0.0113641543641544
OG1172_396_A_T	0.011358065391979
OG8747_579_T_C	0.0113578947368421
OG3669_456_G_A	0.0113487179487179
OG5083_756_A_G	0.0113453307067765
OG9977_300_T_C	0.0113325454028779
OG2127_1359_A_T	0.011330971659919
OG8840_268_G_T	0.0113287878787879
OG7599_259_G_C	0.0113263900104983
OG10345_409_G_C	0.0113215955386362
OG8292_384_G_A	0.0113145827145827
OG1151_1600_G_A	0.0113120879120879
OG1963_963_A_G	0.0113112299465241
OG5056_1241_G_T	0.0113098308430924
OG10087_378_G_A	0.0113071184446183
OG718_554_G_C	0.0113050366300366
OG6556_375_T_C	0.0112950725980846
OG8569_295_T_C	0.0112934932892076
OG2805_978_T_C	0.0112909495185377
OG3403_667_C_T	0.0112881534120069
OG1866_1231_A_G	0.0112827657378741
OG7084_535_T_C	0.0112790262424609
OG9969_143_G_A	0.0112776556776557
OG7751_885_C_T	0.0112760508308895
OG7453_10_A_G	0.0112714886814321
OG6718_499_T_C	0.0112707512560857
OG9383_540_A_G	0.0112699633699634
OG6352_263_A_G	0.0112571428571429
OG1050_3273_G_A	0.011253823953824
OG7847_902_A_G	0.0112492729337049
OG10018_135_T_C	0.011247605083089
OG4754_113_A_G	0.0112467573427952
OG7190_420_G_A	0.0112426929392447
OG8654_9_C_T	0.0112396872760521
OG425_5730_C_T	0.0112363636363636
OG7225_517_C_T	0.0112296799636422
OG2056_2536_G_A	0.0112232441835182
OG4113_1176_C_T	0.0112199879572482
OG623_2529_G_A	0.0112175438596491
OG668_3711_C_T	0.0112170731707317
OG4858_1426_C_T	0.0112161775982964
OG3941_1818_C_T	0.0112097242086627
OG7514_169_T_C	0.0112042321477805
OG7028_535_G_A	0.011201867816092
OG109_5955_T_C	0.0111884716732543
OG5933_966_G_A	0.0111878945904603
OG3026_1605_T_C	0.0111846003541552
OG889_1605_T_A	0.0111798707164561
OG7884_502_G_A	0.0111750116713352
OG4762_1403_C_T	0.0111742933537051
OG7056_576_T_C	0.0111623931623932
OG476_957_C_T	0.0111621561668146
OG6427_582_C_T	0.0111454545454545
OG4692_1236_T_C	0.0111449631449631
OG3223_903_T_C	0.0111444444444444
OG1810_2173_C_A	0.0111401960784314
OG703_642_T_C	0.0111382766221243
OG6159_463_C_T	0.01112804211102
OG9408_387_C_T	0.0111263966722015
OG9035_684_C_T	0.0111236806797853
OG7890_108_T_C	0.0111213855801555
OG1503_2406_C_T	0.0111212121212121
OG970_291_T_C	0.0111083116883117
OG7354_357_C_T	0.0111070605599373
OG5773_426_G_A	0.0111045193312435
OG8789_649_G_T	0.0110934731934732
OG1142_2442_T_C	0.0110878787878788
OG9989_549_G_A	0.0110868055555556
OG10160_222_C_A	0.0110831908831909
OG810_1961_T_C	0.0110697933348585
OG571_1320_T_A	0.0110657661612757
OG10161_396_A_G	0.0110637352535352
OG10887_43_G_T	0.0110635835806614
OG2916_907_A_T	0.0110628576737272
OG10959_285_C_T	0.0110628235502827
OG5903_1098_T_C	0.0110597799119648
OG8783_582_G_A	0.0110563895255072
OG6372_1008_T_C	0.0110498385921066
OG4246_645_A_C	0.0110366962070623
OG7368_243_A_G	0.0110312371838688
OG656_3960_C_T	0.0110271022846348
OG3687_1068_C_A	0.0110222605005662
OG448_702_T_C	0.01102
OG2727_2236_C_T	0.0110173222798901
OG4224_804_G_A	0.0110104166666667
OG1680_2709_T_A	0.0110103127423107
OG4354_816_A_G	0.0110100749097536
OG1601_325_C_T	0.0110087169365918
OG2351_2331_A_G	0.0110063392935008
OG4789_1506_T_A	0.0110056792622582
OG8739_117_A_G	0.0110042424242424
OG3289_1368_T_C	0.011
OG2804_324_C_T	0.0109983839689722
OG10370_78_C_T	0.0109966341076703
OG7937_654_C_T	0.010996333362112
OG3173_375_A_C	0.0109950698670273
OG10465_162_G_A	0.0109873404167131
OG4157_1125_T_C	0.0109834651531181
OG2489_808_T_G	0.0109768275203058
OG662_1077_T_C	0.0109714064573198
OG7441_1245_C_T	0.0109687698099234
OG664_1992_C_T	0.0109628852818453
OG421_5505_C_G	0.0109538740245262
OG3947_876_G_A	0.0109533198984923
OG5618_216_C_T	0.0109525354705115
OG7332_582_A_G	0.0109473684210526
OG235_5971_C_T	0.0109471888276842
OG2337_2064_G_A	0.0109435983624219
OG620_150_T_C	0.0109406655572133
OG2321_1953_T_C	0.0109404761904762
OG9794_393_T_C	0.0109375425459496
OG1949_753_A_G	0.0109368723098996
OG1048_2587_T_C	0.0109338357824572
OG2767_342_C_T	0.0109303921568627
OG2979_273_C_T	0.0109281943862589
OG9616_87_T_C	0.0109205452425791
OG2144_771_T_C	0.0109199134199134
OG3276_291_G_A	0.0109195590532078
OG10675_33_T_C	0.0109025203252033
OG7171_273_C_T	0.0108988888888889
OG1364_1053_T_C	0.0108986778079801
OG1785_1569_T_C	0.0108986008526992
OG10661_15_C_T	0.0108972723753212
OG6220_873_C_T	0.0108896103896104
OG7145_711_A_G	0.0108857142857143
OG4081_237_C_T	0.0108763285024155
OG6225_930_A_G	0.0108760504201681
OG2750_1545_G_A	0.0108751724137931
OG9946_377_A_G	0.0108738762859464
OG157_618_G_A	0.0108711684829786
OG6443_1038_C_T	0.0108707610023086
OG9621_189_A_T	0.0108703515263645
OG870_22_A_T	0.0108695856734955
OG9337_447_A_C	0.0108678178247591
OG6781_936_G_A	0.0108615384615385
OG292_4360_C_T	0.0108563381603115
OG8427_333_T_C	0.0108559981684982
OG227_978_C_T	0.0108525967641012
OG10263_264_G_A	0.0108515788133435
OG3080_489_C_T	0.0108497387669801
OG4237_1278_A_G	0.0108440476190476
OG3435_333_C_G	0.0108392284186402
OG9706_121_A_T	0.0108382768025625
OG10354_321_C_T	0.0108354197226824
OG7842_258_T_G	0.0108275377610035
OG9_14342_G_A	0.0108225695140141
OG635_973_T_C	0.0108168204602415
OG9181_39_C_T	0.010814610901832
OG9667_685_G_T	0.010808788594694
OG2712_600_C_T	0.010808504398827
OG6561_600_T_C	0.0107988700564972
OG5017_537_G_A	0.0107857142857143
OG6786_501_T_C	0.0107857026143791
OG3995_532_C_T	0.0107856354198554
OG674_4668_A_G	0.0107796799100066
OG10015_126_C_T	0.0107779001846191
OG6773_21_G_A	0.0107753968253968
OG232_234_G_A	0.0107714285714286
OG3662_200_A_G	0.0107670871671573
OG6783_492_C_T	0.0107575413272894
OG9852_219_C_T	0.0107517682546287
OG6991_606_C_T	0.0107501247169884
OG8954_471_G_A	0.0107461192810458
OG7222_94_T_G	0.0107404765549864
OG6150_108_C_T	0.0107391711229947
OG4826_441_G_A	0.0107331687919923
OG9812_342_T_C	0.010728904249872
OG3951_324_C_G	0.0107252368647718
OG385_2478_G_A	0.01072
OG4622_606_G_A	0.0107160901467505
OG10162_291_T_G	0.0107122807017544
OG5253_345_C_T	0.0107008866239246
OG1150_1868_C_A	0.0106913521261347
OG8532_555_C_T	0.010683434212846
OG8106_474_T_A	0.010679305200341
OG8723_708_G_T	0.0106719457013575
OG6831_810_G_A	0.0106666666666667
OG5244_480_A_G	0.0106611111111111
OG5203_71_G_A	0.0106607142857143
OG9458_393_C_T	0.0106571929824561
OG4078_256_T_C	0.0106504818318276
OG1951_399_A_G	0.0106475318325393
OG8593_294_G_A	0.0106389214301409
OG1094_1507_T_C	0.0106349466776046
OG9868_153_G_A	0.0106294141095184
OG8273_339_C_T	0.0106279557589626
OG5771_131_C_A	0.010621346738368
OG10897_213_C_T	0.0106137430644473
OG5266_1095_C_T	0.0106136292713372
OG4568_1044_A_G	0.0106126207126207
OG383_5358_G_A	0.0106070265231409
OG5204_669_T_C	0.0106034176349966
OG503_3447_G_A	0.0106033296072262
OG4531_1099_C_T	0.0105883200984893
OG8239_645_T_C	0.0105785762580894
OG1918_2291_A_G	0.010577380952381
OG1843_183_A_G	0.0105758833477973
OG2844_1209_C_T	0.010575450242793
OG10427_19_C_T	0.0105722369813603
OG4444_1837_G_A	0.0105625503194751
OG9793_363_T_C	0.0105593873635159
OG4290_243_C_T	0.0105585273279352
OG10070_138_C_T	0.0105538461538462
OG7081_717_T_C	0.0105445387945388
OG5015_1041_G_A	0.0105431818181818
OG7369_969_C_T	0.0105430699568631
OG6906_383_C_A	0.0105430133775998
OG1526_2436_G_A	0.0105405797101449
OG9687_435_T_A	0.0105384615384615
OG5636_381_A_G	0.0105348739495798
OG4331_1357_A_G	0.010527789623312
OG8466_486_C_T	0.0105244755244755
OG4091_649_G_A	0.0105231729055258
OG1320_150_A_G	0.0105145995121068
OG952_1986_G_A	0.0105140926640927
OG5594_658_C_T	0.0105133564561275
OG5229_510_G_A	0.0105133333333333
OG9350_510_G_A	0.0105059980669737
OG3164_891_G_A	0.0105038227710359
OG1711_402_A_T	0.0105
OG785_1398_G_A	0.0104990909090909
OG3177_1389_A_T	0.0104935668498168
OG564_176_T_C	0.0104924786324786
OG7602_675_G_A	0.0104904984978554
OG8589_381_A_T	0.0104833333333333
OG6126_963_C_T	0.0104809981212458
OG447_3927_T_C	0.0104726708074534
OG4045_1299_T_C	0.0104678997934812
OG2596_1119_A_C	0.0104596901165405
OG1771_2454_G_A	0.0104570730473624
OG1194_471_A_G	0.0104497607655502
OG6813_525_C_T	0.0104446886446886
OG1485_207_G_A	0.0104444444444444
OG9297_553_G_A	0.0104420321403244
OG9325_528_T_G	0.0104415584415584
OG1945_1026_A_G	0.0104391304347826
OG4360_1218_G_A	0.0104267399267399
OG9974_486_A_C	0.0104260317460317
OG8562_531_G_T	0.0104166666666667
OG9259_633_G_T	0.0104097744360902
OG4610_33_G_A	0.0104053747486143
OG4387_223_C_T	0.0104053588516746
OG3474_1260_G_C	0.0103953525641026
OG4421_1431_C_T	0.0103921993097744
OG3327_1533_T_C	0.0103832506402049
OG2045_1584_C_T	0.0103825363825364
OG2786_1977_A_G	0.0103796050692602
OG6236_378_C_T	0.0103794486215539
OG10989_417_T_C	0.0103761904761905
OG3773_1179_C_T	0.0103705357142857
OG86_6405_T_C	0.0103636363636364
OG9487_240_C_T	0.0103632600732601
OG1667_2568_T_C	0.0103629781982723
OG5048_1356_A_G	0.0103622291021672
OG5025_1359_C_T	0.0103515959820489
OG1093_1113_T_C	0.0103468243243243
OG2325_708_A_G	0.0103437229437229
OG490_1782_A_G	0.0103434731934732
OG7140_720_G_T	0.010343379817064
OG9680_280_A_G	0.0103377430942648
OG5925_96_C_T	0.0103349523105621
OG689_1803_A_T	0.0103347368421053
OG5567_177_C_T	0.0103333333333333
OG8775_15_G_A	0.0103287878787879
OG1332_2304_C_T	0.0103277794627281
OG8771_540_A_G	0.01032
OG4303_1389_C_T	0.0103181287599892
OG9747_75_T_C	0.0103024475524475
OG8917_78_C_A	0.0102984997029115
OG2479_1039_G_A	0.0102964427222104
OG7732_168_G_T	0.0102868259310553
OG3830_1557_A_T	0.0102853283970931
OG5115_591_C_T	0.0102773109243697
OG6467_846_T_C	0.010273840445269
OG7951_1214_C_T	0.0102688545688546
OG10884_279_A_G	0.0102675565646593
OG10292_27_G_A	0.0102670811488978
OG437_5493_C_T	0.0102634615384615
OG1542_559_T_C	0.0102464157706093
OG10502_172_A_C	0.0102439024390244
OG10796_267_G_A	0.0102429299928444
OG8890_270_G_A	0.0102422410541404
OG4117_1284_A_G	0.0102378450155046
OG10612_246_A_G	0.0102307692307692
OG1707_1479_G_C	0.0102248213747836
OG3597_46_T_G	0.0102247474747475
OG10757_133_T_A	0.0102244147157191
OG8425_141_G_T	0.0102226890756302
OG5109_1392_T_A	0.01021673321159
OG4268_883_A_T	0.0102149184149184
OG4274_1100_C_T	0.010210989010989
OG2355_252_T_C	0.0102099567099567
OG3703_451_C_T	0.0102069978551563
OG6366_394_G_T	0.0102053872053872
OG10782_156_G_A	0.0102042088408532
OG10262_253_T_C	0.0101951797385621
OG10119_44_C_T	0.0101943738614327
OG1335_1497_A_G	0.0101925925925926
OG2096_2532_T_C	0.0101902097902098
OG2341_612_G_A	0.0101886087768441
OG9207_458_C_T	0.0101882762861242
OG6156_418_G_A	0.0101860639360639
OG9465_558_A_G	0.010185825764274
OG10909_151_T_C	0.0101847362761471
OG9196_555_A_T	0.0101833333333333
OG10310_327_G_C	0.0101714285714286
OG5022_1008_C_T	0.0101571428571429
OG906_750_A_G	0.0101531291256374
OG3301_1119_T_A	0.0101517938583156
OG7268_813_C_T	0.0101503241885551
OG9426_117_T_C	0.0101344184489346
OG516_306_C_T	0.0101301587301587
OG4756_1008_A_T	0.0101293974225009
OG8628_490_A_C	0.0101280802981128
OG570_1791_C_T	0.010122557997558
OG8090_144_A_T	0.0101213744588745
OG4624_290_T_G	0.0101047411337067
OG3948_1035_T_A	0.0100943188086045
OG806_2955_C_T	0.0100929292929293
OG3214_561_C_T	0.01009
OG2544_1340_G_A	0.010077636013481
OG8704_138_C_T	0.0100757336135996
OG7502_349_G_C	0.0100696428571429
OG1280_2823_T_C	0.0100666666666667
OG4986_1221_C_T	0.0100651802303976
OG4065_171_T_C	0.0100557752936578
OG3176_1491_G_A	0.0100555555555556
OG10655_138_G_A	0.0100492555831266
OG3954_93_A_G	0.0100479500891266
OG3974_1386_G_A	0.0100388888888889
OG8927_720_G_A	0.0100350786468434
OG10325_280_T_G	0.0100333333333333
OG3802_1578_C_T	0.0100298782298782
OG3252_1773_C_T	0.0100289308176101
OG6414_65_A_G	0.010025547850208
OG10024_102_G_A	0.0100247497564
OG7747_777_C_T	0.0100241985753406
OG4949_1059_C_T	0.010015873015873
OG5387_638_G_C	0.010011858076564
OG8484_777_C_A	0.0100069230769231
OG3224_72_G_A	0.00999723707664884
OG474_3300_G_A	0.009994580440872
OG5725_585_T_A	0.00998717948717949
OG2252_576_T_C	0.00998057739224722
OG4573_388_T_C	0.00998021307668366
OG9738_390_C_T	0.00998006624579316
OG9944_63_T_C	0.00997777777777778
OG575_563_T_C	0.00997544211609386
OG10364_324_C_T	0.00997321187584346
OG5542_279_G_C	0.00997265948632975
OG1562_2441_G_C	0.00997261119049239
OG711_1311_C_A	0.00996892019407231
OG6662_684_A_T	0.00996482900040069
OG2295_92_G_A	0.00996415009528104
OG7091_641_A_G	0.00995113871635611
OG3235_1059_T_C	0.00995042735042735
OG4825_879_G_A	0.00994922194922195
OG4072_1873_T_G	0.00991992449153575
OG5598_471_A_C	0.00991736223364623
OG1144_3153_A_G	0.00991700404858299
OG1471_759_G_A	0.00991065099883342
OG3841_1167_T_C	0.00990972222222222
OG4007_1500_C_T	0.00990454545454545
OG74_7965_G_A	0.00989444444444445
OG9042_66_G_T	0.00989276637341154
OG8673_252_G_A	0.00988115942028986
OG2968_1209_C_T	0.00988032648466085
OG7806_246_A_G	0.00987949780960714
OG9307_438_G_A	0.00987836718020541
OG2652_1860_T_C	0.00987366618888359
OG1326_2664_C_A	0.00986969696969697
OG7880_300_A_C	0.00986928104575163
OG9279_20_G_A	0.00986825396825397
OG2051_2052_C_T	0.00986666666666667
OG4414_1476_A_T	0.00986666666666667
OG3642_360_A_T	0.00986666666666667
OG2100_1314_T_C	0.00986666666666667
OG7037_540_C_T	0.00986153846153846
OG3300_125_A_G	0.00986115034526052
OG7099_84_T_C	0.0098464491243351
OG1263_1101_T_C	0.00984619943548515
OG5058_969_G_A	0.00984230867079704
OG4270_894_C_T	0.00983888888888889
OG5232_1023_G_A	0.00983520246633253
OG3624_1329_C_T	0.00983379537129537
OG9165_144_C_T	0.00983333333333334
OG10528_303_A_G	0.00983333333333333
OG10638_46_G_A	0.00982433084157222
OG1439_1893_G_A	0.00982205128205128
OG78_12915_C_T	0.00981520467836257
OG10855_204_C_T	0.00981318681318681
OG2049_756_C_T	0.00981232492997199
OG1327_1488_G_A	0.00980952380952382
OG6464_90_T_C	0.00980209133589415
OG9455_228_T_C	0.00978793343019895
OG9727_384_C_A	0.00978106060606061
OG7061_444_G_A	0.00977856878012607
OG5717_501_C_T	0.00977437115719615
OG3292_1311_G_C	0.00976753246753247
OG1029_2169_T_C	0.00976632272099245
OG10637_33_T_A	0.00976630364711174
OG7587_600_C_T	0.00976253821545326
OG3509_1155_C_T	0.00976244343891403
OG4769_1437_A_T	0.00975892857142857
OG4901_1017_A_G	0.00975824175824176
OG9425_617_A_G	0.009754169744821
OG4438_1074_T_C	0.00975404040404041
OG9726_139_G_A	0.00974803202060368
OG7863_694_C_T	0.00974536143700046
OG9177_339_T_A	0.00974486215538847
OG9038_457_C_T	0.0097414979757085
OG4223_1826_C_T	0.00973605629877369
OG5981_116_C_G	0.00973341060562156
OG4511_700_A_C	0.00973003861809832
OG9676_354_G_A	0.00972777777777778
OG6987_510_G_A	0.00972413793103448
OG1848_900_C_A	0.00972222222222222
OG7325_903_A_G	0.00971562685680333
OG8640_354_C_T	0.00971488983803443
OG479_63_A_G	0.00971212121212121
OG7192_719_G_A	0.00970613097905504
OG3611_765_T_C	0.00969898682877407
OG2107_1011_T_C	0.00969743170081626
OG6980_387_T_G	0.0096972972972973
OG3397_1227_T_C	0.00969597069597069
OG8553_379_T_C	0.00969366436033102
OG2091_2007_C_T	0.00969134199134199
OG1219_2865_G_A	0.00968542471397565
OG8850_30_T_C	0.00968036374932927
OG10198_264_C_T	0.00967922077922078
OG5784_396_C_T	0.00967525543666409
OG704_1743_G_T	0.00966906587388515
OG2254_1806_C_T	0.00966451612903226
OG5610_49_T_A	0.00965
OG6096_334_A_G	0.00964830053667263
OG3049_2965_A_G	0.00964651376991803
OG363_480_T_C	0.00964155844155844
OG4214_1392_G_A	0.00963842817828886
OG2310_1489_C_G	0.00962976190476191
OG7233_718_G_T	0.00962857142857143
OG6525_813_A_G	0.00962783312577832
OG2792_1032_C_T	0.00962387011847301
OG8793_618_C_T	0.00962034982243678
OG1187_2955_T_C	0.00961842105263158
OG5481_510_T_C	0.00961764705882353
OG5365_285_T_A	0.00961606955793003
OG4046_1332_A_G	0.00961313826735514
OG4685_735_G_A	0.00961282051282051
OG7386_438_T_C	0.00961229731469273
OG4534_423_A_G	0.00961111111111111
OG10781_171_C_A	0.00959920634920635
OG6931_777_T_C	0.00959607843137255
OG10264_285_T_C	0.00957720340661517
OG1420_462_T_G	0.00957458513708513
OG10418_57_G_A	0.0095605482692226
OG6073_315_G_T	0.00955964325529543
OG7258_384_C_T	0.00955913978494623
OG1541_1395_A_G	0.00955431390315111
OG9647_332_A_C	0.0095494872570922
OG2636_1887_T_C	0.00954632034632035
OG6416_708_T_C	0.00954148770619359
OG1783_2694_C_T	0.00953856100795756
OG8315_591_G_A	0.00952777777777778
OG3066_1185_T_C	0.00952565611007615
OG4061_1029_A_G	0.00952214844958473
OG5066_882_C_T	0.00952084509503864
OG6182_564_C_T	0.00952033248081842
OG10799_210_G_C	0.00951746031746032
OG10062_381_C_T	0.00951359751359752
OG10793_198_C_T	0.00951234285518915
OG7273_546_T_C	0.00950862068965517
OG7683_258_C_T	0.00950664688624045
OG5176_108_G_A	0.00950625436757512
OG2374_1991_A_T	0.00950492360700256
OG4437_318_G_A	0.00949382990093312
OG6047_99_C_T	0.00948992869875223
OG1920_1845_C_T	0.00948742368742369
OG8388_699_G_A	0.00948571428571429
OG6436_942_C_G	0.00948527848522028
OG3910_774_G_A	0.00948484848484848
OG8247_720_T_C	0.00948395545601593
OG8637_537_A_T	0.00948346149022181
OG1691_1074_T_C	0.00947822290703647
OG8638_951_T_C	0.00947703703703704
OG9082_362_C_G	0.00947540757115225
OG4218_239_C_T	0.00947222222222222
OG8732_696_T_C	0.00946666666666667
OG10907_147_G_T	0.00946666666666667
OG6230_486_C_T	0.00946175693856196
OG9530_476_T_A	0.00946080586080586
OG3067_299_A_C	0.00945912087912088
OG3560_1479_A_T	0.00945548305180658
OG5779_846_C_A	0.00945142857142857
OG2270_108_C_T	0.009450532563374
OG5681_261_A_G	0.00944945702964402
OG2001_1642_G_A	0.00944373401534528
OG5842_219_G_A	0.00943201754385964
OG1109_825_C_T	0.00942963207755012
OG5069_420_C_T	0.00942943046020849
OG1837_138_T_A	0.00942857142857143
OG7407_357_G_T	0.00941666666666667
OG8861_474_G_A	0.0094155701754386
OG8205_699_C_G	0.00941423107231186
OG4336_1470_A_G	0.00941017749552189
OG7395_624_T_C	0.00940910906298003
OG9529_558_T_C	0.00940753018586352
OG1715_1950_A_G	0.00940721500721501
OG7679_210_A_C	0.00940625
OG11114_54_C_A	0.00940486111111111
OG9782_303_T_C	0.00939629619854564
OG9854_189_T_C	0.00939622957687473
OG5630_279_T_C	0.00939560599447112
OG3078_1110_T_A	0.00939530644793803
OG6945_564_A_G	0.00939517572944297
OG6962_36_G_A	0.00939417104634496
OG3653_453_T_C	0.00938955053955054
OG2597_1029_A_T	0.00938908313908314
OG3454_417_G_A	0.00938409090909091
OG2740_1347_A_G	0.00937969424670323
OG5803_513_A_G	0.00937398673544583
OG8183_183_A_T	0.00936579710144928
OG1442_3033_C_T	0.00936179529282978
OG5713_1158_C_T	0.00935897435897436
OG6638_459_T_C	0.00935619047619048
OG2692_633_A_G	0.00935506982668426
OG5382_795_G_A	0.00934608724608724
OG5459_1206_A_G	0.00934545454545455
OG4048_1530_A_G	0.00934210570982415
OG255_5193_A_G	0.0093391770501304
OG7688_224_A_G	0.00933373306677654
OG7444_337_G_A	0.00933333333333334
OG10954_279_G_A	0.00933279352226721
OG788_4593_T_A	0.00932829799496466
OG2525_2118_C_G	0.00932675183894696
OG4539_1516_A_C	0.00932674440147978
OG8726_372_C_T	0.00932619047619048
OG169_7911_G_A	0.00932372122762148
OG6538_435_T_C	0.00932040564799185
OG10348_507_T_C	0.00931990803557968
OG10013_217_T_G	0.00931944444444444
OG2795_1446_T_C	0.00931331718009712
OG5969_252_G_A	0.00930989010989011
OG9512_78_A_G	0.0093051282051282
OG5035_102_A_G	0.00930151515151515
OG5682_1157_G_A	0.00929927541684694
OG3775_1535_T_C	0.00929160042395336
OG3756_765_C_T	0.00928940594730068
OG10930_48_C_T	0.00928181818181818
OG4884_303_C_A	0.00927791032496915
OG3478_1690_C_T	0.00927723043240285
OG1413_732_C_T	0.00926571725924982
OG4677_709_C_T	0.00926406926406926
OG380_4372_C_T	0.00925856044723969
OG9981_279_T_C	0.00925623342175066
OG3309_864_A_G	0.00925585284280936
OG8839_276_T_C	0.00925396379720333
OG4771_468_C_T	0.00924571805006588
OG8004_348_G_A	0.00924259785123163
OG6194_1092_G_A	0.00923892259825422
OG526_2532_A_G	0.00922463768115942
OG2548_920_G_A	0.00922451648602025
OG1971_2607_T_A	0.00922366499791406
OG8572_588_T_C	0.00922133662408053
OG5212_459_C_T	0.00921818181818182
OG5168_1258_C_A	0.00921666666666667
OG3531_1977_C_T	0.00921644044596303
OG894_2239_C_T	0.00921400419287212
OG435_3352_A_T	0.00920921685841041
OG8808_390_T_G	0.00920919540229885
OG4197_693_A_G	0.00920833333333333
OG8763_693_T_C	0.00920777399318774
OG2741_1258_C_G	0.00920535714285714
OG8044_91_G_A	0.00920274725274725
OG1954_1538_C_T	0.00920218489240229
OG8265_426_A_G	0.00919894598155468
OG2219_369_C_T	0.00919185066365582
OG4951_1145_C_T	0.00918890817196444
OG3251_1647_G_A	0.0091864480347239
OG7861_223_G_A	0.00918160889510662
OG7808_635_A_G	0.00917942583732057
OG2662_1746_C_A	0.00917845683728037
OG173_6135_G_A	0.00917777777777778
OG6092_867_G_A	0.00917068965517241
OG5036_968_T_A	0.00916923076923077
OG2660_2368_T_A	0.0091690909090909
OG10043_366_C_T	0.00916852505771087
OG68_7266_C_T	0.00916666666666667
OG1682_549_A_G	0.00916386554621849
OG5595_1116_G_C	0.00914962514962515
OG3929_888_G_A	0.00914830118157705
OG2007_1113_C_T	0.00914825844653431
OG8363_438_G_C	0.0091466817392893
OG9467_219_A_T	0.00914285714285714
OG3587_1119_A_T	0.00914137651821862
OG9927_429_A_T	0.00913986928104575
OG2954_1431_T_C	0.00913798418576719
OG2563_732_G_A	0.00913474025974026
OG6688_792_A_G	0.00913413978494624
OG333_4794_T_C	0.00913118908382067
OG3635_483_T_C	0.00913030303030303
OG10037_294_C_T	0.00912894736842105
OG2076_2007_A_G	0.00912826747720364
OG3654_642_C_T	0.00912142857142857
OG8552_684_T_C	0.00912089932904361
OG9473_279_A_G	0.0091198717948718
OG3833_630_C_T	0.00911907898864421
OG511_3186_C_T	0.0091156862745098
OG225_564_C_T	0.00911383219954648
OG7595_108_C_T	0.00911233047463371
OG11069_24_C_T	0.00911208791208791
OG4424_981_A_G	0.00911019717845063
OG1546_300_T_C	0.00910738513721863
OG1748_2314_C_T	0.00910501567398119
OG5347_696_T_C	0.00910160493827159
OG10349_294_C_T	0.0090969696969697
OG6301_56_C_T	0.00909466080338946
OG3402_1074_A_G	0.00909398242055443
OG3761_547_G_A	0.00908717948717949
OG9651_49_T_A	0.00908687258687259
OG5063_1479_G_A	0.00908678955453149
OG8559_195_T_C	0.00908333333333333
OG3306_1677_G_A	0.00908112978524744
OG3379_1835_G_A	0.00907962962962963
OG811_1029_C_A	0.00907061106774223
OG5129_450_T_G	0.00906666666666666
OG1408_1176_C_T	0.00906242540494459
OG8439_91_T_A	0.00906216103462662
OG2697_1616_A_G	0.00905963356284281
OG3847_597_G_A	0.00905759134254795
OG8863_297_A_G	0.00905714285714286
OG273_3216_T_G	0.00905555555555556
OG3303_1305_A_T	0.00905471946354299
OG923_3600_T_A	0.00905329970575873
OG9008_600_T_C	0.00904901960784314
OG1720_2915_A_G	0.00904673233270794
OG6084_674_T_A	0.00904588861849882
OG2125_2335_A_T	0.00904438903029448
OG9017_522_G_A	0.00903846153846154
OG6290_732_G_A	0.00903786207607463
OG7689_751_A_G	0.00903606965174129
OG4844_411_C_T	0.00903359173126615
OG7735_159_C_T	0.0090264367816092
OG10587_306_T_A	0.0090253663003663
OG2590_164_A_G	0.00902410714285714
OG8664_486_A_G	0.00902380952380952
OG177_6961_G_A	0.00902308802308802
OG1367_1461_A_G	0.00901980889073536
OG1811_1014_G_A	0.00901764812649702
OG9546_544_A_G	0.00901754893020716
OG10834_75_G_C	0.00901688211460544
OG10188_70_T_A	0.00901485168426345
OG2576_1839_A_G	0.00900560154131583
OG927_1182_T_C	0.00900559440559441
OG3480_939_T_C	0.00900312695434647
OG3563_155_T_A	0.009
OG3771_504_T_C	0.009
OG3717_801_A_G	0.009
OG1673_1870_T_C	0.009
OG3086_831_A_G	0.0089984555984556
OG1242_1869_A_G	0.00899285714285714
OG9296_378_T_C	0.00898739102147039
OG9363_414_T_C	0.0089847556800498
OG3168_1641_T_C	0.00898245614035088
OG6553_1020_A_T	0.00897208351425676
OG8318_680_A_G	0.00896875
OG3919_1167_C_G	0.0089650742673625
OG2407_2038_G_C	0.00896428571428572
OG8341_420_G_A	0.00896304909560724
OG3999_1558_A_G	0.00896048951048952
OG4282_120_A_G	0.00896045977011495
OG268_4709_G_T	0.0089542741997985
OG8676_765_C_T	0.00895223934257833
OG10047_213_A_T	0.00895014245014245
OG1390_2967_T_C	0.00894666666666667
OG7661_939_T_A	0.0089466611819553
OG5642_705_T_G	0.00894102564102564
OG1344_2427_T_C	0.00893589743589744
OG10414_114_A_G	0.00893228709394206
OG7191_513_T_C	0.00892789530058341
OG224_1437_C_T	0.00892649572649573
OG117_2457_T_A	0.00892493651466216
OG7018_336_A_G	0.00892433783108446
OG935_3309_C_T	0.00892331002331003
OG2751_942_C_T	0.00891666666666666
OG4849_1302_G_A	0.00891428571428572
OG8477_492_A_G	0.00890595238095238
OG6079_1104_C_A	0.00890584073460786
OG7001_396_T_A	0.00889433280170122
OG8211_702_T_C	0.00889366675445107
OG2494_1551_T_C	0.00889156223893066
OG2180_1974_G_A	0.00888888888888889
OG215_7692_C_T	0.00888736263736264
OG744_858_T_C	0.0088835837876636
OG6545_1024_C_G	0.00888033033033033
OG10395_204_C_T	0.00887751234272973
OG3382_1191_T_C	0.00887739472838316
OG9754_258_G_A	0.00887424242424243
OG3250_462_C_T	0.00887223536864857
OG5304_360_A_G	0.00886597313624245
OG7509_762_C_T	0.0088628406076682
OG876_2439_A_G	0.00886216272312162
OG10084_75_T_C	0.00885833333333334
OG2575_1359_T_C	0.00885472246439989
OG7895_825_G_A	0.00885204991087344
OG1002_2845_C_T	0.00884985754985755
OG398_336_G_A	0.00884845769205793
OG4121_1230_C_T	0.00884844970445754
OG5855_1149_G_A	0.00884824921913529
OG3084_1172_G_A	0.00884090909090909
OG10825_210_C_T	0.00883926969817432
OG2332_1076_C_T	0.00883896860740008
OG5390_891_A_G	0.00883663003663004
OG9604_45_C_T	0.00883621741909937
OG2033_12_A_G	0.00883516366674262
OG6344_1302_A_G	0.0088339123242349
OG395_4833_G_A	0.00883193277310924
OG458_3558_A_T	0.00882372598162072
OG5161_156_T_C	0.00880652731118577
OG7753_732_A_G	0.00880455941907555
OG1431_2037_C_T	0.00880361721611722
OG1416_2406_G_A	0.00880105263157895
OG5096_1251_C_A	0.00879959304476507
OG9453_372_A_G	0.00879947926469665
OG1878_879_A_G	0.00879788288288289
OG6448_436_A_G	0.00879208852322442
OG5257_1002_C_T	0.00879166666666667
OG2208_1842_G_A	0.00878662673894091
OG5667_306_G_A	0.00877986416293344
OG4800_1200_C_T	0.00877728072149903
OG3822_483_T_C	0.00877686274509803
OG10214_1000_G_C	0.00877380952380952
OG7393_381_C_T	0.00876262626262626
OG7102_169_T_A	0.00876262626262626
OG3536_1095_C_T	0.00875328282828283
OG5628_728_C_T	0.00875137780555282
OG8465_75_G_C	0.00875055555555556
OG6335_717_T_C	0.00874956239059765
OG10602_375_C_A	0.00874397759103641
OG8612_543_C_T	0.00873294413919414
OG7659_508_C_T	0.00872422130564643
OG9678_148_C_T	0.00872222222222222
OG10108_93_T_C	0.00871975308641976
OG6534_133_A_G	0.00870898472596586
OG535_3342_G_T	0.00870892857142857
OG10322_66_G_C	0.00870873737373738
OG7779_141_G_A	0.00870555555555556
OG7208_34_C_T	0.00870128205128205
OG7095_600_C_T	0.00870104821802935
OG2726_1425_C_T	0.00870078120971485
OG394_2645_G_A	0.00870035886818495
OG7090_642_C_T	0.0086925159642401
OG3592_318_A_T	0.00868958834995986
OG1189_1506_C_T	0.00868886934618809
OG6442_669_G_A	0.00868591114767585
OG9097_468_G_A	0.00868057155657962
OG6169_918_C_T	0.00867947947947948
OG1964_1620_G_A	0.00867927574598816
OG10342_342_T_C	0.00867622885126094
OG5877_456_T_C	0.00867364672364672
OG10715_18_G_T	0.00867082706766918
OG8591_114_A_C	0.00866826923076923
OG1976_674_C_T	0.00866743295019157
OG10902_459_C_T	0.00866666666666666
OG6974_604_G_A	0.00866160750713995
OG593_1474_G_A	0.00865249981194254
OG164_4524_C_T	0.00865128205128205
OG1991_2617_C_A	0.00864848484848485
OG7785_321_C_A	0.00864532356532357
OG508_1757_T_A	0.00864412955465587
OG4044_1410_T_C	0.00864193349753694
OG9665_63_C_T	0.00863961482256974
OG6996_455_C_T	0.00863950981268054
OG7565_119_G_A	0.00863673254835996
OG231_2791_C_T	0.00863659147869674
OG2135_1350_T_C	0.00863029193029193
OG4293_1609_C_A	0.00862222222222222
OG10972_51_A_T	0.00862096753820893
OG1389_1872_A_C	0.00862026862026862
OG10246_480_A_G	0.00861904761904762
OG5624_1252_C_T	0.0086189701897019
OG1862_1964_C_A	0.00861678805672034
OG5733_450_A_G	0.00860756302521009
OG8913_216_G_A	0.00860556971241354
OG2543_303_G_A	0.00860512820512821
OG10065_78_C_T	0.00860079051383399
OG5106_1137_C_T	0.00859765355417529
OG9656_471_T_G	0.00859745744451627
OG2990_1212_G_C	0.00858935463121784
OG6378_914_A_T	0.00858877860490764
OG3683_579_T_C	0.00858367346938776
OG280_3891_A_G	0.00857672882672882
OG8667_420_C_T	0.00857393162393163
OG507_3032_C_T	0.0085650406504065
OG5170_481_C_T	0.00855821812596006
OG9345_366_A_C	0.00855466146756469
OG2626_1080_T_C	0.00854848484848485
OG667_4293_C_T	0.00854756258234519
OG3367_1179_A_G	0.00854350104821803
OG7978_864_C_G	0.00854166666666667
OG10818_175_T_C	0.00853946608946609
OG8493_423_G_A	0.00853615749330035
OG6479_843_A_T	0.00853333333333334
OG5778_360_C_T	0.00853090172239109
OG9763_108_A_G	0.0085290289449113
OG3262_360_C_T	0.00852770761576732
OG2952_1607_C_T	0.00852677133655394
OG8550_367_A_T	0.00852462294174623
OG2848_1074_A_G	0.00852380952380952
OG10002_497_G_A	0.00851923536439665
OG9571_264_C_T	0.00851764705882353
OG613_5318_C_G	0.00851261261261261
OG8459_639_T_G	0.00851212121212122
OG3720_1359_C_T	0.00850955080007712
OG7609_349_C_A	0.00850844806007509
OG1026_781_T_C	0.0085
OG2822_1068_C_T	0.0085
OG4300_696_T_C	0.00849292929292929
OG7983_91_A_G	0.00849033437826541
OG10001_510_A_G	0.00848989898989899
OG554_352_C_T	0.00848552511415525
OG75_7428_C_T	0.00848412698412698
OG10272_166_A_G	0.00848247978436658
OG2308_129_C_T	0.00847837993632551
OG3179_1152_T_A	0.0084782599753188
OG1396_2349_A_T	0.00847631208763284
OG8687_357_G_A	0.00847587520838295
OG4162_425_G_A	0.0084753036437247
OG5236_1025_A_T	0.0084684472934473
OG6935_396_T_C	0.00846676357869698
OG4749_759_G_A	0.00846305916305916
OG9856_150_A_T	0.00845913043478261
OG2246_1372_C_T	0.00845903814262024
OG1620_1347_G_C	0.00845446375519905
OG6814_417_G_A	0.00845189735358275
OG6618_540_A_T	0.00845049289891395
OG8250_594_C_T	0.00845000865822494
OG6793_2367_T_C	0.00844615384615385
OG3079_1006_G_A	0.00844603174603175
OG6999_186_G_T	0.0084448607858444
OG3614_678_A_T	0.00844444444444444
OG1768_2508_T_A	0.00844415364047717
OG34_11445_A_C	0.00843952240550376
OG5447_1235_T_C	0.00843846153846154
OG7959_183_A_G	0.00843748917748917
OG7132_588_G_A	0.00843636363636364
OG10561_36_T_C	0.00843547273982057
OG2809_2036_G_A	0.00843333333333333
OG10267_159_C_T	0.00843320158102767
OG11051_53_A_T	0.00843294789045415
OG6535_951_A_G	0.0084279093455564
OG4786_1008_A_T	0.00842613567165997
OG8603_280_G_T	0.00842139943389944
OG3561_375_G_A	0.0084159891598916
OG2131_441_G_A	0.00841575091575092
OG403_4029_G_A	0.0084156862745098
OG7734_801_A_G	0.00840756302521008
OG871_3597_A_T	0.00840727272727273
OG4239_1317_G_A	0.00840636877247047
OG4650_184_A_T	0.00840445743514797
OG7702_741_G_A	0.00840398550724638
OG9932_379_G_A	0.00840253653156879
OG8541_216_A_G	0.00840207328833172
OG9642_189_G_A	0.0083970427681066
OG2671_288_C_T	0.00839393939393939
OG6200_216_C_A	0.0083936507936508
OG2808_1086_A_G	0.00838724119798247
OG9001_457_C_G	0.00838690303407284
OG5716_1348_G_A	0.00838557095078835
OG1747_1215_T_G	0.00837820512820513
OG2925_1077_C_T	0.00837807818779686
OG2936_1305_G_A	0.00836976911976912
OG2370_2220_T_A	0.00836904761904762
OG9581_272_C_G	0.00836666666666667
OG7651_738_C_T	0.00836377387029685
OG6469_651_T_C	0.00836019536019536
OG9283_11_C_T	0.00835400696864112
OG3996_1321_C_T	0.00834625004751587
OG5816_687_C_T	0.00834285714285715
OG5239_1377_T_C	0.00834235939303975
OG1552_1155_T_A	0.00833880987598134
OG8928_237_T_C	0.00833706293706294
OG8304_420_G_A	0.00833472807297013
OG7033_1215_C_A	0.00833333333333333
OG7312_807_A_T	0.00833333333333333
OG7752_321_G_A	0.00833333333333333
OG966_2373_A_C	0.00833130081300813
OG6033_849_G_A	0.00832527472527472
OG5631_600_C_T	0.00832089405486412
OG3894_1622_A_G	0.00832038594755071
OG8462_386_C_T	0.00831931452518148
OG33_1710_G_A	0.00831904761904762
OG3712_366_G_A	0.00830641025641026
OG5760_261_G_A	0.0083063829787234
OG4745_1125_G_A	0.00830489510489511
OG8215_468_G_A	0.00830188172043011
OG2285_274_C_A	0.00830080722606854
OG2603_66_A_G	0.00829790385053543
OG369_5024_C_G	0.00829761904761905
OG118_7390_T_C	0.00829569597069596
OG6359_888_C_T	0.00829210794440134
OG8544_594_T_A	0.00829119769119769
OG10277_66_G_A	0.00828985507246377
OG7701_106_A_G	0.00828900068067727
OG2843_1931_A_G	0.00828851540616246
OG5670_615_G_T	0.00828282828282828
OG2812_84_G_A	0.0082819149317119
OG3646_467_G_C	0.0082810147299509
OG9703_396_C_T	0.00828045436741088
OG7466_504_A_C	0.00827965367965368
OG7429_996_G_C	0.00827645687645688
OG8069_49_T_C	0.0082722696570267
OG4973_447_A_G	0.00827139751552795
OG3659_946_C_T	0.00827112403100775
OG1885_1497_T_C	0.00826969696969697
OG151_1425_A_G	0.00826596736596736
OG10469_672_A_G	0.00825980392156863
OG2867_1080_G_C	0.00825714285714286
OG9420_151_T_C	0.0082533960292581
OG3426_1506_G_A	0.00825315184353113
OG3333_387_G_A	0.00825264772575697
OG9942_199_A_G	0.00825238095238095
OG6460_19_A_G	0.00825079365079365
OG8824_279_A_C	0.00824914693149987
OG10482_363_C_G	0.00824700854700854
OG3195_972_A_G	0.00824696356275304
OG6775_588_A_C	0.00824444444444444
OG3832_268_A_G	0.00824289422452952
OG1814_2204_G_A	0.00824124223602485
OG2655_950_A_T	0.00823635444743935
OG2514_1650_G_A	0.00823351599667389
OG7534_791_A_G	0.00823063539730206
OG5227_83_T_A	0.00821666666666667
OG7024_58_C_G	0.0082127368657523
OG3132_549_A_G	0.0082093306437726
OG7098_381_C_T	0.00820748792270531
OG9344_247_T_C	0.00820333333333333
OG8444_393_T_C	0.00820332303690417
OG11329_482_C_A	0.0082031746031746
OG4485_216_T_C	0.00820108071597434
OG10260_282_G_A	0.00819905021173623
OG8438_120_A_G	0.00819529914529914
OG6376_493_C_A	0.00819264069264069
OG111_3228_A_G	0.00819190660760428
OG2439_1062_C_T	0.00818787515006002
OG7169_721_A_G	0.00818718781218781
OG11056_301_C_T	0.00818606889564336
OG9646_789_G_A	0.00818333333333333
OG596_1428_T_C	0.00818
OG954_4085_C_G	0.00817673992673993
OG666_1543_A_G	0.00817670775552131
OG3336_1554_G_A	0.0081726050420168
OG4085_1155_T_C	0.00817180020346818
OG11192_112_G_A	0.00817171717171717
OG748_966_G_A	0.00816410256410256
OG3794_1653_T_C	0.00816301169590643
OG8647_537_T_C	0.00816207356076759
OG7375_843_G_A	0.00816090432864626
OG8617_471_G_A	0.00816010520487265
OG3784_1584_C_T	0.00815977443609023
OG8169_309_C_T	0.00815909090909091
OG5775_942_G_T	0.00815789473684211
OG2887_591_G_A	0.00815489388660121
OG8014_258_T_A	0.00815406641288994
OG7860_759_C_T	0.00815347358121331
OG9528_517_T_A	0.00814787581699346
OG5724_1041_G_A	0.00814424242424243
OG11208_93_A_G	0.00814275184275184
OG6689_357_T_A	0.00814046652557564
OG313_4755_A_G	0.00813333333333333
OG4269_130_C_T	0.00812941176470588
OG6152_639_T_C	0.00812735042735043
OG8123_78_A_T	0.00812554112554112
OG2868_258_G_A	0.008125
OG4205_642_C_T	0.00812206084273973
OG4484_1473_A_G	0.00812121212121212
OG2118_2049_C_T	0.00811503267973856
OG2339_1542_T_C	0.00811428571428571
OG10929_97_A_G	0.00811282051282051
OG993_310_G_A	0.00811111111111111
OG6272_210_A_G	0.00810230704967547
OG11150_192_T_C	0.00810186335403727
OG7906_288_G_A	0.00809493414387031
OG4959_621_A_T	0.00809272949272949
OG4971_486_C_A	0.00809028054969494
OG701_2441_A_T	0.00808929182346904
OG6646_840_A_G	0.00808333333333333
OG3725_813_C_T	0.00808132798573975
OG1137_1018_C_T	0.00807936507936508
OG8679_669_T_C	0.00807777777777778
OG6972_453_C_T	0.00807692307692308
OG1479_861_G_A	0.00807142857142857
OG9670_348_T_A	0.00806896551724138
OG1059_3480_A_G	0.00805655416449467
OG4392_1350_T_C	0.00805108556832695
OG7720_279_A_G	0.00805060937418446
OG10787_174_A_G	0.00804550885196046
OG7060_477_A_T	0.00804444444444444
OG3839_1134_C_T	0.00803356643356643
OG1448_1239_G_C	0.00803299663299663
OG3050_1432_G_A	0.00803118908382066
OG1697_1236_A_G	0.00803070960047704
OG7993_702_G_T	0.00802607274793976
OG3393_1548_T_C	0.00802373067545481
OG4305_936_T_C	0.00801225071225071
OG3850_599_C_T	0.0080122247597062
OG6093_129_G_T	0.00801111111111111
OG6652_269_G_T	0.00800950033947746
OG5131_528_A_G	0.00800748663101604
OG8411_534_C_T	0.00800449141788553
OG9561_402_T_C	0.00800098046771307
OG10712_18_T_C	0.008
OG10773_479_T_C	0.008
OG5315_1213_A_G	0.008
OG9983_393_A_G	0.00799117647058824
OG2967_615_C_T	0.00798787878787879
OG7922_225_G_A	0.00798519415196836
OG345_1140_A_G	0.00798269637567152
OG9888_138_A_G	0.00798235294117647
OG11326_135_A_C	0.00797949002217295
OG8079_450_C_T	0.00797460317460317
OG7050_171_A_G	0.00797313007100242
OG8007_567_G_C	0.0079697028236582
OG3036_864_C_T	0.00796666666666666
OG7490_738_G_A	0.00795811051693405
OG9243_18_T_G	0.00795714285714286
OG1228_2634_A_G	0.00795683971834348
OG6160_768_C_T	0.00795643939393939
OG7726_1113_C_T	0.00795555555555556
OG1992_2362_G_A	0.00795532027675483
OG6213_783_G_A	0.00795351631672148
OG7862_772_G_A	0.00794725274725275
OG7163_189_A_T	0.00794668406678121
OG8359_199_G_T	0.00793992673992674
OG9270_39_C_T	0.00793962756993595
OG3350_1666_G_C	0.00793481745876187
OG9427_354_T_C	0.00793333333333333
OG5053_78_A_G	0.00792708988057825
OG1158_1540_G_A	0.00792681704260652
OG962_3050_C_T	0.00792456230038973
OG4989_280_G_A	0.00792450117877063
OG9525_657_T_C	0.00792069412069412
OG1924_525_G_A	0.00791666666666667
OG8650_156_C_A	0.00791097909183016
OG787_318_C_T	0.00790585109345673
OG2912_1632_A_G	0.00790123456790124
OG6550_1068_G_A	0.0079
OG4006_930_G_A	0.00789824175824177
OG5639_177_C_T	0.00789621212121212
OG1978_1142_G_A	0.00789464285714286
OG6205_255_C_T	0.00789388127853882
OG9638_372_T_C	0.00789090909090909
OG8770_40_T_C	0.00789018759018759
OG7899_813_A_G	0.00787739269596655
OG7786_37_G_T	0.00787633871504839
OG4795_801_T_C	0.00787551187551187
OG9551_543_T_C	0.00787471786692348
OG8170_345_A_G	0.00787301587301587
OG1188_2508_A_G	0.00787301587301587
OG1529_408_G_A	0.0078708810010515
OG6049_606_G_A	0.00786722222222222
OG1729_897_G_A	0.0078656232018301
OG8033_108_T_C	0.00786317567567568
OG855_2188_A_T	0.00786228585654109
OG2178_2334_C_A	0.00785940530058177
OG8222_258_A_G	0.00785851829330091
OG892_741_T_C	0.00785620915032679
OG652_3549_T_C	0.00785454545454545
OG8907_444_A_T	0.00785262065386612
OG9945_234_A_T	0.00784502164502165
OG3384_1152_C_A	0.00784328948144652
OG8933_130_A_C	0.00783851788432268
OG4582_1359_A_C	0.00783690625810441
OG769_3945_G_T	0.00783375251509054
OG9836_75_C_T	0.00783293226381462
OG3602_870_T_C	0.00783239524702939
OG3190_230_A_G	0.00782874568695403
OG606_2157_A_G	0.00782314814814815
OG1366_1752_A_G	0.00781666666666667
OG1532_2739_A_C	0.00781237281237281
OG2279_1110_T_C	0.00781002331002331
OG3395_1371_C_T	0.00780476190476191
OG4463_177_T_C	0.00780363917924894
OG6426_1284_C_T	0.0078
OG11310_68_A_G	0.00779995600514787
OG7439_318_C_T	0.00779923076923077
OG5142_393_A_T	0.00779354469060351
OG3236_483_C_T	0.00779191919191919
OG9743_159_T_C	0.00779003319196017
OG8036_135_C_T	0.00778716653716654
OG705_626_G_A	0.00778266561927206
OG6116_364_C_T	0.00778181818181818
OG2716_1812_T_C	0.00778104575163399
OG4441_978_C_T	0.00777837837837838
OG6808_1632_T_C	0.00777818181818182
OG7608_482_G_A	0.00777435897435897
OG8008_279_G_A	0.00777418300653595
OG4313_55_G_A	0.00777207977207977
OG6282_1119_C_T	0.00777128782547501
OG4026_1206_G_A	0.00776817761098373
OG2477_973_T_C	0.00776436781609195
OG4711_723_C_T	0.00775985756014205
OG849_2902_G_A	0.00775935288169868
OG8294_741_G_A	0.0077578947368421
OG9444_294_A_G	0.00775714285714286
OG2922_1278_C_T	0.00775476190476191
OG10428_331_G_A	0.00775432072930583
OG4451_561_G_A	0.00775384615384615
OG2193_753_C_T	0.00774642857142857
OG6012_537_A_G	0.00774603174603174
OG5603_1058_G_A	0.00774145299145299
OG1660_1605_A_C	0.00773652312599681
OG3944_349_T_A	0.00773557193557193
OG6349_1122_A_T	0.00773333333333333
OG3604_1257_T_A	0.00773333333333333
OG2229_1428_C_T	0.00773053225087675
OG10408_507_G_A	0.00772940251572327
OG1865_1488_G_A	0.00772315462315462
OG7969_231_C_T	0.00772305764411028
OG2846_519_C_T	0.00772298850574713
OG4988_936_C_T	0.00772032509973686
OG4936_1245_T_C	0.00771666666666667
OG6611_988_G_A	0.0077145612343298
OG6332_837_A_G	0.00771055430077171
OG3540_1642_C_G	0.00770805307981779
OG4120_1108_C_T	0.00770526960784314
OG10520_154_A_G	0.00770437204121415
OG4161_2294_A_G	0.00770075757575758
OG7802_888_G_A	0.00769994651453022
OG5588_1189_T_C	0.00769958099853602
OG2659_318_C_T	0.00769953513320222
OG1456_189_A_G	0.00769756909756909
OG5385_1044_C_T	0.00768975468975469
OG2008_2298_G_A	0.00768870493861464
OG4442_540_T_C	0.00768859649122807
OG5380_838_T_C	0.00768615984405458
OG2556_2163_T_C	0.00768367583884826
OG4609_501_G_A	0.00768347338935574
OG9126_519_A_G	0.00767915543575921
OG558_116_G_A	0.00767777777777778
OG4267_915_G_A	0.00767511659033398
OG3381_1637_A_C	0.00767222222222222
OG9461_45_C_T	0.00767125573633709
OG4728_549_C_A	0.00766804849029914
OG10283_261_C_T	0.00765573432343234
OG10351_225_T_A	0.00765490196078432
OG9878_231_A_G	0.00765437908496732
OG4585_321_A_C	0.00765320910973085
OG10_8268_G_A	0.00764705882352941
OG4794_1353_T_C	0.00764097968936679
OG4801_87_G_A	0.00763573268421621
OG7172_66_G_A	0.00763432283196898
OG2609_939_A_G	0.00763333333333333
OG2561_436_T_C	0.00762914240931482
OG2383_222_T_C	0.00762731092436975
OG5531_1025_A_T	0.00762695285010556
OG9884_432_A_G	0.00762421253454148
OG6091_1011_G_A	0.00762380952380952
OG9857_84_T_C	0.00762155516292964
OG1261_372_C_T	0.00762095835199284
OG4288_1613_G_A	0.00761538461538461
OG10858_319_G_A	0.00761383835537049
OG9995_490_A_C	0.00761324009324009
OG8511_615_T_C	0.00761323877068558
OG7080_561_A_G	0.00761223207686622
OG1806_459_A_G	0.00761176470588235
OG4708_1875_C_T	0.00760892450429793
OG5882_654_A_G	0.00760678210678211
OG5517_296_T_C	0.00760142191142191
OG2433_33_C_T	0.0076
OG5450_276_C_T	0.00759313725490196
OG10317_312_G_A	0.00759166666666667
OG6727_639_T_A	0.00758441558441558
OG3564_414_C_T	0.00758350367173897
OG5088_279_T_A	0.00758333333333334
OG6014_1239_C_T	0.00758241758241758
OG8296_285_T_C	0.00758095238095238
OG1105_21_C_T	0.00757666666666667
OG3131_399_C_T	0.00757638888888889
OG10492_105_T_C	0.00757309941520468
OG8919_141_C_T	0.0075707600680658
OG10060_277_G_A	0.00756735459662289
OG3385_1620_A_G	0.00756666666666667
OG5445_1281_T_G	0.00756008392341988
OG5169_73_T_C	0.00755939182768451
OG9007_540_C_T	0.00755409737111434
OG5963_1164_C_T	0.00754755244755244
OG6729_282_T_A	0.00754308869425148
OG6327_268_A_G	0.00754235385210995
OG9756_622_A_G	0.00753870639164757
OG7428_527_C_T	0.0075352074297455
OG1278_2826_T_C	0.00753010033444816
OG6244_1128_A_T	0.00752717391304348
OG9921_129_T_C	0.00751400239729759
OG11133_24_G_A	0.00751060606060607
OG5019_353_A_T	0.00750889669894825
OG4334_357_C_T	0.0075
OG10811_1401_A_G	0.0075
OG1283_2223_T_A	0.0075
OG2619_223_T_A	0.00749770114942529
OG6640_495_C_T	0.00749770114942528
OG1780_549_T_A	0.00749707602339181
OG4862_1002_A_G	0.00748959304131718
OG3528_99_A_G	0.00748304971643337
OG9281_525_C_T	0.00748018648018648
OG160_909_G_A	0.00747676587462492
OG4976_351_T_C	0.00747595141700405
OG911_1821_T_C	0.00747190827190827
OG10868_189_C_T	0.00747121743996744
OG6249_879_G_A	0.00746782845668388
OG4942_459_A_T	0.00746488940403747
OG5581_993_C_T	0.00746464646464646
OG1934_2097_C_T	0.00746432474629196
OG9476_567_T_G	0.00745945945945946
OG2588_26_G_A	0.0074477212228765
OG6203_465_A_C	0.00744444444444444
OG7248_563_G_A	0.00743623188405798
OG1102_3336_A_G	0.00742869565217391
OG4606_411_C_T	0.00742862407862408
OG7073_880_T_C	0.00742561333237966
OG11030_102_A_T	0.00742409314823108
OG7520_738_G_T	0.00742253117758859
OG246_3870_G_A	0.00742033235581623
OG3792_1427_A_T	0.00741596638655462
OG30_14340_G_A	0.00741212121212121
OG10187_330_A_T	0.00740714285714286
OG5181_727_G_A	0.00740441162621938
OG4283_1413_T_C	0.00740179114859577
OG5483_955_A_C	0.0074
OG3040_476_T_C	0.0074
OG8026_567_C_T	0.0074
OG3433_282_T_C	0.00739473684210526
OG3824_631_C_A	0.00739377289377289
OG299_5179_C_A	0.00739305019305019
OG3732_1155_A_G	0.00739112987647427
OG9170_64_G_C	0.00739047619047619
OG9933_243_C_T	0.00738567188519243
OG2534_1419_G_A	0.00738444118605409
OG5255_396_T_C	0.00738375350140056
OG9524_99_C_T	0.00738095238095238
OG7585_275_G_C	0.00737592592592593
OG5303_672_G_A	0.00737577639751552
OG7416_658_T_C	0.00737530198662274
OG2770_237_C_T	0.00737337662337662
OG1589_1449_G_A	0.00737023382531211
OG10044_555_G_A	0.00736904761904762
OG6615_148_C_A	0.00736816059757236
OG35_11736_A_G	0.00736782984380193
OG4264_1665_C_T	0.00736577229403316
OG1289_2910_C_T	0.00736549736951636
OG9753_48_C_T	0.00736507936507937
OG3136_822_C_T	0.00736373456790125
OG6717_1071_G_A	0.00736363636363636
OG8334_21_G_A	0.00735806785806786
OG2156_1194_G_A	0.00734755999049655
OG2839_1913_G_A	0.00734744667097608
OG540_4120_T_C	0.00734376134376133
OG3370_1360_C_T	0.00734174895068999
OG9171_619_T_C	0.00733333333333333
OG1741_84_G_A	0.00733333333333333
OG10765_195_G_T	0.00733216230936819
OG2866_1395_A_T	0.00733061069255288
OG9367_455_A_G	0.00732803374432187
OG6649_982_A_C	0.00732727272727273
OG9988_243_C_T	0.00732564102564103
OG6292_750_T_G	0.00732167832167832
OG2451_430_C_T	0.00732114019520851
OG2164_1137_G_A	0.00732109557109557
OG9659_69_T_A	0.00732012432012432
OG712_3888_A_G	0.00731868131868132
OG191_2088_A_G	0.00731746031746032
OG10352_69_C_T	0.007315701768731
OG6998_336_A_T	0.00731289910600255
OG10333_54_C_G	0.0073125
OG6057_861_C_T	0.00731033719858254
OG2417_445_A_G	0.00730952380952381
OG807_780_G_A	0.00730751322751323
OG9139_24_A_C	0.00730735966735967
OG272_3759_C_T	0.00730679116046905
OG5030_732_C_A	0.00730512555899552
OG5171_126_C_T	0.00730103995621237
OG9734_501_C_T	0.00729040404040404
OG2099_369_C_T	0.00728888888888889
OG1917_138_A_G	0.00728846153846154
OG8016_216_G_A	0.00728579916815211
OG1450_338_A_T	0.00728571428571428
OG432_540_A_T	0.00728541980815538
OG8175_576_C_T	0.00728283929703405
OG4996_744_T_C	0.00728110599078341
OG830_1137_G_A	0.00728047740835465
OG6167_615_G_A	0.00727783299858771
OG6098_1091_A_G	0.00727649122807017
OG1388_2463_A_G	0.00727447541079099
OG1515_2535_A_T	0.00727409372236959
OG2568_1548_G_A	0.00727406694687801
OG2892_750_C_T	0.00726944946002397
OG9364_477_T_C	0.0072687074829932
OG5009_1722_T_C	0.00726666666666667
OG3569_579_G_A	0.00726539984754439
OG6527_579_A_T	0.00726505593461436
OG1429_1686_G_A	0.00726033182503771
OG5602_1260_T_C	0.00725993813362234
OG4628_681_C_T	0.00725879726803265
OG2989_1716_G_A	0.00725805860805861
OG7717_573_A_T	0.00725635245901639
OG9828_180_G_A	0.00725617715617716
OG8289_695_C_T	0.00725384615384616
OG2048_748_C_T	0.00724923076923077
OG7118_333_C_G	0.00724411820063994
OG2206_689_A_G	0.0072439393939394
OG10142_34_T_G	0.00723809523809524
OG9268_24_T_A	0.00723642948835504
OG9495_291_G_A	0.00723573200992556
OG6516_561_A_G	0.00723333333333333
OG1884_2424_T_C	0.00723174603174603
OG5578_754_C_T	0.00722784497901646
OG4746_336_A_T	0.00722222222222222
OG3248_1008_T_C	0.00722115384615384
OG8246_96_T_G	0.00722108024234251
OG10486_811_T_C	0.00722091503267974
OG6511_900_C_T	0.00722091503267974
OG2140_828_G_A	0.00722063492063492
OG4504_921_G_A	0.00721736694677871
OG3842_1314_G_A	0.00721491228070175
OG3628_1560_G_C	0.0072135741652983
OG7218_360_A_G	0.0072058201058201
OG2398_21_A_C	0.00720454545454545
OG7741_771_T_G	0.0072
OG3933_1492_T_C	0.0072
OG2372_303_T_C	0.00719889469301234
OG679_2877_G_A	0.00719607843137255
OG8206_603_G_A	0.00719111111111111
OG4332_1395_C_G	0.00719002507194943
OG7010_342_T_A	0.00718563789152024
OG2730_631_C_T	0.00718540498812217
OG7107_99_G_A	0.00718333333333333
OG6678_792_C_T	0.00718283008252063
OG4626_579_C_T	0.00718209305050978
OG7841_936_A_T	0.00718095238095238
OG8846_517_A_G	0.00718087121212121
OG977_3423_G_A	0.00717948717948718
OG4873_924_C_T	0.00717948717948718
OG8538_651_G_A	0.00717948717948718
OG7267_46_C_T	0.00717628966032101
OG8694_705_C_A	0.00716993006993007
OG1892_2520_C_T	0.00716911045943304
OG6417_594_G_A	0.00716894487626195
OG9379_370_C_A	0.00716826832103372
OG877_699_A_G	0.0071680417942713
OG1334_910_C_T	0.00716659453529939
OG4953_1212_T_C	0.00716541019955654
OG9481_318_T_A	0.00716136645962732
OG9582_161_A_G	0.00716127402009755
OG10033_351_G_A	0.00715824605502025
OG3921_756_T_C	0.00715587044534413
OG9358_54_A_G	0.00715565593826463
OG10789_158_C_T	0.00715541125541126
OG5758_1161_C_T	0.00715
OG2865_1961_A_G	0.00714935064935065
OG10257_84_G_C	0.00714932126696833
OG1823_312_C_T	0.00714869962279135
OG3344_2538_G_A	0.00714778911564626
OG3064_681_A_G	0.00714460393407762
OG799_2881_A_C	0.00714396805380412
OG2960_75_G_A	0.00714296918767507
OG248_6030_C_T	0.00714224369670004
OG9411_216_T_C	0.00714031610477344
OG1760_2127_G_A	0.00713714285714286
OG2946_1387_A_G	0.00713010121923166
OG3162_381_G_A	0.007125
OG6081_817_C_T	0.00712255427499329
OG9322_8_C_A	0.00711711587436332
OG8657_239_A_G	0.00711253561253562
OG8501_681_T_C	0.00711111111111111
OG6533_1326_T_C	0.00711111111111111
OG7209_175_C_G	0.00710969997744191
OG7503_110_C_T	0.00710326059943337
OG66_5871_C_T	0.0071025641025641
OG3599_1432_T_G	0.00710175438596491
OG3663_789_A_G	0.00710128874956461
OG9191_339_A_G	0.0071
OG2834_57_A_G	0.00709722222222222
OG10036_210_A_T	0.00709305555555556
OG6120_666_G_A	0.00708754208754209
OG549_2464_C_A	0.00708681592039802
OG2746_1587_C_T	0.00708333333333333
OG6833_174_G_A	0.00708020050125313
OG175_460_G_A	0.00707777777777778
OG7851_378_C_T	0.0070766742081448
OG1290_2004_C_T	0.0070764242620125
OG2511_1716_G_A	0.00707634196098432
OG5251_903_G_T	0.00707631948764024
OG536_1032_G_A	0.00707301587301587
OG9724_473_C_A	0.00707080610021786
OG4780_252_G_A	0.00706690766108575
OG410_3408_T_C	0.00706666666666667
OG949_1771_C_A	0.00706666666666667
OG4535_453_T_C	0.00706659451659453
OG1913_1659_A_G	0.00706230385347533
OG6766_890_C_G	0.00706007326007326
OG6379_675_G_A	0.00705987350362793
OG8199_1037_A_G	0.00705882352941176
OG3149_694_C_A	0.00705866114561767
OG1961_2553_G_A	0.00705852187028658
OG8317_694_A_G	0.00705847953216374
OG10651_357_C_T	0.00705714285714286
OG2300_1887_A_G	0.00705699964196205
OG10118_67_C_T	0.00705530864197531
OG6190_231_G_A	0.00705490502211814
OG2116_1679_T_C	0.00705317460317461
OG10928_107_G_A	0.00705229076479077
OG1801_834_A_G	0.00705138339920949
OG6270_33_C_A	0.00705128205128206
OG7128_874_A_G	0.00704965986394558
OG5472_1224_A_T	0.0070481218128277
OG5196_540_T_C	0.00704658210007047
OG7882_714_C_T	0.00704444444444444
OG9936_132_T_A	0.00704166666666667
OG971_318_C_T	0.00704140957082133
OG1035_282_A_G	0.00703333333333333
OG3353_1584_T_C	0.00702982456140351
OG3514_1635_A_C	0.00702884160756501
OG5651_173_G_T	0.00702811082976522
OG3800_414_T_C	0.00702342263531985
OG1567_1095_T_C	0.00702020202020202
OG5974_538_G_C	0.00701827242524917
OG7104_606_C_T	0.00701785714285714
OG6728_10_C_T	0.00701163362432351
OG9242_180_G_A	0.00700756501182034
OG8209_531_T_C	0.00700666666666667
OG4931_564_T_C	0.00700389225457626
OG9198_321_T_C	0.00700366727383121
OG7067_483_T_C	0.007
OG1323_375_T_C	0.007
OG5699_390_T_C	0.007
OG8874_537_G_A	0.00699744245524297
OG9902_159_T_C	0.0069956154956155
OG3425_1566_G_A	0.00699151099843971
OG5585_640_T_C	0.00699090909090909
OG7499_285_A_G	0.00698901098901099
OG3665_1845_C_T	0.00698666666666667
OG8925_135_A_G	0.00698354978354979
OG10881_68_C_T	0.00698181818181818
OG6198_834_C_T	0.00698095238095238
OG910_948_A_G	0.00697802197802198
OG7310_462_A_G	0.00697692307692308
OG8218_246_T_C	0.00697435897435897
OG10652_60_T_C	0.00697280381078986
OG3475_1176_T_C	0.00697222222222222
OG21_3609_C_T	0.00696666666666667
OG9805_607_C_A	0.00696285714285714
OG1914_1569_T_A	0.00696153846153846
OG7269_192_G_C	0.00696016771488469
OG10404_204_C_T	0.00695934526075371
OG6061_993_G_A	0.00695877742946709
OG1407_948_C_T	0.00695833333333333
OG3788_1189_C_T	0.00695812520812521
OG7175_501_T_C	0.00695681818181818
OG1311_4505_C_A	0.00695142857142857
OG5016_1659_C_T	0.00694370986618457
OG3657_141_T_C	0.00694017094017094
OG6519_666_G_A	0.00693854995579133
OG2373_324_G_T	0.00693676470588235
OG4897_1269_C_T	0.00693512745154536
OG2600_873_A_G	0.00692929292929293
OG5570_597_G_T	0.00692687165775401
OG6473_594_C_T	0.00691895522388059
OG10053_462_G_A	0.00691798941798942
OG6856_504_T_C	0.00691666666666667
OG5571_1006_T_C	0.00691515151515151
OG3711_915_A_C	0.00691376811594203
OG9799_339_G_T	0.00690555555555556
OG4033_945_G_A	0.00690059593211556
OG10529_93_C_T	0.0069
OG4053_138_C_A	0.0068989898989899
OG4483_603_A_G	0.00689655172413793
OG9760_48_G_C	0.00689521788341823
OG531_2151_C_T	0.00689230769230769
OG9601_399_T_C	0.00689019607843137
OG1061_2649_T_A	0.00688991228070176
OG4155_564_G_A	0.00688888888888889
OG4588_855_C_T	0.00688888888888889
OG4676_1302_C_T	0.00688840579710145
OG7809_447_T_C	0.00688515406162465
OG2030_1482_A_G	0.00688484848484849
OG854_3042_C_A	0.00688396072013094
OG7196_498_C_T	0.00688157894736842
OG10309_444_C_T	0.00688150395293253
OG7345_579_T_C	0.00687878787878788
OG4324_612_C_T	0.00687858312858313
OG5952_141_G_A	0.00687777777777778
OG4987_1369_C_A	0.00687645348837209
OG6018_391_C_A	0.00687635467980295
OG7506_684_G_A	0.00687445887445888
OG1674_2269_G_A	0.0068730612244898
OG1663_53_A_T	0.00686969474969474
OG5213_312_G_A	0.00686763070077865
OG517_1368_G_A	0.00686666666666667
OG9374_182_G_C	0.00686394557823129
OG988_3789_C_T	0.00686302573760201
OG6622_567_C_T	0.00685714285714286
OG9121_406_G_A	0.00685714285714286
OG919_1062_T_A	0.00685272003538258
OG3061_426_T_C	0.00684444444444444
OG4470_192_T_A	0.00684389799635702
OG937_3561_C_T	0.00684157131960336
OG4808_204_C_T	0.00683993506493507
OG1203_864_G_A	0.00683899264289757
OG6653_729_G_A	0.00683665814151748
OG6343_777_T_C	0.00683333333333333
OG2405_1284_A_G	0.00683214285714286
OG6769_339_A_T	0.00682850241545894
OG4704_1329_C_T	0.00682666666666666
OG6269_365_G_A	0.00682547277284119
OG2249_51_A_G	0.006825
OG6513_801_G_A	0.00682380952380952
OG4259_735_G_A	0.00681764705882353
OG8457_360_T_C	0.00681730496453901
OG3650_1677_A_G	0.00681439703876876
OG7626_345_C_T	0.00681169590643275
OG9246_60_C_T	0.00681046413502109
OG8071_18_G_A	0.00680952380952381
OG502_3954_G_A	0.00680680813439434
OG5346_165_A_G	0.00680263157894737
OG2907_1755_T_A	0.00679444444444444
OG6614_189_A_G	0.00679411764705882
OG8396_591_G_C	0.00679346264367816
OG2847_792_A_G	0.00678598484848485
OG5322_861_A_G	0.00678571428571429
OG8500_480_G_T	0.00678475040797622
OG10021_117_C_T	0.00677924204610579
OG1135_1770_G_A	0.00677878787878788
OG9045_195_G_A	0.00677683068578071
OG7838_553_C_T	0.00677472527472528
OG1179_543_C_A	0.00677468957828778
OG8981_507_T_C	0.00677157689811811
OG11040_243_G_A	0.00677142857142857
OG9172_7_G_A	0.00677053745474798
OG3831_1578_G_A	0.00676963768115942
OG8335_117_C_A	0.00676923076923077
OG4308_201_G_A	0.00675889436234264
OG6872_599_T_A	0.00675846702317291
OG8150_561_A_T	0.00675639599555061
OG7744_582_G_A	0.00675490196078432
OG2264_1095_A_G	0.00675464960571343
OG7371_610_G_A	0.00675425531914894
OG7139_828_A_C	0.00675297950103289
OG4361_1518_T_C	0.00675015098722417
OG1536_120_G_A	0.00675
OG2899_1600_T_C	0.00674969994544463
OG9401_94_G_A	0.00674551304551304
OG1016_2640_G_C	0.00673628899835796
OG9393_240_C_A	0.00673326549491212
OG1734_1866_A_T	0.00673015873015873
OG9021_315_C_T	0.0067259291776412
OG6280_1012_A_G	0.00672222222222222
OG5659_84_A_G	0.00672065637065637
OG9689_103_C_T	0.00672
OG6048_282_C_T	0.00671928915216586
OG3369_549_G_A	0.00671241830065359
OG3737_285_C_T	0.00671111111111111
OG827_3836_C_T	0.00671111111111111
OG234_3303_T_C	0.00671088794926004
OG9872_126_G_A	0.00670194508009153
OG7647_69_T_C	0.0067012987012987
OG3398_1095_C_A	0.0067012987012987
OG7382_732_A_T	0.0067
OG4633_618_A_T	0.00669736842105263
OG598_69_C_A	0.00669607843137255
OG3918_837_A_T	0.00669402464543129
OG2676_813_A_G	0.00669117647058824
OG8156_201_C_T	0.00668354978354978
OG1162_1407_T_C	0.00668333333333333
OG10402_102_C_T	0.00668
OG10012_223_A_G	0.00667083333333333
OG1900_2364_C_T	0.00666779627087623
OG6310_843_C_T	0.00666666666666667
OG8286_612_C_T	0.00666666666666667
OG10878_441_C_G	0.00666247494076909
OG4009_1077_A_G	0.0066612554112554
OG4867_594_T_G	0.00666060606060606
OG6897_947_C_T	0.00665829875234534
OG3184_352_C_T	0.00665806451612903
OG9663_276_C_T	0.00665742296918767
OG1236_438_A_G	0.00665487421383648
OG980_3039_C_T	0.00664838567005749
OG7137_1026_T_A	0.00664713335445043
OG1975_1916_C_T	0.00663809523809524
OG7911_66_T_C	0.00663756613756614
OG9998_57_T_C	0.00663619047619048
OG5394_156_C_T	0.00663046312178388
OG1092_3216_G_A	0.00663005050505051
OG1293_2998_T_C	0.00662885154061625
OG2481_260_C_T	0.00662878787878788
OG7530_115_G_A	0.00662525252525253
OG943_2739_G_A	0.00662222222222222
OG9034_222_C_T	0.00662193597771449
OG2233_1909_G_A	0.00662071846282373
OG4605_105_T_C	0.00661965811965812
OG6520_537_C_T	0.00661818181818182
OG8983_382_C_T	0.00661755447941889
OG10216_351_C_T	0.00661734693877551
OG6764_751_T_G	0.00661678906568747
OG5280_204_A_G	0.00661376811594203
OG2438_1146_C_T	0.00661344537815126
OG6732_81_C_T	0.00661274233013363
OG314_5712_C_T	0.00661142857142857
OG3494_801_C_T	0.00661003911342894
OG348_1419_C_T	0.00660227272727273
OG233_1902_G_A	0.00660215053763441
OG9022_594_C_T	0.0066
OG8526_81_C_T	0.0066
OG2687_1238_A_C	0.00659385342789598
OG8339_589_G_A	0.00659090909090909
OG7492_885_C_T	0.00659090909090909
OG961_1443_G_A	0.00658823529411765
OG1287_2579_C_T	0.00658673411595099
OG8516_332_A_T	0.00658550724637681
OG934_2727_G_A	0.00658333333333333
OG4418_864_C_T	0.00658247066942719
OG91_1308_G_A	0.00658089668615985
OG8918_546_A_G	0.00657887792743564
OG10684_108_T_C	0.00657761904761905
OG2790_822_G_C	0.00657507493587961
OG1473_201_C_A	0.00657416826178106
OG3811_1361_T_C	0.00657347480106101
OG5133_207_C_T	0.00657142857142857
OG6627_1017_A_G	0.00655740740740741
OG3633_364_G_A	0.00655555555555556
OG5416_474_C_T	0.0065546218487395
OG1493_1419_C_T	0.00655402661854275
OG8880_462_G_A	0.00655396825396825
OG9096_357_G_C	0.00655223880597015
OG1839_2913_A_G	0.00654868421052632
OG10550_120_T_C	0.00654567764625151
OG5233_61_C_T	0.00654383394383395
OG8355_167_T_G	0.0065426731078905
OG8369_544_A_G	0.00654
OG9531_108_C_T	0.00653846153846154
OG6248_94_T_C	0.00653477957188052
OG2793_1635_A_C	0.00653076923076923
OG2695_540_T_C	0.00652941176470588
OG960_2532_A_G	0.00652830459770115
OG8719_662_C_T	0.00652753176742395
OG1653_3000_G_C	0.00652698412698413
OG5671_102_G_A	0.00652380952380952
OG4709_1242_A_G	0.00651828609986504
OG3968_525_A_G	0.00650834914611006
OG856_1608_C_T	0.00650432900432901
OG2475_951_A_G	0.0065
OG1910_2088_T_C	0.0064957264957265
OG3483_804_C_A	0.0064949494949495
OG9092_498_G_C	0.00649450354609929
OG9816_369_T_A	0.00649375
OG7029_414_G_A	0.00649177489177489
OG2460_744_G_C	0.0064909324909325
OG7705_738_T_C	0.00648947368421053
OG9915_62_T_C	0.00648529411764706
OG9737_141_G_A	0.00647865380979392
OG4548_357_T_C	0.00647552447552447
OG1265_2562_T_A	0.00646666666666667
OG1626_2902_T_G	0.00646283629730962
OG6176_343_C_T	0.00646117084826762
OG732_105_C_T	0.0064604826546003
OG4287_1260_T_C	0.00645793650793651
OG10504_120_C_T	0.00645783132530121
OG7457_568_G_T	0.00645652173913043
OG10287_120_C_T	0.006453016553924
OG7484_717_C_T	0.00645
OG10597_301_G_A	0.00644629244629245
OG3768_2085_G_A	0.00644504504504505
OG2148_1593_T_C	0.00643875242404654
OG6798_489_G_C	0.00643692780337941
OG9064_358_C_T	0.00643518518518519
OG3518_641_G_A	0.00643356643356643
OG10101_616_G_A	0.00643333333333333
OG1176_243_T_C	0.00642857142857143
OG10736_270_C_T	0.00642460317460317
OG6251_300_C_T	0.0064152380952381
OG3626_461_G_A	0.00641344537815126
OG574_3366_T_C	0.00640659340659341
OG7085_411_C_T	0.00640523669152072
OG7431_222_A_C	0.00640431519699811
OG10459_180_T_C	0.00640289855072464
OG10303_72_T_C	0.00640275171982488
OG2136_1972_T_C	0.0064
OG7070_1005_A_G	0.0064
OG8483_279_C_T	0.00638983968245055
OG6845_1051_A_T	0.0063859649122807
OG8020_63_T_G	0.00638461538461539
OG8892_99_A_G	0.00638387096774194
OG7740_583_A_G	0.00637985347985348
OG5061_381_G_A	0.00637842918661333
OG2352_624_C_T	0.00637822153951186
OG1303_612_A_G	0.00637518798631241
OG7226_43_A_G	0.006375
OG4394_120_C_G	0.006375
OG7005_189_T_C	0.00637373737373737
OG8382_525_A_G	0.00636845238095238
OG8481_69_C_T	0.00636666666666667
OG347_3138_C_T	0.00636401985111662
OG9532_471_G_A	0.00635833333333333
OG1264_202_A_T	0.00635714285714286
OG7402_912_C_T	0.00635555555555556
OG5529_465_C_T	0.00634869431643625
OG1688_3039_G_T	0.00634823848238483
OG10695_180_C_G	0.00634798534798535
OG5042_1247_G_A	0.00633722143195828
OG5710_409_A_T	0.00633333333333333
OG8076_867_A_G	0.00633186813186813
OG72_6972_A_G	0.00633039215686275
OG5783_1038_T_C	0.00632967032967033
OG7905_30_C_T	0.00632759606224199
OG6539_948_G_A	0.00632702702702703
OG7750_331_T_C	0.00632380952380952
OG2562_1582_A_G	0.00631428571428572
OG1758_1935_G_A	0.00631428571428572
OG8978_378_T_C	0.00631428571428572
OG6636_1116_A_G	0.00631208791208791
OG1000_603_C_A	0.0063015873015873
OG9766_246_C_T	0.00630046948356807
OG2419_2202_A_G	0.0063
OG9979_408_A_G	0.00629220779220779
OG4243_1263_T_C	0.00629120879120879
OG8453_66_C_T	0.00629068825910931
OG1121_2155_T_C	0.00629047619047619
OG6449_462_C_T	0.00628722943722944
OG4611_1257_C_G	0.00628095238095238
OG1164_1872_G_A	0.00627851851851852
OG4466_134_A_G	0.00627450980392157
OG9424_621_A_T	0.00626839826839827
OG5698_258_G_A	0.00626785714285714
OG3378_1044_A_T	0.00626720647773279
OG6324_786_C_T	0.00626666666666667
OG2615_1451_T_C	0.00626666666666667
OG936_2847_G_T	0.00626340326340326
OG6232_337_T_A	0.00626262626262626
OG3181_1902_G_A	0.00626190476190476
OG294_4032_C_T	0.00625961538461539
OG3785_1236_G_A	0.00625596760443308
OG7195_162_G_A	0.006253044375645
OG4032_1359_C_T	0.00625185185185185
OG6975_276_G_C	0.00625
OG7782_466_C_T	0.00624242424242424
OG1704_729_G_A	0.00624018232819074
OG6445_79_G_A	0.00623880341880342
OG8368_604_G_A	0.00623511904761905
OG11174_438_C_T	0.00623484848484848
OG8423_486_G_A	0.00623270612384537
OG10377_41_C_G	0.00622857142857143
OG823_3559_G_A	0.00622857142857143
OG5317_839_C_T	0.00622857142857143
OG3975_390_T_C	0.00622542124542125
OG2342_483_T_C	0.006225
OG6828_414_C_T	0.00622380952380952
OG4347_627_C_T	0.00622375366568915
OG9801_647_A_C	0.00622373737373737
OG10758_317_C_T	0.00622276688453159
OG1286_2274_G_A	0.00622222222222222
OG10934_589_T_C	0.00621782888444483
OG10785_129_C_T	0.00621318681318681
OG8827_35_C_G	0.00620979020979021
OG2050_2487_G_A	0.00620588235294118
OG8668_495_A_T	0.00620215053763441
OG6444_432_G_C	0.0062
OG9660_253_G_T	0.00619809523809524
OG7833_237_C_T	0.00619487179487179
OG9834_252_C_A	0.00618695838695839
OG8130_859_C_T	0.00618333333333334
OG4170_993_T_C	0.00618
OG2869_1539_C_T	0.00617965367965368
OG1400_2577_T_C	0.00617647058823529
OG4642_1395_C_T	0.00617216117216117
OG6548_75_A_G	0.00616816908581615
OG864_1284_G_A	0.00616666666666667
OG9112_161_G_C	0.00616666666666667
OG8995_189_G_A	0.00616296296296296
OG6772_921_C_T	0.0061622307332686
OG7891_85_A_G	0.00615384615384615
OG7581_375_A_T	0.00615384615384615
OG11194_1995_G_A	0.00615320910973085
OG6356_816_C_T	0.00613993216157878
OG5345_634_C_T	0.00613939393939394
OG994_2181_C_T	0.00613694581280788
OG10667_43_A_G	0.00613302078847434
OG7742_771_C_T	0.00613165266106443
OG2152_2313_A_G	0.00612630560928433
OG8903_595_G_A	0.00612527056277056
OG6071_604_T_A	0.006125
OG1995_1371_C_T	0.006125
OG202_2409_T_G	0.00612310081223125
OG4416_708_C_T	0.00612014652014652
OG5192_510_G_A	0.00611929824561403
OG1191_304_T_C	0.00611764705882353
OG4753_1291_G_A	0.00611666666666667
OG315_2389_C_T	0.00611615384615385
OG9596_378_T_C	0.00611563778687066
OG6973_634_G_A	0.00611363636363636
OG1548_2877_G_A	0.00611336032388664
OG6143_318_C_A	0.00611309523809524
OG5039_894_A_T	0.00611044776119403
OG1849_50_G_A	0.00611025641025642
OG402_3185_C_T	0.00610833333333333
OG2891_1200_T_C	0.00610742705570292
OG186_4370_C_T	0.00610555555555556
OG941_945_C_T	0.00610526315789474
OG7103_354_T_C	0.0061012909632572
OG1106_2544_C_T	0.0061
OG3758_888_T_C	0.0061
OG5617_579_G_A	0.0061
OG2673_1431_A_G	0.00609601449275363
OG6721_138_C_T	0.00609573283858998
OG7589_129_C_T	0.0060952380952381
OG3293_504_T_C	0.00609363940698231
OG10531_288_T_C	0.00608888888888889
OG7545_78_C_T	0.00608333333333333
OG4320_1494_A_T	0.00608002645502645
OG414_2844_T_C	0.00607084154534088
OG916_3666_G_A	0.00606666666666667
OG7346_12_A_G	0.00606651629072682
OG5811_699_T_A	0.00606315789473684
OG1417_562_T_A	0.00605128205128205
OG4153_63_G_C	0.00605119047619048
OG8973_250_A_C	0.00604444444444445
OG10483_150_G_A	0.00604444444444444
OG1622_1345_C_A	0.00604444444444444
OG7272_720_A_C	0.00604201680672269
OG1451_1146_G_A	0.00604117647058824
OG142_1704_C_T	0.00604035087719298
OG10921_240_C_T	0.00604
OG7055_771_C_T	0.00603809523809524
OG5_12708_G_A	0.00603535353535354
OG6524_171_T_C	0.00603076923076923
OG3200_918_C_T	0.00602857142857143
OG3696_614_C_T	0.00602564102564103
OG244_5256_T_C	0.00602429149797571
OG3764_1275_C_T	0.00602262103987536
OG1152_1068_C_T	0.00601871657754011
OG8210_237_T_G	0.00601709718617394
OG8089_133_T_C	0.00600897435897436
OG6796_453_G_A	0.00600407046722836
OG10571_304_T_G	0.006
OG6815_342_G_A	0.00599693486590038
OG4298_505_G_T	0.00599677419354839
OG3105_1398_C_T	0.0059948275862069
OG1369_3183_A_T	0.00599347826086957
OG4340_864_T_C	0.00599047619047619
OG7243_230_G_A	0.00598989898989899
OG4312_904_A_C	0.00598865266727534
OG5070_236_T_G	0.00598620689655172
OG3789_790_G_A	0.00598333333333333
OG3263_279_T_G	0.00598015491754622
OG2032_570_G_A	0.00597975708502024
OG4208_1314_A_T	0.00597786935286935
OG850_483_G_A	0.00597761069340017
OG9381_468_A_G	0.00597371565113501
OG9941_348_T_C	0.00597296274493315
OG9209_264_A_G	0.00597272727272727
OG7816_543_T_C	0.00597086359967716
OG8581_204_G_A	0.00596938775510204
OG3487_150_T_C	0.00596825396825397
OG3874_1004_T_A	0.00596542414107632
OG5652_1152_T_C	0.00596411483253588
OG9877_189_T_C	0.00596400625978091
OG3997_1230_G_A	0.00596328671328671
OG738_879_A_G	0.00596190476190476
OG4234_1365_C_A	0.00596179401993355
OG4154_1044_A_G	0.00595280748663102
OG9749_279_A_G	0.00595238095238095
OG10761_502_A_G	0.00595109364319891
OG10104_555_G_A	0.00595063639490884
OG11070_97_G_A	0.00595022354694486
OG8266_408_A_G	0.00594871794871795
OG6278_764_A_T	0.00594769613947696
OG5838_165_T_C	0.00594169212167493
OG8645_64_C_A	0.00593684210526316
OG4952_903_T_C	0.00593333333333333
OG3752_1041_G_A	0.00592857142857143
OG4005_1721_C_A	0.00592592592592593
OG6693_534_G_A	0.00592568542568543
OG6166_831_A_C	0.00592063492063492
OG9908_324_G_A	0.00591666666666667
OG4502_787_C_T	0.00591513574198816
OG2802_1338_G_A	0.00591304347826087
OG2452_1764_T_A	0.00591304347826087
OG8721_405_A_G	0.00591261261261261
OG7008_944_C_A	0.00590833333333333
OG3277_1270_G_A	0.00590674603174603
OG283_5906_G_T	0.00590242730112954
OG8398_579_T_C	0.0059
OG3279_1143_G_A	0.0058982683982684
OG1484_2415_C_T	0.00589439655172414
OG99_2721_C_T	0.00589246646026833
OG10609_296_A_G	0.00588850129198966
OG7504_559_C_T	0.00588817163228929
OG8261_514_C_T	0.00588571428571428
OG1554_2390_G_C	0.00588389688389688
OG473_531_G_A	0.00588383838383838
OG2199_1425_A_G	0.00588372423596304
OG1201_339_A_T	0.00587647949767293
OG9468_207_A_G	0.00587542087542088
OG9820_566_A_C	0.00587301587301587
OG2150_1056_G_A	0.00587002404921891
OG5968_528_G_A	0.00586844768265534
OG3545_876_G_A	0.00586666666666667
OG8498_636_T_C	0.00586021505376344
OG6670_966_C_T	0.00585879917184265
OG4056_804_T_C	0.00585769230769231
OG2599_300_A_G	0.00585731225296443
OG2680_372_T_C	0.00585687645687646
OG1244_249_C_T	0.00585668934240363
OG8729_1106_G_A	0.00585409652076319
OG1297_3310_C_T	0.00585276836158192
OG8818_357_C_A	0.00585
OG3030_1293_G_A	0.00584982672314209
OG3603_240_C_G	0.00584797810884767
OG1930_2316_A_T	0.00583859649122807
OG2930_551_C_A	0.00583678955453149
OG1091_660_T_C	0.00583496435906729
OG193_756_G_A	0.00583333333333333
OG2004_1990_T_C	0.00583333333333333
OG5401_1142_A_G	0.00583333333333333
OG7305_1418_C_G	0.00583333333333333
OG3229_1296_G_A	0.00583333333333333
OG5744_874_T_A	0.00583333333333333
OG9234_489_T_C	0.00583333333333333
OG4453_414_G_A	0.00583235294117647
OG576_3454_C_T	0.00583048700644754
OG3258_1500_T_C	0.00582991746991748
OG4872_1128_T_C	0.0058280701754386
OG5402_1081_G_A	0.00582803504380475
OG11347_805_C_A	0.00582666666666667
OG11344_43_G_A	0.00582424242424242
OG8844_189_A_T	0.00582154573425433
OG1148_1867_C_A	0.00581666666666667
OG3437_98_G_C	0.00581496087636933
OG9686_93_G_A	0.00581298701298701
OG11211_1038_A_G	0.00581212121212121
OG1700_2613_G_C	0.00581176470588235
OG3500_921_C_T	0.00580877659574469
OG3159_705_G_T	0.00580658761528326
OG5089_1254_T_C	0.00580331918452624
OG4019_432_C_T	0.00580313725490196
OG10747_339_T_C	0.00580203167493201
OG4643_31_T_A	0.0058
OG334_2964_G_A	0.0058
OG5556_228_T_A	0.00579725753476513
OG10519_273_C_T	0.00579551713734827
OG7660_9_C_T	0.00579166666666667
OG8884_588_A_G	0.00578966131907308
OG7615_201_T_C	0.00578587308998167
OG7125_894_C_A	0.00577777777777778
OG2835_1462_T_C	0.0057731983404102
OG4854_651_G_A	0.00577243999292883
OG6023_1027_G_A	0.00577113291703836
OG6027_178_G_A	0.00576666666666667
OG1579_1131_C_T	0.00576565656565657
OG590_2751_T_C	0.00576490581490582
OG3060_99_T_A	0.00576179245283019
OG9312_416_C_G	0.00575504075504076
OG687_3538_C_A	0.00574490842490843
OG5313_549_C_T	0.00574441687344913
OG7620_594_C_T	0.00574432497013142
OG6703_672_T_C	0.00574315018866071
OG7948_333_C_T	0.00574189189189189
OG4391_1948_T_C	0.00574088392227927
OG9879_402_G_A	0.00574019152169743
OG10732_237_A_T	0.0057386981736969
OG3988_1284_A_G	0.00573554421768707
OG4615_216_C_G	0.00573529411764706
OG94_3564_A_G	0.00573333333333333
OG7748_660_T_C	0.00573018300705573
OG5496_738_A_G	0.00572222222222222
OG8268_66_A_G	0.0057201850294365
OG10204_90_G_A	0.00571851851851852
OG8245_228_C_T	0.00571836233638345
OG2406_741_T_C	0.00571591591591592
OG7143_397_T_C	0.00571544795783926
OG3100_1692_C_G	0.00571428571428572
OG8651_527_T_A	0.00571428571428571
OG4903_642_C_T	0.00571212121212121
OG7329_739_A_G	0.00571111111111111
OG8543_40_C_G	0.00570831643002028
OG1625_1894_G_A	0.00570824490662139
OG691_1283_C_A	0.00570766652702137
OG3165_1698_T_C	0.00570633714111975
OG10413_84_C_T	0.00570625
OG1169_2160_G_A	0.00570523173999946
OG9321_591_C_T	0.0057
OG10630_138_G_A	0.00569951690821257
OG615_2931_G_C	0.00569927927927928
OG11309_234_C_T	0.00568717948717949
OG6082_772_T_A	0.00568640208197788
OG4049_962_G_A	0.00568621675674783
OG3063_1197_C_T	0.00568421052631579
OG7069_77_C_A	0.00568421052631579
OG2119_9_C_T	0.00568421052631579
OG6267_207_A_T	0.00568333333333334
OG10619_282_C_T	0.00568181818181818
OG6967_9_A_T	0.00567982456140351
OG7244_615_C_T	0.00567975772214903
OG9751_176_T_G	0.00567857142857143
OG3472_1398_C_T	0.00567645502645503
OG3383_1099_G_A	0.00567575757575758
OG8986_606_A_T	0.00567485387389628
OG7614_543_G_A	0.00567154471544716
OG2604_369_A_G	0.00566666666666667
OG7736_525_T_C	0.00566666666666667
OG9140_520_G_A	0.00566666666666667
OG10109_596_C_T	0.00566234786388475
OG3571_1203_G_A	0.00566233766233766
OG9649_510_C_T	0.00566129032258064
OG6930_1194_G_A	0.00566049535603715
OG10497_138_C_A	0.00565617433414043
OG4768_1263_T_C	0.0056530303030303
OG1398_531_A_T	0.00565230866540164
OG1394_255_A_C	0.00565057471264368
OG8348_538_T_C	0.00565
OG2_19672_T_C	0.00564646464646465
OG6505_7_G_T	0.00564040404040404
OG551_702_C_G	0.00563636363636364
OG10744_48_C_T	0.00563522773429903
OG9146_547_A_T	0.00563159340659341
OG5002_780_C_T	0.00563009118541034
OG9695_453_C_T	0.00562844827586208
OG8985_333_C_T	0.00562755525047781
OG3523_1362_G_A	0.00562705314009662
OG88_8172_A_T	0.00562698412698413
OG2487_537_C_T	0.00562653688524591
OG2399_78_C_G	0.0056265172735761
OG71_3639_C_T	0.00562589480236539
OG10851_321_T_C	0.00562572986922162
OG4907_966_T_C	0.00562072829131653
OG3797_756_C_T	0.00561711711711712
OG7936_470_C_A	0.00561702127659574
OG10399_339_G_A	0.00561538461538462
OG5189_498_A_G	0.00560913667792698
OG3695_1539_T_C	0.00560833333333333
OG3261_1716_C_G	0.00560444444444444
OG546_4566_G_A	0.0056
OG2185_286_A_T	0.0056
OG10681_264_T_G	0.0056
OG10694_90_C_T	0.0056
OG4093_1729_G_C	0.0056
OG496_1779_A_G	0.00559916254282452
OG1284_294_T_A	0.00559359026369168
OG2077_2026_G_A	0.00559056483913344
OG3747_945_G_A	0.00558859649122807
OG1769_732_T_A	0.0055880471071024
OG3537_267_A_T	0.00558713450292397
OG6187_600_C_T	0.0055837962962963
OG5098_702_T_G	0.00558333333333333
OG1322_2642_A_C	0.00557575757575758
OG6025_618_C_G	0.00557413221698936
OG9940_102_G_A	0.00557320333508542
OG7638_31_A_G	0.00557142857142857
OG10713_81_G_A	0.00557142857142857
OG2062_210_C_A	0.0055689659221682
OG2571_1860_T_C	0.0055685273790537
OG10604_180_T_C	0.00556774774774775
OG7508_120_T_C	0.00556666666666667
OG2853_1986_C_T	0.00556410256410256
OG10575_6_A_G	0.00556153846153846
OG10023_301_A_G	0.0055609756097561
OG2637_1894_C_A	0.00555783582089552
OG8722_560_C_A	0.0055563038262146
OG4738_459_T_C	0.00555555555555555
OG2068_2454_C_T	0.00555549044884566
OG5154_581_A_T	0.00555037037037037
OG6493_615_G_A	0.00555
OG1025_1428_T_C	0.00555
OG4368_420_A_G	0.00554716981132076
OG10969_291_A_G	0.00554666666666667
OG10201_240_A_G	0.005545924042587
OG8932_156_G_A	0.00554566995530821
OG6506_8_G_A	0.00554217980295567
OG7242_204_G_A	0.00554166666666667
OG10546_117_A_G	0.00554157003710576
OG5412_735_G_A	0.00554122448979592
OG1385_201_A_G	0.00553988603988604
OG7284_582_T_C	0.00553942307692309
OG5863_735_C_A	0.00553846153846154
OG11110_362_T_C	0.00553846153846154
OG3146_42_G_A	0.00553445522970974
OG4871_474_C_A	0.00553333333333334
OG9986_376_C_A	0.00553333333333333
OG2745_1171_C_T	0.0055327380952381
OG5001_1104_T_A	0.00553252290345313
OG8522_756_A_C	0.00552847287751877
OG6185_606_A_G	0.00552823920265781
OG2093_597_C_T	0.00552727272727273
OG214_3720_G_A	0.00552631578947369
OG7572_595_G_A	0.00552626811594203
OG5501_1095_T_C	0.00552597402597402
OG5381_840_G_A	0.00552380952380952
OG9841_384_T_C	0.00552222222222222
OG8097_453_C_T	0.00551666666666667
OG1669_2058_C_G	0.00551444658304019
OG7318_987_C_T	0.00551407440609593
OG3544_336_T_C	0.00551317829457364
OG5383_963_C_T	0.00551111111111111
OG7131_51_C_A	0.00551037181996087
OG2084_664_G_A	0.00550768300060496
OG9131_231_A_G	0.00550666666666667
OG1145_415_G_A	0.00550271132376396
OG9004_417_T_A	0.00550175438596491
OG5080_60_T_G	0.00549792663476874
OG5158_274_G_A	0.00549684210526316
OG5740_942_A_C	0.00549269005847953
OG11246_132_T_A	0.00549226305609285
OG6399_916_G_C	0.00549075421472937
OG5626_400_G_A	0.00548904749146622
OG1905_765_T_C	0.00548571428571429
OG1775_2789_T_C	0.00548571428571428
OG5261_570_A_G	0.00548571428571428
OG9865_39_T_C	0.00548290598290598
OG3404_1020_A_G	0.00548276700997486
OG9761_120_T_C	0.00548181818181818
OG7026_11_A_G	0.00548179271708683
OG5198_1059_G_A	0.00547826086956522
OG7227_564_C_T	0.00547692307692308
OG2469_1312_C_A	0.00547466063348416
OG6792_483_T_C	0.00547058823529412
OG3741_1143_G_A	0.00546969696969697
OG6894_718_G_A	0.00546841223292836
OG17_975_T_C	0.00546428571428571
OG5173_1084_G_T	0.00546293706293707
OG1928_1380_C_T	0.00545833333333333
OG5195_390_T_A	0.00545454545454545
OG8910_822_G_T	0.00545454545454545
OG9784_580_G_A	0.00545454545454545
OG8015_43_G_T	0.00545421245421246
OG9511_216_T_C	0.00545099268547544
OG5668_255_C_T	0.00545023202526789
OG10716_9_C_A	0.00544941176470588
OG2101_504_T_C	0.00544621212121212
OG8634_366_A_G	0.00544523809523809
OG6005_611_G_A	0.00544444444444445
OG3640_1145_A_G	0.00544444444444444
OG10050_375_C_T	0.005443602629562
OG9499_189_C_T	0.00543875587736375
OG8829_327_C_T	0.00543846153846154
OG1153_664_A_C	0.00543790849673203
OG6031_360_T_A	0.0054375
OG2933_171_C_T	0.00543593003239031
OG3740_1578_G_A	0.00543505747126437
OG5983_597_A_G	0.0054343137254902
OG3631_597_T_C	0.00543333333333333
OG3749_1707_A_G	0.00543333333333333
OG4080_981_G_A	0.00542857142857143
OG5471_1047_C_T	0.00542689075630252
OG6132_1107_C_T	0.00542688920102454
OG9498_237_A_G	0.00542512077294686
OG9323_177_T_C	0.00542424242424242
OG3482_264_A_C	0.00542380952380952
OG6965_759_C_A	0.00542351046698873
OG3154_264_G_C	0.00541818181818182
OG10496_67_A_G	0.00541714995857497
OG6870_24_C_T	0.00541414141414142
OG10019_351_G_A	0.00540952380952381
OG5901_270_C_T	0.00540883190883191
OG5292_891_T_G	0.00540833333333333
OG3400_1233_G_A	0.00540675944107686
OG9807_303_G_T	0.00540405405405406
OG800_495_A_G	0.0054
OG2611_460_A_G	0.0054
OG2087_1581_T_C	0.0053994708994709
OG4493_855_T_C	0.00539919289749798
OG3076_588_G_A	0.0053991184879749
OG2739_300_C_T	0.00539775910364146
OG7711_846_C_T	0.00539775822333962
OG8862_516_C_T	0.0053966696402022
OG4473_1645_A_T	0.00539583333333334
OG1766_609_G_A	0.00539473684210527
OG11325_245_G_A	0.0053921568627451
OG8212_520_G_A	0.00538835623077804
OG7535_555_A_G	0.00538655462184874
OG2313_438_T_G	0.00538461538461539
OG2112_543_A_T	0.00538299319727891
OG6954_30_C_T	0.00538181818181818
OG1464_2558_T_A	0.00538154288240495
OG4182_207_C_T	0.0053808004052685
OG4569_1231_T_C	0.00537931034482759
OG3972_237_C_T	0.00537931034482759
OG3278_1359_G_A	0.00537864253393665
OG6771_1003_G_A	0.00537777777777778
OG6919_417_G_A	0.00537461300309597
OG1014_618_G_A	0.00537426900584796
OG7075_930_C_T	0.00537411764705882
OG3396_2100_A_G	0.00537090909090909
OG2915_627_T_C	0.00537037037037037
OG6124_120_C_T	0.00536959064327485
OG8630_174_T_C	0.00536904761904762
OG10137_189_A_G	0.00536548636548636
OG10471_390_G_A	0.00536507936507936
OG6171_38_G_A	0.00536082427998429
OG7452_891_G_C	0.00536014874915483
OG7994_639_G_A	0.00535925925925926
OG4779_285_G_A	0.00535833333333333
OG9982_111_G_A	0.00535498702261772
OG5252_1092_C_T	0.0053513150371641
OG10282_123_A_G	0.00535068493150686
OG5990_1284_G_A	0.00534768740031898
OG2644_861_G_A	0.00534313725490196
OG10030_441_C_T	0.00534129089301503
OG7039_585_G_A	0.00534073411054563
OG8328_435_C_T	0.00533974358974359
OG7065_462_C_T	0.00533838383838384
OG7709_297_T_C	0.00533547008547008
OG10795_363_A_T	0.0053352104899931
OG5980_406_G_A	0.00533359929830517
OG3865_70_C_T	0.00533333333333334
OG8_240_A_C	0.00533333333333333
OG3762_489_T_C	0.00533333333333333
OG2357_1524_T_C	0.00533333333333333
OG10179_299_C_G	0.00533333333333333
OG9588_231_A_G	0.00533333333333333
OG5018_238_A_T	0.00533333333333333
OG159_7101_C_T	0.00533074036866275
OG8877_531_C_T	0.00532894736842105
OG10112_204_T_C	0.00532832080200501
OG7678_192_G_A	0.00532713232713232
OG6733_267_C_T	0.00532588958180484
OG6584_797_C_T	0.00532334652345958
OG5731_219_A_T	0.00532
OG4945_915_A_G	0.00531782583284628
OG4252_1314_C_T	0.00531666666666667
OG2040_837_G_A	0.00531170076726342
OG6840_1159_A_C	0.00531136704375085
OG7391_1039_G_A	0.005310969004719
OG795_1299_T_C	0.00530519480519481
OG9587_503_C_A	0.0053014553014553
OG7011_627_C_A	0.00530102442868401
OG10229_621_C_T	0.00530023041474655
OG3127_1579_G_A	0.00529993894993895
OG6735_23_T_C	0.00529914338084016
OG1872_1810_T_A	0.00529761904761905
OG7681_47_T_C	0.00529230769230769
OG2317_51_T_G	0.00529061784897025
OG7909_751_C_T	0.00528705440900563
OG6621_321_T_A	0.00528571428571429
OG5533_1170_G_A	0.00528556685832228
OG2327_1500_T_C	0.00528378378378378
OG4821_1302_G_A	0.00528333333333334
OG7174_894_A_G	0.00528
OG7199_900_G_A	0.00527950089126559
OG1732_1875_T_C	0.00527876447876448
OG6008_481_A_T	0.00527777777777778
OG5320_373_G_A	0.00526893939393939
OG8235_642_G_A	0.00526666666666667
OG2124_1467_C_T	0.00525861095426313
OG2962_585_C_T	0.00525836469380774
OG8323_73_G_A	0.00525808625336927
OG253_5769_G_A	0.00525302693353101
OG7578_387_T_C	0.00525
OG9287_74_G_A	0.00525
OG6037_906_A_G	0.00525
OG3106_1572_C_T	0.00525
OG9818_369_A_G	0.00524561403508772
OG577_4875_T_C	0.00524392324093817
OG10346_214_T_C	0.00524242424242424
OG8697_1015_G_A	0.0052389724310777
OG5881_840_A_T	0.00523858167008851
OG4623_355_C_A	0.00523799603174603
OG1605_417_G_A	0.00523636363636364
OG2203_1134_G_T	0.00523412698412699
OG7957_771_T_C	0.00523389830508475
OG6758_456_T_C	0.00523271889400922
OG1867_597_T_C	0.00523122529644269
OG5741_340_C_A	0.005226358012745
OG2535_878_C_A	0.00522222222222222
OG7658_288_T_C	0.00522105263157894
OG3057_829_T_C	0.00521904761904762
OG8601_54_T_C	0.00521666666666667
OG7557_177_G_A	0.00521666666666667
OG6002_375_C_T	0.00521566846790704
OG4861_1009_G_A	0.00521495911495912
OG9757_319_C_T	0.00521494252873564
OG6921_822_C_T	0.00521374458874459
OG4109_1047_G_A	0.00520921052631579
OG2503_2310_G_A	0.00520833333333333
OG8743_634_T_C	0.00520740740740741
OG2601_820_T_C	0.00519621212121212
OG6140_393_G_T	0.00519384615384615
OG7451_138_A_T	0.00518787878787879
OG3907_729_G_A	0.00518513833992095
OG10511_1039_A_G	0.00518181818181818
OG3114_1340_C_T	0.00518181818181818
OG9206_121_T_C	0.00518181818181818
OG9225_49_G_A	0.00518181818181818
OG2610_433_C_A	0.00517857142857143
OG5038_39_T_C	0.00517647058823529
OG10045_141_C_T	0.0051753086419753
OG3204_717_G_A	0.00517391304347826
OG6419_18_A_C	0.00517333333333333
OG8362_696_C_T	0.0051711972238288
OG8626_332_A_C	0.00516666666666667
OG3052_987_C_T	0.00516161616161616
OG2187_723_C_T	0.00515789473684211
OG9375_273_C_T	0.00515789473684211
OG8605_153_G_A	0.00515739003543882
OG6462_1005_C_T	0.00515555555555556
OG10721_135_C_T	0.00515508021390374
OG10127_159_G_A	0.00514761904761905
OG9600_448_A_C	0.00514285714285714
OG6673_1035_T_C	0.00514006259780908
OG9110_489_C_T	0.00513986013986014
OG5683_228_G_A	0.00513589743589743
OG3266_465_T_C	0.00513510457885811
OG10487_138_A_G	0.00513464235624123
OG2560_732_G_A	0.00513452380952381
OG4333_76_C_T	0.00513388127853881
OG7446_528_C_T	0.00513350340136054
OG8386_444_A_G	0.00513333333333333
OG10226_99_T_C	0.00513333333333333
OG3721_750_G_A	0.00513289835164835
OG10925_15_G_A	0.00512840136054422
OG2836_1341_T_C	0.00512820512820513
OG6028_1130_T_C	0.00512311248073959
OG838_4134_C_T	0.00512037037037037
OG10259_117_C_T	0.00511558441558442
OG10696_207_C_A	0.00511428571428572
OG6529_1053_C_T	0.00511111111111111
OG11152_78_C_T	0.00511111111111111
OG7956_825_A_C	0.00510973084886128
OG1080_3315_A_G	0.00510384615384616
OG9740_288_C_T	0.00510371517027864
OG2942_1740_C_T	0.00510115303983229
OG8198_534_C_A	0.0051
OG10636_266_A_G	0.0051
OG4146_1468_C_T	0.0051
OG8383_306_T_G	0.00509739341281068
OG7412_807_C_T	0.00509658979518134
OG6582_645_A_T	0.00509523809523809
OG3598_1728_T_C	0.00509090909090909
OG10798_144_G_A	0.00508888888888889
OG2661_1821_C_T	0.00508836206896552
OG8708_618_A_G	0.00508695652173913
OG379_3960_T_C	0.00508421052631579
OG8057_53_A_G	0.00508254963427377
OG2674_273_A_G	0.00507963963963964
OG9926_249_A_G	0.00507450980392157
OG2063_915_A_G	0.00507326007326007
OG5040_792_T_C	0.00507315812693011
OG8871_540_C_A	0.00506666666666667
OG7116_373_C_T	0.00505952380952381
OG4939_1293_T_C	0.00505726495726496
OG9090_282_C_T	0.00505691255495847
OG1643_1776_A_G	0.00505555555555556
OG8730_388_A_G	0.00505555555555556
OG1372_312_G_T	0.00505090909090909
OG10416_348_C_A	0.00504497471355552
OG10658_219_C_T	0.005041961174324
OG6199_266_T_A	0.00503333333333333
OG1357_405_T_C	0.00502991651205937
OG7938_649_G_A	0.00502949418523189
OG7787_741_C_T	0.00502857142857143
OG2876_672_T_C	0.00502695652173913
OG10506_164_T_C	0.005025
OG5110_39_A_G	0.00502063774406451
OG9355_519_G_A	0.0050185520361991
OG5371_303_C_T	0.00501281224818695
OG981_1158_A_C	0.00501190476190476
OG6216_576_G_A	0.00500641025641026
OG9134_321_C_T	0.00500525451559934
OG4528_220_C_T	0.005
OG134_4965_C_T	0.005
OG1883_1335_A_G	0.005
OG7646_210_T_C	0.005
OG3675_326_G_A	0.005
OG10134_43_C_T	0.005
OG2993_1530_C_T	0.005
OG4310_1548_A_G	0.005
OG8172_489_T_A	0.005
OG10276_306_G_A	0.005
OG3887_1264_T_C	0.005
OG4191_1314_A_G	0.0049973474801061
OG1564_2547_C_G	0.00499534883720931
OG653_3804_T_C	0.00499145299145299
OG5813_48_G_A	0.00499145299145299
OG4402_1092_A_G	0.00499145299145299
OG3103_1941_T_C	0.00499079471253384
OG6899_627_A_T	0.00498979591836735
OG16_4641_A_C	0.00498964584609104
OG7129_40_T_A	0.0049867269984917
OG1047_3175_G_A	0.00498611111111111
OG10054_294_C_G	0.00498571428571429
OG11328_363_T_C	0.00498218325791855
OG4735_1099_T_C	0.00497849462365592
OG9776_99_A_G	0.0049778021978022
OG8527_131_C_T	0.00497619047619047
OG188_5418_A_G	0.00497056240150869
OG4590_1046_A_G	0.00496666666666666
OG9717_318_G_T	0.00496470588235294
OG9867_294_A_G	0.00496410256410256
OG8712_610_G_T	0.00496285714285714
OG5291_643_G_A	0.00496285714285714
OG10189_474_C_A	0.00495934959349593
OG6411_672_G_C	0.00495825426944972
OG3647_1557_A_G	0.00495345506623702
OG10672_34_T_C	0.00495121951219512
OG2202_432_C_T	0.00494483568075118
OG8162_42_C_T	0.00494419129720854
OG9075_91_A_G	0.0049438596491228
OG7313_777_T_C	0.0049421568627451
OG5047_1289_A_G	0.00494117647058824
OG1012_360_G_T	0.00494117647058824
OG6457_632_T_A	0.00494117647058824
OG10639_18_G_A	0.00493493852459017
OG671_619_C_A	0.00493333333333333
OG1071_3436_A_C	0.00493246039561829
OG4914_102_C_T	0.00492857142857143
OG11028_280_C_T	0.00492666666666666
OG3260_1285_A_G	0.00492564102564102
OG2036_1959_T_C	0.0049238310708899
OG9443_397_G_A	0.00492
OG5805_981_G_A	0.00491923076923077
OG7455_852_G_A	0.00491515151515151
OG5305_506_C_T	0.00491428571428572
OG5695_297_C_T	0.00490960067969414
OG8738_564_A_G	0.00490937291644734
OG527_3501_C_T	0.00490833333333333
OG6937_1182_A_G	0.00490813953488372
OG4064_1465_A_G	0.00490476190476191
OG1639_2439_C_T	0.00490177133655394
OG4335_1143_G_A	0.0049
OG1580_797_G_T	0.00489814814814815
OG7317_225_G_A	0.00489481481481481
OG10071_336_G_A	0.00489328968903436
OG2964_519_C_T	0.00489173789173789
OG4166_716_G_C	0.00489093008440835
OG4023_942_A_C	0.00488666666666667
OG9168_150_G_A	0.00487955182072829
OG4500_897_A_C	0.00487836477987421
OG7943_762_G_A	0.00487692307692308
OG9009_533_A_G	0.004875
OG4612_1630_A_G	0.004875
OG2086_548_G_A	0.00487329434697856
OG3718_709_T_C	0.00487272727272727
OG7551_112_G_A	0.00486708296164139
OG9104_342_T_C	0.00486666666666667
OG2500_411_G_A	0.00486666666666667
OG4819_393_A_G	0.00486666666666667
OG9150_309_C_T	0.00486539682539683
OG6138_1071_C_T	0.00486274509803922
OG5174_1254_A_C	0.00486274509803921
OG6246_822_A_G	0.00485714285714286
OG5971_867_T_C	0.00485714285714286
OG2774_1965_G_A	0.00485714285714286
OG10474_138_A_G	0.0048561872909699
OG6510_879_T_C	0.00485425685425685
OG4841_235_C_T	0.00485119047619048
OG8104_422_A_T	0.00484962406015038
OG12_10614_A_G	0.00484615384615385
OG1033_3284_A_G	0.00484592592592593
OG10156_138_A_G	0.00484521739130435
OG9257_505_T_C	0.00484285714285714
OG8737_192_A_T	0.00484282442116768
OG7849_855_G_T	0.00484233829124871
OG624_2626_C_T	0.00483684210526316
OG5474_688_T_C	0.00483571428571429
OG7377_414_A_G	0.00483333333333333
OG8777_247_G_A	0.00483333333333333
OG8740_558_G_T	0.00483333333333333
OG5329_1236_A_G	0.00483333333333333
OG7777_128_A_C	0.00483082706766917
OG10711_81_A_G	0.00482539682539683
OG1789_1632_A_T	0.00482424242424242
OG5290_549_C_T	0.00481923076923077
OG1994_704_C_T	0.00481818181818182
OG2875_141_C_T	0.00481818181818182
OG5270_1131_C_T	0.00481623931623932
OG2555_330_G_A	0.00481520467836258
OG10559_87_G_A	0.00481111111111111
OG2665_48_C_T	0.00480687830687831
OG7123_540_G_A	0.00480526315789474
OG2027_1437_T_C	0.0048
OG957_2451_T_C	0.0048
OG7440_231_G_A	0.0048
OG8546_194_G_A	0.0048
OG10224_59_A_G	0.0048
OG4963_777_C_T	0.0048
OG8220_579_C_T	0.0048
OG9618_252_T_C	0.0048
OG9708_126_T_A	0.0048
OG1545_1524_T_C	0.00479761904761905
OG6779_843_C_T	0.00479573679332715
OG10048_330_G_A	0.00479416531029811
OG2914_1416_G_A	0.00478968253968254
OG7463_774_T_C	0.00478947368421052
OG4694_213_C_T	0.00478604651162791
OG556_5533_T_C	0.00478571428571428
OG7875_33_C_A	0.00478249336870027
OG8105_1269_C_T	0.00478181818181819
OG4163_556_C_T	0.00477777777777778
OG6853_15_A_T	0.00477272727272727
OG5397_360_C_T	0.00476666666666667
OG7700_699_A_G	0.00476388888888889
OG6836_849_C_T	0.00476280701754386
OG5536_996_T_C	0.00475657894736842
OG8923_558_C_T	0.00475450450450451
OG7292_801_C_T	0.00475384615384615
OG10477_69_C_T	0.00475333333333334
OG1895_1479_C_T	0.00475298742138365
OG4909_782_G_A	0.00475
OG10710_209_G_A	0.00474
OG5059_966_T_C	0.00473997702358004
OG6552_666_C_T	0.00473403614457831
OG3365_234_G_A	0.00473333333333333
OG6074_315_T_C	0.00473333333333333
OG5126_518_T_C	0.00473333333333333
OG2934_1752_C_T	0.00473162393162393
OG8303_672_A_G	0.00473158452570218
OG3122_795_C_T	0.00472727272727273
OG5956_711_G_A	0.0047231884057971
OG7696_267_A_G	0.00471794871794872
OG10339_204_T_G	0.00471739130434782
OG846_378_C_T	0.00471428571428572
OG10570_303_A_G	0.00471428571428571
OG10540_366_G_T	0.00471428571428571
OG5413_124_G_A	0.00471428571428571
OG366_7809_G_C	0.00471153846153846
OG902_1005_G_C	0.00470869565217392
OG3713_733_C_A	0.0047032967032967
OG4383_1675_A_C	0.0047
OG10038_372_G_A	0.0047
OG2393_2499_G_A	0.00469895305639986
OG7622_504_C_A	0.00469615384615385
OG9227_550_T_C	0.00469444444444445
OG8582_447_C_T	0.00469402872260015
OG567_2193_T_C	0.00469377990430622
OG7907_651_C_T	0.00469354838709678
OG1107_2814_A_G	0.00469230769230769
OG2657_1521_C_T	0.0046898206090947
OG1382_516_T_A	0.00468358208955224
OG7780_546_A_G	0.00467676767676767
OG8469_585_C_T	0.00467532467532468
OG7501_528_A_T	0.00467407407407407
OG8727_351_A_G	0.00466754850088184
OG6387_876_A_C	0.00466666666666667
OG371_5404_A_G	0.00466666666666667
OG5360_912_A_G	0.00466666666666667
OG7853_534_T_A	0.00466666666666667
OG377_3882_A_G	0.00466666666666667
OG346_5664_G_A	0.00466666666666667
OG6470_1332_G_A	0.00466666666666667
OG6468_1086_G_A	0.00466025039123631
OG1295_3292_A_G	0.0046595744680851
OG9540_369_A_C	0.00465631469979296
OG47_13064_A_C	0.00465368852459017
OG8404_675_A_C	0.00465151515151515
OG5013_684_C_T	0.00464761904761905
OG10175_614_G_T	0.00464694813409234
OG7643_234_C_A	0.00464472309299896
OG1019_2637_T_C	0.00464285714285714
OG6740_840_G_A	0.00464141414141415
OG7868_145_C_T	0.00464130434782609
OG8449_282_T_C	0.00463809523809524
OG6579_885_C_A	0.0046359649122807
OG3648_1752_C_T	0.00463333333333333
OG8407_127_G_A	0.00463308270676692
OG743_2539_G_A	0.00463296703296703
OG11293_244_G_C	0.00463186813186813
OG1822_528_C_T	0.00462962962962963
OG3147_1920_G_A	0.00462828535669587
OG10248_22_G_A	0.00462745098039216
OG349_814_A_G	0.00462644927536232
OG10196_441_G_A	0.00462546333601934
OG6331_846_A_T	0.00461567505720824
OG3742_663_C_T	0.00461538461538462
OG4187_939_A_T	0.00461538461538462
OG3347_1754_C_A	0.00461538461538462
OG4721_354_T_A	0.00461538461538462
OG6241_234_T_A	0.0046140350877193
OG8102_111_G_A	0.00461111111111111
OG4100_219_G_A	0.00460856332572456
OG5851_318_G_A	0.00460714285714286
OG529_2571_C_T	0.00460434782608696
OG6551_1179_A_G	0.00460215053763441
OG7579_450_A_T	0.00460131868131868
OG611_2424_A_G	0.00460119047619048
OG10221_363_T_C	0.0046
OG4506_238_A_C	0.0046
OG3401_31_T_C	0.0046
OG9574_156_C_T	0.00459602977667494
OG8671_28_T_C	0.0045954045954046
OG7120_368_C_A	0.00459113300492611
OG5514_646_T_A	0.00458666666666667
OG6871_897_A_G	0.00458629776021081
OG6537_462_C_T	0.00458405172413793
OG3226_201_A_G	0.00458141517476556
OG771_2607_T_C	0.00458119658119658
OG907_1326_T_C	0.00457971014492754
OG2518_244_A_G	0.00457692307692308
OG4479_645_T_A	0.00457058823529412
OG10941_200_C_T	0.00456521739130435
OG9405_468_T_C	0.00456421356421356
OG1709_358_T_C	0.0045625
OG6491_132_C_T	0.00455324200913241
OG6757_1259_T_G	0.00454220589463137
OG1441_2190_A_C	0.00453776223776224
OG10535_457_G_A	0.00453703703703704
OG9674_799_C_G	0.00453506493506493
OG8285_152_A_G	0.00453440860215054
OG8787_417_T_C	0.00453333333333334
OG5791_480_T_C	0.00453333333333333
OG4638_954_C_A	0.00453333333333333
OG3109_1038_G_A	0.00453333333333333
OG6806_210_C_T	0.00453333333333333
OG8548_78_T_C	0.00453333333333333
OG6660_291_G_A	0.00452884615384615
OG8999_372_C_T	0.00451984126984127
OG2111_1516_G_A	0.00451906158357771
OG2551_1422_T_C	0.00451818181818182
OG1177_1659_T_C	0.0045078947368421
OG5321_45_T_A	0.00450758011186306
OG3525_1431_C_T	0.0045
OG631_4575_A_C	0.0045
OG1538_1067_G_C	0.0045
OG6744_464_G_A	0.0045
OG6811_831_G_A	0.0045
OG10166_234_A_C	0.0045
OG10330_616_C_G	0.0045
OG8397_45_A_G	0.0045
OG10493_279_T_C	0.0044989247311828
OG9152_436_C_T	0.00449834044570887
OG6663_196_A_T	0.0044974358974359
OG7584_877_G_A	0.00449665568533493
OG1032_1707_C_T	0.00449470279915245
OG9919_302_A_G	0.00448989898989899
OG6574_271_A_C	0.00448717948717949
OG5482_912_G_T	0.00448717948717949
OG3619_1367_A_G	0.00448717948717949
OG10633_320_T_C	0.00448717948717949
OG10724_234_T_C	0.00448717948717949
OG4185_903_C_T	0.00448571428571428
OG1110_1759_C_T	0.00448455377574371
OG7642_69_T_C	0.00448095238095238
OG1808_1353_A_T	0.00447902097902098
OG5898_240_T_A	0.00447619047619048
OG11207_6_T_G	0.00447515151515151
OG5243_771_A_T	0.00447503373819163
OG5528_1260_C_T	0.00446760443307758
OG2981_1146_T_C	0.00446666666666667
OG10243_6_C_A	0.00446153846153846
OG4547_621_G_A	0.00445800865800866
OG5439_1083_G_A	0.0044485036119711
OG1834_502_C_A	0.00444444444444444
OG3496_1863_A_G	0.00444444444444444
OG2108_363_C_T	0.00444444444444444
OG4639_954_C_T	0.00444444444444444
OG7527_154_C_G	0.00444444444444444
OG10709_159_T_C	0.00444444444444444
OG7796_423_T_A	0.00444444444444444
OG4546_201_A_T	0.00444432973472558
OG9200_15_A_G	0.00444323671497585
OG4536_408_A_T	0.00444086021505376
OG10641_66_C_T	0.00444078947368421
OG3994_856_A_C	0.00443859649122807
OG6508_474_C_T	0.00443809523809524
OG8052_532_T_A	0.00443809523809524
OG374_5297_G_A	0.00443333333333333
OG2421_18_T_A	0.00443333333333333
OG6268_705_A_C	0.00443333333333333
OG7765_405_T_C	0.00443333333333333
OG8866_183_G_A	0.00443333333333333
OG3166_537_C_T	0.00442948717948718
OG10016_36_A_G	0.00442857142857143
OG1304_834_C_T	0.00442857142857143
OG10936_267_A_G	0.00442857142857143
OG7586_72_G_A	0.00442528735632184
OG8849_396_T_C	0.00442437520285621
OG10583_276_C_T	0.00442265476510335
OG3932_1204_C_T	0.00441904761904762
OG10805_62_C_G	0.00441904761904762
OG7109_39_G_A	0.00441457489878543
OG8269_585_G_A	0.00441037735849056
OG5105_1010_T_C	0.00440476190476191
OG9422_571_G_A	0.0044047619047619
OG4460_764_A_G	0.0044
OG6313_810_A_C	0.0044
OG7887_666_T_C	0.0044
OG4970_1386_G_A	0.00439076858813702
OG8288_240_A_G	0.00438888888888889
OG4211_726_G_A	0.00438888888888889
OG10831_563_C_T	0.0043868677905945
OG7334_252_G_A	0.00438461538461539
OG8385_95_G_A	0.00436666666666667
OG7071_778_T_C	0.00436468764276479
OG4571_1456_G_A	0.00436428571428572
OG8731_324_C_T	0.00436363636363636
OG983_2023_A_G	0.00436363636363636
OG9331_156_A_G	0.00436363636363636
OG11282_424_T_C	0.00436156000861883
OG7053_216_T_C	0.00436
OG5074_1551_C_T	0.00435882352941177
OG2064_450_A_G	0.0043580396794937
OG2811_363_C_G	0.00435714285714286
OG7794_999_A_G	0.00435714285714286
OG10480_314_T_C	0.00435326953748006
OG8067_46_T_A	0.00435294117647059
OG4417_1335_G_A	0.00435263212977499
OG7567_415_T_G	0.00435004258911026
OG10764_318_G_A	0.00435
OG10387_522_G_A	0.00434584555229716
OG8216_537_G_A	0.00434253393665158
OG9230_42_G_A	0.00434242424242424
OG7155_56_C_T	0.00434101382488479
OG9533_237_T_A	0.00433333333333333
OG5755_786_T_C	0.00433333333333333
OG2309_414_C_T	0.00433333333333333
OG6435_1090_A_C	0.00433333333333333
OG3966_187_A_G	0.00433333333333333
OG10682_285_G_A	0.00433333333333333
OG9353_594_C_T	0.00433333333333333
OG7635_225_A_G	0.00433333333333333
OG6153_1095_T_C	0.00433103448275862
OG10990_7_T_C	0.00432467532467533
OG5866_918_T_C	0.00431666666666667
OG5358_1245_C_T	0.00431585081585082
OG2577_358_A_G	0.00431012531328321
OG10411_98_C_T	0.00430909090909091
OG5027_1281_A_G	0.0043082191780822
OG5661_693_A_G	0.00430260642566042
OG2986_321_T_C	0.00430128205128205
OG9304_263_C_G	0.0043
OG194_2902_G_A	0.00429166666666667
OG8258_192_C_G	0.00428606060606061
OG2624_2103_T_C	0.00428235294117647
OG289_5649_G_A	0.00428186274509804
OG1254_1113_C_G	0.00427927927927928
OG9262_201_T_C	0.00427311827956989
OG7952_540_G_A	0.00427272727272727
OG2944_726_C_T	0.00427168234064786
OG3104_504_T_G	0.00426666666666667
OG2873_470_T_C	0.00426166666666666
OG7980_369_C_T	0.00426050420168067
OG3310_281_G_A	0.00425641025641026
OG1646_942_T_C	0.00425595238095238
OG206_8451_C_T	0.0042551282051282
OG1139_648_A_G	0.00425490196078431
OG5834_1014_C_T	0.00425475444096134
OG5101_1098_C_T	0.00425
OG9107_534_A_G	0.00424817927170868
OG3311_1482_G_A	0.00424428104575163
OG7185_780_G_A	0.00424358974358974
OG8153_948_A_T	0.00424242424242424
OG1446_1467_G_A	0.00424242424242424
OG2070_741_C_T	0.00424242424242424
OG9615_459_C_T	0.00423913043478261
OG7232_549_G_A	0.00423809523809524
OG4456_474_A_G	0.00423510971786834
OG10567_279_T_C	0.00423137254901961
OG6020_774_A_G	0.0042280701754386
OG138_489_A_T	0.00422782446311858
OG3987_958_A_G	0.0042254004576659
OG1800_1665_G_A	0.00421818181818182
OG10080_93_T_C	0.00421428571428571
OG8476_510_C_T	0.00421203703703704
OG9282_540_T_A	0.00420833333333333
OG6215_906_G_A	0.00420707070707071
OG4940_230_G_T	0.00420539152759948
OG2236_1290_C_T	0.0042
OG4142_372_A_T	0.0042
OG8865_42_T_C	0.0042
OG8179_23_T_A	0.0042
OG7156_351_T_C	0.0042
OG7644_918_T_G	0.0042
OG10760_258_C_T	0.0042
OG1847_2001_G_A	0.0042
OG3914_1713_C_G	0.0042
OG6450_384_C_T	0.00419312169312169
OG10942_165_G_A	0.00419047619047619
OG9997_294_C_T	0.00419047619047619
OG8914_468_C_A	0.00419047619047619
OG4503_378_G_C	0.00418931475029036
OG4778_373_A_G	0.00418679549114332
OG43_1341_C_T	0.00418660012099214
OG4215_96_T_C	0.00418333333333333
OG9301_27_G_T	0.00418235294117647
OG586_1725_C_T	0.00417948717948718
OG9840_371_G_A	0.00417792207792208
OG10006_172_T_C	0.00416666666666667
OG9515_142_C_T	0.00416666666666667
OG11318_258_A_G	0.00416666666666667
OG10081_45_A_G	0.00416666666666667
OG1939_654_T_C	0.00416666666666667
OG8837_240_T_G	0.00416666666666667
OG7342_30_G_A	0.00416666666666667
OG11327_111_T_C	0.00415584415584416
OG7294_284_C_T	0.00415584415584415
OG5288_1200_C_T	0.00415079365079365
OG2448_2127_G_A	0.00414848484848485
OG339_627_C_T	0.00414545454545455
OG3963_408_A_T	0.00414545454545455
OG569_3714_C_T	0.00414082714740191
OG3387_270_T_C	0.00413636363636364
OG10605_105_C_T	0.00413636363636364
OG10194_75_A_T	0.00413333333333333
OG10564_231_C_T	0.00413333333333333
OG3056_591_G_A	0.00412592592592593
OG7771_213_G_A	0.00412070938215103
OG2470_35_A_T	0.00411261261261261
OG6605_406_A_G	0.00411201550387597
OG11300_68_T_C	0.0041
OG10316_191_T_C	0.00409607843137255
OG7316_366_G_A	0.0040949497783372
OG7543_409_A_G	0.00408874458874459
OG8733_111_C_T	0.00408791208791209
OG3938_456_G_A	0.00408730158730159
OG1354_222_C_T	0.00408444444444444
OG10010_420_T_C	0.00408333333333333
OG258_4212_C_T	0.00407677949228471
OG1215_639_T_G	0.00406666666666667
OG7977_246_G_T	0.00406642512077295
OG7436_66_A_G	0.00406349206349206
OG10294_534_C_T	0.00405391304347826
OG58_5499_G_A	0.00405242486338798
OG11252_915_T_G	0.00405194805194805
OG6540_843_T_C	0.00405194805194805
OG9429_108_A_G	0.00405
OG11206_305_A_T	0.00404761904761905
OG6920_423_C_T	0.00404761904761905
OG3316_186_A_G	0.00404666666666667
OG8403_132_G_A	0.00404285714285714
OG10543_108_G_A	0.00404166666666667
OG2251_1605_A_T	0.00404166666666667
OG84_7068_C_T	0.00404156862745098
OG5428_1209_T_G	0.00403939393939394
OG4509_828_T_C	0.00403333333333333
OG466_4329_C_T	0.00403333333333333
OG2992_186_C_T	0.00403030303030303
OG686_2418_A_G	0.00402159124519373
OG5458_1162_T_C	0.00401298701298701
OG8643_306_A_C	0.00400434782608696
OG46_9718_A_G	0.00400238095238095
OG8349_171_G_A	0.0040012987012987
OG5777_99_G_C	0.004
OG5112_429_C_T	0.004
OG5308_918_C_T	0.004
OG3782_792_T_C	0.004
OG5543_1490_A_C	0.004
OG141_4282_C_A	0.004
OG1308_489_G_A	0.004
OG332_2317_G_A	0.004
OG3615_1710_T_C	0.004
OG1690_1617_G_A	0.004
OG6600_297_T_C	0.004
OG3708_1449_A_G	0.004
OG8795_498_T_C	0.004
OG10944_50_C_T	0.004
OG4219_849_A_G	0.00399652372784448
OG5125_861_C_T	0.00399538866930171
OG1336_2013_C_T	0.00399469696969698
OG5770_637_C_T	0.00398888888888888
OG6593_1035_A_C	0.00398854061341422
OG7864_807_T_C	0.00398571428571428
OG10702_295_A_C	0.00398553191489362
OG7357_564_C_A	0.00398505961251863
OG9922_450_A_G	0.00398441695631431
OG1668_426_C_T	0.00396875
OG3439_297_A_C	0.00396753246753247
OG7167_492_C_A	0.00396507936507937
OG8290_516_G_A	0.00395977355977356
OG2130_1191_T_A	0.00395861637038108
OG5702_909_A_T	0.00395507060333761
OG5793_41_A_G	0.00395128205128205
OG10577_39_C_T	0.00395036371416346
OG487_3108_C_T	0.0039465034965035
OG7985_76_C_T	0.00394155844155844
OG10138_374_C_G	0.0039392694063927
OG3694_1269_T_C	0.0039390756302521
OG4977_1029_G_A	0.00393818181818182
OG461_948_C_T	0.00393743890518084
OG539_174_T_C	0.00393556443556444
OG2488_536_C_T	0.00393529411764706
OG6311_574_G_A	0.00393366228070175
OG4021_1675_G_C	0.00393288288288288
OG8699_445_A_G	0.00392764830508474
OG5818_129_A_G	0.00392727272727273
OG3787_1191_G_T	0.00392628205128205
OG9702_63_C_A	0.00392328942866916
OG5829_1257_G_A	0.00392307692307692
OG4895_228_G_A	0.00392
OG3527_1464_T_C	0.00392
OG1174_3208_C_T	0.00391984126984127
OG2648_1762_A_G	0.00391911764705883
OG2182_1707_C_T	0.00391866028708134
OG8347_102_G_T	0.00391712473572939
OG8270_693_A_T	0.00391593106347204
OG4757_1304_T_C	0.00391341991341991
OG10879_135_C_T	0.00391087463261377
OG8431_720_T_G	0.00390845684394071
OG3492_1482_A_G	0.00390555555555556
OG9653_519_A_G	0.0039043956043956
OG2594_1989_T_A	0.0039
OG5837_1143_A_C	0.0039
OG1363_2341_C_T	0.00389938556067589
OG6970_262_G_A	0.00389928412022143
OG325_1665_T_C	0.00389763152250513
OG737_3565_A_G	0.0038961038961039
OG9006_273_T_C	0.00389559748427673
OG7674_549_T_C	0.00389436667342936
OG2298_1722_G_A	0.00389333333333333
OG1312_558_G_A	0.00388888888888889
OG3753_150_C_T	0.00388602150537634
OG2728_483_T_G	0.00388554778554779
OG9184_129_T_C	0.00388253205128206
OG6645_765_T_C	0.003875
OG7089_545_A_G	0.00387407407407407
OG10875_151_A_G	0.00387301587301587
OG6022_1129_G_A	0.00386904761904762
OG1897_900_C_T	0.00386876281613124
OG9197_175_G_A	0.00386864295125165
OG968_2690_A_T	0.00386830405233366
OG3188_1365_C_T	0.00386774193548387
OG486_2430_C_T	0.00386704402515723
OG7045_666_C_G	0.00386698508463214
OG2691_936_C_T	0.003865273937532
OG7374_150_C_T	0.00386123571779155
OG5958_249_C_T	0.00385981939207746
OG2510_714_G_A	0.00385714285714286
OG7970_417_G_A	0.00385714285714286
OG9640_173_A_G	0.0038544061302682
OG2947_509_T_C	0.00385128205128205
OG4025_693_T_C	0.00384917793204238
OG4369_109_G_C	0.0038487588361006
OG4092_1500_T_C	0.00384681564933666
OG1714_747_A_G	0.00384615384615385
OG1225_1104_G_A	0.00384472600570162
OG4543_1275_T_C	0.00384415584415584
OG6869_453_G_A	0.00384313725490196
OG8011_106_C_T	0.00384313725490196
OG4110_2259_T_C	0.00384281650071124
OG6626_960_C_T	0.0038407305936073
OG2958_1632_A_G	0.00384068627450981
OG1518_809_G_A	0.00384024577572965
OG4515_1604_C_T	0.00383660818713451
OG2198_1068_T_C	0.00383653846153846
OG9087_686_C_A	0.00383491014026885
OG1514_2717_C_T	0.00383333333333334
OG2783_784_C_T	0.00383333333333333
OG8309_102_G_A	0.00383333333333333
OG5920_105_A_T	0.00383333333333333
OG6671_280_G_A	0.00383333333333333
OG538_2937_G_A	0.00383030303030303
OG10051_66_C_T	0.00382982295482296
OG8615_57_A_G	0.00382978723404256
OG9488_285_T_C	0.00382978723404256
OG6401_6_C_T	0.00382941176470588
OG8632_270_C_T	0.00382729984244772
OG10745_172_A_G	0.00382692307692308
OG9503_366_A_G	0.00382674461088783
OG443_1702_G_A	0.00382222222222222
OG5389_786_T_C	0.00382222222222222
OG3485_348_C_T	0.00382121212121212
OG6916_669_A_T	0.00381897926634769
OG8140_220_C_A	0.0038182555780933
OG8494_156_A_G	0.00381818181818182
OG8604_145_T_C	0.00381818181818182
OG1277_2737_G_A	0.00381818181818182
OG1184_2179_C_T	0.00381818181818182
OG7213_135_A_T	0.00381818181818182
OG7477_168_G_A	0.00381761173516247
OG6087_195_T_C	0.00381666666666667
OG1202_2757_C_T	0.00381406172224987
OG1595_2664_A_G	0.00381212121212122
OG7392_501_T_A	0.00381093192521764
OG4948_352_G_A	0.00381056466302368
OG9166_814_T_A	0.00381037296037296
OG9266_213_T_A	0.00380952380952381
OG9889_228_G_A	0.00380818070818071
OG4755_1308_C_T	0.00380714285714286
OG9339_339_A_T	0.00380615384615385
OG2090_207_C_A	0.00380439010836344
OG2160_795_A_G	0.00380294799362596
OG10362_357_A_T	0.0038026936026936
OG3870_1617_T_C	0.0038015873015873
OG965_288_A_T	0.00380114942528736
OG680_2826_C_T	0.00380009863554167
OG5118_1329_T_C	0.0038
OG5789_540_G_A	0.0038
OG1133_3381_C_T	0.0038
OG7299_194_C_A	0.0038
OG7613_192_C_T	0.0038
OG5719_1393_T_C	0.00379911762612965
OG4886_51_C_T	0.0037985347985348
OG5867_672_C_G	0.0037948717948718
OG10110_36_C_T	0.0037948717948718
OG9231_543_G_A	0.0037948717948718
OG4607_23_G_A	0.00379216589861751
OG899_634_G_A	0.00379190674349125
OG3958_285_A_G	0.00379166666666667
OG10689_183_T_C	0.00378901098901099
OG5554_88_C_T	0.00378867700926525
OG203_2198_G_T	0.00378787878787879
OG7685_809_G_A	0.00378787878787879
OG3202_1283_G_T	0.00378518518518519
OG1586_97_T_C	0.00378453453453453
OG9553_264_A_G	0.00378378378378378
OG5202_1143_G_A	0.00378363171355499
OG1067_1422_A_G	0.00378319039451115
OG10083_75_T_C	0.00378319039451115
OG9051_588_C_G	0.00377894736842105
OG10388_147_C_T	0.00377372742200329
OG7590_114_G_A	0.00377142857142857
OG1076_2529_T_C	0.00377076923076923
OG10153_339_G_A	0.00376951923076923
OG4702_123_T_C	0.00376898118105126
OG4425_243_T_C	0.00376845238095238
OG3444_1847_A_G	0.00376682564917859
OG10383_330_T_C	0.00376666666666667
OG6825_153_T_C	0.00376630652260904
OG6628_1257_G_A	0.00376545209176788
OG1079_2349_G_C	0.00376470588235294
OG3632_474_A_C	0.00376470588235294
OG2019_1884_C_T	0.00376470588235294
OG602_1011_G_A	0.00376388888888889
OG9497_144_T_C	0.00376212121212122
OG9881_30_C_T	0.00376166666666666
OG2731_1046_T_C	0.00375998185117967
OG9445_303_A_T	0.003759753932495
OG5979_600_T_C	0.00375792282430213
OG9249_93_T_C	0.00375638054140624
OG6602_489_C_T	0.00375555555555555
OG10690_34_C_T	0.00375180375180376
OG2855_75_A_G	0.00375019516003123
OG3481_1050_A_G	0.00375
OG676_4089_G_A	0.00375
OG7536_603_G_C	0.00375
OG6887_114_A_G	0.00375
OG1874_963_C_T	0.00375
OG9519_534_C_T	0.00375
OG4249_1290_T_C	0.00375
OG5587_390_G_A	0.00375
OG7153_276_G_C	0.00375
OG4430_354_G_A	0.00375
OG5788_219_C_T	0.00375
OG8129_411_C_T	0.00375
OG6810_102_T_A	0.00375
OG7328_555_T_C	0.00374921630094044
OG5546_726_G_A	0.00374736842105263
OG10522_126_C_T	0.00374675324675325
OG1736_1932_G_C	0.00374657210401891
OG7998_678_C_T	0.00374642412935323
OG4022_1341_G_A	0.00374595579858737
OG6145_640_C_T	0.00374251082251082
OG5296_456_A_T	0.00374242424242424
OG4467_801_G_A	0.00374193548387097
OG7105_318_G_A	0.00374193548387097
OG6720_6_C_T	0.00374193548387097
OG8018_498_C_T	0.00374094226258889
OG6339_120_C_T	0.00373900293255132
OG426_2899_C_T	0.00373793103448276
OG2043_1725_C_A	0.0037375
OG4803_318_G_A	0.00373504273504274
OG10003_315_C_T	0.00373428270042195
OG3984_948_T_A	0.00373333333333333
OG5103_852_A_G	0.00373333333333333
OG4748_171_A_G	0.00373333333333333
OG6959_646_A_G	0.00373333333333333
OG2210_732_C_T	0.00373333333333333
OG2450_2262_T_G	0.00373080550839464
OG11338_129_A_T	0.00372943722943723
OG2633_2031_C_T	0.00372932330827068
OG3141_1548_T_A	0.00372850678733032
OG2250_525_C_A	0.00372850678733032
OG2718_1106_G_A	0.00372751322751323
OG2326_336_T_C	0.00372413793103448
OG6068_450_C_A	0.00372413793103448
OG8576_577_T_C	0.00372413793103448
OG6528_450_C_T	0.00372402597402598
OG10331_401_G_A	0.00372222222222222
OG4138_1525_G_A	0.00371957671957671
OG1980_948_T_C	0.00371818181818182
OG7274_132_G_A	0.00371666666666666
OG7611_770_A_G	0.00371528170341059
OG10845_177_C_T	0.00371457975986278
OG2446_1908_T_C	0.00371428571428571
OG5424_729_A_G	0.00371390374331551
OG10076_289_A_T	0.00371390374331551
OG8311_705_G_A	0.00371370952821462
OG6078_951_T_C	0.00371328671328671
OG8342_864_T_C	0.00371111111111111
OG4567_165_G_A	0.00370899578362814
OG81_4350_C_T	0.00370833333333333
OG11242_273_A_G	0.00370707070707071
OG4364_705_T_A	0.00370500604960677
OG6830_986_A_G	0.00370476190476191
OG1119_2826_C_A	0.0037037037037037
OG2592_189_C_T	0.0037037037037037
OG10238_260_G_A	0.0037037037037037
OG659_1702_G_A	0.00370263157894737
OG8420_627_A_G	0.00370053475935829
OG42_11679_G_A	0.00370037735849056
OG5392_573_T_C	0.0037
OG7670_873_G_A	0.00369959304476507
OG4193_774_C_T	0.00369959304476507
OG1982_1877_C_T	0.00369703103913631
OG7528_685_C_T	0.00369615384615385
OG2628_732_T_C	0.00369607843137255
OG2499_2086_G_A	0.0036950796950797
OG7385_675_T_C	0.00369473684210526
OG4583_1212_A_C	0.00369267707082833
OG642_2155_A_G	0.00369230769230769
OG9148_192_A_G	0.00369230769230769
OG518_915_A_G	0.00369230769230769
OG5935_228_A_T	0.00369230769230769
OG4774_708_G_A	0.00369230769230769
OG7698_669_A_G	0.00369230769230769
OG7759_555_C_A	0.00369030334456832
OG6631_998_C_T	0.0036898206090947
OG5835_1140_G_A	0.00368730650154799
OG1506_1248_G_A	0.00368666666666667
OG3925_780_G_T	0.00368606321839081
OG9434_276_A_G	0.0036856622430393
OG2923_48_C_T	0.00368484848484849
OG9135_351_G_A	0.00368344827586207
OG2780_894_A_C	0.00368166666666667
OG10124_213_G_C	0.00368166666666667
OG8904_237_G_A	0.00368114973262032
OG3534_1764_G_A	0.00368064516129032
OG4589_757_A_G	0.00368
OG7533_444_C_T	0.00368
OG8660_279_C_T	0.00368
OG8178_772_A_G	0.00367948717948718
OG2403_2030_C_A	0.00367948717948718
OG2667_1418_C_T	0.00367936507936508
OG4807_250_T_G	0.003675
OG10208_348_C_T	0.00367140637140637
OG3726_300_G_A	0.00366984126984127
OG9935_342_C_T	0.00366900892987849
OG2037_279_G_A	0.00366713947990544
OG6206_720_G_A	0.00366713947990544
OG5704_972_A_G	0.00366666666666667
OG7134_462_G_A	0.00366666666666667
OG10213_249_C_T	0.00366666666666667
OG1007_2787_T_A	0.00366666666666667
OG6997_489_C_G	0.00366666666666667
OG4636_717_T_G	0.00366666666666667
OG10788_249_T_C	0.00366666666666667
OG2259_966_A_G	0.00366666666666667
OG6237_557_T_C	0.00366666666666667
OG5350_873_G_T	0.00366666666666667
OG951_89_C_T	0.00366666666666667
OG6543_597_C_A	0.00366666666666667
OG4717_204_G_A	0.00366666666666667
OG645_570_A_T	0.00366666666666667
OG3155_462_A_C	0.00366646341463415
OG5720_355_T_C	0.00366302521008403
OG792_3501_G_A	0.00366146572104019
OG5761_696_T_C	0.00366031746031746
OG1433_2303_A_G	0.00365616017444742
OG1134_2247_A_G	0.00365584045584045
OG4517_644_T_C	0.00365217391304348
OG2290_1405_A_G	0.00365217391304348
OG7896_85_T_C	0.00365217391304348
OG2404_1143_C_A	0.00365062388591801
OG658_3504_T_C	0.00364761904761905
OG3920_1194_T_C	0.00364546498277841
OG7349_876_T_C	0.00364502164502164
OG10685_282_T_C	0.00364444444444445
OG10266_291_T_C	0.00364346764346764
OG3573_891_C_T	0.00364285714285714
OG6314_546_C_T	0.00364285714285714
OG6353_1032_C_T	0.00363913043478261
OG3990_945_C_T	0.00363852813852814
OG8394_815_G_A	0.00363852813852814
OG1798_2140_G_A	0.00363768115942029
OG2620_885_T_G	0.00363636363636364
OG9723_351_C_T	0.00363636363636364
OG3639_1632_T_C	0.00363095238095238
OG4648_1377_G_A	0.00362727272727273
OG10271_207_T_C	0.00362727272727273
OG5050_1221_C_T	0.00362695225345829
OG9838_258_C_T	0.003625
OG3225_1041_T_C	0.00362393162393162
OG1818_1158_T_C	0.00362337662337662
OG8658_594_T_C	0.00362337662337662
OG10584_259_T_C	0.00362142857142857
OG8186_392_A_C	0.00362142857142857
OG5589_276_C_A	0.00361981258366801
OG8022_438_T_C	0.00361904761904762
OG5987_159_G_A	0.00361904761904762
OG5197_75_G_A	0.00361904761904762
OG5590_777_G_A	0.00361904761904762
OG9205_438_G_A	0.00361904761904762
OG7229_402_A_T	0.00361735261401557
OG2079_1374_C_T	0.00361666666666667
OG2941_780_G_A	0.00361666666666667
OG11335_222_G_A	0.00361666666666667
OG10779_98_T_C	0.00361377947894802
OG4419_279_C_T	0.00361325728113387
OG9376_309_T_C	0.00361225766103815
OG9758_250_A_G	0.00361111111111111
OG11265_200_A_G	0.00361111111111111
OG1706_1270_G_A	0.00361067484065586
OG9032_291_G_A	0.00360804597701149
OG8564_208_C_T	0.00360714285714286
OG6456_237_G_T	0.00360476190476191
OG6867_108_A_G	0.00360329647829649
OG7279_267_G_A	0.00360263157894737
OG6722_480_G_A	0.00360263157894737
OG499_3030_C_T	0.0036
OG9091_552_C_T	0.0036
OG5993_675_C_T	0.0036
OG1060_1068_C_T	0.0036
OG3849_1470_C_T	0.0036
OG10537_25_G_A	0.0036
OG3902_100_C_T	0.0036
OG1943_1798_C_T	0.0036
OG10151_330_C_T	0.0036
OG161_6528_A_T	0.00359986504723347
OG6763_954_G_A	0.00359982174688057
OG1664_2677_T_G	0.00359848484848485
OG10560_150_C_T	0.00359848484848485
OG2238_2539_A_G	0.00359800128949065
OG6503_570_C_G	0.0035958762886598
OG522_3921_C_T	0.00359523809523809
OG3940_693_T_A	0.0035925155925156
OG4389_111_C_T	0.00359131545338442
OG8274_591_T_C	0.00359113300492611
OG1301_879_T_G	0.00358851894374283
OG9277_315_C_T	0.00358531746031746
OG10530_1679_A_T	0.00358333333333334
OG8692_318_G_A	0.00358333333333333
OG6486_24_A_G	0.00358187134502924
OG7979_306_G_A	0.00358095238095238
OG1765_1107_G_A	0.00358014184397163
OG9564_402_C_G	0.00357894736842105
OG5976_264_C_T	0.00357894736842105
OG9759_129_C_T	0.00357894736842105
OG1123_2116_C_T	0.00357894736842105
OG6178_762_A_C	0.00357692307692308
OG5810_741_A_G	0.00357692307692308
OG6007_90_A_C	0.00357460317460318
OG2265_2007_T_C	0.00357222222222222
OG724_1567_T_C	0.00357142857142858
OG7314_314_T_C	0.00357142857142857
OG5114_1335_A_T	0.00357142857142857
OG2817_1206_T_A	0.00357142857142857
OG10910_50_T_C	0.00357142857142857
OG9229_453_A_T	0.00357114624505928
OG10242_153_T_C	0.00357065637065637
OG3148_60_C_T	0.00357048984468339
OG4458_1356_G_A	0.00356433823529412
OG1062_564_A_G	0.00356363636363636
OG9725_348_C_T	0.00356148148148148
OG11068_226_G_A	0.00356148148148148
OG9728_825_A_G	0.00356086956521739
OG562_2769_T_G	0.00356043956043956
OG8118_627_T_C	0.00355882352941177
OG8107_835_A_C	0.00355752867184609
OG5939_84_C_T	0.00355679763274699
OG7549_630_A_G	0.00355555555555556
OG9874_195_G_A	0.00355555555555556
OG1459_1482_G_A	0.00355454545454545
OG7047_842_A_G	0.00355308916019238
OG10312_279_T_C	0.00354545454545455
OG2539_495_C_T	0.00354487179487179
OG3876_912_C_T	0.00354166666666667
OG2126_748_C_T	0.00354117647058823
OG5885_1011_A_G	0.00353968253968254
OG1745_2866_G_C	0.00353550745550746
OG8384_129_A_G	0.00353333333333333
OG3302_345_C_T	0.00352941176470588
OG5159_1200_T_A	0.00352941176470588
OG6852_935_A_G	0.00352941176470588
OG8583_228_C_T	0.00352941176470588
OG3810_1308_C_T	0.00352941176470588
OG1916_330_T_A	0.00352941176470588
OG4672_915_C_T	0.00352695652173913
OG8872_285_T_C	0.00352586206896552
OG5787_465_G_A	0.00352368421052632
OG5499_846_T_C	0.00352367424242424
OG3858_513_T_C	0.00351919191919192
OG6581_397_G_A	0.00351906158357771
OG8529_150_C_T	0.0035182956122558
OG6186_435_G_A	0.00351666666666667
OG3809_576_G_A	0.00351268115942029
OG2570_2126_G_A	0.00351
OG4649_363_A_G	0.00350757575757576
OG1802_491_G_C	0.00350757575757576
OG9637_24_A_T	0.00350757575757576
OG3417_366_C_G	0.00350513979345308
OG8920_621_C_T	0.00350416666666667
OG7712_402_C_T	0.00350303854875284
OG2465_1791_T_C	0.0035
OG9095_555_G_A	0.0035
OG7252_183_T_C	0.0035
OG793_1719_G_T	0.0035
OG1414_2844_G_A	0.0035
OG9930_171_A_T	0.0035
OG10864_84_C_T	0.0035
OG4497_531_G_A	0.0035
OG2382_1008_C_T	0.0035
OG2988_558_G_A	0.0035
OG2778_399_C_T	0.00349917976760083
OG3493_138_C_T	0.00349677419354838
OG6841_738_C_T	0.00349206349206349
OG726_550_A_G	0.00349090909090909
OG5688_810_C_T	0.00348888888888889
OG5613_1215_A_G	0.00348888888888889
OG8948_342_C_T	0.00348484848484849
OG781_810_G_A	0.00348484848484849
OG4342_1097_C_T	0.00348205697373289
OG10595_257_T_C	0.00347701149425287
OG3512_930_C_A	0.00347142857142857
OG1596_1239_A_C	0.00346871008939975
OG456_1824_A_G	0.00346666666666667
OG254_5977_C_T	0.00346666666666667
OG6095_410_A_T	0.00346666666666667
OG7904_420_C_T	0.00346666666666667
OG3002_1344_G_A	0.00346666666666667
OG11182_127_G_A	0.00346666666666667
OG10987_285_C_T	0.00346666666666667
OG5843_1128_A_G	0.00346666666666667
OG5654_1071_T_G	0.00346666666666667
OG9224_474_G_A	0.00346666666666667
OG3071_579_C_T	0.00346666666666667
OG1321_876_G_A	0.00346666666666666
OG11343_177_T_C	0.00346626984126984
OG1523_1773_G_A	0.00346296296296296
OG649_3217_A_C	0.0034577380952381
OG5893_159_G_A	0.00345736434108528
OG3462_216_G_A	0.00345348837209303
OG9613_195_T_C	0.00345338441890166
OG9556_489_C_T	0.00345153664302601
OG6218_1398_G_A	0.00345121951219512
OG8873_450_G_A	0.00345054945054945
OG9627_610_G_A	0.00345007974481659
OG2764_1530_T_C	0.00345
OG6909_408_T_G	0.00345
OG3808_789_C_G	0.00344615384615385
OG7016_612_A_G	0.00344444444444444
OG1381_199_A_G	0.00344444444444444
OG9394_252_G_A	0.00344444444444444
OG4997_105_T_C	0.00344072948328268
OG3691_775_C_A	0.00343859649122807
OG948_2385_C_T	0.0034375
OG1392_1527_A_T	0.0034375
OG2347_97_G_A	0.0034367201426025
OG1058_339_C_T	0.00343406593406593
OG3594_258_A_C	0.00343056571911061
OG8127_372_A_G	0.00342887700534759
OG367_1635_A_T	0.00342857142857143
OG4680_364_T_A	0.00342857142857143
OG5422_921_T_G	0.00342857142857143
OG9534_279_G_A	0.00342857142857143
OG8656_651_T_C	0.00342857142857143
OG7817_219_C_T	0.00342857142857143
OG135_2974_T_C	0.00342857142857143
OG5615_1254_C_T	0.00342857142857143
OG3198_1149_G_A	0.00342857142857143
OG302_3342_G_A	0.00342857142857143
OG10591_123_A_G	0.00342857142857143
OG8972_815_C_A	0.00342857142857143
OG2379_447_A_T	0.00342857142857143
OG3704_490_A_C	0.00342857142857143
OG1788_765_T_A	0.00342857142857143
OG3580_1563_G_A	0.00342857142857143
OG3906_630_A_G	0.00342857142857143
OG7350_285_T_G	0.00342857142857143
OG8515_700_A_G	0.00342857142857143
OG859_4413_T_C	0.00342575757575757
OG3003_1794_T_C	0.00342464040025016
OG9614_420_C_T	0.00342464040025016
OG7257_375_G_A	0.0034239467849224
OG4253_846_T_G	0.00342307692307692
OG4376_438_T_C	0.00342136752136752
OG2744_486_A_G	0.00342
OG9382_567_T_C	0.00342
OG3338_964_C_T	0.00341666666666667
OG7648_403_A_C	0.00341666666666667
OG3308_390_T_C	0.00341333333333333
OG1218_2937_C_T	0.00341333333333333
OG995_2622_C_T	0.00340909090909091
OG5951_618_T_C	0.00340909090909091
OG822_1323_T_C	0.00340730386968845
OG10626_126_T_C	0.0034
OG10122_387_C_T	0.0034
OG10463_35_G_T	0.0034
OG6499_390_A_G	0.00339942528735632
OG8226_540_A_T	0.00339488320355951
OG7927_621_C_T	0.00339393939393939
OG4695_1143_G_A	0.00339393939393939
OG9949_399_C_T	0.00339393939393939
OG10980_250_G_A	0.00339350649350649
OG6219_30_A_T	0.00339350649350649
OG2129_2574_T_C	0.00339102564102564
OG4595_1497_C_T	0.00338461538461539
OG5938_224_G_A	0.00338461538461539
OG8984_422_T_A	0.00338461538461539
OG922_1341_C_T	0.00338347338935574
OG6266_867_A_T	0.00338095238095238
OG3953_148_G_A	0.003375
OG3601_432_C_T	0.003375
OG2169_756_T_C	0.003375
OG4128_1452_G_C	0.00337426900584795
OG4296_1218_C_T	0.00337297297297297
OG6214_1083_A_G	0.00337254901960785
OG6713_819_C_T	0.00336969696969697
OG6707_837_C_T	0.00336923076923077
OG271_2196_T_A	0.00336896551724138
OG4003_1392_C_T	0.00336896551724138
OG113_4866_G_A	0.00336695652173913
OG6908_705_C_T	0.00336695652173913
OG6410_196_G_A	0.00336695652173913
OG9920_570_C_T	0.00336666666666667
OG4667_1401_T_C	0.00336578947368421
OG7097_354_C_A	0.00336120789779326
OG5888_207_C_T	0.00336021505376344
OG921_3024_C_T	0.00335
OG10168_183_A_G	0.00335
OG8782_195_T_A	0.00335
OG4126_1056_T_C	0.00334761904761905
OG6598_87_C_G	0.00334761904761905
OG6385_435_T_C	0.00334285714285714
OG10435_306_C_T	0.00334285714285714
OG9065_332_T_C	0.00334090909090909
OG7475_267_C_A	0.00334090909090909
OG5643_52_G_A	0.00334022988505747
OG9048_102_C_T	0.00333852813852814
OG8455_30_A_T	0.00333458411507192
OG4229_30_G_A	0.00333333333333333
OG1521_2252_C_T	0.00333333333333333
OG4397_646_C_T	0.00333333333333333
OG6438_936_G_A	0.00333333333333333
OG10670_106_G_A	0.00333333333333333
OG4822_272_A_G	0.00333333333333333
OG5217_852_T_C	0.00333333333333333
OG3513_297_G_A	0.00333333333333333
OG3430_318_C_T	0.00333333333333333
OG87_7680_T_G	0.00333333333333333
OG3428_291_T_C	0.00333333333333333
OG5564_1026_C_T	0.00333333333333333
OG8580_123_G_A	0.00333333333333333
OG2183_2041_A_G	0.00333333333333333
OG5278_492_A_C	0.00333333333333333
OG6381_852_T_C	0.00333134328358209
OG3814_1158_T_C	0.00331515151515152
OG1610_2289_C_T	0.00331449275362319
OG2715_165_C_T	0.00331428571428571
OG7758_144_T_G	0.00330980392156863
OG2863_392_G_T	0.00330980392156863
OG7607_108_G_A	0.00330909090909091
OG8213_464_T_C	0.00330769230769231
OG6751_756_C_T	0.00330476190476191
OG8799_228_G_A	0.00330348258706468
OG9066_65_C_T	0.00330295566502463
OG8575_577_G_A	0.0033021978021978
OG133_2982_A_T	0.0033014553014553
OG3022_88_A_G	0.0033
OG10660_321_A_C	0.00328846153846154
OG1577_2478_C_T	0.00328181818181819
OG3295_1134_C_T	0.00328181818181819
OG1454_663_T_A	0.00327916666666667
OG304_6236_G_A	0.00327777777777778
OG8489_558_G_A	0.00327777777777778
OG9076_441_A_T	0.00327777777777778
OG9365_474_G_A	0.00327777777777778
OG5121_567_T_A	0.00327777777777778
OG8046_585_C_T	0.00327662337662338
OG7588_381_T_A	0.00327272727272727
OG2738_708_C_T	0.00327272727272727
OG4863_534_G_A	0.00327272727272727
OG7559_1083_A_G	0.00327272727272727
OG6583_765_A_C	0.00327272727272727
OG9327_392_A_T	0.00326984126984127
OG9237_408_C_T	0.00326785714285714
OG2069_429_G_A	0.00326666666666667
OG4565_456_A_G	0.00326666666666667
OG8590_447_G_A	0.00326666666666667
OG5538_909_C_T	0.00325959915611815
OG5507_188_C_T	0.00325925925925926
OG11121_259_G_A	0.00325862884160756
OG7600_673_A_C	0.00325103668261563
OG4705_607_G_A	0.00325
OG7893_484_C_T	0.00325
OG2643_1749_C_T	0.00325
OG10355_288_G_A	0.00325
OG8166_738_A_G	0.00325
OG8023_225_A_G	0.00325
OG7971_525_A_G	0.00325
OG8547_439_T_A	0.00325
OG9817_153_A_T	0.00324812030075188
OG120_5790_A_G	0.0032463768115942
OG3931_885_G_A	0.00324571428571429
OG7048_313_C_A	0.00324360400444939
OG2634_1120_C_T	0.00324242424242424
OG3016_1341_T_C	0.00323809523809524
OG10332_216_T_C	0.00323809523809524
OG1915_1673_A_C	0.00323333333333333
OG5455_774_T_C	0.00323333333333333
OG8306_69_A_G	0.00323148148148148
OG1845_816_G_A	0.0032280701754386
OG2929_1074_T_A	0.0032280701754386
OG3399_72_C_T	0.0032280701754386
OG10034_180_T_G	0.0032280701754386
OG6868_759_C_T	0.00322534582775546
OG221_2187_A_G	0.00322051282051282
OG2574_1170_T_C	0.00322051282051282
OG6938_847_G_A	0.00321589812849701
OG7068_676_G_A	0.0032156862745098
OG4759_1062_G_C	0.00321111111111111
OG9290_468_G_A	0.00320952380952381
OG5854_282_A_T	0.00320386473429952
OG1128_1284_T_C	0.00320175438596491
OG1853_1935_G_A	0.00320088790233074
OG2385_462_G_A	0.0032
OG2024_519_G_T	0.0032
OG5545_1146_C_T	0.0032
OG5362_991_T_C	0.0032
OG3133_1440_A_T	0.0032
OG4701_525_C_T	0.0032
OG2166_1325_C_T	0.0032
OG868_3639_G_A	0.0032
OG4541_459_T_C	0.0032
OG5660_1059_C_G	0.0032
OG11201_108_C_T	0.0032
OG3205_1566_A_G	0.0032
OG6041_87_C_T	0.0032
OG6624_267_G_A	0.0032
OG3075_84_T_C	0.0032
OG7187_706_A_G	0.0032
OG9390_574_C_T	0.0032
OG9053_572_G_A	0.0032
OG4991_1161_T_G	0.00319714285714286
OG9380_543_G_T	0.00319486215538847
OG3409_358_T_C	0.00319312169312169
OG5123_1100_T_A	0.00318939393939394
OG2521_690_T_C	0.00318181818181818
OG804_2919_C_T	0.00317948717948718
OG6789_438_G_A	0.00317948717948718
OG8600_13_T_G	0.00317948717948718
OG7925_758_C_T	0.00317948717948718
OG11339_15_G_T	0.00317142857142857
OG4029_552_A_G	0.0031702786377709
OG4898_793_G_A	0.00316666666666667
OG3218_1858_G_A	0.00316666666666667
OG1052_1431_C_T	0.00316666666666667
OG10447_354_C_T	0.00316666666666667
OG9523_27_C_T	0.00316666666666667
OG10599_93_A_G	0.00315584415584416
OG8964_45_A_G	0.00315151515151515
OG3186_1876_A_C	0.00315
OG5342_763_G_A	0.00314285714285714
OG3102_729_T_A	0.00314090909090909
OG3341_1668_T_G	0.00313859649122807
OG1762_654_C_T	0.00313333333333333
OG7399_294_A_G	0.00312222222222222
OG2363_620_C_T	0.00311818181818182
OG10838_184_C_T	0.00311351351351351
OG7730_195_T_A	0.00311111111111111
OG7650_216_C_A	0.00311111111111111
OG4744_519_C_T	0.00311111111111111
OG9273_531_C_T	0.00311111111111111
OG10861_292_T_C	0.00311111111111111
OG2584_268_G_A	0.00311111111111111
OG6466_225_G_C	0.00311111111111111
OG8816_628_A_G	0.00311111111111111
OG9939_102_C_T	0.00311111111111111
OG4890_978_C_T	0.00311111111111111
OG5708_690_G_A	0.00311111111111111
OG9078_56_A_G	0.00311111111111111
OG3612_339_T_C	0.00311111111111111
OG1419_471_G_A	0.00310489510489511
OG5240_733_G_A	0.00310408035153798
OG2010_792_A_T	0.0031
OG731_1734_A_G	0.0031
OG10669_99_A_G	0.0031
OG8926_579_C_T	0.0031
OG9335_137_G_A	0.0030995085995086
OG9267_381_T_C	0.0030984126984127
OG2694_1081_T_C	0.0030875
OG5003_150_T_C	0.00308333333333333
OG8817_310_G_A	0.00308333333333333
OG7396_165_G_A	0.00308333333333333
OG9516_272_T_C	0.00307450980392157
OG8043_276_T_C	0.00307450980392157
OG8868_23_T_A	0.00307450980392157
OG11144_234_C_T	0.00307142857142857
OG3989_1651_G_A	0.00305454545454545
OG4404_585_T_G	0.00304761904761905
OG9485_291_C_T	0.00304761904761905
OG10025_228_T_C	0.00304761904761905
OG8805_585_G_A	0.00303533026113671
OG9128_70_T_C	0.00303333333333333
OG2950_924_C_T	0.00303207282913166
OG5183_876_T_G	0.00302222222222222
OG8256_606_C_T	0.00302187394255803
OG6184_729_A_G	0.00301428571428572
OG9094_384_C_T	0.00300748663101604
OG2011_2364_A_G	0.003
OG6321_829_T_A	0.003
OG6474_645_C_A	0.003
OG236_6385_T_A	0.003
OG6076_126_T_A	0.003
OG4284_45_T_C	0.003
OG5663_1368_G_A	0.003
OG3126_1494_C_A	0.003
OG4461_693_C_T	0.003
OG7372_480_C_T	0.003
OG7562_264_A_G	0.003
OG6364_561_G_A	0.003
OG419_2787_T_C	0.003
OG5544_879_A_G	0.003
OG6737_715_T_C	0.003
OG9965_153_A_G	0.003
OG8832_695_A_G	0.003
OG6632_660_G_A	0.003
OG8194_196_A_G	0.003
OG1125_258_A_C	0.003
OG9040_148_A_C	0.003
OG6691_631_C_G	0.003
OG8249_13_C_T	0.003
OG4714_54_C_T	0.003
OG2067_252_A_G	0.003
OG8248_705_A_T	0.003
OG6761_1012_G_A	0.003
OG8072_36_A_G	0.003
OG2878_1488_T_G	0.003
OG7417_348_T_C	0.003
OG9441_15_G_A	0.003
OG6742_15_T_A	0.003
OG6888_741_A_G	0.003
OG10113_432_A_G	0.003
OG9897_42_A_C	0.003
OG10135_255_G_A	0.003
OG10946_182_A_T	0.003
OG413_9_C_T	0.003
OG9858_532_T_C	0.003
OG2058_510_T_C	0.00299332013854527
OG4723_133_C_T	0.00298897058823529
OG7929_711_T_C	0.00298452012383901
OG10532_17_C_T	0.00297101449275363
OG5772_117_G_A	0.00297014925373136
OG4860_474_T_G	0.00297014925373135
OG10429_165_C_T	0.00297014925373135
OG3895_669_G_A	0.00296969696969697
OG4662_1167_C_T	0.00296491228070175
OG1744_621_C_T	0.00296363636363636
OG9849_89_A_T	0.00295744680851064
OG4899_701_T_A	0.00295454545454545
OG5953_246_G_A	0.00295384615384616
OG4281_1116_C_T	0.00295238095238095
OG6463_443_G_A	0.00294949494949495
OG3686_522_G_A	0.00294896331738437
OG7356_804_G_A	0.00294017094017094
OG7021_648_C_T	0.00293984622342832
OG3880_408_T_A	0.00293548387096774
OG1099_1732_C_T	0.00293333333333333
OG9605_445_T_C	0.00293333333333333
OG1449_1089_G_A	0.00293333333333333
OG4761_672_C_T	0.00293333333333333
OG10240_336_T_C	0.00293333333333333
OG6891_72_T_A	0.00293333333333333
OG9691_141_A_G	0.00293333333333333
OG6637_109_C_A	0.00292662473794549
OG1329_2832_T_C	0.00292592592592593
OG10569_161_T_C	0.00292592592592593
OG4553_1373_A_G	0.00292527173913044
OG1931_1008_G_A	0.00292424242424243
OG6719_639_A_G	0.0029226480836237
OG10077_219_G_A	0.00292121212121212
OG2650_36_C_T	0.00291666666666667
OG2102_1777_C_T	0.00291666666666667
OG3259_464_C_G	0.00291666666666667
OG6100_1074_A_G	0.00291666666666667
OG7183_870_C_T	0.00291666666666667
OG6502_555_G_A	0.00291666666666667
OG2201_1821_C_T	0.00291666666666667
OG11331_403_G_A	0.00291666666666667
OG3450_1800_C_T	0.00291549295774648
OG10061_21_T_C	0.00291071428571429
OG4486_942_A_G	0.00291071428571429
OG8387_306_T_C	0.00289473684210526
OG1039_2814_G_A	0.00289402173913044
OG7872_381_G_A	0.00288095238095238
OG6297_645_G_A	0.00287777777777778
OG5551_969_C_T	0.00287755102040816
OG6588_885_C_T	0.00286666666666667
OG2447_1218_A_T	0.00286610169491525
OG5378_726_G_A	0.00286194995685936
OG3011_1899_G_A	0.00285714285714286
OG1237_2196_C_T	0.00285714285714286
OG7307_324_C_T	0.00285714285714286
OG2387_1860_A_C	0.00285714285714286
OG6971_715_C_T	0.00285714285714286
OG10068_177_G_A	0.00285714285714286
OG9873_144_A_G	0.00285714285714286
OG7424_357_C_T	0.00285714285714286
OG8096_531_T_G	0.00285714285714286
OG3896_675_T_C	0.00285294117647059
OG3386_108_G_A	0.00285
OG5509_189_T_C	0.00285
OG480_2644_A_C	0.00285
OG3489_112_C_T	0.00285
OG1638_1572_G_A	0.00284722222222222
OG6988_610_C_A	0.00284615384615385
OG10840_210_T_A	0.00284444444444444
OG430_5055_T_C	0.00283636363636364
OG8115_474_A_G	0.00283333333333333
OG8833_669_G_A	0.00283333333333333
OG1430_727_G_A	0.00283333333333333
OG1857_1586_C_T	0.00283333333333333
OG9509_276_C_T	0.00283333333333333
OG7967_45_A_G	0.00283333333333333
OG10728_168_A_G	0.00283333333333333
OG10442_498_T_A	0.00282916666666667
OG9187_102_A_C	0.00282857142857143
OG4927_1206_C_T	0.00282585034013606
OG3017_1551_G_C	0.002825311942959
OG1661_2463_C_G	0.00281818181818182
OG1525_642_G_T	0.00281746031746032
OG4042_747_T_A	0.0028125
OG5160_1287_A_G	0.00281043956043956
OG5738_823_A_G	0.00280395480225989
OG4995_920_A_G	0.00280392156862745
OG4144_1671_C_T	0.0028
OG9450_521_G_A	0.0028
OG8598_675_C_T	0.0028
OG6730_378_C_T	0.00279774436090226
OG11320_678_G_A	0.00279433497536946
OG8085_213_T_C	0.00278571428571429
OG8450_741_C_T	0.00278571428571429
OG5801_195_G_A	0.00278571428571429
OG2625_729_A_T	0.00278571428571429
OG925_1998_G_A	0.00278571428571428
OG10937_219_A_G	0.00277920227920228
OG802_1125_G_A	0.00277777777777778
OG734_2187_C_T	0.00277777777777778
OG1902_1566_T_C	0.00277777777777778
OG1245_3165_G_A	0.00277777777777778
OG7873_354_G_A	0.00277184139784946
OG6345_21_T_G	0.00276923076923077
OG4896_940_T_C	0.00276600284495022
OG8514_459_C_T	0.00276143790849673
OG6354_1023_G_A	0.00275892857142857
OG5138_609_G_A	0.00275
OG6526_897_A_G	0.00275
OG5929_216_C_T	0.00274285714285714
OG1027_3597_C_A	0.00274110671936759
OG7182_573_A_G	0.00273913043478261
OG5275_129_C_T	0.00273913043478261
OG637_2949_C_T	0.00273583662714097
OG9295_231_C_T	0.00273572037510657
OG8859_462_C_T	0.00273540051679586
OG7404_726_G_A	0.00273419913419913
OG8344_135_T_A	0.00273276101443909
OG763_2940_G_A	0.00273015873015873
OG10131_88_A_T	0.00273015873015873
OG6347_801_G_A	0.00272820512820513
OG10147_384_T_C	0.00271666666666666
OG5955_1203_C_T	0.00271428571428572
OG6106_249_A_G	0.00271428571428571
OG3864_556_A_C	0.00271428571428571
OG6990_780_G_A	0.00271428571428571
OG10863_51_T_A	0.00270080552359033
OG11061_307_A_G	0.0027
OG4167_1044_G_A	0.0027
OG5723_609_C_T	0.00269898989898989
OG1860_1404_T_C	0.00266666666666667
OG1149_3429_C_T	0.00266666666666667
OG5269_348_T_C	0.00266666666666667
OG6496_84_C_T	0.00266666666666667
OG9069_198_T_G	0.00266666666666667
OG9641_112_G_A	0.00266666666666667
OG10288_156_A_G	0.00266666666666667
OG6964_1302_A_C	0.00266666666666667
OG1180_722_C_T	0.00266666666666667
OG1517_1152_T_C	0.00266666666666667
OG200_5403_T_C	0.00266666666666667
OG6407_735_A_G	0.00266666666666667
OG7454_138_G_A	0.00266666666666667
OG9809_36_G_A	0.00266666666666667
OG3321_1526_C_T	0.00266666666666667
OG5032_303_C_T	0.00266666666666667
OG5190_1090_C_A	0.00266666666666667
OG8800_801_T_A	0.00266666666666667
OG10300_246_G_A	0.00266666666666667
OG4047_227_C_T	0.00266666666666667
OG6685_1057_G_A	0.00266666666666667
OG3012_1183_A_G	0.00266666666666667
OG7843_1035_T_C	0.00266666666666667
OG8915_405_G_A	0.00266666666666667
OG6572_987_T_C	0.00266666666666667
OG7827_535_C_G	0.00266666666666667
OG2970_80_G_C	0.00266666666666667
OG6358_1107_A_G	0.00266666666666667
OG10353_106_G_A	0.00266666666666667
OG11188_573_A_G	0.00266666666666667
OG1666_2166_A_G	0.00266666666666667
OG7304_831_G_A	0.00266389466389467
OG1086_1101_C_T	0.00265909090909091
OG7832_267_C_T	0.00265833333333333
OG4031_522_T_C	0.00265346138455382
OG7217_1002_C_T	0.00265098039215686
OG1192_270_T_C	0.00264705882352941
OG10167_225_G_A	0.00264705882352941
OG3349_1551_G_T	0.00264666666666666
OG8337_66_G_A	0.00263333333333333
OG1037_2835_T_C	0.00262527472527473
OG2274_1294_A_G	0.00261111111111111
OG4202_837_T_A	0.0026
OG5446_243_G_A	0.0026
OG7805_354_G_A	0.0026
OG816_1740_T_C	0.0026
OG9215_431_A_G	0.0026
OG7900_690_G_A	0.0025974025974026
OG6876_553_T_C	0.0025948275862069
OG1972_2262_C_T	0.00258333333333333
OG7610_507_T_C	0.00258333333333333
OG8021_228_A_T	0.00258333333333333
OG5727_1293_C_T	0.00257142857142857
OG4495_1158_A_T	0.00257142857142857
OG4459_144_T_C	0.00257142857142857
OG9645_78_C_T	0.00257142857142857
OG6941_525_G_A	0.00257142857142857
OG3366_39_A_C	0.00257142857142857
OG4315_502_T_C	0.00257142857142857
OG3549_1083_C_T	0.00257142857142857
OG3593_1581_A_G	0.00257142857142857
OG3770_71_G_T	0.00256
OG10635_204_A_C	0.00255752867184609
OG5937_174_T_G	0.0025530303030303
OG5711_457_A_G	0.00255119047619048
OG2717_1122_A_G	0.00255072463768117
OG4990_909_C_T	0.00254545454545455
OG1970_816_C_G	0.00254545454545455
OG5319_360_A_G	0.00254545454545454
OG5562_693_T_A	0.00253571428571429
OG9789_321_A_T	0.00253464052287582
OG2094_2502_G_A	0.00253333333333333
OG2147_2304_A_T	0.00253333333333333
OG2213_1962_A_G	0.00252380952380952
OG4195_1272_C_T	0.00252020202020202
OG3495_71_A_G	0.00250833333333333
OG3029_1617_G_A	0.00250340136054422
OG4337_888_A_G	0.0025
OG8784_242_C_T	0.0025
OG6209_405_T_A	0.0025
OG494_4381_C_T	0.0025
OG4516_1020_T_C	0.0025
OG4225_117_C_T	0.0025
OG1057_1002_T_A	0.0025
OG2362_1014_A_T	0.0025
OG293_4131_G_A	0.0025
OG3083_1842_A_G	0.0025
OG6340_861_C_T	0.0025
OG9959_357_C_T	0.0025
OG6418_84_T_C	0.0025
OG7583_408_A_G	0.0025
OG11336_433_G_A	0.0025
OG11123_242_G_C	0.0025
OG4961_1106_C_T	0.00249536296770067
OG9193_213_A_G	0.00249277141298418
OG3882_1641_G_A	0.00249275362318841
OG9285_612_T_C	0.00249166666666667
OG8560_388_C_T	0.00248654244306418
OG6013_1143_A_G	0.00248582815239918
OG4764_807_G_A	0.00247971781305114
OG4363_199_G_T	0.00247971298108285
OG2472_2094_A_G	0.00247619047619048
OG10107_40_C_T	0.00246666666666667
OG10415_126_A_T	0.00245454545454545
OG10031_324_A_G	0.00245444444444445
OG3743_1647_T_C	0.00245121951219512
OG7092_420_G_A	0.00243636363636364
OG8758_483_T_C	0.00243333333333333
OG8696_747_G_A	0.00242424242424243
OG10255_336_C_T	0.00241904761904762
OG153_4575_C_T	0.00241708008504607
OG3015_979_C_T	0.00241666666666667
OG10720_138_G_A	0.00241064425770308
OG641_195_A_G	0.00240948477751756
OG6917_495_C_T	0.00240860215053764
OG4465_789_G_A	0.00240306513409962
OG9288_189_C_T	0.0024
OG3866_1059_G_A	0.0024
OG10814_261_C_T	0.0024
OG7320_115_A_G	0.0024
OG1803_129_A_T	0.0024
OG5580_327_G_A	0.0024
OG7119_750_A_T	0.0024
OG477_1665_G_A	0.0024
OG1879_278_G_A	0.0024
OG7408_712_T_C	0.0024
OG5091_921_T_C	0.0024
OG6594_754_T_C	0.0024
OG7618_954_C_T	0.0024
OG7976_711_G_A	0.0024
OG5238_691_A_C	0.0024
OG10498_157_A_G	0.0024
OG4217_1056_C_T	0.0024
OG697_4153_C_T	0.0024
OG2232_636_C_T	0.0024
OG5102_173_G_A	0.0024
OG6795_887_G_A	0.0024
OG4719_486_C_T	0.0024
OG741_1685_A_T	0.0024
OG2412_118_T_C	0.0024
OG3160_1827_G_A	0.0024
OG5356_801_G_A	0.0024
OG9722_718_A_T	0.0024
OG7298_642_G_A	0.0024
OG7246_435_T_C	0.0024
OG6981_99_G_A	0.0024
OG8959_348_A_G	0.0024
OG2820_1251_A_G	0.0023981259811617
OG1195_2514_C_T	0.00239621656881931
OG7677_585_T_C	0.00239080459770115
OG2831_354_C_T	0.00238095238095238
OG3499_1415_T_C	0.00235897435897436
OG10912_420_T_C	0.00235238095238095
OG5095_997_A_G	0.00235062111801242
OG5335_1432_C_T	0.00233611111111111
OG2639_1830_A_G	0.00233569739952718
OG835_1719_C_T	0.00233333333333333
OG2877_117_C_T	0.00233333333333333
OG5094_317_T_A	0.00233333333333333
OG725_3025_G_A	0.00233333333333333
OG4443_567_T_C	0.00233333333333333
OG4902_958_A_T	0.00233333333333333
OG5007_90_A_G	0.00233333333333333
OG3818_1587_C_T	0.00233333333333333
OG2174_478_C_T	0.00233333333333333
OG3059_1752_A_G	0.00233333333333333
OG7934_327_G_A	0.00233333333333333
OG8326_345_T_C	0.00233333333333333
OG1126_1257_C_T	0.00233333333333333
OG908_1053_G_A	0.00233333333333333
OG1481_2124_T_C	0.00233333333333333
OG8937_153_T_G	0.00233333333333333
OG9472_495_G_A	0.00233333333333333
OG11319_622_G_A	0.00233333333333333
OG1882_988_T_C	0.00233333333333333
OG3727_1402_C_A	0.00233333333333333
OG2109_840_G_A	0.00233333333333333
OG9735_453_A_T	0.00233333333333333
OG5625_225_T_A	0.00233333333333333
OG2772_1389_A_C	0.00233333333333333
OG1268_2547_C_A	0.00233333333333333
OG6141_1251_A_G	0.00233333333333333
OG673_1209_G_A	0.00233333333333333
OG9916_294_C_T	0.00233333333333333
OG7908_747_A_G	0.00233333333333333
OG2821_105_A_G	0.00233333333333333
OG5917_408_T_C	0.00233333333333333
OG2021_1746_C_T	0.00233333333333333
OG5518_177_T_C	0.00233333333333333
OG5634_960_A_G	0.00233333333333333
OG10707_50_T_C	0.00233333333333333
OG6305_963_A_C	0.00233333333333333
OG7870_165_C_T	0.00233333333333333
OG6368_345_T_G	0.00233333333333333
OG10568_411_C_T	0.00233333333333333
OG10527_342_C_T	0.00233333333333333
OG2569_1269_A_G	0.00233333333333333
OG3443_1161_T_C	0.00232034805890228
OG946_3444_A_G	0.00231111111111111
OG8486_114_T_A	0.00231111111111111
OG8448_589_G_A	0.00230782608695652
OG5560_153_A_G	0.00229078014184397
OG5520_1110_C_T	0.00228042328042327
OG7290_756_C_T	0.00226785714285714
OG7883_285_G_A	0.00226666666666667
OG4993_945_C_T	0.00226153846153846
OG4527_1059_G_A	0.00225
OG6355_714_A_G	0.00225
OG2095_318_C_T	0.00225
OG9733_571_A_C	0.00225
OG6128_1176_T_C	0.00224221311475409
OG1070_1569_A_G	0.00223093681917211
OG6239_1206_A_G	0.00222403198653198
OG938_3259_G_A	0.00221956521739131
OG251_4353_G_A	0.00221261261261261
OG9351_222_T_C	0.00220588235294117
OG10074_624_G_A	0.00219607843137255
OG3863_1662_T_C	0.00219041506204535
OG1387_2616_G_A	0.00217713239141811
OG8027_75_T_C	0.00217293233082707
OG3904_1401_G_A	0.00217142857142857
OG5351_270_G_A	0.00214879227053141
OG5600_553_C_G	0.00214285714285714
OG9354_249_C_T	0.00214285714285714
OG3175_1494_G_C	0.00214285714285714
OG11341_221_A_T	0.00214285714285714
OG7550_402_C_T	0.00214285714285714
OG10359_255_G_A	0.00214285714285714
OG4955_264_A_G	0.00213556618819777
OG8797_390_C_T	0.00213333333333333
OG10627_225_A_G	0.00211111111111111
OG10005_550_C_T	0.00210489510489511
OG6696_555_G_A	0.0021
OG10420_69_A_G	0.00208934169278997
OG3685_273_T_C	0.00208473389355742
OG9059_384_G_A	0.00206315789473684
OG5407_1513_T_C	0.00205754527162978
OG4652_747_C_T	0.00202597402597403
OG5785_306_C_G	0.002
OG10662_451_A_G	0.002
OG5762_804_C_T	0.002
OG7280_731_G_A	0.002
OG10105_212_T_C	0.002
OG3322_474_A_G	0.002
OG1988_2043_G_A	0.002
OG3805_1830_C_G	0.002
OG10297_433_A_G	0.002
OG2418_1398_C_T	0.002
OG4792_915_T_C	0.002
OG3145_1335_A_G	0.002
OG6373_327_A_G	0.002
OG5084_93_G_A	0.002
OG6620_1113_A_G	0.002
OG9142_120_C_T	0.002
OG5906_393_C_A	0.002
OG6000_486_C_T	0.002
OG7261_1110_T_C	0.002
OG5175_627_T_C	0.002
OG9409_43_G_A	0.002
OG6179_154_C_T	0.002
OG6955_747_T_C	0.002
OG10629_303_A_T	0.002
OG5656_1254_G_A	0.002
OG5942_328_C_T	0.002
OG5693_1047_C_T	0.002
OG4152_336_T_A	0.002
OG2679_1578_A_T	0.002
OG8165_841_C_T	0.002
OG8695_153_G_A	0.002
OG450_3712_A_G	0.002
OG5265_750_A_T	0.002
OG3448_153_G_A	0.002
OG9844_219_T_C	0.002
OG7799_339_A_T	0.002
OG5310_1098_G_C	0.002
OG2336_1404_G_A	0.002
OG7865_291_C_T	0.002
OG10431_355_T_A	0.002
OG9306_74_G_A	0.0019950937950938
OG8321_300_G_A	0.00197619047619048
OG8876_552_G_A	0.00197435897435898
OG5852_114_T_G	0.00197435897435898
OG5306_789_C_T	0.00197333333333333
OG2980_75_T_C	0.00197183098591549
OG5892_1044_T_A	0.00197142857142857
OG7725_525_C_T	0.00197101449275362
OG9716_256_C_T	0.00197058823529412
OG622_276_G_A	0.00197058823529412
OG2435_2203_A_T	0.00197014925373135
OG11155_252_C_T	0.00196969696969697
OG8941_273_A_C	0.00196969696969697
OG4487_570_T_A	0.00196923076923077
OG3096_1479_A_G	0.00196923076923077
OG9661_186_C_T	0.00196923076923077
OG3323_1470_A_G	0.00196875
OG3559_1482_T_G	0.00196825396825397
OG1022_2394_C_T	0.00196825396825397
OG5949_603_C_T	0.00196825396825397
OG5469_496_G_T	0.00196825396825397
OG228_6078_G_A	0.00196825396825397
OG1085_1579_C_T	0.00196825396825397
OG10373_312_A_G	0.00196825396825397
OG9436_155_C_A	0.00196774193548387
OG9049_94_G_A	0.00196774193548387
OG10574_45_G_C	0.00196774193548387
OG5927_1041_C_T	0.0019672131147541
OG6094_294_A_G	0.0019672131147541
OG397_2538_A_G	0.0019672131147541
OG6848_549_C_T	0.00196666666666667
OG6498_1014_G_T	0.00196666666666667
OG10524_240_G_A	0.00196666666666667
OG11180_489_A_G	0.00196666666666667
OG4522_573_C_T	0.00196610169491525
OG2369_1389_T_C	0.00196610169491525
OG3305_1437_G_A	0.00196610169491525
OG9860_438_A_G	0.00196551724137931
OG844_2997_C_T	0.00196491228070175
OG1974_2145_C_T	0.00196491228070175
OG10790_282_C_T	0.00196491228070175
OG4941_451_G_T	0.00196491228070175
OG2478_294_C_T	0.00196428571428572
OG6958_951_C_T	0.00196428571428572
OG4982_1311_A_T	0.00196363636363636
OG2120_1716_G_A	0.00196363636363636
OG6754_855_G_A	0.00196363636363636
OG7519_501_A_T	0.00196363636363636
OG1275_1761_T_C	0.00196363636363636
OG6283_205_C_T	0.00196296296296296
OG4658_99_C_T	0.00196296296296296
OG5216_1098_A_T	0.00196296296296296
OG7077_326_A_C	0.00196296296296296
OG2486_1351_G_A	0.0019622641509434
OG7250_462_G_A	0.0019622641509434
OG6398_487_G_A	0.0019622641509434
OG3408_642_T_G	0.0019622641509434
OG4788_429_C_T	0.0019622641509434
OG10541_98_C_T	0.00196153846153846
OG8748_406_C_T	0.00196153846153846
OG4968_611_A_G	0.00196078431372549
OG913_3725_C_T	0.00196078431372549
OG2872_96_G_A	0.00196078431372549
OG10656_110_C_T	0.00196078431372549
OG9145_447_C_T	0.00196078431372549
OG10650_279_G_A	0.00196078431372549
OG3558_1485_C_T	0.00196
OG1258_1362_G_A	0.00196
OG1378_1628_C_A	0.00196
OG1773_16_A_G	0.00196
OG3812_735_A_G	0.00195918367346939
OG1670_135_G_A	0.00195918367346939
OG9063_258_G_A	0.00195918367346939
OG7574_564_C_T	0.00195918367346939
OG2496_2161_A_T	0.00195833333333334
OG817_3285_T_C	0.00195833333333334
OG2538_2097_T_A	0.00195833333333334
OG7973_686_A_G	0.00195744680851064
OG4244_519_C_T	0.00195744680851064
OG6485_951_A_G	0.00195744680851064
OG6066_1074_T_A	0.00195744680851064
OG9210_135_T_C	0.00195744680851064
OG10894_279_C_T	0.00195744680851064
OG6441_969_T_C	0.00195652173913044
OG7874_576_C_T	0.00195652173913044
OG4507_438_C_T	0.00195555555555556
OG8284_564_G_A	0.00195454545454545
OG4921_1151_G_A	0.00195454545454545
OG2566_1008_A_C	0.00195348837209303
OG1267_750_T_C	0.00195348837209303
OG4192_873_C_T	0.00195348837209303
OG8221_240_A_C	0.00195348837209303
OG3315_1062_C_T	0.00195348837209303
OG3065_1839_C_T	0.00195238095238095
OG4586_1008_T_C	0.00195238095238095
OG3915_1032_A_T	0.00195238095238095
OG9044_498_T_C	0.00195121951219512
OG3943_1503_A_G	0.00195121951219512
OG10490_126_G_A	0.00195121951219512
OG2262_2322_C_T	0.00195
OG7672_369_C_T	0.00195
OG7754_408_C_A	0.00195
OG3044_159_C_T	0.00195
OG7469_498_A_C	0.00195
OG8441_76_T_A	0.00195
OG8297_52_A_T	0.00194871794871795
OG4374_657_C_T	0.00194871794871795
OG2034_2100_T_C	0.00194871794871795
OG10020_408_C_A	0.00194871794871795
OG9130_90_G_A	0.00194871794871795
OG10457_405_T_C	0.00194871794871795
OG8364_438_G_A	0.00194771929824562
OG276_2940_T_C	0.00194736842105263
OG9710_459_G_A	0.00194736842105263
OG281_4728_G_T	0.00194736842105263
OG2017_535_C_T	0.00194594594594594
OG5908_798_C_T	0.00194594594594594
OG7058_112_G_T	0.00194594594594594
OG10581_405_A_G	0.00194594594594594
OG4555_1041_C_T	0.00194594594594594
OG10677_25_G_A	0.00194594594594594
OG3304_1164_A_T	0.00194594594594594
OG9407_36_A_T	0.00194444444444444
OG2959_681_T_C	0.00194444444444444
OG1214_3051_C_A	0.00194444444444444
OG8993_163_A_G	0.00194444444444444
OG6925_831_T_G	0.00194444444444444
OG11213_190_A_T	0.00194444444444444
OG5549_519_G_A	0.0019440643863179
OG2748_15_G_A	0.00194285714285714
OG5078_1361_A_G	0.00194285714285714
OG9633_78_T_C	0.00194285714285714
OG3859_1527_C_T	0.00194285714285714
OG7915_798_C_G	0.00194285714285714
OG6430_235_T_C	0.00194285714285714
OG4143_1296_T_C	0.00194245524296676
OG8188_58_C_T	0.00194117647058823
OG5506_861_T_C	0.00194117647058823
OG5832_621_G_A	0.00193939393939394
OG180_5394_T_C	0.00193939393939394
OG5753_192_T_C	0.00193939393939394
OG3199_468_A_T	0.00193939393939394
OG8711_29_T_C	0.00193939393939394
OG9143_513_T_G	0.00193939393939394
OG8762_465_C_T	0.00193939393939394
OG9400_243_T_C	0.00193894230769231
OG9701_240_A_G	0.00193799603174603
OG11164_351_C_T	0.00193799603174603
OG6101_1791_T_C	0.0019375
OG7256_219_C_T	0.0019375
OG5977_534_G_A	0.0019375
OG9294_370_T_C	0.0019375
OG8752_314_G_A	0.00193701996927803
OG756_3982_A_G	0.00193548387096774
OG7430_257_A_G	0.00193548387096774
OG10381_369_A_T	0.00193548387096774
OG197_4956_G_A	0.00193548387096774
OG3441_349_A_T	0.00193548387096774
OG7962_585_C_T	0.00193548387096774
OG5287_1206_G_A	0.00193548387096774
OG7151_780_C_G	0.00193504273504273
OG10932_82_G_A	0.00193497267759562
OG2579_2151_A_T	0.00193497267759562
OG6117_936_G_A	0.00193389830508475
OG1777_1705_C_T	0.00193333333333333
OG2082_1584_T_C	0.00193333333333333
OG986_501_G_A	0.00193333333333333
OG9914_345_T_C	0.00193333333333333
OG552_679_G_A	0.00193333333333333
OG7476_366_C_A	0.00193333333333333
OG10371_15_A_G	0.00193333333333333
OG6687_825_G_A	0.00193333333333333
OG4857_763_T_C	0.00193333333333333
OG7547_387_C_T	0.00193278784336646
OG8055_205_G_T	0.00193163944343618
OG8567_276_A_T	0.00193163944343618
OG8391_492_G_A	0.00193163944343618
OG6616_217_A_G	0.00193103448275862
OG11025_110_C_T	0.00193103448275862
OG8507_87_T_C	0.00193103448275862
OG1708_2622_G_C	0.00193103448275862
OG2900_1116_T_C	0.00193103448275862
OG4654_610_C_T	0.00193053221288515
OG3298_516_T_G	0.0019296918767507
OG9223_504_C_T	0.00192922077922078
OG8272_459_A_C	0.00192922077922078
OG10075_109_G_A	0.00192885829030406
OG3939_564_A_G	0.00192857142857143
OG4147_261_T_C	0.00192857142857143
OG3600_1374_C_T	0.00192857142857143
OG6308_783_T_C	0.00192857142857143
OG5119_287_C_G	0.00192857142857143
OG4866_1521_G_A	0.00192857142857143
OG1593_1467_G_A	0.00192852624920936
OG7914_666_G_A	0.00192794612794613
OG10961_6_T_A	0.00192753623188406
OG7364_102_C_T	0.00192662473794549
OG2071_1753_C_T	0.00192592592592593
OG1054_2343_C_T	0.00192592592592593
OG1699_952_T_C	0.00192592592592593
OG7807_899_A_G	0.00192592592592593
OG7473_156_C_T	0.00192592592592593
OG8768_57_C_G	0.00192592592592593
OG10461_24_T_C	0.00192592592592593
OG8746_414_C_T	0.00192592592592593
OG4710_385_A_G	0.00192592592592593
OG8075_145_C_A	0.00192592592592593
OG8776_546_C_A	0.00192592592592593
OG6570_870_G_A	0.00192525399129173
OG10172_284_A_T	0.00192525399129173
OG10366_338_A_G	0.00192437520285621
OG10835_69_T_A	0.0019238310708899
OG10129_158_G_A	0.00192340992340992
OG1861_729_G_A	0.00192307692307692
OG5767_198_G_A	0.00192307692307692
OG1276_1389_C_T	0.00192307692307692
OG3671_252_T_C	0.00192307692307692
OG4370_2025_C_T	0.00192307692307692
OG7173_555_A_G	0.00192307692307692
OG1463_468_C_A	0.00192307692307692
OG7789_301_C_T	0.00192307692307692
OG6912_675_G_A	0.00192307692307692
OG3586_771_A_G	0.00192307692307692
OG3115_208_G_A	0.00192307692307692
OG10384_151_C_G	0.00192307692307692
OG8780_489_A_C	0.00192241968557758
OG794_996_T_C	0.00192144144144145
OG3668_882_C_A	0.00192081632653061
OG4356_1503_T_C	0.00192
OG1302_1516_T_C	0.00192
OG3466_1236_A_G	0.00192
OG4051_1536_A_T	0.00192
OG2134_223_C_G	0.00192
OG1519_2952_G_A	0.00192
OG3843_1476_G_A	0.00192
OG6147_123_T_C	0.00192
OG3924_895_T_C	0.00192
OG4874_1116_A_G	0.00192
OG6656_1020_G_A	0.00191921768707483
OG2921_132_C_T	0.00191755319148936
OG6127_295_G_C	0.00191755319148936
OG3051_330_A_C	0.00191666666666667
OG5100_1380_T_C	0.00191666666666667
OG3237_1527_C_T	0.00191666666666667
OG7597_900_T_A	0.00191666666666667
OG9346_453_T_A	0.00191666666666667
OG5064_975_G_C	0.00191666666666667
OG1753_570_A_G	0.00191666666666667
OG5130_153_G_A	0.00191666666666667
OG7897_1023_A_G	0.00191666666666667
OG7775_735_T_A	0.00191666666666667
OG9538_366_T_C	0.00191666666666667
OG4742_91_G_A	0.00191666666666667
OG8982_567_C_T	0.00191666666666667
OG2684_1889_A_G	0.00191666666666667
OG10691_100_A_C	0.00191666666666667
OG8952_75_G_A	0.00191352063213346
OG5438_914_A_G	0.00191346973572038
OG6322_807_A_T	0.00191346973572038
OG50_9867_T_A	0.00191304347826087
OG1987_2172_G_A	0.00191304347826087
OG2431_1449_G_A	0.00191304347826087
OG9855_186_C_T	0.00191304347826087
OG1241_1422_T_C	0.00191304347826087
OG4922_309_A_G	0.00191304347826087
OG4660_99_T_C	0.00191304347826087
OG5258_349_T_C	0.00191304347826087
OG5899_19_G_A	0.00191304347826087
OG9098_600_G_A	0.00191304347826087
OG6794_279_C_T	0.00191225689733153
OG4408_861_C_A	0.00191212121212121
OG9539_154_G_A	0.00191212121212121
OG8475_87_C_T	0.00190961538461539
OG2278_1279_C_A	0.00190909090909091
OG5565_1502_C_G	0.00190909090909091
OG8714_597_C_G	0.00190909090909091
OG9619_492_A_T	0.00190909090909091
OG3728_1104_C_T	0.00190909090909091
OG7524_612_G_A	0.00190909090909091
OG7653_75_C_T	0.00190909090909091
OG6089_372_A_G	0.00190909090909091
OG2512_540_G_A	0.00190909090909091
OG7745_102_T_A	0.00190909090909091
OG1829_2493_G_C	0.00190909090909091
OG9314_509_A_T	0.00190909090909091
OG8619_279_A_G	0.00190909090909091
OG7631_379_C_T	0.00190909090909091
OG3392_420_G_A	0.00190909090909091
OG10555_345_G_A	0.00190909090909091
OG6029_336_T_C	0.0019068100358423
OG5414_1240_A_G	0.0019068100358423
OG5726_420_A_G	0.00190674603174603
OG7996_564_G_T	0.00190674603174603
OG10412_108_C_T	0.00190674603174603
OG5568_1149_G_A	0.00190674603174603
OG5085_874_T_A	0.00190592334494773
OG7913_375_C_T	0.0019053410893707
OG6026_690_T_C	0.0019053410893707
OG5182_1032_C_T	0.00190476190476191
OG10871_68_T_C	0.00190476190476191
OG10274_45_C_T	0.00190476190476191
OG10647_21_A_C	0.00190476190476191
OG7947_565_C_T	0.00190476190476191
OG8228_738_C_T	0.00190476190476191
OG1274_4189_A_G	0.00190476190476191
OG9669_469_C_T	0.00190476190476191
OG9352_66_C_T	0.00190375462718139
OG8050_414_A_G	0.00190365853658536
OG8951_252_C_T	0.00190365853658536
OG5108_1386_C_T	0.00190218579234973
OG10360_37_T_A	0.00190218579234973
OG465_1557_G_A	0.00190128205128205
OG10628_168_T_C	0.00190128205128205
OG1178_704_A_T	0.00190056497175141
OG7419_546_A_C	0.00190056497175141
OG3054_582_T_A	0.0019
OG1582_2391_T_C	0.0019
OG2605_1503_G_A	0.0019
OG1376_2046_G_A	0.0019
OG8252_482_C_T	0.0019
OG4278_464_C_G	0.0019
OG2137_425_A_T	0.0019
OG9597_72_T_C	0.0019
OG10182_628_C_T	0.0019
OG4917_1463_C_T	0.0019
OG8146_460_A_C	0.0019
OG6544_204_T_C	0.0019
OG11261_841_A_G	0.00189897156684815
OG2304_1932_T_C	0.00189888953828171
OG10265_120_A_T	0.00189888953828171
OG8424_648_A_G	0.00189724310776943
OG10772_207_G_A	0.00189715668481549
OG11322_331_C_T	0.00189615931721195
OG8579_232_T_C	0.00189545454545455
OG7193_441_C_T	0.00189473684210526
OG1749_2256_G_T	0.00189473684210526
OG7639_486_G_A	0.00189473684210526
OG6983_646_G_A	0.00189473684210526
OG3178_2077_T_G	0.00189473684210526
OG4221_318_A_G	0.00189473684210526
OG8554_81_C_A	0.00189473684210526
OG7933_543_A_G	0.00189473684210526
OG8480_630_C_T	0.00189473684210526
OG5559_628_A_G	0.00189473684210526
OG4743_745_A_T	0.00189473684210526
OG688_3111_C_T	0.00189360269360269
OG2832_904_C_T	0.00189350649350649
OG8159_759_T_C	0.00189158249158249
OG9463_369_G_A	0.00189158249158249
OG6362_219_A_G	0.00188888888888889
OG3922_1113_T_C	0.00188888888888889
OG8277_633_T_C	0.00188888888888889
OG7277_1023_G_A	0.00188888888888889
OG7812_626_A_C	0.00188888888888889
OG9780_216_C_T	0.00188888888888889
OG4514_1110_T_G	0.00188888888888889
OG7063_126_G_A	0.00188888888888889
OG4804_1330_G_A	0.00188888888888889
OG9216_414_A_G	0.00188888888888889
OG8533_522_T_A	0.00188888888888889
OG10432_279_T_C	0.00188888888888889
OG10723_46_T_C	0.00188888888888889
OG3562_1284_C_T	0.00188888888888889
OG8945_306_C_T	0.00188888888888889
OG5540_312_T_C	0.00188888888888889
OG7739_711_C_T	0.00188853118712274
OG10405_267_T_C	0.00188853118712274
OG10199_349_C_T	0.00188763197586727
OG9192_471_T_A	0.00188751814223512
OG1790_2605_C_T	0.0018873949579832
OG2047_1134_C_T	0.00188549019607843
OG8143_684_C_T	0.00188549019607843
OG5706_582_A_G	0.00188549019607843
OG5685_243_T_C	0.00188536953242836
OG9635_76_A_G	0.00188536953242836
OG10072_294_C_T	0.00188502673796792
OG7025_559_T_C	0.00188481532147743
OG3595_597_T_C	0.00188413547237077
OG6312_300_A_G	0.00188413547237077
OG389_5331_C_T	0.00188413547237077
OG4084_924_C_T	0.00188235294117647
OG7166_427_C_T	0.00188235294117647
OG6319_987_G_A	0.00188235294117647
OG8482_757_C_G	0.00188235294117647
OG2854_1242_C_T	0.00188235294117647
OG7343_648_C_T	0.00188235294117647
OG1305_1974_T_C	0.00188235294117647
OG10500_994_C_G	0.00188235294117647
OG2323_685_C_A	0.00188235294117647
OG755_2445_T_C	0.00188235294117647
OG1422_2019_T_A	0.00188235294117647
OG9683_405_C_T	0.00188081632653061
OG9668_501_C_T	0.00188081632653061
OG4055_1671_C_T	0.00188068181818182
OG11137_201_A_C	0.00188068181818182
OG6592_351_G_A	0.00187854609929078
OG5020_1275_C_A	0.00187840136054422
OG3264_1689_C_T	0.00187692307692308
OG3253_1059_T_A	0.00187604070305272
OG9037_552_T_C	0.0018758865248227
OG2678_816_A_C	0.001875
OG1380_672_T_C	0.001875
OG5400_186_A_G	0.001875
OG199_1905_C_T	0.001875
OG9952_117_A_G	0.001875
OG4248_1050_T_C	0.001875
OG2427_1765_T_C	0.001875
OG10347_112_C_A	0.001875
OG7593_393_A_G	0.001875
OG9164_438_C_G	0.001875
OG3656_288_T_C	0.001875
OG8506_507_C_A	0.001875
OG2009_825_T_C	0.00187412587412588
OG6207_103_C_A	0.00187412587412588
OG5614_1116_C_T	0.00187311827956989
OG6650_1041_G_A	0.00187311827956989
OG9773_459_G_A	0.00187311827956989
OG2775_291_T_C	0.00187058823529412
OG1495_823_C_T	0.00187053140096619
OG8460_288_C_T	0.00187053140096619
OG9800_12_A_G	0.00186966686148451
OG7624_135_A_C	0.00186767676767677
OG7815_303_C_T	0.00186767676767677
OG10674_132_C_T	0.00186767676767677
OG36_4203_G_A	0.00186666666666667
OG5187_552_A_G	0.00186666666666667
OG145_1365_G_A	0.00186666666666667
OG2141_2286_C_G	0.00186666666666667
OG469_2979_G_A	0.00186666666666667
OG196_1227_A_C	0.00186666666666667
OG1705_276_G_A	0.00186666666666667
OG2924_1587_T_A	0.00186666666666667
OG1393_1629_T_C	0.00186666666666667
OG4230_261_T_G	0.00186666666666667
OG964_3354_A_T	0.00186666666666667
OG2467_1632_C_T	0.00186666666666667
OG6386_282_C_T	0.00186666666666667
OG8437_555_T_C	0.00186666666666667
OG10743_33_A_C	0.00186666666666667
OG3759_870_G_T	0.00186666666666667
OG2437_1281_C_T	0.00186666666666667
OG1081_2544_G_A	0.00186666666666667
OG493_2541_A_G	0.00186666666666667
OG3326_1089_C_T	0.00186666666666667
OG9245_495_G_A	0.00186666666666667
OG11024_320_G_A	0.00186666666666667
OG9626_93_G_A	0.00186453201970443
OG4992_910_A_G	0.00186453201970443
OG10111_105_C_T	0.00186197183098592
OG6507_427_G_A	0.00186157253599114
OG4888_957_C_T	0.00185978835978836
OG5338_780_T_C	0.00185978835978836
OG7338_531_A_G	0.00185744680851064
OG2224_1107_A_G	0.00185714285714286
OG3521_453_C_T	0.00185714285714286
OG3342_1236_C_T	0.00185714285714286
OG4885_1053_G_A	0.00185714285714286
OG1004_84_T_C	0.00185714285714286
OG6597_531_C_T	0.00185714285714286
OG2359_945_G_A	0.00185714285714286
OG8908_114_C_T	0.00185714285714286
OG6337_426_A_G	0.00185714285714286
OG5745_1560_A_T	0.00185714285714286
OG4620_894_C_T	0.00185714285714286
OG6951_416_T_C	0.00185714285714286
OG8267_627_A_G	0.00185714285714286
OG2553_1869_C_T	0.00185714285714286
OG3769_1329_C_T	0.00185714285714286
OG7728_151_A_C	0.00185714285714286
OG9438_150_C_T	0.00185714285714286
OG6749_636_A_T	0.00185714285714286
OG5814_336_A_G	0.00185656565656566
OG1804_2538_C_T	0.00185656565656566
OG2402_2292_G_C	0.00185601404741001
OG1331_1566_C_T	0.00185470085470086
OG10783_66_C_T	0.00185470085470086
OG11305_86_T_C	0.00185312285518188
OG3928_293_A_G	0.00185255540479422
OG7361_439_T_C	0.00185128205128205
OG7539_657_C_T	0.00185034965034965
OG2547_759_A_G	0.00184615384615385
OG1461_2148_G_A	0.00184615384615385
OG4226_669_C_A	0.00184615384615385
OG4776_1086_A_G	0.00184615384615385
OG5853_1179_T_C	0.00184615384615385
OG1919_1852_C_T	0.00184615384615385
OG7230_318_T_C	0.00184615384615385
OG10777_60_A_T	0.00184615384615385
OG2005_58_G_A	0.00184615384615385
OG6342_1066_G_A	0.00184615384615385
OG10643_171_A_G	0.00184615384615385
OG6021_1005_C_T	0.00184615384615385
OG10704_153_G_A	0.00184615384615385
OG8295_729_C_T	0.00184549019607843
OG4265_492_T_C	0.00184384384384384
OG8869_135_G_A	0.00184352773826458
OG10992_69_G_A	0.00184352773826458
OG8875_117_T_C	0.00184352773826458
OG9118_149_T_A	0.00184352773826458
OG1221_2843_C_A	0.00184333333333333
OG9693_292_T_C	0.00184333333333333
OG6371_684_G_T	0.00184333333333333
OG4112_871_C_T	0.00184244897959184
OG2515_15_A_T	0.00183933933933934
OG7606_297_G_A	0.0018382800608828
OG8627_389_A_T	0.00183695652173913
OG4621_48_G_T	0.00183695652173913
OG3257_1323_G_A	0.00183492063492064
OG4426_582_G_A	0.00183333333333334
OG7757_633_T_C	0.00183333333333333
OG9258_318_T_G	0.00183333333333333
OG6423_654_G_A	0.00183333333333333
OG985_2865_C_A	0.00183333333333333
OG4343_966_T_C	0.00183333333333333
OG5883_816_T_C	0.00183333333333333
OG2756_111_T_G	0.00183333333333333
OG11292_268_A_G	0.00183333333333333
OG8314_687_T_C	0.00183333333333333
OG5057_189_A_G	0.00183333333333333
OG1997_606_T_C	0.00183333333333333
OG10917_46_G_T	0.00183333333333333
OG5172_1083_T_C	0.00183333333333333
OG5314_1526_A_G	0.00183333333333333
OG9994_159_G_A	0.00183333333333333
OG10197_426_T_G	0.00183333333333333
OG10190_324_A_G	0.00183333333333333
OG6317_801_C_T	0.00183131313131313
OG9980_288_T_C	0.0018300395256917
OG5097_413_A_G	0.00182894736842106
OG519_195_C_T	0.00182706766917293
OG4683_987_A_T	0.00182575757575757
OG6196_56_A_T	0.001825311942959
OG9372_312_T_C	0.001825311942959
OG6568_225_A_G	0.00182424242424242
OG5372_1347_A_G	0.00182406151062867
OG10237_160_T_C	0.00182402597402598
OG3368_1530_A_T	0.00182251082251082
OG10734_275_T_C	0.00182251082251082
OG1213_1282_G_A	0.00182007575757576
OG1418_1398_T_C	0.00181818181818182
OG5665_667_G_C	0.00181818181818182
OG3698_741_G_A	0.00181818181818182
OG10422_276_T_C	0.00181818181818182
OG9333_229_C_T	0.00181818181818182
OG10494_312_C_T	0.00181818181818182
OG7100_159_A_T	0.00181818181818182
OG3501_738_G_A	0.00181818181818182
OG10701_130_A_G	0.00181818181818182
OG7083_393_A_C	0.00181818181818182
OG9013_439_C_T	0.00181818181818182
OG1981_2346_G_T	0.00181579424236201
OG10200_177_C_T	0.00181451612903226
OG6338_918_T_C	0.00181451612903226
OG5117_324_T_C	0.00181428571428572
OG5609_210_G_A	0.00181428571428572
OG3207_132_C_A	0.00181297134238311
OG6040_469_T_C	0.00180860215053763
OG4261_787_G_A	0.0018063063063063
OG1687_2199_C_T	0.00180526315789474
OG9000_441_C_T	0.00180526315789474
OG9992_258_C_A	0.00180526315789474
OG9334_492_T_C	0.00180526315789474
OG10525_349_G_A	0.00180526315789474
OG8491_327_G_A	0.00180183861082737
OG11118_183_A_T	0.00180096793708409
OG4403_456_G_A	0.0018
OG4994_561_T_C	0.0018
OG1273_24_C_T	0.0018
OG2078_1635_T_A	0.0018
OG8631_129_G_A	0.0018
OG5297_184_C_T	0.0018
OG7997_93_C_T	0.0018
OG5281_930_C_T	0.0018
OG5569_201_G_T	0.0018
OG1462_2511_C_T	0.0018
OG3073_1569_C_T	0.0018
OG3460_249_C_A	0.0018
OG4241_594_A_T	0.0018
OG5973_453_T_G	0.0018
OG7180_754_C_A	0.0018
OG10215_141_G_A	0.0018
OG8119_204_C_A	0.0018
OG4233_186_A_G	0.0018
OG8470_234_T_C	0.0018
OG5574_66_A_T	0.0018
OG7206_159_G_A	0.0018
OG3936_868_G_C	0.0018
OG9560_669_C_A	0.0018
OG2121_1611_C_T	0.0018
OG475_4029_T_C	0.0018
OG10279_404_G_A	0.0018
OG266_5426_A_G	0.0018
OG5444_492_A_G	0.0018
OG8003_654_G_A	0.0018
OG6966_885_G_A	0.0018
OG1269_132_A_G	0.0018
OG4653_537_C_T	0.0018
OG8713_34_T_C	0.0018
OG7871_507_A_T	0.0018
OG4440_1425_A_G	0.0017992007992008
OG7255_724_C_A	0.0017962962962963
OG4074_1215_G_A	0.00179556650246306
OG5871_777_C_T	0.00179556650246306
OG7442_849_T_G	0.0017953216374269
OG8584_80_C_A	0.0017953216374269
OG6090_598_C_T	0.0017953216374269
OG3908_1431_A_T	0.0017953216374269
OG1114_1656_T_G	0.00179385964912281
OG2400_1635_G_A	0.00178937198067633
OG6641_627_T_C	0.00178835978835979
OG8434_231_A_T	0.00178455284552846
OG8399_114_G_A	0.0017843137254902
OG8960_312_A_G	0.00178153846153846
OG8325_309_G_A	0.00178062678062678
OG6863_135_T_G	0.00177777777777778
OG3375_463_C_A	0.00177777777777778
OG5586_121_G_A	0.00177777777777778
OG298_4947_G_A	0.00177777777777778
OG3345_984_G_A	0.00177777777777778
OG3043_2079_T_A	0.00177777777777778
OG9594_72_T_A	0.00177777777777778
OG8785_459_A_G	0.00177777777777778
OG2015_1153_A_T	0.00177777777777778
OG4010_510_A_G	0.00177777777777778
OG1600_1368_G_C	0.00177777777777778
OG3750_180_G_C	0.00177777777777778
OG5373_465_T_C	0.00177777777777778
OG8487_85_T_C	0.00177777777777778
OG4012_459_T_C	0.00177777777777778
OG8080_267_G_A	0.00177777777777778
OG4905_477_T_C	0.00177777777777778
OG914_930_G_A	0.00177777777777778
OG9835_151_C_T	0.00177777777777778
OG6369_759_T_C	0.00177777777777778
OG929_1794_G_A	0.00177777777777778
OG7640_702_T_C	0.00177777777777778
OG8931_49_G_T	0.00177777777777778
OG8636_597_T_C	0.00177777777777778
OG9947_405_G_A	0.00177777777777778
OG4827_1221_C_T	0.001776955602537
OG3676_315_G_T	0.00177132486388385
OG2177_1584_C_T	0.00176655052264808
OG3992_93_G_T	0.0017609756097561
OG9791_177_C_T	0.00175833333333333
OG10441_96_G_A	0.00175833333333333
OG2390_1167_C_T	0.00175833333333333
OG1281_2934_A_G	0.00175833333333333
OG3269_493_G_A	0.00175833333333333
OG11317_43_G_A	0.00175833333333333
OG8336_496_G_A	0.0017551282051282
OG5828_930_T_G	0.0017536231884058
OG2965_1869_G_A	0.00175
OG2901_1521_C_T	0.00175
OG5376_1251_G_A	0.00175
OG5220_228_G_A	0.00175
OG8093_633_T_G	0.00175
OG5405_946_C_T	0.00175
OG8409_630_C_T	0.00175
OG459_2445_A_C	0.00175
OG9233_61_A_T	0.00175
OG3484_210_C_T	0.00175
OG1797_1392_T_C	0.00175
OG4450_555_C_T	0.00175
OG3434_888_A_G	0.00175
OG1925_1266_T_C	0.00175
OG7057_598_C_T	0.00175
OG8352_460_A_T	0.00175
OG9389_816_G_A	0.00175
OG6489_718_T_C	0.00175
OG10668_411_T_G	0.00175
OG8801_456_A_G	0.00175
OG11240_698_A_T	0.00175
OG7133_336_G_A	0.00175
OG9144_432_C_T	0.00175
OG4678_606_A_G	0.00175
OG5367_474_T_A	0.00175
OG7344_690_G_T	0.00175
OG8724_42_C_T	0.00175
OG9746_498_G_A	0.00175
OG5524_106_C_A	0.00175
OG9386_57_C_T	0.00175
OG6752_507_G_A	0.00175
OG9599_462_A_G	0.00175
OG10518_25_G_A	0.00175
OG9904_72_C_T	0.00175
OG10241_705_T_C	0.00174703004891684
OG11019_291_T_C	0.0017463768115942
OG7923_462_G_A	0.00174308300395257
OG2593_1746_T_C	0.00174285714285715
OG2754_991_C_G	0.00174285714285714
OG4513_309_A_G	0.00174285714285714
OG7076_282_C_T	0.0017425320056899
OG3502_1728_C_A	0.00172744360902256
OG3550_1671_A_T	0.00172527472527472
OG6154_995_C_A	0.00171904761904762
OG9079_216_T_C	0.00171904761904762
OG814_2100_G_A	0.00171428571428571
OG5180_180_G_T	0.00171428571428571
OG3203_153_T_A	0.00171428571428571
OG1017_3509_T_C	0.00171428571428571
OG8373_249_G_A	0.00171428571428571
OG1647_1032_C_T	0.00171428571428571
OG6408_288_G_A	0.00171428571428571
OG1046_1965_T_C	0.00171428571428571
OG7203_123_A_G	0.00171428571428571
OG884_4161_T_C	0.00171428571428571
OG7072_517_C_T	0.00171428571428571
OG1266_2568_T_C	0.00171428571428571
OG8177_333_T_C	0.00171428571428571
OG8432_261_C_A	0.00171428571428571
OG9154_63_T_C	0.00171428571428571
OG336_4374_G_A	0.00171428571428571
OG1186_1287_G_A	0.00171428571428571
OG9385_466_C_T	0.00171428571428571
OG9397_48_G_A	0.00171428571428571
OG8214_81_C_T	0.00171428571428571
OG2212_1908_C_T	0.00171428571428571
OG10184_463_G_A	0.00171428571428571
OG5840_241_A_G	0.00171428571428571
OG10828_393_C_G	0.00171428571428571
OG8291_156_T_C	0.00171428571428571
OG9569_495_G_A	0.00171428571428571
OG10848_132_T_G	0.00171428571428571
OG11048_381_C_T	0.00171194295900178
OG2502_1154_C_T	0.00170526315789474
OG7049_696_C_T	0.00170526315789474
OG8996_306_G_A	0.00170526315789474
OG885_3603_A_T	0.0017051282051282
OG7859_99_A_G	0.0017051282051282
OG10055_441_G_A	0.0017051282051282
OG5612_1148_C_T	0.0017051282051282
OG7228_1438_A_C	0.00170454545454545
OG8219_80_T_C	0.00169281045751634
OG2896_315_G_T	0.00169005847953216
OG9895_312_T_C	0.00169005847953216
OG1794_1020_A_G	0.00168181818181818
OG9391_576_C_T	0.00168181818181818
OG4348_429_T_C	0.00167320261437908
OG8446_1131_G_T	0.00167320261437908
OG7770_18_T_A	0.00166666666666667
OG5848_1167_A_T	0.00166666666666667
OG7580_45_G_A	0.00166666666666667
OG7803_22_T_G	0.00166666666666667
OG6936_153_T_C	0.00166666666666667
OG3845_261_C_T	0.00166666666666667
OG8966_321_C_T	0.00166666666666667
OG4125_159_C_T	0.00166666666666667
OG2072_1890_T_C	0.00166666666666667
OG1352_2439_G_A	0.00166666666666667
OG1799_336_T_C	0.00166666666666667
OG5245_786_G_A	0.00166666666666667
OG3246_267_G_T	0.00166666666666667
OG9572_167_C_T	0.00166666666666667
OG5548_231_T_C	0.00166666666666667
OG3320_450_A_G	0.00166666666666667
OG2057_1485_T_C	0.00166666666666667
OG3283_975_C_T	0.00166666666666667
OG2299_297_C_T	0.00166666666666667
OG8815_24_C_T	0.00166666666666667
OG3048_360_G_A	0.00166666666666667
OG5418_951_G_A	0.00166666666666667
OG4160_1242_G_A	0.00166666666666667
OG3335_1782_A_G	0.00166666666666667
OG7522_339_T_C	0.00166666666666667
OG9821_78_T_C	0.00166666666666667
OG9093_567_C_A	0.00166666666666667
OG11073_567_T_G	0.00166666666666667
OG8379_745_A_G	0.00166666666666667
OG10792_60_G_T	0.00166666666666667
OG7162_766_G_A	0.00166666666666667
OG5985_1188_G_A	0.00166666666666667
OG5484_12_A_C	0.00166666666666667
OG4823_243_G_A	0.00166666666666667
OG6107_417_G_A	0.00166666666666667
OG4542_1356_G_T	0.00166666666666667
OG10746_256_C_T	0.00166666666666667
OG10320_472_A_T	0.00166666666666667
OG11264_715_C_T	0.00166666666666667
OG10580_278_G_A	0.00166666666666667
OG6989_763_T_A	0.00166502463054187
OG8886_252_G_A	0.00165441176470588
OG6161_399_A_T	0.00163333333333333
OG9336_25_T_C	0.00162222222222222
OG8963_20_C_T	0.00162222222222222
OG3729_1083_T_G	0.00161701149425288
OG8496_25_A_G	0.0016
OG6453_45_T_C	0.0016
OG7743_159_C_T	0.0016
OG4235_1086_G_A	0.0016
OG8174_345_C_T	0.0016
OG6125_150_A_T	0.0016
OG1423_273_C_T	0.0016
OG589_3703_G_A	0.0016
OG836_483_G_C	0.0016
OG6816_1380_A_C	0.0016
OG8137_522_A_G	0.0016
OG1809_2369_G_C	0.0016
OG5128_357_A_G	0.0016
OG2789_2272_A_C	0.0016
OG2176_2259_C_T	0.0016
OG5143_471_A_G	0.0016
OG6532_52_G_A	0.0016
OG4476_420_G_A	0.0016
OG2552_1861_C_T	0.0016
OG7032_275_T_C	0.0016
OG7240_279_T_G	0.0016
OG559_2319_A_G	0.0016
OG7117_612_C_T	0.0016
OG9343_615_A_T	0.0016
OG6668_366_C_T	0.0016
OG4082_504_A_G	0.0016
OG7854_130_T_C	0.0016
OG821_1740_C_T	0.0016
OG10451_30_T_C	0.0016
OG5684_1128_G_A	0.0016
OG3477_1527_G_A	0.0016
OG1609_1619_A_C	0.0016
OG7223_498_T_C	0.0016
OG9342_274_A_C	0.0016
OG8987_60_C_T	0.0016
OG9341_306_C_G	0.0016
OG6477_411_G_A	0.0016
OG2763_1848_G_A	0.0016
OG7571_862_A_T	0.0016
OG4791_435_A_G	0.0016
OG8000_327_G_A	0.0016
OG6384_225_C_T	0.0016
OG10981_264_A_G	0.0016
OG9141_213_A_C	0.0016
OG10853_7_A_G	0.0016
OG10829_222_G_A	0.0016
OG4309_998_A_G	0.0016
OG5166_342_T_C	0.0016
OG5273_587_C_A	0.00158333333333333
OG6986_72_A_T	0.00158241758241758
OG4526_1188_G_A	0.00153571428571429
OG4156_1332_T_A	0.00150043937035115
OG2520_2397_T_G	0.0015
OG2471_711_C_T	0.0015
OG408_3615_C_T	0.0015
OG10285_574_C_A	0.0015
OG8416_684_C_T	0.0015
OG10177_8_G_A	0.0015
OG5841_633_A_G	0.0015
OG6865_423_C_T	0.0015
OG5792_1146_T_A	0.0015
OG6788_711_A_G	0.0015
OG5657_210_G_A	0.0015
OG6661_1140_A_G	0.0015
OG6202_333_C_T	0.0015
OG644_2136_C_T	0.0015
OG2796_1689_G_A	0.0015
OG10718_34_A_G	0.0015
OG393_1733_G_T	0.0015
OG3860_1467_G_A	0.0015
OG1249_1917_A_T	0.0015
OG4372_822_G_A	0.0015
OG10144_114_A_G	0.0015
OG1494_110_G_A	0.0015
OG4661_795_A_G	0.0015
OG2146_1786_A_C	0.0015
OG10603_255_C_T	0.0015
OG11270_891_T_A	0.0015
OG1298_3090_G_A	0.0015
OG4449_783_C_T	0.0015
OG1573_744_G_A	0.0015
OG8894_540_G_A	0.0015
OG1973_681_G_C	0.0015
OG237_2097_C_T	0.0015
OG8642_261_A_G	0.0015
OG7051_399_C_T	0.0015
OG2122_1955_C_A	0.0015
OG1937_108_A_G	0.0015
OG1967_2281_C_T	0.0015
OG1899_891_T_A	0.0015
OG7168_162_G_A	0.0015
OG4058_1449_C_T	0.0015
OG6083_180_A_G	0.0015
OG4399_1653_G_A	0.0015
OG7831_417_T_A	0.0015
OG7411_93_A_T	0.0015
OG4137_724_T_A	0.0015
OG2395_1842_A_G	0.0015
OG7301_489_C_A	0.0015
OG867_2106_T_C	0.0015
OG9798_281_A_G	0.0015
OG9368_411_C_T	0.0015
OG384_3444_G_A	0.0015
OG2344_1633_A_C	0.0015
OG5323_648_G_A	0.0015
OG10410_183_A_T	0.0015
OG3834_1404_G_A	0.0015
OG10739_287_A_C	0.0015
OG7324_776_C_T	0.0015
OG7052_693_T_G	0.0015
OG2322_1806_T_A	0.0015
OG5349_789_C_T	0.0015
OG8064_486_A_T	0.0015
OG7432_75_C_T	0.0015
OG9359_234_C_T	0.0015
OG8563_501_A_G	0.0015
OG618_4002_A_G	0.0015
OG4520_879_T_A	0.0015
OG10203_132_G_A	0.0015
OG6318_667_G_A	0.0015
OG9887_56_A_G	0.0015
OG165_5265_G_A	0.0015
OG6884_561_T_C	0.0015
OG11235_675_C_T	0.0015
OG5211_1180_A_G	0.0015
OG8745_40_G_A	0.0015
OG10148_491_T_A	0.0015
OG6555_904_A_G	0.0015
OG9326_246_T_A	0.0015
OG4016_510_C_T	0.0015
OG9748_504_A_T	0.0015
OG8260_948_T_C	0.0015
OG10557_228_C_G	0.0015
OG5620_23_G_A	0.0015
OG5023_1575_C_G	0.0015
OG1167_2673_G_A	0.0015
OG5191_76_C_T	0.0015
OG10401_165_C_T	0.0015
OG8502_92_G_A	0.0015
OG2268_1720_C_T	0.0015
OG7437_807_T_C	0.0015
OG6746_489_A_G	0.0015
OG10011_228_T_C	0.0015
OG9629_294_T_C	0.0015
OG5046_1083_G_A	0.0015
OG7434_1197_T_C	0.0015
OG1508_2324_A_T	0.0015
OG8742_337_C_T	0.0015
OG9843_489_A_T	0.0015
OG6644_354_T_C	0.0015
OG9787_93_C_T	0.0015
OG5645_954_G_A	0.00147619047619048
OG10679_258_G_A	0.00147272727272727
OG9392_588_T_C	0.00145348837209303
OG7216_486_T_G	0.00142222222222222
OG6158_399_G_T	0.00135817384370016
OG4557_1086_A_G	0.00133333333333333
OG115_4311_T_C	0.00133333333333333
OG6844_597_G_A	0.00133333333333333
OG3835_441_T_C	0.00133333333333333
OG5284_651_C_T	0.00133333333333333
OG6995_780_C_T	0.00133333333333333
OG1739_2457_C_T	0.00133333333333333
OG6708_468_C_T	0.00133333333333333
OG9611_503_G_A	0.00133333333333333
OG2413_1488_C_T	0.00133333333333333
OG713_3423_T_G	0.00133333333333333
OG8316_606_T_C	0.00133333333333333
OG7601_690_G_A	0.00133333333333333
OG3777_466_G_A	0.00133333333333333
OG973_2264_G_A	0.00133333333333333
OG3069_1737_C_T	0.00133333333333333
OG6578_535_T_C	0.00133333333333333
OG230_5668_T_C	0.00133333333333333
OG3407_447_A_G	0.00133333333333333
OG391_5574_C_T	0.00133333333333333
OG1726_638_A_G	0.00133333333333333
OG95_5326_G_A	0.00133333333333333
OG3042_330_T_C	0.00133333333333333
OG595_3594_C_T	0.00133333333333333
OG2237_2271_C_T	0.00133333333333333
OG1756_564_T_C	0.00133333333333333
OG4388_1212_G_C	0.00133333333333333
OG3923_291_C_T	0.00133333333333333
OG8778_21_G_A	0.00133333333333333
OG10873_204_T_C	0.00133333333333333
OG759_4224_A_G	0.00133333333333333
OG6854_780_T_A	0.00133333333333333
OG7987_609_C_T	0.00133333333333333
OG2856_1275_C_T	0.00133333333333333
OG5895_597_C_T	0.00133333333333333
OG284_4455_A_G	0.00133333333333333
OG101_8068_G_T	0.00133333333333333
OG2742_1260_A_C	0.00133333333333333
OG1602_1356_G_C	0.00133333333333333
OG3461_1024_C_A	0.00133333333333333
OG3799_1083_T_C	0.00133333333333333
OG1854_309_C_T	0.00133333333333333
OG1345_903_C_T	0.00133333333333333
OG7239_393_A_G	0.00133333333333333
OG2532_32_G_A	0.00133333333333333
OG5919_1039_T_C	0.00133333333333333
OG1742_795_G_C	0.00133333333333333
OG681_2913_C_T	0.00133333333333333
OG3239_1479_T_C	0.00133333333333333
OG3161_324_A_G	0.00133333333333333
OG1175_2184_C_T	0.00133333333333333
OG7224_715_C_T	0.00133333333333333
OG3911_1212_A_T	0.00133333333333333
OG7365_694_C_A	0.00133333333333333
OG9052_411_C_T	0.00133333333333333
OG10154_246_A_G	0.00133333333333333
OG4962_688_G_A	0.00133333333333333
OG2424_2256_C_T	0.00133333333333333
OG10210_147_G_A	0.00133333333333333
OG10526_450_G_A	0.00133333333333333
OG9573_408_C_A	0.00133333333333333
OG10484_306_C_A	0.00133333333333333
OG1118_722_G_A	0.00133333333333333
OG449_4371_C_T	0.00133333333333333
OG2833_1751_T_A	0.00133333333333333
OG3215_993_T_C	0.00133333333333333
OG7719_825_A_T	0.00133333333333333
OG5781_1137_T_C	0.00133333333333333
OG7760_819_C_T	0.00133333333333333
OG1513_1548_T_C	0.00133333333333333
OG2814_537_A_G	0.00133333333333333
OG7731_345_A_T	0.00133333333333333
OG6648_1224_A_G	0.00133333333333333
OG4820_117_C_T	0.00133333333333333
OG5068_315_T_C	0.00133333333333333
OG3377_1056_T_C	0.00133333333333333
OG9286_106_C_T	0.00133333333333333
OG8013_361_C_T	0.00133333333333333
OG8144_347_C_T	0.00133333333333333
OG3869_645_A_G	0.00133333333333333
OG3629_264_C_T	0.00133333333333333
OG2044_195_T_A	0.00133333333333333
OG7707_300_T_C	0.00133333333333333
OG5307_37_A_G	0.00133333333333333
OG2444_2022_C_T	0.00133333333333333
OG8957_495_T_C	0.00133333333333333
OG9562_342_G_T	0.00133333333333333
OG1262_2730_A_G	0.00133333333333333
OG6932_160_G_A	0.00133333333333333
OG1608_1158_T_C	0.00133333333333333
OG8599_168_G_C	0.00133333333333333
OG4127_1485_T_C	0.00133333333333333
OG5592_1122_C_T	0.00133333333333333
OG3291_516_T_C	0.00133333333333333
OG1672_2334_G_A	0.00133333333333333
OG5902_432_C_T	0.00133333333333333
OG6163_816_C_T	0.00133333333333333
OG9913_403_T_A	0.00133333333333333
OG8412_861_A_C	0.00133333333333333
OG10729_503_C_G	0.00133333333333333
OG4965_73_T_C	0.00133333333333333
OG7480_120_G_A	0.00133333333333333
OG7487_406_T_C	0.00133333333333333
OG6858_636_C_T	0.00133333333333333
OG10140_222_C_T	0.00133333333333333
OG7932_711_T_C	0.00133333333333333
OG8786_384_G_A	0.00133333333333333
OG8122_753_C_T	0.00133333333333333
OG6201_788_G_A	0.00133333333333333
OG7525_249_G_A	0.00133333333333333
OG6566_690_G_A	0.00133333333333333
OG8414_222_A_G	0.00133333333333333
OG6950_654_G_A	0.00133333333333333
OG6446_809_T_G	0.00133333333333333
OG9217_354_C_T	0.00133333333333333
OG5831_780_C_T	0.00133333333333333
OG10859_132_C_T	0.00133333333333333
OG6928_531_T_G	0.00133333333333333
OG10338_289_G_A	0.00133333333333333
OG7449_591_T_C	0.00133333333333333
OG10391_111_C_T	0.00133333333333333
OG7362_840_T_C	0.00133333333333333
OG10908_156_G_A	0.00133333333333333
OG2059_1719_T_C	0.00133333333333333
OG1098_3168_A_T	0.00133333333333333
OG6413_996_C_T	0.00133333333333333
OG7007_390_G_A	0.00133333333333333
OG9624_327_G_A	0.00133333333333333
OG10308_114_C_T	0.00133333333333333
OG9775_171_T_A	0.00133333333333333
OG9475_309_C_T	0.00133333333333333
OG9542_456_C_T	0.00133333333333333
OG8117_411_A_T	0.00133333333333333
OG3156_840_A_G	0.00133333333333333
OG10640_303_A_G	0.00133333333333333
OG4377_684_T_C	0.00133333333333333
OG6690_723_G_A	0.00133333333333333
OG11349_264_T_C	0.00133333333333333
OG11104_668_T_A	0.00133333333333333
OG9910_264_G_A	0.00133333333333333
OG7582_474_C_T	0.00133333333333333
OG10344_540_T_C	0.00133333333333333
OG9432_361_A_G	0.00133333333333333
OG8899_537_A_G	0.00133333333333333
OG10378_357_A_T	0.00133333333333333
OG2995_807_T_C	0.00133333333333333
OG9694_336_T_C	0.00133333333333333
OG10206_525_G_A	0.00133333333333333
OG4580_606_T_C	0.0013
OG11340_1350_A_T	0.00120218579234973
OG2483_1656_T_C	0.0012
OG8621_57_A_G	0.00111711711711712
OG707_744_C_T	0.00102330284063554
OG3371_405_C_T	0.00101785714285715
OG2664_2010_G_A	0.00100952380952381
OG176_729_C_T	0.001
OG229_5988_T_C	0.001
OG6495_651_T_C	0.001
OG5764_576_C_T	0.001
OG1851_2577_T_C	0.001
OG6612_537_C_T	0.001
OG6406_381_C_T	0.001
OG9644_484_T_C	0.001
OG7523_81_G_A	0.001
OG116_4443_T_C	0.001
OG10579_277_A_G	0.001
OG3517_135_G_A	0.001
OG3673_1737_G_A	0.001
OG5299_51_A_G	0.001
OG3018_741_G_A	0.001
OG3754_504_T_C	0.001
OG4141_597_A_G	0.001
OG1255_102_C_T	0.001
OG4273_1305_A_G	0.001
OG2301_663_A_G	0.001
OG8366_385_T_G	0.001
OG5982_279_C_T	0.001
OG11311_4470_G_A	0.001
OG1891_1140_C_T	0.001
OG10089_218_G_C	0.001
OG1504_681_G_A	0.001
OG5797_183_T_A	0.001
OG8765_636_A_T	0.001
OG2041_2415_G_A	0.001
OG6504_762_G_T	0.001
OG6586_924_T_A	0.001
OG4579_90_T_C	0.001
OG1256_3240_T_C	0.001
OG2549_219_T_A	0.001
OG784_4230_T_C	0.001
OG10227_186_T_C	0.001
OG3415_1242_G_A	0.001
OG9278_573_A_T	0.001
OG6010_709_A_G	0.001
OG6675_513_G_A	0.001
OG6431_597_T_C	0.001
OG3735_585_G_A	0.001
OG647_504_C_T	0.001
OG2974_1614_T_C	0.001
OG3270_495_C_T	0.001
OG4929_1188_G_A	0.001
OG3731_913_C_T	0.001
OG833_4237_C_T	0.001
OG10495_432_A_G	0.001
OG9423_141_A_C	0.001
OG1460_2403_C_T	0.001
OG3268_1692_G_C	0.001
OG1365_696_C_T	0.001
OG7727_106_A_G	0.001
OG4398_399_A_C	0.001
OG8357_318_T_C	0.001
OG5366_229_G_A	0.001
OG3579_1140_A_G	0.001
OG5563_156_T_G	0.001
OG2752_1953_C_T	0.001
OG6058_384_C_T	0.001
OG5328_337_T_G	0.001
OG6130_622_A_C	0.001
OG2827_627_C_T	0.001
OG4747_702_T_C	0.001
OG1642_2017_G_A	0.001
OG2645_561_G_A	0.001
OG3479_1849_T_C	0.001
OG6768_297_C_T	0.001
OG4176_312_A_G	0.001
OG7772_790_A_G	0.001
OG2696_744_C_T	0.001
OG5024_174_C_A	0.001
OG10009_369_A_G	0.001
OG9460_51_G_T	0.001
OG401_568_C_T	0.001
OG2429_2202_C_T	0.001
OG3674_1552_G_A	0.001
OG10617_411_C_T	0.001
OG10368_102_C_G	0.001
OG5824_267_G_A	0.001
OG4855_696_C_T	0.001
OG7992_663_T_C	0.001
OG7249_258_C_T	0.001
OG9147_75_T_C	0.001
OG8223_691_C_A	0.001
OG2886_1806_T_C	0.001
OG5830_1107_A_G	0.001
OG6433_563_G_A	0.001
OG7214_146_T_C	0.001
OG7204_483_T_C	0.001
OG7031_865_T_A	0.001
OG10209_16_A_T	0.001
OG9289_444_C_T	0.001
OG4574_226_C_G	0.001
OG7889_468_T_C	0.001
OG6963_348_G_A	0.001
OG10185_107_A_T	0.001
OG3406_573_A_G	0.001
OG6743_471_A_C	0.001
OG3710_1230_T_C	0.001
OG4618_1404_C_T	0.001
OG8451_317_A_G	0.001
OG9201_366_T_C	0.001
OG5353_818_A_C	0.001
OG2154_1630_G_A	0.001
OG8443_204_G_A	0.001
OG2371_2233_A_T	0.001
OG9964_19_A_G	0.001
OG8490_566_G_A	0.001
OG8124_426_G_A	0.001
OG5077_1149_C_T	0.001
OG7950_247_G_A	0.001
OG3242_1392_T_C	0.001
OG6052_156_T_C	0.001
OG11190_423_T_C	0.001
OG8680_217_G_A	0.001
OG5522_363_T_A	0.001
OG11307_127_G_A	0.001
OG9308_614_A_G	0.001
OG2994_1029_A_T	0.001
OG11000_139_A_C	0.001
OG9565_246_A_G	0.001
OG9704_438_C_T	0.001
OG9907_60_G_A	0.001
OG8867_420_A_G	0.001
OG10778_34_C_T	0.001
OG6103_825_C_T	0.000973333333333329
OG10686_335_G_C	0.000972222222222229
OG5463_1011_C_T	0.000971014492753625
OG7878_324_G_A	0.000969230769230769
OG6949_111_T_A	0.000966666666666669
OG2349_1869_T_G	0.000966101694915253
OG9182_364_G_A	0.000966101694915253
OG5566_27_T_C	0.00096551724137931
OG4054_516_T_C	0.000962962962962962
OG3217_1710_C_T	0.00096153846153846
OG9987_296_G_A	0.00096153846153846
OG4697_239_C_T	0.00095918367346939
OG226_5640_A_G	0.000957446808510639
OG10286_1141_T_C	0.000957446808510639
OG10645_234_C_T	0.000956521739130437
OG3596_1335_G_A	0.000951219512195124
OG8672_165_C_T	0.000948717948717949
OG7378_135_C_T	0.000933333333333334
OG7212_747_C_T	0.000921763869132292
OG8509_481_T_C	0.000921666666666667
OG3453_132_T_C	0.00090909090909091
OG44_3033_C_T	0.000902750764101143
OG4845_1466_C_T	0.000900207900207903
OG4722_1440_C_T	0.000899999999999999
OG10573_460_G_C	0.000897660818713455
OG8251_519_T_C	0.000890313390313395
OG5550_186_T_C	0.000882352941176471
OG9068_540_C_T	0.000876811594202898
OG9755_80_G_A	0.000875
OG3878_846_G_A	0.000866666666666667
OG2360_471_T_C	0.000857142857142858
OG3627_560_A_T	0.000833333333333334
OG6634_1059_C_A	0.00063636363636364
OG3124_195_A_T	0.00063387978142076
OG10608_186_T_C	0.000630303030303026
OG682_801_G_A	0.000629629629629626
OG7761_301_A_G	0.000627450980392155
OG3960_753_G_A	0.000625
OG6050_1071_T_C	0.000612612612612608
OG7625_825_A_T	0.000595238095238095
OG4263_114_A_T	0.000475609756097555
OG1979_1989_G_C	0.000473684210526315
OG8751_141_G_A	0.000471428571428575
OG10678_60_T_C	0.000467213114754095
OG6562_81_T_C	0.00046551724137931
OG625_3810_T_C	0.000455555555555556
OG7138_909_A_T	0.000388888888888889
OG1763_2511_G_A	0.000359183673469389
OG9973_480_C_T	0.000351219512195122
OG1084_1860_T_C	0.000301075268817208
OG4604_288_A_G	0.000276190476190479
OG4591_324_C_T	0.000261324041811847
OG5859_1317_G_A	0.000201219512195124
OG5606_919_C_T	0.000192810457516345
OG5222_693_C_G	0.000144781144781142
OG8947_646_C_G	0
OG837_2199_T_C	0
OG4455_369_T_C	0
OG29_5727_C_T	0
OG9330_69_G_A	0
OG3590_399_T_G	0
OG803_2001_T_C	0
OG826_2877_C_T	0
OG1204_2142_C_T	0
OG1624_63_T_A	0
OG9263_504_G_A	0
OG4307_201_C_T	0
OG5420_1102_G_T	0
OG10565_300_G_C	0
OG9462_234_G_A	0
OG1597_498_G_T	0
OG8279_655_A_C	0
OG3088_978_T_C	0
OG2287_1828_T_C	0
OG1375_861_C_A	0
OG7435_910_G_A	0
OG3296_1863_G_A	0
OG1477_3093_G_A	0
OG8264_675_C_T	0
OG1671_1665_G_A	0
OG8365_339_C_T	0
OG6787_486_C_A	0
OG9431_575_G_A	0
OG1190_2041_T_C	0
OG2243_1746_T_C	0
OG2280_213_T_C	0
OG11064_700_G_A	0
OG3211_299_C_G	0
OG3778_909_A_T	0
OG6573_975_C_T	0
OG8060_709_A_G	0
OG25_11118_C_T	0
OG7834_63_C_G	0
OG23_1455_C_T	0
OG3222_834_A_G	0
OG1111_268_G_A	0
OG6567_567_C_T	0
OG1894_2160_G_A	0
OG400_4074_C_T	0
OG6672_309_C_T	0
OG5410_924_C_T	0
OG9133_261_A_T	0
OG9957_376_C_A	0
OG52_6732_C_T	0
OG8168_243_A_G	0
OG1209_2184_C_A	0
OG2035_720_C_T	0
OG65_8568_A_G	0
OG7027_537_C_T	0
OG1875_1677_T_C	0
OG779_1588_C_T	0
OG860_1680_C_T	0
OG2245_2028_T_C	0
OG8950_390_T_A	0
OG1786_1484_T_A	0
OG3917_1308_T_A	0
OG6875_278_C_A	0
OG5694_174_A_T	0
OG2230_1536_C_T	0
OG9482_447_A_G	0
OG7198_726_G_A	0
OG10616_169_G_A	0
OG1520_1081_C_T	0
OG6365_829_T_C	0
OG8684_35_A_G	0
OG4533_1613_C_A	0
OG5734_64_A_T	0
OG9622_70_A_G	0
OG3413_1506_A_G	0
OG3019_1418_C_T	0
OG5658_1147_G_A	0
OG3192_1726_T_A	0
OG5361_543_G_A	0
OG5395_198_T_C	0
OG7351_896_G_C	0
OG1404_1176_G_A	0
OG4758_1053_A_G	0
OG3130_1851_G_A	0
OG4258_764_T_G	0
OG10563_81_C_T	0
OG4488_1227_T_C	0
OG2725_2834_T_C	0
OG1509_939_C_T	0
OG247_8452_A_G	0
OG5301_1239_C_T	0
OG9084_485_T_C	0
OG633_2445_G_A	0
OG2286_69_A_G	0
OG4352_1274_A_G	0
OG4891_1432_T_G	0
OG1816_2358_C_T	0
OG1923_135_A_T	0
OG40_6442_C_T	0
OG8413_445_C_T	0
OG9954_12_G_A	0
OG1631_2095_G_A	0
OG9956_192_T_C	0
OG4478_669_C_T	0
OG1199_1071_C_T	0
OG3541_672_A_G	0
OG1557_2045_C_A	0
OG4040_1509_G_A	0
OG8185_601_T_A	0
OG10784_57_C_T	0
OG9825_171_G_A	0
OG4317_1392_G_A	0
OG4852_381_T_C	0
OG2368_876_A_G	0
OG588_477_C_A	0
OG10128_205_A_C	0
OG2104_1197_G_C	0
OG4630_207_T_A	0
OG2966_325_A_G	0
OG1652_1737_A_G	0
OG4172_1362_T_C	0
OG5193_1274_G_A	0
OG1986_931_A_G	0
OG3170_192_C_T	0
OG6375_459_G_A	0
OG3313_436_C_A	0
OG10091_459_T_C	0
OG2046_3240_C_T	0
OG5386_1038_C_T	0
OG1146_2415_C_T	0
OG1362_2256_C_T	0
OG7323_408_G_A	0
OG4107_771_A_C	0
OG2870_738_G_A	0
OG5028_1293_C_T	0
OG1886_2520_T_C	0
OG4727_499_C_T	0
OG742_132_T_C	0
OG10268_18_A_T	0
OG1116_897_C_T	0
OG8195_288_A_G	0
OG3354_1338_G_A	0
OG9589_303_C_T	0
OG4655_933_T_C	0
OG8208_483_G_A	0
OG5031_711_C_T	0
OG3546_177_G_A	0
OG5391_927_A_T	0
OG338_5655_C_T	0
OG5690_549_A_C	0
OG6309_813_C_T	0
OG1754_885_C_T	0
OG51_8325_T_C	0
OG7876_960_T_C	0
OG10386_264_G_A	0
OG6151_796_C_T	0
OG5426_340_C_T	0
OG132_5679_C_T	0
OG4165_543_T_C	0
OG717_1236_C_T	0
OG8133_411_G_A	0
OG3625_510_G_A	0
OG2823_789_T_C	0
OG8333_366_T_C	0
OG212_7377_G_A	0
OG4919_255_G_A	0
OG316_3540_G_A	0
OG2617_814_C_T	0
OG4304_1239_C_T	0
OG1644_2265_A_G	0
OG7207_438_T_C	0
OG3101_1035_A_G	0
OG1436_2622_G_T	0
OG8755_87_C_G	0
OG6843_786_A_T	0
OG429_711_A_G	0
OG8857_172_A_G	0
OG7289_474_G_A	0
OG2416_1195_T_C	0
OG749_4113_C_T	0
OG1115_3471_C_A	0
OG6043_819_G_T	0
OG1648_1214_T_C	0
OG5404_726_C_T	0
OG417_4002_G_A	0
OG7888_393_A_T	0
OG2195_1488_G_T	0
OG1486_2970_C_T	0
OG719_4584_A_T	0
OG3829_1587_G_A	0
OG696_1596_A_G	0
OG7_2559_G_A	0
OG2564_447_A_G	0
OG2350_957_A_C	0
OG2453_1046_A_T	0
OG245_3882_T_C	0
OG8001_525_C_T	0
OG492_1816_C_T	0
OG1559_2499_C_T	0
OG3465_1020_T_C	0
OG3440_472_C_A	0
OG4291_547_T_A	0
OG6756_1038_G_A	0
OG928_327_C_A	0
OG9185_302_T_C	0
OG4737_816_C_T	0
OG1328_1482_T_C	0
OG6755_600_T_C	0
OG3416_951_C_T	0
OG6437_834_G_A	0
OG8518_535_G_C	0
OG372_2455_C_T	0
OG9593_300_T_C	0
OG629_924_A_G	0
OG22_11127_C_T	0
OG4984_70_A_G	0
OG7127_373_G_A	0
OG555_1686_T_C	0
OG3163_1539_T_C	0
OG10152_495_T_A	0
OG3123_1798_C_T	0
OG1812_2799_C_T	0
OG1285_2961_C_T	0
OG6947_726_G_A	0
OG1095_2266_A_C	0
OG3429_477_G_A	0
OG213_5724_A_G	0
OG9999_384_T_C	0
OG1009_1332_T_C	0
OG6042_720_T_G	0
OG3976_318_T_A	0
OG8120_459_G_A	0
OG4105_1213_T_C	0
OG1112_1257_A_T	0
OG3009_1829_C_T	0
OG8556_192_A_G	0
OG5260_1289_C_T	0
OG3491_702_A_G	0
OG3137_717_C_T	0
OG10515_177_C_A	0
OG7810_150_G_A	0
OG10553_258_A_G	0
OG7115_262_A_T	0
OG3738_492_G_A	0
OG4670_1374_T_C	0
OG277_180_C_T	0
OG4832_1624_A_G	0
OG9937_219_T_A	0
OG6289_1149_G_A	0
OG3977_270_A_G	0
OG9100_54_A_G	0
OG3957_771_C_T	0
OG1101_1926_C_A	0
OG6032_663_A_G	0
OG1337_843_C_T	0
OG146_6269_C_T	0
OG9123_618_T_C	0
OG920_2409_A_C	0
OG1223_2628_C_T	0
OG8921_35_T_C	0
OG10589_60_C_T	0
OG2747_1767_T_A	0
OG7616_39_A_T	0
OG1507_1512_T_G	0
OG3232_702_T_C	0
OG4879_645_C_T	0
OG5354_1125_T_C	0
OG4836_168_T_C	0
OG2271_3252_C_T	0
OG491_4452_C_T	0
OG8479_675_A_G	0
OG10239_675_T_C	0
OG9648_600_A_G	0
OG3776_402_G_A	0
OG7448_591_C_T	0
OG5021_20_A_G	0
OG7988_273_C_T	0
OG9298_540_T_C	0
OG2345_818_C_T	0
OG1549_1753_A_T	0
OG9373_507_C_T	0
OG9739_577_C_T	0
OG3575_867_G_A	0
OG6666_270_A_C	0
OG2578_225_G_A	0
OG3452_363_A_T	0
OG418_2394_G_A	0
OG3318_330_T_G	0
OG6873_648_C_T	0
OG485_4116_A_G	0
OG1072_1281_C_T	0
OG4412_511_C_T	0
OG9062_18_G_A	0
OG3566_702_G_A	0
OG1746_756_C_T	0
OG416_5402_C_T	0
OG1779_682_T_C	0
OG917_3471_T_C	0
OG6483_159_A_T	0
OG4432_1053_C_T	0
OG8320_866_C_T	0
OG1065_1348_G_A	0
OG6302_642_C_T	0
OG6926_699_T_C	0
OG6017_9_A_T	0
OG2702_396_G_A	0
OG2841_1419_C_T	0
OG513_1266_C_T	0
OG4036_1572_T_C	0
OG3463_861_T_C	0
OG5687_632_C_T	0
OG3230_1611_T_C	0
OG3272_1486_C_T	0
OG5649_63_T_C	0
OG3807_624_T_C	0
OG5728_237_T_C	0
OG9232_246_C_T	0
OG7694_675_C_T	0
OG5272_1131_T_C	0
OG2263_1779_T_C	0
OG5605_1350_A_T	0
OG1635_2391_C_T	0
OG8132_378_T_A	0
OG4926_1044_T_C	0
OG2282_52_A_G	0
OG9568_492_C_G	0
OG9313_187_C_A	0
OG1247_3370_G_A	0
OG2675_966_G_A	0
OG1291_1929_A_C	0
OG905_2529_A_G	0
OG1444_1182_G_A	0
OG992_3877_A_G	0
OG10803_43_G_A	0
OG6647_1232_G_A	0
OG6823_153_C_G	0
OG3846_891_C_T	0
OG534_748_A_C	0
OG3294_657_C_T	0
OG7605_622_C_A	0
OG217_5361_T_C	0
OG2852_1774_T_C	0
OG1948_750_G_A	0
OG3950_293_A_G	0
OG693_1305_C_A	0
OG716_2916_C_T	0
OG2647_1662_A_T	0
OG8528_648_C_T	0
OG9544_312_C_T	0
OG1547_1869_G_T	0
OG2168_526_G_A	0
OG7826_204_G_A	0
OG882_3642_G_A	0
OG1239_73_C_G	0
OG1696_1629_G_T	0
OG1733_2496_A_G	0
OG3035_1764_A_G	0
OG1675_2154_C_T	0
OG8804_264_T_C	0
OG3297_1214_G_A	0
OG4492_155_G_A	0
OG1998_2644_G_A	0
OG8510_549_G_A	0
OG5547_773_T_C	0
OG1685_2742_C_T	0
OG7210_574_A_G	0
OG2020_561_T_C	0
OG1341_1461_G_A	0
OG6383_830_G_A	0
OG2267_228_G_A	0
OG5593_729_C_T	0
OG2522_1425_A_G	0
OG2248_2364_C_T	0
OG1927_1623_G_A	0
OG4602_355_A_C	0
OG9108_204_C_T	0
OG10957_396_T_G	0
OG8280_339_C_T	0
OG2211_277_A_T	0
OG3128_1269_G_C	0
OG7949_71_C_T	0
OG3681_203_A_G	0
OG10275_165_G_A	0
OG2294_1683_T_A	0
OG5352_279_G_A	0
OG2889_1961_G_A	0
OG6461_898_T_C	0
OG5327_147_C_T	0
OG5722_828_T_C	0
OG1922_588_C_A	0
OG6075_405_T_C	0
OG5673_1197_A_G	0
OG6257_622_C_A	0
OG5700_783_G_A	0
OG4912_129_C_G	0
OG998_361_C_A	0
OG10485_33_T_C	0
OG6948_948_T_C	0
OG8038_622_A_G	0
OG6741_930_G_A	0
OG4188_1152_G_A	0
OG2110_696_T_A	0
OG1296_3501_G_A	0
OG3189_1158_T_A	0
OG7516_966_T_C	0
OG9398_228_G_A	0
OG4689_652_C_T	0
OG912_2244_T_C	0
OG8519_504_A_C	0
OG4530_471_C_T	0
OG3464_664_A_G	0
OG5289_1143_C_T	0
OG10425_291_A_G	0
OG1314_1900_G_T	0
OG1534_3027_A_G	0
OG3077_844_C_T	0
OG3826_1065_C_T	0
OG6591_327_C_T	0
OG1501_2667_A_C	0
OG4321_1230_T_C	0
OG1008_3693_C_T	0
OG8788_96_G_C	0
OG1727_747_C_A	0
OG7309_72_G_A	0
OG8217_603_C_T	0
OG2629_1506_C_T	0
OG4824_799_G_A	0
OG1497_2365_C_T	0
OG1066_2664_T_C	0
OG5599_789_A_G	0
OG1952_2197_C_A	0
OG7088_741_G_A	0
OG10228_120_A_G	0
OG2858_1635_T_C	0
OG3583_153_G_A	0
OG3684_93_G_A	0
OG2003_1863_G_A	0
OG4537_414_A_G	0
OG999_2200_A_G	0
OG1476_1725_C_T	0
OG9617_299_A_G	0
OG10251_140_C_T	0
OG5164_1063_C_T	0
OG2608_915_T_A	0
OG7488_177_A_T	0
OG4983_762_A_T	0
OG275_4179_A_G	0
OG220_6612_A_G	0
OG4285_786_T_C	0
OG3848_708_T_C	0
OG542_303_C_T	0
OG7773_165_A_G	0
OG179_1614_T_C	0
OG6134_27_C_T	0
OG5333_2254_T_C	0
OG330_4734_G_A	0
OG1220_2048_T_C	0
OG167_2904_G_A	0
OG73_3369_G_A	0
OG1377_1914_G_T	0
OG3090_739_A_T	0
OG3506_1734_A_G	0
OG495_2517_G_A	0
OG1612_405_A_G	0
OG9043_114_A_G	0
OG1260_874_C_T	0
OG182_5086_G_A	0
OG609_4295_C_A	0
OG8445_371_C_T	0
OG627_4567_A_G	0
OG4510_1434_G_A	0
OG6518_126_C_T	0
OG2375_281_G_C	0
OG342_3933_C_T	0
OG6879_805_G_A	0
OG7892_431_G_T	0
OG8659_852_T_C	0
OG3045_1794_T_C	0
OG4464_239_T_C	0
OG2973_24_T_C	0
OG2938_1218_A_G	0
OG9576_504_T_C	0
OG4739_336_T_C	0
OG2885_1794_C_T	0
OG8275_315_G_A	0
OG2623_2097_T_C	0
OG5406_1140_C_A	0
OG2536_918_T_C	0
OG1316_1692_C_G	0
OG972_3575_A_G	0
OG1880_2340_C_T	0
OG7360_188_C_T	0
OG2006_2364_G_A	0
OG2890_1722_C_T	0
OG3455_433_T_C	0
OG1565_1359_G_A	0
OG3551_891_A_G	0
OG8641_291_G_A	0
OG6563_879_T_C	0
OG7247_14_G_A	0
OG2414_1173_C_T	0
OG5653_63_G_A	0
OG9837_285_C_T	0
OG5249_663_G_A	0
OG7370_514_G_A	0
OG2218_2520_C_T	0
OG2389_1419_G_A	0
OG4301_2442_A_G	0
OG8911_177_A_T	0
OG5827_768_C_T	0
OG9866_120_A_T	0
OG1569_333_A_G	0
OG4174_747_T_C	0
OG3547_1182_C_T	0
OG955_963_C_T	0
OG10100_334_C_T	0
OG7749_699_G_A	0
OG1217_3855_A_G	0
OG9264_278_A_C	0
OG6712_1149_G_A	0
OG8540_612_C_T	0
OG3125_864_A_T	0
OG2787_753_C_T	0
OG5648_75_T_C	0
OG5144_960_T_C	0
OG5812_131_A_C	0
OG2153_1986_G_A	0
OG2240_2313_G_A	0
OG7596_957_A_T	0
OG3325_1469_G_A	0
OG8415_420_C_T	0
OG2826_670_A_G	0
OG5375_780_T_C	0
OG2542_855_G_A	0
OG5729_1116_T_A	0
OG6403_165_C_T	0
OG136_4897_A_G	0
OG9905_267_C_T	0
OG8812_720_A_T	0
OG2296_1197_C_T	0
OG4656_1413_A_G	0
OG5931_492_C_T	0
OG444_1941_T_C	0
OG4203_412_T_C	0
OG6613_676_T_C	0
OG4462_1125_C_T	0
OG982_885_T_C	0
OG1679_2688_G_A	0
OG8402_556_C_T	0
OG5712_915_C_T	0
OG4499_1233_C_T	0
OG3693_693_A_G	0
OG7358_548_G_A	0
OG6333_948_T_C	0
OG3885_1506_C_T	0
OG2085_1395_G_A	0
OG3610_60_G_C	0
OG1757_2529_T_C	0
OG6039_213_G_A	0
OG8561_754_C_T	0
OG8662_106_T_A	0
OG10066_300_T_C	0
OG5916_837_G_A	0
OG2440_519_T_A	0
OG5470_894_A_C	0
OG10231_301_C_A	0
OG4933_1146_C_T	0
OG4002_678_T_C	0
OG5769_210_A_T	0
OG7592_1209_A_G	0
OG7682_465_T_C	0
OG4345_267_A_T	0
OG3185_411_C_T	0
OG1498_1998_T_A	0
OG5666_915_G_A	0
OG956_2463_T_C	0
OG8847_507_G_A	0
OG10815_692_T_C	0
OG2904_1338_T_C	0
OG4132_1143_T_C	0
OG8330_138_G_A	0
OG6260_1336_G_T	0
OG163_5874_C_T	0
OG2293_843_G_A	0
OG9950_213_A_G	0
OG8390_264_G_A	0
OG4030_519_T_C	0
OG1325_315_C_T	0
OG1087_517_C_T	0
OG6736_468_A_G	0
OG290_1052_C_T	0
OG4777_660_C_T	0
OG8939_699_C_T	0
OG1619_2094_C_T	0
OG10022_354_C_T	0
OG2194_888_G_A	0
OG893_1986_C_T	0
OG1124_915_C_T	0
OG1572_657_A_G	0
OG5890_951_G_A	0
OG7517_350_A_T	0
OG2026_2280_C_T	0
OG2653_297_T_C	0
OG4260_609_A_G	0
OG4327_753_A_G	0
OG2508_1701_C_T	0
OG2573_1533_T_C	0
OG5331_207_T_C	0
OG4236_705_C_T	0
OG3772_969_G_A	0
OG4018_509_T_C	0
OG5970_145_C_T	0
OG9729_429_G_A	0
OG3519_533_C_T	0
OG2430_786_G_A	0
OG5134_132_T_C	0
OG9083_372_C_T	0
OG1767_56_G_A	0
OG5686_714_G_C	0
OG6590_709_G_A	0
OG9244_378_T_C	0
OG9357_462_A_C	0
OG808_414_A_G	0
OG6750_534_T_C	0
OG5124_1113_G_A	0
OG9039_21_C_T	0
OG760_811_T_C	0
OG1770_1491_A_T	0
OG2616_1053_C_T	0
OG5856_1140_C_A	0
OG3388_1593_T_A	0
OG1160_1548_G_T	0
OG1250_2180_C_T	0
OG8114_189_A_G	0
OG975_2315_A_C	0
OG6080_420_T_C	0
OG5519_487_G_A	0
OG6686_708_C_T	0
OG307_3094_G_A	0
OG1371_2606_C_G	0
OG2492_1350_T_A	0
OG2723_946_C_T	0
OG3993_915_T_A	0
OG409_1343_G_A	0
OG1193_2850_A_G	0
OG2883_1383_G_A	0
OG1147_2296_A_C	0
OG1373_1917_T_C	0
OG2649_1098_A_T	0
OG7737_636_C_T	0
OG5285_923_A_G	0
OG2880_617_A_T	0
OG5231_1006_C_A	0
OG7673_552_T_C	0
OG6142_669_G_A	0
OG5246_545_C_A	0
OG3867_456_T_C	0
OG4524_314_A_G	0
OG9731_519_C_T	0
OG7981_366_T_C	0
OG5879_6_T_C	0
OG3535_393_C_T	0
OG5504_1200_C_T	0
OG2572_1009_A_G	0
OG3868_1702_A_T	0
OG2073_64_A_G	0
OG2163_2400_T_C	0
OG8961_171_C_T	0
OG9883_201_C_G	0
OG4159_1496_C_T	0
OG9489_228_C_T	0
OG3290_1302_C_G	0
OG6639_594_C_T	0
OG5417_10_C_T	0
OG6898_917_T_C	0
OG9340_510_T_C	0
OG6803_768_T_C	0
OG2909_873_G_A	0
OG7468_132_G_A	0
OG370_4233_C_T	0
OG8523_144_T_C	0
OG3679_1509_A_G	0
OG4578_486_G_A	0
OG4830_93_C_T	0
OG4904_1251_T_C	0
OG11162_94_T_A	0
OG1006_2835_C_T	0
OG8607_693_G_A	0
OG1353_2670_C_T	0
OG4562_1066_C_T	0
OG1082_1683_C_T	0
OG10813_384_G_T	0
OG8702_531_G_A	0
OG6102_609_G_A	0
OG10468_231_T_C	0
OG3565_1584_T_C	0
OG2985_1944_T_C	0
OG8613_450_A_G	0
OG7554_687_C_T	0
OG4073_1246_C_A	0
OG10261_66_A_G	0
OG1200_1141_C_T	0
OG5194_126_G_C	0
OG3150_762_C_T	0
OG6123_78_T_C	0
OG904_3960_A_G	0
OG5692_472_G_A	0
OG3356_1035_A_G	0
OG2737_1541_G_C	0
OG2828_393_A_G	0
OG5782_318_A_G	0
OG10763_347_T_C	0
OG4276_10_A_C	0
OG10593_366_A_G	0
OG7767_444_G_A	0
OG8744_552_A_G	0
OG5076_1107_C_T	0
OG7632_192_C_G	0
OG958_3459_A_G	0
OG1570_1272_G_A	0
OG6400_1044_C_T	0
OG8843_480_C_T	0
OG9221_140_A_T	0
OG8666_105_T_C	0
OG1989_1740_C_T	0
OG4350_552_T_A	0
OG2306_1182_A_G	0
OG7234_846_T_G	0
OG1990_2109_C_T	0
OG1759_1263_C_T	0
OG8700_141_G_A	0
OG6885_864_A_C	0
OG4169_1464_A_G	0
OG1835_2574_G_A	0
OG3644_945_A_C	0
OG5165_390_C_T	0
OG10521_33_A_G	0
OG8940_461_A_T	0
OG6625_921_G_A	0
OG5487_1019_T_C	0
OG8969_282_T_C	0
OG746_72_C_T	0
OG67_5219_C_T	0
OG6193_87_C_T	0
OG6674_753_C_T	0
OG7380_583_G_A	0
OG9442_228_C_T	0
OG3097_1089_C_T	0
OG4216_1161_C_T	0
OG7829_77_A_C	0
OG3688_554_C_T	0
OG1689_1017_A_G	0
OG6882_159_T_G	0
OG5646_999_A_C	0
OG9319_384_G_T	0
OG2159_1227_G_A	0
OG7425_1036_A_G	0
OG9577_351_G_A	0
OG1968_1029_G_A	0
OG4798_1401_C_T	0
OG2454_292_G_A	0
OG6229_378_C_T	0
OG1127_1203_T_C	0
OG6767_280_C_T	0
OG6934_87_C_A	0
OG2926_1509_T_C	0
OG10340_288_C_T	0
OG1143_633_G_A	0
OG1953_51_C_T	0
OG411_1725_C_T	0
OG5525_81_T_C	0
OG7511_947_C_A	0
OG857_1497_C_T	0
OG3608_1377_C_G	0
OG9469_497_T_G	0
OG4684_1285_G_A	0
OG5421_910_A_T	0
OG599_2907_C_T	0
OG8970_300_G_A	0
OG9228_441_C_T	0
OG2022_867_C_T	0
OG9924_220_T_C	0
OG1130_2976_G_A	0
OG6162_528_C_T	0
OG2705_246_A_G	0
OG3119_1509_G_A	0
OG1830_1082_T_C	0
OG2464_369_A_T	0
OG3649_1699_C_T	0
OG4850_255_C_T	0
OG8779_654_G_A	0
OG2670_99_G_A	0
OG4666_1884_C_A	0
OG6982_405_C_T	0
OG6711_402_C_T	0
OG1043_2685_A_G	0
OG2709_708_A_G	0
OG9250_685_G_A	0
OG2284_1321_G_A	0
OG8794_702_G_A	0
OG5276_711_T_C	0
OG1606_2796_A_G	0
OG10423_381_A_G	0
OG1490_513_A_G	0
OG5286_684_T_C	0
OG9906_150_C_T	0
OG5847_630_T_C	0
OG6472_937_G_A	0
OG2911_1788_T_G	0
OG9086_451_G_A	0
OG5436_1119_C_T	0
OG10507_74_A_T	0
OG7353_63_G_A	0
OG1535_367_G_A	0
OG2558_967_G_A	0
OG3630_734_C_T	0
OG5241_1152_C_T	0
OG7038_796_A_C	0
OG10307_462_G_A	0
OG3070_356_C_T	0
OG8830_738_T_C	0
OG10400_103_G_T	0
OG1359_293_G_C	0
OG3110_1008_A_G	0
OG5836_153_A_G	0
OG9124_432_A_C	0
OG7662_103_T_G	0
OG10220_380_G_A	0
OG8163_395_A_G	0
OG4063_870_C_T	0
OG1183_1827_A_G	0
OG3210_484_A_T	0
OG8224_299_G_C	0
OG1368_1837_A_G	0
OG3183_1755_T_C	0
OG3503_1674_C_A	0
OG9526_429_C_T	0
OG8670_411_C_T	0
OG4448_1191_G_A	0
OG9769_471_T_C	0
OG9545_513_A_G	0
OG2920_1761_C_T	0
OG5825_402_A_G	0
OG4869_462_G_A	0
OG4090_990_C_T	0
OG4101_1401_C_T	0
OG3962_1894_T_C	0
OG2231_2259_C_T	0
OG303_3732_G_A	0
OG10205_375_C_T	0
OG6137_459_T_C	0
OG10281_393_G_A	0
OG10551_282_C_T	0
OG5897_837_A_C	0
OG2953_1440_C_T	0
OG3689_945_A_T	0
OG3522_45_C_T	0
OG8566_669_T_C	0
OG1641_1026_T_C	0
OG7348_876_T_C	0
OG3286_444_T_A	0
OG582_4515_C_T	0
OG3709_1410_A_T	0
OG7405_261_C_T	0
OG8888_285_G_A	0
OG8361_279_C_T	0
OG6800_225_A_T	0
OG2388_1725_T_C	0
OG407_4521_T_C	0
OG9265_126_A_G	0
OG6542_1062_T_C	0
OG2519_75_A_C	0
OG3410_2340_A_G	0
OG7040_153_G_A	0
OG1628_360_G_A	0
OG8405_672_T_A	0
OG4286_1416_G_A	0
OG8943_573_G_T	0
OG1412_249_A_G	0
OG6778_663_T_C	0
OG7498_765_A_G	0
OG1096_1108_T_C	0
OG4039_603_G_A	0
OG1629_1512_A_G	0
OG1592_2612_A_T	0
OG3973_921_T_C	0
OG5145_1110_G_A	0
OG4297_1242_C_T	0
OG7793_804_G_A	0
OG504_4789_C_T	0
OG5316_503_G_A	0
OG6558_945_A_G	0
OG10955_45_A_G	0
OG9583_360_G_T	0
OG2378_1230_C_T	0
OG4552_566_T_C	0
OG8332_174_G_T	0
OG3820_213_T_C	0
OG9433_465_G_A	0
OG7149_540_G_A	0
OG2794_450_C_T	0
OG5674_1266_G_A	0
OG6748_193_C_T	0
OG144_4041_C_T	0
OG4314_614_G_A	0
OG2978_441_C_T	0
OG2540_1756_C_T	0
OG10121_48_C_T	0
OG2324_1080_T_C	0
OG3981_318_A_T	0
OG515_3585_T_C	0
OG7961_63_A_G	0
OG198_891_A_G	0
OG3422_432_G_A	0
OG4175_1218_C_G	0
OG6665_926_A_G	0
OG5326_1357_G_A	0
OG3881_480_G_A	0
OG3905_171_A_C	0
OG9416_111_C_T	0
OG3394_1311_T_C	0
OG5370_22_G_A	0
OG8417_129_G_A	0
OG4108_467_G_T	0
OG9507_462_G_A	0
OG1966_1629_T_C	0
OG7200_396_T_C	0
OG10735_164_G_A	0
OG4687_687_A_G	0
OG1645_229_C_T	0
OG10984_165_T_C	0
OG6657_427_G_A	0
OG2768_804_T_C	0
OG10786_105_C_T	0
OG1782_2460_C_T	0
OG7822_776_A_G	0
OG8946_453_T_C	0
OG6111_414_C_T	0
OG7995_681_T_A	0
OG5512_462_T_C	0
OG2816_60_G_A	0
OG287_3810_A_G	0
OG7281_219_C_T	0
OG5026_1197_A_G	0
OG2565_1437_A_T	0
OG9911_175_C_T	0
OG2688_1537_A_T	0
OG7869_523_G_T	0
OG8962_519_A_G	0
OG9506_114_G_A	0
OG3334_690_T_C	0
OG5815_723_T_C	0
OG10329_76_A_T	0
OG1583_1954_A_T	0
OG3138_301_C_A	0
OG1348_831_G_A	0
OG5163_961_C_T	0
OG5475_222_G_A	0
OG6155_269_A_T	0
OG1598_2259_G_A	0
OG4796_384_T_C	0
OG5398_1959_A_T	0
OG5872_874_A_G	0
OG6471_247_G_C	0
OG6575_579_T_A	0
OG8435_217_C_T	0
OG9247_78_A_T	0
OG1478_1962_G_T	0
OG321_4582_C_T	0
OG2801_375_T_C	0
OG3351_1601_A_C	0
OG3505_667_C_T	0
OG3511_773_A_C	0
OG5006_777_G_T	0
OG6824_67_T_C	0
OG4052_207_G_A	0
OG4150_716_A_G	0
OG5991_465_C_T	0
OG6585_636_T_C	0
OG765_1701_C_T	0
OG4799_1185_C_T	0
OG1499_2655_C_T	0
OG2381_1647_C_T	0
OG6054_553_C_G	0
OG6277_946_A_G	0
OG6606_492_A_T	0
OG7406_213_G_A	0
OG3844_609_G_A	0
OG6242_246_A_G	0
OG2013_631_A_G	0
OG4833_1038_T_C	0
OG5218_189_C_T	0
OG7628_12_C_T	0
OG553_1847_T_C	0
OG812_3324_C_T	0
OG6170_435_G_A	0
OG9089_386_C_G	0
OG8426_57_C_T	0
OG4592_501_C_A	0
OG356_4890_G_C	0
OG8094_42_C_T	0
OG10302_225_A_G	0
OG1411_2979_G_C	0
OG1073_2227_G_A	0
OG996_3099_C_T	0
OG481_1794_T_C	0
OG3722_1236_G_A	0
OG10533_48_T_C	0
OG4967_35_C_T	0
OG6044_1209_C_T	0
OG4581_672_C_T	0
OG773_1767_C_T	0
OG9176_159_C_T	0
OG7300_192_T_C	0
OG8902_444_C_A	0
OG4179_1458_C_T	0
OG8058_165_A_G	0
OG3760_1707_G_A	0
OG7359_640_C_T	0
OG8231_291_T_C	0
OG1426_930_T_C	0
OG5283_802_G_A	0
OG5363_87_A_T	0
OG7483_247_C_T	0
OG3892_1817_C_A	0
OG5511_669_C_T	0
OG1649_3541_G_A	0
OG11342_484_G_A	0
OG4729_226_C_T	0
OG4733_296_G_A	0
OG8820_183_C_T	0
OG1306_2253_C_T	0
OG1888_1828_A_G	0
OG9292_307_A_G	0
OG4501_1119_G_A	0
OG3307_996_C_T	0
OG5957_248_C_G	0
OG702_3083_A_G	0
OG82_6102_G_A	0
OG6501_49_A_G	0
OG9402_330_C_T	0
OG4752_1446_C_G	0
OG6482_960_C_T	0
OG4698_1053_C_T	0
OG10823_307_C_T	0
OG4415_18_A_G	0
OG3555_1056_G_A	0
OG1511_687_T_A	0
OG8187_93_C_T	0
OG7837_213_G_A	0
OG1288_1688_A_G	0
OG5044_1084_A_C	0
OG5736_591_C_T	0
OG2580_154_G_A	0
OG1940_1626_G_A	0
OG3734_1134_T_C	0
OG4000_636_A_C	0
OG4111_1134_C_T	0
OG2114_1894_A_G	0
OG7924_124_A_T	0
OG3857_1524_C_T	0
OG1011_2310_A_T	0
OG7532_421_A_G	0
OG10847_105_G_C	0
OG2042_396_A_G	0
OG7322_663_G_T	0
OG2720_84_G_A	0
OG3680_201_C_T	0
OG4471_781_C_T	0
OG3227_150_G_A	0
OG4760_1344_C_T	0
OG9016_549_G_A	0
OG6195_543_A_C	0
OG8898_429_G_A	0
OG3935_585_C_T	0
OG3117_1749_C_T	0
OG10646_12_A_G	0
OG6822_229_C_G	0
OG5408_1180_C_T	0
OG11143_71_C_T	0
OG4943_344_C_G	0
OG7515_843_C_T	0
OG7079_1269_A_G	0
OG801_1218_T_C	0
OG7493_48_G_A	0
OG6255_321_A_G	0
OG8769_798_T_C	0
OG7570_867_T_C	0
OG10058_19_C_G	0
OG7917_825_A_G	0
OG7991_99_G_A	0
OG3116_1651_A_T	0
OG3618_987_T_C	0
OG5756_351_G_A	0
OG9894_23_G_C	0
OG5466_1374_A_G	0
OG6680_1098_G_A	0
OG11233_639_G_A	0
OG7697_34_G_A	0
OG3672_1305_A_G	0
OG2884_1050_T_A	0
OG8893_423_G_A	0
OG3643_283_G_C	0
OG10539_36_C_T	0
OG7144_561_C_T	0
OG5156_1215_A_G	0
OG2139_964_G_A	0
OG242_4701_G_T	0
OG6284_705_T_C	0
OG9824_42_G_T	0
OG4923_663_A_G	0
OG5616_699_C_T	0
OG2200_541_C_T	0
OG4194_35_A_G	0
OG9643_513_T_C	0
OG648_2959_A_G	0
OG6380_429_G_A	0
OG2276_2099_G_C	0
OG5523_831_C_T	0
OG2669_357_G_T	0
OG9213_507_G_T	0
OG4853_767_A_G	0
OG8497_291_T_C	0
OG9054_243_T_C	0
OG1432_321_G_A	0
OG4477_28_A_C	0
OG282_6064_A_G	0
OG365_1242_A_G	0
OG8624_795_C_T	0
OG1207_198_G_A	0
OG5759_838_G_A	0
OG1401_2931_T_A	0
OG7820_705_C_T	0
OG1198_55_T_C	0
OG4057_705_C_T	0
OG3451_1098_G_T	0
OG976_762_T_C	0
OG874_1038_G_A	0
OG6784_105_T_C	0
OG5940_580_T_C	0
OG6560_882_C_T	0
OG2819_1122_T_C	0
OG3949_1143_A_G	0
OG1156_2859_C_T	0
OG11055_261_G_A	0
OG5037_109_C_A	0
OG412_2884_T_C	0
OG5140_1689_G_T	0
OG8410_324_A_G	0
OG10086_318_G_A	0
OG9859_510_A_G	0
OG8602_633_G_A	0
OG5644_1011_G_A	0
OG9662_297_G_A	0
OG10588_165_A_G	0
OG2196_152_G_A	0
OG6274_213_G_A	0
OG10623_159_A_G	0
OG1832_177_G_A	0
OG7146_777_A_C	0
OG3436_336_G_A	0
OG1906_1723_C_T	0
OG2207_2287_T_C	0
OG10945_16_C_G	0
OG2906_279_C_T	0
OG6866_724_C_T	0
OG6702_387_C_T	0
OG8655_243_C_T	0
OG3390_1542_T_A	0
OG2700_1495_C_T	0
OG10389_114_G_A	0
OG2097_1032_A_G	0
OG2622_681_T_A	0
OG7458_564_C_T	0
OG10000_405_G_A	0
OG10436_201_T_A	0
OG128_5979_C_T	0
OG2117_1545_C_T	0
OG2784_1734_C_T	0
OG3025_2187_C_T	0
OG3249_1164_C_T	0
OG4616_1058_A_T	0
OG4876_1444_T_G	0
OG4894_213_A_G	0
OG6367_64_T_G	0
OG7087_637_G_C	0
OG9173_689_A_C	0
OG9415_381_A_G	0
OG3431_879_A_T	0
OG3620_1691_A_T	0
OG3898_1000_A_G	0
OG3961_1467_A_G	0
OG3980_669_A_T	0
OG4613_1047_A_G	0
OG6617_1214_C_A	0
OG6753_149_G_A	0
OG8644_549_C_T	0
OG9606_648_A_T	0
OG963_1164_C_A	0
OG2857_1152_G_A	0
OG2258_1203_C_T	0
OG6610_950_C_T	0
OG1505_2852_C_T	0
OG3998_573_C_T	0
OG5248_258_A_G	0
OG8757_141_C_T	0
OG1713_1029_T_C	0
OG2028_1338_C_T	0
OG3172_1212_A_G	0
OG5185_384_T_C	0
OG6939_549_A_G	0
OG1678_2343_G_A	0
OG1933_2208_G_A	0
OG2241_214_T_A	0
OG4148_237_A_G	0
OG9893_78_T_A	0
OG3216_1077_T_C	0
OG7629_306_C_T	0
OG5629_349_G_A	0
OG2830_1815_C_T	0
OG8101_405_G_A	0
OG9963_324_C_T	0
OG10406_69_C_T	0
OG3581_1008_T_C	0
OG3609_80_A_G	0
OG9685_138_A_G	0
OG2710_537_A_T	0
OG5209_1073_T_G	0
OG10545_21_T_C	0
OG2261_1035_T_C	0
OG7531_243_G_A	0
OG9810_438_T_C	0
OG8596_510_G_C	0
OG5749_954_G_C	0
OG7946_45_A_T	0
OG7975_83_G_A	0
OG7598_730_A_G	0
OG2782_713_T_G	0
OG6839_438_A_G	0
OG10467_64_C_T	0
OG4627_840_C_T	0
OG1792_13_C_A	0
OG10566_17_T_G	0
OG2711_840_A_G	0
OG7636_891_G_A	0
OG4254_1242_A_G	0
OG585_3702_T_C	0
OG10830_530_C_T	0
OG10439_93_T_A	0
OG1965_969_C_T	0
OG2074_195_G_A	0
OG4131_112_G_A	0
OG10223_337_C_A	0
OG10114_85_G_A	0
OG2773_702_T_C	0
OG3273_1716_C_T	0
OG4062_1470_C_T	0
OG5527_257_A_C	0
OG6715_1104_C_T	0
OG7291_737_A_G	0
OG8681_505_G_T	0
OG10596_99_T_C	0
OG1750_2163_A_G	0
OG4809_431_A_G	0
OG4954_328_T_C	0
OG5794_814_A_G	0
OG7170_999_T_C	0
OG7260_267_A_C	0
OG9219_210_G_A	0
OG9491_239_G_C	0
OG541_4852_G_T	0
OG7278_276_C_T	0
OG8009_831_A_C	0
OG8056_252_G_A	0
OG1903_1143_C_T	0
OG2142_2349_G_A	0
OG6295_626_T_C	0
OG7004_421_T_C	0
OG7062_339_C_T	0
OG9768_327_G_A	0
OG10517_306_G_A	0
OG8087_318_A_C	0
OG5454_792_C_T	0
OG3469_955_C_G	0
OG698_3531_C_T	0
OG7467_868_G_A	0
OG7630_396_G_A	0
OG8521_394_T_G	0
OG6113_423_A_G	0
OG10768_138_T_C	0
OG4302_1377_T_A	0
OG8661_618_C_G	0
OG2977_288_T_C	0
OG8074_297_A_T	0
OG10592_77_T_G	0
OG10594_355_C_T	0
OG5379_144_A_G	0
OG3032_903_T_A	0
OG8616_240_T_C	0
OG7612_88_A_G	0
OG4664_375_C_T	0
OG6421_627_C_A	0
OG10343_366_A_G	0
OG4784_480_G_A	0
OG5701_1035_C_T	0
OG10625_41_T_A	0
OG6993_513_A_G	0
OG10219_57_C_T	0
OG8609_582_T_C	0
OG9060_653_C_T	0
OG5369_1125_C_T	0
OG8350_133_G_C	0
OG8551_324_A_G	0
OG3233_558_T_C	0
OG7462_933_T_G	0
OG5485_933_A_T	0
OG2582_2064_G_A	0
OG2490_2325_G_A	0
OG2621_1371_T_A	0
OG10116_237_G_A	0
OG5208_273_A_G	0
OG6370_21_T_C	0
OG9018_307_G_A	0
OG5295_378_T_C	0
OG5807_1176_A_G	0
OG7558_90_C_T	0
OG6700_27_A_G	0
OG3081_768_T_C	0
OG6679_889_G_C	0
OG4856_1464_C_T	0
OG9505_108_C_T	0
OG9985_154_G_A	0
OG7675_513_C_T	0
OG4947_150_T_C	0
OG7855_681_C_T	0
OG10869_8_T_A	0
OG2654_2256_T_A	0
OG3748_726_A_G	0
OG7253_805_A_G	0
OG4189_226_T_C	0
OG9677_234_A_G	0
OG10052_108_A_G	0
OG5718_1204_G_T	0
OG2882_1780_G_A	0
OG761_759_T_C	0
OG5476_1339_C_G	0
OG8301_437_G_A	0
OG1185_414_G_A	0
OG1581_1474_A_G	0
OG8571_993_G_A	0
OG9705_194_T_A	0
OG5010_942_C_T	0
OG4257_47_C_T	0
OG7982_219_T_C	0
OG2158_1945_A_C	0
OG9404_462_C_T	0
OG4050_1263_T_C	0
OG6011_546_G_A	0
OG8227_600_C_T	0
OG5915_207_T_C	0
OG8041_679_T_C	0
OG11321_504_T_C	0
OG7839_444_G_A	0
OG9521_231_A_G	0
OG1574_364_C_G	0
OG7537_435_T_C	0
OG6070_261_C_T	0
OG7276_319_C_A	0
OG1294_69_A_G	0
OG5468_1248_T_G	0
OG9714_483_T_C	0
OG8505_28_A_G	0
OG6805_1022_T_C	0
OG2491_1977_C_T	0
OG6105_591_G_A	0
OG9795_252_C_T	0
OG8531_648_C_T	0
OG6697_756_C_T	0
OG6129_300_G_A	0
OG8864_587_T_C	0
OG3355_1266_G_A	0
OG6254_15_C_A	0
OG4158_1329_T_C	0
OG4584_1407_T_C	0
OG9274_476_G_C	0
OG7262_855_A_G	0
OG7013_909_C_T	0
OG5415_879_C_T	0
OG8814_348_G_A	0
OG4665_756_T_C	0
OG5104_303_G_A	0
OG5224_327_C_T	0
OG6522_1050_G_A	0
OG6893_339_C_T	0
OG9439_381_C_T	0
OG3470_1557_C_T	0
OG6316_219_T_C	0
OG4657_1464_G_A	0
OG5348_1005_C_T	0
OG6432_297_C_T	0
OG8234_429_A_G	0
OG4076_1476_T_C	0
OG6099_879_G_T	0
OG9081_438_A_G	0
OG9255_535_C_A	0
OG1944_1096_A_G	0
OG2771_1103_G_A	0
OG2851_1168_T_A	0
OG3498_592_G_A	0
OG3733_717_G_A	0
OG4207_1361_A_G	0
OG5344_1024_G_A	0
OG6006_912_A_G	0
OG6019_919_C_A	0
OG7266_860_A_G	0
OG7410_384_T_C	0
OG8828_378_T_C	0
OG9808_25_T_G	0
OG2029_1158_G_A	0
OG4366_652_C_T	0
OG7935_687_A_G	0
OG3255_1716_C_T	0
OG1227_303_T_C	0
OG1279_1824_T_C	0
OG3419_1173_C_T	0
OG7797_598_C_A	0
OG10183_357_G_A	0
OG3317_606_T_C	0
OG5488_33_G_A	0
OG7491_795_A_T	0
OG10396_102_G_T	0
OG166_2249_C_T	0
OG1772_508_G_A	0
OG2415_375_C_T	0
OG2442_1785_C_T	0
OG583_2108_T_C	0
OG6320_384_C_T	0
OG722_3169_G_A	0
OG2394_717_T_C	0
OG6903_657_G_C	0
OG887_513_A_G	0
OG10988_100_T_C	0
OG8276_233_G_A	0
OG6604_881_G_A	0
OG4367_810_A_G	0
OG6651_724_T_C	0
OG10032_330_C_T	0
OG10849_163_G_T	0
OG3755_897_C_T	0
OG6892_750_G_A	0
OG7059_384_C_T	0
OG8158_31_C_T	0
OG8773_642_G_C	0
OG8994_375_C_A	0
OG2707_2115_G_A	0
OG683_4005_C_T	0
OG6577_480_G_A	0
OG10008_405_A_G	0
OG9625_564_A_G	0
OG6228_717_G_A	0
OG10375_162_T_C	0
OG10270_237_G_A	0
OG5697_792_A_G	0
OG9012_368_A_T	0
OG8372_300_G_C	0
OG9513_202_G_A	0
OG4810_1115_G_A	0
OG4393_969_C_T	0
OG6961_447_T_G	0
OG2559_1200_A_G	0
OG730_1710_G_A	0
OG10654_48_A_T	0
OG8513_357_T_A	0
OG10755_174_G_T	0
OG8906_170_C_T	0
OG7096_45_T_C	0
OG9361_350_T_A	0
OG6629_366_C_T	0
OG9575_261_C_T	0
OG8025_801_T_C	0
OG9437_28_G_A	0
OG6231_1236_T_C	0
OG7384_366_C_T	0
OG9483_420_C_T	0
OG7308_471_A_C	0
OG2188_323_T_C	0
OG5742_723_T_A	0
OG6607_239_A_T	0
OG3488_1726_A_T	0
OG2291_985_C_T	0
OG5621_378_T_C	0
OG758_1554_T_C	0
OG2825_935_C_G	0
OG5205_1176_C_T	0
OG7704_861_C_A	0
OG4180_888_G_A	0
OG6904_874_T_C	0
OG3228_2376_A_T	0
OG4386_768_T_C	0
OG2225_2106_G_A	0
OG2266_972_G_A	0
OG715_1419_G_C	0
OG4436_458_C_T	0
OG2845_1720_A_C	0
OG8430_225_T_C	0
OG605_3264_A_G	0
OG5912_1128_A_G	0
OG8155_718_C_T	0
OG5766_777_T_C	0
OG1730_2415_T_C	0
OG6829_129_C_T	0
OG5689_863_C_T	0
OG6097_624_A_T	0
OG10233_90_T_C	0
OG2506_1668_G_A	0
OG7877_184_A_G	0
OG2409_1696_T_C	0
OG1864_706_A_G	0
OG7783_192_G_A	0
OG3194_1344_T_C	0
OG4732_777_T_C	0
OG5907_948_A_G	0
OG4551_290_C_T	0
OG607_3302_A_G	0
OG9302_210_A_T	0
OG10136_351_T_C	0
OG10361_363_A_T	0
OG5041_144_C_T	0
OG5679_156_T_C	0
OG4851_417_T_C	0
OG10097_216_C_T	0
OG6859_106_A_T	0
OG8703_564_C_T	0
OG3979_1527_G_A	0
OG6424_735_A_G	0
OG9120_702_T_A	0
OG4887_342_T_C	0
OG4875_1287_C_A	0
OG4572_84_T_C	0
OG10437_259_A_C	0
OG1947_234_A_T	0
OG10920_135_T_C	0
OG9102_530_A_G	0
OG4870_396_T_G	0
OG4489_924_G_A	0
OG8471_681_G_A	0
OG4106_594_G_A	0
OG10810_248_T_G	0
OG4206_948_C_T	0
OG6681_222_G_A	0
OG10117_288_T_C	0
OG2721_648_C_T	0
OG9452_259_T_C	0
OG3796_1405_T_C	0
OG8895_66_A_G	0
OG10176_477_C_T	0
OG10470_267_T_C	0
OG6131_692_T_C	0
OG3605_1308_A_T	0
OG3169_1125_G_A	0
OG4295_626_C_T	0
OG7426_756_C_T	0
OG1904_1560_C_T	0
OG8905_270_C_T	0
OG10106_470_C_T	0
OG10664_492_G_A	0
OG10211_9_C_T	0
OG10473_264_T_C	0
OG7152_693_A_C	0
OG10453_315_G_A	0
OG310_2757_G_A	0
OG7928_321_A_G	0
OG2189_381_T_C	0
OG5591_1159_G_T	0
OG3991_2138_C_T	0
OG3664_1374_C_A	0
OG2761_1518_A_G	0
OG3677_420_T_A	0
OG9978_351_G_A	0
OG8834_393_G_A	0
OG7691_6_T_G	0
OG8082_1659_A_T	0
OG4619_1041_C_T	0
OG1141_2115_A_G	0
OG8305_234_T_C	0
OG2939_816_T_C	0
OG6256_207_A_T	0
OG2343_936_G_A	0
OG8809_162_G_A	0
OG3442_1389_T_C	0
OG3332_1761_C_T	0
OG1051_2710_T_C	0
OG4181_1191_A_G	0
OG6420_478_C_T	0
OG6739_121_G_A	0
OG6183_546_C_T	0
OG8669_330_T_C	0
OG7703_414_G_A	0
OG9774_271_G_T	0
OG5460_1453_C_T	0
OG3372_1674_T_C	0
OG1576_1734_C_T	0
OG8802_135_A_G	0
OG1409_2640_C_T	0
OG6684_978_C_T	0
OG7813_295_A_C	0
OG6877_729_G_A	0
OG10284_267_C_T	0
OG9449_840_G_A	0
OG9806_177_T_A	0
OG5149_399_G_A	0
OG10157_87_T_C	0
OG924_371_A_G	0
OG6382_645_C_T	0
OG1122_2272_A_G	0
OG7012_801_C_T	0
OG1655_2691_C_T	0
OG2526_1422_G_A	0
OG11228_328_C_T	0
OG9590_444_A_T	0
OG8588_87_G_A	0
OG9122_588_T_C	0
OG4277_861_C_G	0
OG3774_95_A_G	0
OG4846_1240_C_T	0
OG3033_1623_T_C	0
OG9119_243_T_C	0
OG3622_1650_C_T	0
OG4411_171_G_A	0
OG7421_63_G_T	0
OG2842_715_C_T	0
OG3421_966_A_G	0
OG9291_363_G_A	0
OG9658_390_A_G	0
OG6569_840_G_A	0
OG6402_446_C_T	0
OG1950_1201_A_T	0
OG6392_441_T_G	0
OG4978_1186_C_T	0
OG9504_306_G_A	0
OG6046_1015_G_A	0
OG8322_816_G_A	0
OG3206_1453_T_G	0
OG5880_66_A_G	0
OG8798_597_C_T	0
OG4930_109_C_T	0
OG5086_876_C_T	0
OG5448_1326_T_G	0
OG8461_784_G_A	0
OG2581_1692_G_A	0
OG2874_67_A_G	0
OG4521_421_T_C	0
OG7665_679_G_A	0
OG1437_1047_T_G	0
OG2335_1776_T_C	0
OG2612_1674_A_C	0
OG3840_1431_T_C	0
OG3855_936_C_T	0
OG4915_1305_C_T	0
OG6016_354_C_T	0
OG6847_933_G_A	0
OG7471_316_C_T	0
OG7942_423_A_G	0
OG8192_171_G_A	0
OG2910_150_T_A	0
OG4245_261_G_A	0
OG4344_951_C_T	0
OG581_3918_T_C	0
OG5975_390_G_A	0
OG6157_894_A_C	0
OG6296_384_T_C	0
OG8083_233_C_G	0
OG8845_660_A_G	0
OG9996_285_G_A	0
OG2386_1071_T_A	0
OG847_3832_C_G	0
OG3329_1420_A_T	0
OG4924_1221_T_A	0
OG4787_442_A_C	0
OG4037_572_T_G	0
OG8536_403_C_T	0
OG1833_1755_C_T	0
OG2330_1298_C_T	0
OG3585_1584_A_G	0
OG5577_99_T_C	0
OG6554_1041_G_A	0
OG6914_750_G_A	0
OG7009_651_C_T	0
OG9752_288_A_C	0
OG1399_183_A_G	0
OG3577_693_C_T	0
OG4767_1350_G_A	0
OG5054_1374_T_C	0
OG6952_573_T_A	0
OG7197_265_A_T	0
OG9522_342_T_A	0
OG1136_513_A_G	0
OG4423_582_G_A	0
OG5795_804_G_A	0
OG7792_234_C_T	0
OG9356_54_C_T	0
OG3888_314_A_G	0
OG9202_300_A_T	0
OG10092_111_T_C	0
OG3374_1242_A_G	0
OG10082_121_C_T	0
OG2527_240_C_A	0
OG3856_994_C_T	0
OG7014_964_A_T	0
OG7941_378_C_T	0
OG7347_450_T_C	0
OG7819_535_C_A	0
OG9235_567_G_A	0
OG3821_1170_A_T	0
OG10178_453_T_A	0
OG5584_934_T_C	0
OG7573_870_C_T	0
OG9480_548_T_C	0
OG10542_234_C_T	0
OG9636_51_G_C	0
OG6923_336_C_T	0
OG8151_207_A_G	0
OG10866_165_G_A	0
OG5493_825_A_T	0
OG8452_333_A_G	0
OG8856_322_G_A	0
OG6478_852_A_T	0
OG3538_531_C_A	0
OG1083_3130_T_C	0
OG8485_571_G_C	0
OG10099_165_G_A	0
OG5930_111_T_C	0
OG7397_648_T_C	0
OG7856_159_T_C	0
OG9106_129_C_A	0
OG10115_123_G_A	0
OG2651_2448_G_A	0
OG4560_1287_T_C	0
OG4725_747_G_T	0
OG5155_1299_A_T	0
OG6265_960_C_T	0
OG7963_227_C_T	0
OG8686_429_G_C	0
OG5000_828_C_T	0
OG5309_263_T_C	0
OG5443_1026_C_T	0
OG8358_192_C_T	0
OG10324_231_C_T	0
OG9762_508_G_A	0
OG4406_78_A_T	0
OG9019_492_T_G	0
OG5597_528_A_G	0
OG5989_326_C_T	0
OG8262_678_A_G	0
OG8821_39_C_T	0
OG9833_171_C_A	0
OG9783_48_C_T	0
OG10315_132_C_A	0
OG6303_303_G_A	0
OG8111_81_A_G	0
OG5067_960_C_T	0
OG7542_24_T_C	0
OG6801_43_G_A	0
OG10057_258_C_T	0
OG4659_903_C_A	0
OG9880_384_T_A	0
OG5641_1120_A_G	0
OG3806_1668_A_G	0
OG3424_1200_C_T	0
OG6760_759_G_A	0
OG5409_636_G_A	0
OG9149_53_G_A	0
OG10780_53_G_A	0
OG4213_1269_G_A	0
OG9745_201_A_G	0
OG6635_490_A_C	0
OG7496_342_A_T	0
OG9990_372_G_A	0
OG10244_207_C_T	0
OG7150_160_C_T	0
OG2331_1146_T_A	0
OG10249_135_T_G	0
OG1040_2028_A_T	0
OG6114_759_A_G	0
OG1977_87_A_C	0
OG505_4876_A_C	0
OG4380_1332_T_C	0
OG3139_1191_A_T	0
OG6706_362_C_T	0
OG8468_321_C_T	0
OG2956_1830_A_G	0
OG6878_402_C_T	0
OG6929_237_C_T	0
OG6286_375_A_G	0
OG9585_93_A_G	0
OG10064_153_C_G	0
OG5750_909_C_T	0
OG8103_741_T_C	0
OG8053_642_G_A	0
OG1438_2145_C_T	0
OG8110_42_C_T	0
OG3445_1227_C_T	0
OG2963_1428_T_G	0
OG9900_381_G_A	0
OG8734_516_C_T	0
OG10841_176_C_T	0
OG2589_1825_G_A	0
OG3697_1176_A_T	0
OG2410_1386_T_C	0
OG8648_1378_T_G	0
OG10843_130_C_A	0
OG2931_276_T_G	0
OG8492_318_T_C	0
OG9493_62_G_A	0
OG3446_1329_T_C	0
OG6326_204_T_G	0
OG5500_324_T_C	0
OG9271_273_T_A	0
OG5864_243_T_C	0
OG5464_937_T_C	0
OG8302_570_T_G	0
OG7254_187_G_A	0
OG6053_1249_G_A	0
OG5132_1062_C_T	0
OG6900_906_T_C	0
OG7094_900_A_G	0
OG6425_471_T_C	0
OG6088_333_G_A	0
OG1611_1566_T_C	0
OG8161_615_G_A	0
OG3271_1273_G_A	0
OG6827_718_A_C	0
OG9955_168_C_G	0
OG4365_240_T_G	0
OG5737_655_G_A	0
OG8154_348_C_T	0
OG9101_183_T_C	0
OG8741_366_G_A	0
OG7507_369_T_C	0
OG8190_420_C_T	0
OG7019_738_T_C	0
OG990_1794_A_T	0
OG2365_1143_A_T	0
OG5207_1254_T_C	0
OG5210_945_T_C	0
OG9602_384_T_C	0
OG5005_780_C_T	0
OG2242_2277_T_C	0
OG3074_234_G_A	0
OG428_2766_A_G	0
OG6500_447_G_A	0
OG7920_348_T_C	0
OG9712_571_G_A	0
OG853_3861_A_T	0
OG5650_939_C_G	0
OG6838_226_T_C	0
OG5146_1068_T_C	0
OG5808_699_A_G	0
OG8054_72_C_T	0
OG8263_747_C_T	0
OG9984_264_A_G	0
OG178_1647_C_T	0
OG2955_1407_T_C	0
OG3638_1371_T_C	0
OG4326_1257_A_T	0
OG4445_768_T_G	0
OG5393_45_A_G	0
OG6262_261_T_C	0
OG6716_61_A_C	0
OG7512_48_G_T	0
OG7556_346_T_C	0
OG8652_400_T_C	0
OG9961_239_C_T	0
OG3873_562_A_G	0
OG10278_255_C_T	0
OG2984_216_C_T	0
OG5092_720_C_T	0
OG5786_810_C_T	0
OG7919_486_A_T	0
OG7389_132_C_A	0
OG7784_315_C_T	0
OG10749_126_C_T	0
OG2722_1218_G_A	0
OG3801_802_G_A	0
OG4133_631_A_C	0
OG7398_567_A_G	0
OG7568_183_C_T	0
OG7850_715_A_G	0
OG9684_225_A_T	0
OG8293_572_C_T	0
OG9925_402_C_T	0
OG3744_117_T_C	0
OG5608_999_C_T	0
OG5904_932_A_T	0
OG10624_20_G_A	0
OG3637_1173_C_T	0
OG10374_138_C_T	0
OG10392_225_C_A	0
OG6227_939_C_T	0
OG6654_174_C_T	0
OG7237_864_G_A	0
OG7283_1747_C_T	0
OG4409_1029_T_C	0
OG2462_1617_T_C	0
OG1129_897_C_T	0
OG2209_1176_T_C	0
OG10731_60_G_A	0
OG7510_726_T_C	0
OG10445_138_C_T	0
OG4957_166_G_A	0
OG7830_630_G_A	0
OG10163_114_T_C	0
OG10562_81_G_A	0
OG4318_1389_T_A	0
OG6360_381_G_A	0
OG9179_333_A_G	0
OG8200_222_T_G	0
OG9369_168_G_A	0
OG10846_171_C_T	0
OG5869_63_G_A	0
OG8351_22_T_G	0
OG9305_390_T_C	0
OG5596_696_A_G	0
OG8990_586_A_G	0
OG6455_459_C_T	0
OG2837_1854_G_C	0
OG10460_55_T_C	0
OG11269_873_G_A	0
OG10708_77_C_A	0
OG10454_309_A_G	0
OG10771_189_G_A	0
OG6458_673_A_G	0
OG9074_111_T_C	0
OG7422_135_A_T	0
OG10726_255_T_A	0
OG10149_272_C_T	0
OG9137_387_C_T	0
OG10004_32_C_T	0
OG10133_387_T_C	0
OG10321_212_C_T	0
OG1140_120_C_T	0
OG2361_2905_G_C	0
OG3196_1302_G_A	0
OG5449_478_C_A	0
OG7494_358_G_A	0
OG2708_111_A_T	0
OG9396_199_C_T	0
OG10059_9_T_A	0
OG7179_374_T_C	0
OG7563_723_C_T	0
OG3497_1041_C_G	0
OG5184_428_C_G	0
OG5433_187_G_T	0
OG8031_182_G_A	0
OG7034_237_T_A	0
OG8241_374_G_C	0
OG10273_135_C_T	0
OG5235_313_G_A	0
OG1474_2361_C_T	0
OG10357_461_A_C	0
OG4812_516_T_C	0
OG2557_1272_G_A	0
OG3068_1395_A_G	0
OG7544_677_T_C	0
OG6514_420_A_G	0
OG3854_1157_T_C	0
OG9360_465_T_C	0
OG8967_504_G_A	0
OG10536_348_C_T	0
OG5960_1026_G_A	0
OG9552_95_C_T	0
OG4071_54_C_A	0
OG3094_414_A_G	0
OG3405_1617_A_G	0
OG10195_15_T_C	0
OG6259_1176_G_T	0
OG8587_247_G_A	0
OG3028_1542_T_A	0
OG10958_273_A_T	0
OG8860_396_T_C	0
OG3589_1682_G_C	0
OG4550_174_G_A	0
OG7729_541_T_C	0
OG9014_28_A_G	0
OG11291_38_G_A	0
OG2340_1812_A_C	0
OG7845_147_T_C	0
OG2128_1740_T_A	0
OG8772_519_C_T	0
OG326_1167_G_A	0
OG7423_651_T_C	0
OG10900_267_T_G	0
OG6223_573_G_A	0
OG8073_618_T_C	0
OG7319_9_T_C	0
OG6881_79_G_A	0
OG4603_195_C_T	0
OG8595_117_G_A	0
OG2151_309_T_G	0
OG5839_318_T_C	0
OG8308_408_T_A	0
OG6001_1168_C_T	0
OG2982_1026_C_T	0
OG8456_528_T_C	0
OG4472_266_G_A	0
OG7251_96_G_A	0
OG8988_123_G_A	0
OG6234_891_T_C	0
OG7303_24_C_T	0
OG8374_766_C_T	0
OG10692_18_C_T	0
OG6350_267_A_G	0
OG8278_342_T_C	0
OG5817_612_T_C	0
OG4035_1326_T_C	0
OG11179_342_T_C	0
OG7106_818_A_T	0
OG5796_789_G_A	0
OG6846_60_A_G	0
OG10933_65_A_G	0
OG10171_204_C_T	0
OG573_3313_G_T	0
OG9218_18_T_A	0
OG11165_335_A_G	0
OG6287_897_C_T	0
OG8761_761_A_C	0
OG10448_33_G_A	0
OG9204_186_C_T	0
OG9923_392_A_G	0
OG8042_561_A_G	0
OG6669_907_A_G	0
OG898_3235_G_A	0
OG7652_490_C_A	0
OG2598_360_G_A	0
OG3244_300_T_A	0
OG839_12_G_A	0
OG6745_654_A_T	0
OG636_3048_A_G	0
OG5672_1395_C_T	0
OG1656_2679_A_T	0
OG9180_580_G_A	0
OG9300_153_T_A	0
OG6886_1054_A_T	0
OG8028_21_C_T	0
OG10698_186_C_T	0
OG6861_465_A_G	0
OG7427_324_G_A	0
OG9490_135_A_C	0
OG9822_312_G_A	0
OG2567_1065_A_G	0
OG9413_243_G_T	0
OG9786_207_C_T	0
OG2215_717_G_A	0
OG3058_1740_C_T	0
OG4279_753_A_T	0
OG4532_609_T_A	0
OG5964_860_C_T	0
OG6300_542_C_T	0
OG9486_78_G_A	0
OG10280_81_T_A	0
OG1662_619_A_G	0
OG3449_221_G_C	0
OG4865_495_T_G	0
OG6992_418_A_T	0
OG7020_84_G_A	0
OG7245_636_A_T	0
OG7418_587_T_A	0
OG7459_399_T_C	0
OG7718_739_A_T	0
OG1078_825_A_G	0
OG9362_615_A_G	0
OG9440_36_G_A	0
OG3837_189_A_G	0
OG8049_249_T_C	0
OG8066_669_C_T	0
OG5934_864_A_T	0
OG6252_603_C_T	0
OG7561_705_C_T	0
OG8791_267_G_A	0
OG1568_2427_C_T	0
OG2894_1398_C_T	0
OG7352_282_C_T	0
OG9896_42_C_T	0
OG10143_405_C_T	0
OG154_3642_T_G	0
OG3121_997_A_G	0
OG4038_131_G_C	0
OG4549_1401_T_C	0
OG5055_1233_A_G	0
OG5451_555_A_T	0
OG6809_409_G_A	0
OG8790_385_G_A	0
OG9031_591_T_C	0
OG6222_810_G_A	0
OG10403_294_G_A	0
OG3467_1026_G_A	0
OG2145_1593_A_G	0
OG3330_783_A_C	0
OG7910_154_G_A	0
OG8749_51_G_C	0
OG4814_408_T_G	0
OG5873_882_A_G	0
OG7474_569_G_A	0
OG5905_774_G_A	0
OG8685_610_G_T	0
OG9015_228_G_A	0
OG6415_812_C_T	0
OG10807_46_T_A	0
OG3699_846_C_T	0
OG2423_1900_A_C	0
OG10948_55_A_T	0
OG6397_951_G_A	0
OG9814_480_A_G	0
OG5267_537_T_C	0
OG5865_492_G_A	0
OG8095_891_A_G	0
OG2052_1869_A_G	0
OG9580_402_T_C	0
OG10433_341_T_C	0
OG3670_918_T_C	0
OG6133_64_G_A	0
OG6883_327_T_C	0
OG10632_108_C_T	0
OG4428_403_C_T	0
OG5453_408_T_A	0
OG5914_44_A_C	0
OG8259_765_C_T	0
OG3151_609_G_A	0
OG5139_1190_A_G	0
OG5465_474_A_C	0
OG7238_753_A_G	0
OG7902_315_A_T	0
OG8534_189_T_A	0
OG8823_165_G_C	0
OG11297_475_G_A	0
OG1658_1929_T_A	0
OG9186_225_C_A	0
OG1846_783_A_G	0
OG5521_714_A_T	0
OG9484_273_T_A	0
OG3411_1240_C_A	0
OG6261_708_C_T	0
OG6275_659_A_G	0
OG10159_186_C_T	0
OG9554_99_C_A	0
OG7030_456_T_C	0
OG8035_37_A_G	0
OG1698_1896_T_C	0
OG9421_417_G_A	0
OG11103_633_T_C	0
OG5575_1101_C_T	0
OG8629_318_C_T	0
OG8949_390_T_C	0
OG5473_60_T_C	0
OG1483_2415_G_A	0
OG7074_54_T_C	0
OG7500_444_T_C	0
OG7852_310_T_G	0
OG8858_814_C_T	0
OG2302_1598_T_C	0
OG1926_81_C_T	0
OG8327_585_C_T	0
OG4075_1008_G_A	0
OG3791_813_G_A	0
OG8517_387_C_T	0
OG1315_378_C_T	0
OG6494_462_A_C	0
OG572_3468_C_T	0
OG9073_366_A_G	0
OG8781_411_T_C	0
OG9011_361_C_T	0
OG5479_643_C_T	0
OG8992_175_C_T	0
OG8343_325_T_C	0
OG8454_213_T_A	0
OG10123_88_G_A	0
OG6896_649_T_A	0
OG9851_87_T_C	0
OG7275_465_C_T	0
OG8287_811_C_T	0
OG8819_294_T_C	0
OG9190_456_C_T	0
OG2239_1459_C_T	0
OG10253_351_C_T	0
OG10094_93_T_C	0
OG5826_327_G_A	0
OG8442_216_G_T	0
OG8803_282_G_A	0
OG9456_546_A_T	0
OG10766_261_C_T	0
OG4198_156_C_T	0
OG8024_672_C_T	0
OG4435_315_T_G	0
OG10693_220_G_T	0
OG10544_306_T_C	0
OG9514_69_T_C	0
OG8525_348_G_A	0
OG8392_520_G_A	0
OG3038_332_C_A	0
OG9903_617_C_T	0
OG10180_231_A_G	0
OG2507_1332_C_T	0
OG8936_64_G_C	0
OG2908_1182_C_T	0
OG2683_168_C_T	0
OG7790_589_C_T	0
OG8715_333_C_T	0
OG4782_1390_T_A	0
OG7668_721_G_A	0
OG1361_1690_C_T	0
OG9492_351_A_T	0
OG5093_1263_A_G	0
OG4103_906_T_G	0
OG4004_486_G_T	0
OG10192_255_A_G	0
OG9864_189_A_G	0
OG7456_147_A_T	0
OG9634_491_G_A	0
OG8530_627_T_C	0
OG8998_444_G_A	0
OG3532_658_T_C	0
OG7036_258_C_T	0
OG8938_561_G_A	0
OG8896_426_C_T	0
OG9976_108_A_G	0
OG7560_108_G_A	0
OG3000_1317_C_T	0
OG7898_561_C_T	0
OG4353_46_C_A	0
OG7486_324_A_G	0
OG1632_1265_C_T	0
OG7684_828_G_T	0
OG4359_480_T_C	0
OG7546_495_G_A	0
OG10554_114_T_A	0
OG10314_243_C_T	0
OG10586_78_T_C	0
OG7003_403_A_T	0
OG8240_117_A_G	0
OG4600_1554_A_C	0
OG9163_390_T_C	0
OG9071_396_C_T	0
OG4379_697_A_C	0
OG10775_82_T_C	0
OG4289_75_C_T	0
OG2799_236_C_A	0
OG5862_43_C_T	0
OG7821_652_G_A	0
OG8976_216_G_A	0
OG4468_223_T_C	0
OG10336_243_C_T	0
OG8310_477_C_T	0
OG6440_1073_A_C	0
OG7663_801_C_T	0
OG2546_861_A_T	0
OG6512_636_C_T	0
OG9470_357_C_A	0
OG9535_315_A_G	0
OG3027_84_A_G	0
OG6915_285_G_T	0
OG8139_504_G_T	0
OG9226_496_A_C	0
OG10379_166_T_A	0
OG10874_183_T_C	0
OG2635_1922_C_T	0
OG9027_267_G_A	0
OG10181_21_G_A	0
OG1491_258_A_G	0
OG1955_623_A_G	0
OG1962_1461_G_A	0
OG2888_441_C_A	0
OG4168_120_A_T	0
OG4597_1239_G_A	0
OG5116_994_A_G	0
OG5201_639_G_A	0
OG6034_906_T_C	0
OG7379_873_G_A	0
OG7764_468_T_A	0
OG7768_209_G_C	0
OG8062_655_C_T	0
OG8690_625_G_A	0
OG8754_378_A_C	0
OG9222_403_G_A	0
OG9541_115_G_A	0
OG9603_447_C_T	0
OG7552_795_G_A	0
OG4427_1300_A_T	0
OG1840_1158_C_T	0
OG4681_1152_G_A	0
OG2646_966_C_T	0
OG7686_777_C_T	0
OG6144_37_G_A	0
OG10304_93_A_T	0
OG4958_1252_A_G	0
OG6304_1387_A_G	0
OG6393_892_T_C	0
OG7954_118_A_G	0
OG7974_756_G_A	0
OG8807_811_G_A	0
OG8979_311_C_A	0
OG9195_449_C_A	0
OG9293_60_T_A	0
OG9428_78_A_T	0
OG9655_471_T_C	0
OG6834_87_T_C	0
OG6804_412_A_G	0
OG8678_171_C_T	0
OG9451_351_C_T	0
OG3623_1185_G_A	0
OG991_195_A_T	0
OG9830_183_T_C	0
OG8649_735_T_G	0
OG10225_27_C_T	0
OG3031_198_C_G	0
OG8520_42_C_T	0
OG9771_51_T_G	0
OG2456_321_G_A	0
OG4663_249_T_C	0
OG7287_278_C_T	0
OG8806_315_T_C	0
OG8955_474_T_C	0
OG9324_339_A_C	0
OG7114_533_A_C	0
OG797_2703_C_T	0
OG9609_333_G_A	0
OG6299_387_G_A	0
OG4173_594_C_T	0
OG7181_881_A_C	0
OG7716_504_C_T	0
OG8418_266_A_G	0
OG4059_1344_G_A	0
OG4540_738_G_A	0
OG5462_1024_G_A	0
OG6724_1068_G_A	0
OG7126_254_A_G	0
OG8048_462_G_A	0
OG8242_572_G_A	0
OG9028_201_T_C	0
OG9109_300_G_A	0
OG2957_1117_A_G	0
OG7271_243_A_G	0
OG2466_1285_C_T	0
OG7161_355_A_T	0
OG10254_689_A_C	0
OG7801_145_A_G	0
OG9157_111_G_C	0
OG1355_2208_G_A	0
OG7926_60_T_C	0
OG11295_24_A_C	0
OG9024_395_C_A	0
OG4266_516_C_T	0
OG6428_78_C_G	0
OG8422_28_C_T	0
OG6250_1072_G_A	0
OG8393_399_G_A	0
OG8467_648_A_G	0
OG4960_927_C_T	0
OG5748_507_G_A	0
OG10290_522_C_A	0
OG1876_1143_T_A	0
OG8512_177_A_G	0
OG7968_207_G_A	0
OG8002_812_C_T	0
OG9610_436_C_T	0
OG9970_210_T_A	0
OG10095_160_A_G	0
OG2165_1032_T_C	0
OG7798_162_C_T	0
OG2682_1573_G_A	0
OG9943_474_G_T	0
OG7390_678_A_G	0
OG6785_100_C_G	0
OG1018_2562_T_C	0
OG6944_399_C_G	0
OG6953_1011_C_T	0
OG7219_904_T_A	0
OG8767_166_A_G	0
OG2689_526_G_T	0
OG6035_287_C_A	0
OG9117_343_G_C	0
OG7699_39_A_G	0
OG7566_825_T_C	0
OG2505_2148_C_T	0
OG1405_2699_C_T	0
OG5921_756_T_C	0
OG8380_27_A_T	0
OG10318_201_A_G	0
OG7478_878_G_A	0
OG5486_711_T_A	0
OG4070_1293_C_T	0
OG10250_351_A_T	0
OG7553_642_C_T	0
OG8189_370_C_T	0
OG7655_530_C_T	0
OG8682_342_A_G	0
OG1701_2151_T_C	0
OG3666_1611_G_A	0
OG4454_660_C_T	0
OG8557_624_T_C	0
OG11129_44_C_A	0
OG6422_205_C_T	0
OG11140_6_T_C	0
OG10725_336_C_T	0
OG9958_282_C_T	0
OG8356_279_A_G	0
OG10444_132_A_T	0
OG6211_88_G_A	0
OG5434_225_G_A	0
OG9871_93_A_G	0
OG7634_823_T_A	0
OG7714_309_C_G	0
OG1496_96_C_T	0
OG5676_234_G_A	0
OG10217_260_T_A	0
OG5947_775_A_T	0
OG9826_294_G_A	0
OG8838_393_G_A	0
OG7159_447_T_C	0
OG10742_57_A_G	0
OG5889_440_A_G	0
OG9557_24_C_T	0
OG7723_228_C_T	0
OG10017_301_A_G	0
OG10631_24_T_C	0
OG5747_93_G_T	0
OG5799_453_T_C	0
OG5918_846_A_T	0
OG5966_1355_T_C	0
OG7340_369_A_C	0
OG8710_349_A_C	0
OG9105_24_G_T	0
OG5461_390_G_T	0
OG8901_573_A_G	0
OG10644_198_T_C	0
OG5325_1502_A_G	0
OG10056_388_A_G	0
OG1310_1456_G_T	0
OG3201_765_C_T	0
OG3280_226_A_G	0
OG4316_354_A_T	0
OG6175_231_T_G	0
OG6240_261_C_T	0
OG6481_671_G_C	0
OG7373_699_A_C	0
OG7881_294_A_T	0
OG8473_1013_T_A	0
OG9697_63_T_C	0
OG9750_153_T_C	0
OG7814_561_C_T	0
OG8086_612_G_A	0
OG4911_786_G_A	0
OG8750_81_A_T	0
OG5640_330_A_T	0
OG8653_114_C_T	0
OG3786_1266_T_C	0
OG8980_317_C_T	0
OG10748_180_A_G	0
OG10505_237_C_T	0
OG6517_249_G_A	0
OG10688_261_T_C	0
OG9549_644_C_A	0
OG3572_204_C_T	0
OG6217_189_C_T	0
OG6374_105_T_C	0
OG7526_403_A_G	0
OG8099_175_T_G	0
OG8135_414_A_G	0
OG9211_372_G_A	0
OG9882_345_T_C	0
OG6072_574_T_G	0
OG984_3120_C_T	0
OG4256_405_C_T	0
OG10852_167_G_A	0
OG8826_147_A_G	0
OG6683_663_C_T	0
OG7960_340_C_T	0
OG8039_520_G_A	0
OG8196_328_A_G	0
OG7649_114_A_G	0
OG8870_462_T_C	0
OG10824_64_A_C	0
OG10125_258_C_T	0
OG4299_873_G_A	0
OG10230_149_G_T	0
OG7710_627_T_C	0
OG10301_265_T_C	0
OG10440_664_C_A	0
OG6291_990_T_C	0
OG5924_294_A_G	0
OG10703_40_A_C	0
OG9862_321_C_T	0
OG10042_180_A_G	0
OG6328_747_C_T	0
OG10139_315_C_T	0
OG5467_1254_C_T	0
OG8924_546_A_G	0
OG11315_131_G_A	0
OG10578_45_T_A	0
OG10802_268_G_A	0
OG4447_1443_A_G	0
OG10558_181_T_C	0
OG10924_66_C_T	0
OG2223_1402_T_C	0
OG5334_1047_A_G	0
OG5846_1230_C_T	0
OG6564_65_A_C	0
OG7945_591_T_C	0
OG7202_1512_C_A	0
OG10812_346_A_G	0
OG2333_1791_A_G	0
OG3328_1833_T_C	0
OG10738_96_T_C	0
OG9917_210_G_A	0
OG10291_319_G_A	0
OG1402_2083_G_A	0
OG3552_255_A_T	0
OG4816_60_G_A	0
OG10169_300_G_A	0
OG10750_99_A_T	0
OG3008_1390_G_A	0
OG4294_1194_C_T	0
OG2098_1798_T_C	0
OG11156_156_A_G	0
OG10890_55_G_A	0
OG4119_1266_T_C	0
OG11126_9_G_A	0
OG9951_342_A_T	0
OG8078_351_T_C	0
OG6465_742_A_G	0
OG8381_672_A_C	0
OG9510_237_G_A	0
OG8238_118_A_G	0
OG9026_322_G_C	0
OG6976_312_G_A	0
OG10299_39_T_A	0
OG11348_810_G_C	0
OG7337_687_A_G	0
OG8131_379_C_A	0
OG5199_1135_T_C	0
OG10305_243_G_A	0
OG6762_525_T_G	0
OG5936_534_G_C	0
OG10514_204_C_A	0
OG10648_264_T_C	0
OG9310_75_C_T	0
OG10719_165_C_T	0
OG9891_289_T_C	0
OG10150_218_T_C	0
OG4674_30_G_A	0
OG5675_420_G_A	0
OG6180_1146_A_G	0
OG6279_624_A_G	0
OG6667_936_C_T	0
OG7479_263_A_C	0
OG8810_213_A_G	0
OG9036_474_A_G	0
OG9138_330_C_T	0
OG10102_318_G_A	0
OG8716_513_C_T	0
OG10774_277_G_A	0
OG8010_210_G_A	0
OG873_660_C_T	0
OG10039_132_T_A	0
OG2913_1946_G_A	0
OG5513_882_G_A	0
OG7000_612_G_A	0
OG7415_676_C_T	0
OG7489_511_A_G	0
OG8408_507_A_G	0
OG8573_78_C_T	0
OG10464_258_T_C	0
OG6065_624_T_C	0
OG5049_828_C_A	0
OG10252_96_G_A	0
OG6245_893_C_T	0
OG7781_29_C_T	0
OG7521_33_G_A	0
OG8504_616_C_T	0
OG10193_111_A_G	0
OG10804_93_G_A	0
OG4806_409_A_G	0
OG9251_324_C_T	0
OG9349_144_C_T	0
OG1443_596_A_G	0
OG9240_444_C_T	0
OG8916_306_G_A	0
OG10620_264_T_A	0
OG10705_243_T_C	0
OG4498_320_T_C	0
OG8017_417_G_A	0
OG8040_574_G_T	0
OG11245_124_G_A	0
OG7122_702_T_C	0
OG8005_510_T_C	0
OG5601_1050_C_T	0
OG6238_1548_C_T	0
OG9448_297_G_A	0
OG7848_424_G_A	0
OG8842_57_A_G	0
OG6969_795_A_G	0
OG9056_687_C_T	0
OG9742_507_G_A	0
OG10862_111_C_T	0
OG10130_209_A_G	0
OG8760_703_A_G	0
OG8689_12_G_A	0
OG10663_275_A_C	0
OG10145_396_C_T	0
OG10369_288_T_C	0
OG2945_609_C_G	0
OG8180_477_C_T	0
OG3533_492_C_T	0
OG11351_241_A_G	0
OG7715_186_T_C	0
OG10769_24_C_T	0
OG9909_229_A_G	0
OG5490_1392_T_G	0
OG7641_508_G_A	0
OG7762_66_G_A	0
OG9116_279_T_C	0
OG10865_49_G_T	0
OG10452_93_T_C	0
OG3357_408_A_G	0
OG9002_127_G_A	0
OG8974_405_A_G	0
OG9167_469_A_G	0
OG10207_387_G_A	0
OG8934_459_T_G	0
OG10512_187_C_T	0
OG10767_204_C_T	0
OG10585_38_A_G	0
OG978_1038_C_T	0
OG9153_33_C_T	0
OG7867_108_G_A	0
OG8597_278_C_T	0
OG10572_60_T_C	0
OG6429_642_G_A	0
OG11009_258_G_T	0
OG6536_930_G_A	0
OG11227_267_C_A	0
OG8176_318_G_T	0
OG11286_458_G_A	0
OG6210_225_C_T	0
OG10306_144_T_C	0
OG9338_66_C_T	0
OG5503_497_C_T	0
OG10538_123_A_G	0
OG2186_630_C_T	0
OG6146_795_C_A	0
OG9953_450_A_G	0
OG5703_1041_T_C	0
OG10665_249_T_C	0
OG7733_739_A_T	0
OG8891_601_C_T	0
OG5561_1122_A_G	0
OG6734_130_A_G	0
OG4835_1077_G_A	0
OG3959_651_G_A	0
OG10499_71_C_A	0
OG5954_656_C_T	0
OG6363_78_T_C	0
OG7637_369_T_C	0
OG8029_243_C_T	0
OG8319_195_A_T	0
OG9579_436_G_A	0
OG10931_79_T_G	0
OG4358_478_G_A	0
OG8499_579_G_A	0
OG9366_288_G_T	0
OG9971_302_G_A	0
OG5998_1042_C_T	0
OG5967_460_A_T	0
OG5268_163_G_C	0
OG9029_195_T_C	0
OG9241_240_G_A	0
OG8701_217_C_T	0
OG7918_954_C_T	0
OG8977_462_G_A	0
OG9080_198_G_A	0
OG9898_87_C_T	0
OG7666_69_T_C	0
OG3490_244_A_T	0
OG9500_506_C_T	0
OG6747_973_G_A	0
OG9459_330_C_T	0
OG2895_428_T_C	0
OG10756_34_G_A	0
OG10714_459_G_T	0
OG10889_303_C_T	0
OG10995_330_T_C	0
OG3319_1384_A_G	0
OG6067_1077_T_A	0
OG7177_708_T_C	0
OG11258_942_C_T	0
OG8855_150_A_C	0
OG9567_494_A_C	0
OG6901_164_A_T	0
OG2501_3080_G_A	0
OG10653_510_A_T	0
OG10475_216_C_A	0
OG6036_271_G_C	0
OG10289_30_C_T	0
OG9518_183_T_C	0
OG2591_120_T_C	0
OG6323_123_A_T	0
OG10434_318_G_A	0
OG5691_844_T_A	0
OG10358_129_T_C	0
OG4371_1359_C_T	0
OG6480_879_G_A	0
OG9679_463_G_A	0
OG3053_1386_A_T	0
OG8542_480_A_G	0
OG8401_636_A_G	0
OG6608_231_C_T	0
OG7235_675_C_T	0
OG8112_702_G_A	0
OG6492_138_C_T	0
OG9718_147_G_C	0
OG7964_789_T_G	0
OG9057_126_T_C	0
OG3245_38_C_T	0
OG4255_255_C_T	0
OG8164_185_A_T	0
OG8813_435_G_A	0
OG4519_589_C_A	0
OG7336_456_T_A	0
OG9395_565_T_C	0
OG5374_37_T_A	0
OG638_4809_G_A	0
OG11097_1098_T_G	0
OG7420_210_C_T	0
OG9127_75_C_T	0
OG10186_30_A_G	0
OG9630_127_A_C	0
OG6077_1408_A_G	0
OG11263_500_T_C	0
OG2468_942_T_C	0
OG10319_78_G_A	0
OG10548_7_G_T	0
OG2221_1073_G_A	0
OG7669_85_C_G	0
OG11332_869_G_A	0
OG7940_27_G_A	0
OG5911_981_C_T	0
OG7205_747_G_A	0
OG2824_207_C_T	0
OG7447_762_G_T	0
OG4405_327_G_A	0
OG11313_166_C_G	0
OG9418_392_G_A	0
OG10456_138_T_C	0
OG10965_134_A_G	0
OG1805_279_C_T	0
OG2179_1695_A_G	0
OG6348_759_G_A	0
OG6960_69_A_C	0
OG7383_333_T_C	0
OG7464_553_G_A	0
OG8623_470_G_T	0
OG9199_42_T_A	0
OG9474_51_A_G	0
OG10547_18_A_G	0
OG3967_844_T_C	0
OG5237_63_C_T	0
OG8463_399_A_G	0
OG10808_182_A_G	0
OG9692_159_G_A	0
OG9847_126_A_C	0
OG10915_183_G_A	0
OG3458_1998_A_G	0
OG7858_861_G_A	0
OG9378_402_A_T	0
OG7215_702_A_C	0
OG8706_279_G_A	0
OG8912_390_T_C	0
OG7330_255_T_C	0
OG10911_104_A_T	0
OG9403_13_G_A	0
OG9548_158_C_T	0
OG10466_78_A_G	0
OG8568_240_G_A	0
OG7472_241_T_C	0
OG3556_843_A_C	0
OG10007_70_T_A	0
OG10155_366_T_A	0
OG10657_280_T_C	0
OG10028_36_C_T	0
OG5489_1095_A_G	0
OG5535_160_A_C	0
OG5633_966_G_T	0
OG9846_82_T_G	0
OG10857_261_C_T	0
OG9309_75_C_A	0
OG11093_488_G_A	0
OG10088_387_C_T	0
OG8796_396_C_T	0
OG8811_399_A_G	0
OG10132_138_T_C	0
OG6484_693_C_T	0
OG10365_523_G_C	0
OG11218_376_G_A	0
OG9261_493_C_A	0
OG8136_625_G_A	0
OG10886_99_A_T	0
OG9934_297_C_T	0
OG10394_131_A_T	0
OG7339_246_A_T	0
OG5715_52_G_A	0
OG10476_372_G_A	0
OG10706_36_C_G	0
OG9850_270_C_T	0
OG8436_522_T_C	0
OG7825_334_C_T	0
OG9709_309_G_A	0
OG10158_390_T_C	0
OG10170_399_T_C	0
OG10438_210_T_C	0
OG8764_453_G_A	0
OG10350_171_T_C	0
OG10837_229_A_G	0
OG9931_183_T_C	0
OG10382_85_A_C	0
OG10860_177_T_C	0
OG5153_1107_C_T	0
OG6192_1062_G_C	0
OG7136_991_T_C	0
OG8705_451_T_C	0
OG9479_207_T_C	0
OG9639_86_G_A	0
OG9885_300_A_G	0
OG10093_180_A_G	0
OG10256_81_C_T	0
OG10372_291_C_T	0
OG10409_296_G_A	0
OG10488_96_C_T	0
OG10523_451_C_G	0
OG10534_249_A_T	0
OG10598_132_T_C	0
OG10700_6_T_C	0
OG10737_207_C_T	0
OG11271_636_T_C	0
OG11299_216_G_A	0
OG8377_42_G_A	0
OG9591_555_T_C	0
OG9699_573_T_C	0
OG9778_57_G_A	0
OG10026_340_G_C	0
OG10295_108_G_A	0
OG10398_196_C_T	0
OG10458_375_C_A	0
OG10642_195_G_A	0
OG10666_261_G_C	0
OG10671_99_T_C	0
OG10673_271_C_A	0
OG10717_234_C_A	0
OG10752_237_T_G	0
OG10762_136_C_T	0
OG10836_346_A_C	0
OG10939_309_T_C	0
OG11330_82_G_C	0
OG4544_606_T_C	0
OG6968_9_G_A	0
OG6977_444_C_T	0
OG8125_276_G_A	0
OG8611_66_G_A	0
OG8709_198_A_G	0
OG9212_381_C_T	0
OG9543_354_C_T	0
OG9555_87_C_T	0
OG10380_21_G_A	0
OG9790_99_A_T	0
OG5137_265_T_C	0
OG8578_216_G_A	0
OG9183_105_G_A	0
OG8965_345_C_T	0
OG9189_549_A_G	0
OG10614_303_T_C	0
OG10740_279_A_G	0
OG10922_123_T_C	0
OG11071_186_C_T	0
OG9299_405_T_C	0
OG10549_33_G_A	0
OG10356_800_C_A	0
OG9435_234_T_A	0
OG10247_50_G_A	0
OG11029_441_C_T	0
OG10326_339_G_A	0
OG9863_600_A_T	0
OG9928_288_G_A	0
OG10576_54_G_T	0
OG10832_38_A_C	0
OG9566_134_C_A	0
OG11314_170_C_A	0
OG8298_253_A_G	0
OG10918_231_G_A	0
