snp_id	importance
OG10912_420_T_C	0.220476723301022
OG1976_426_G_T	0.202363956733933
OG7207_234_G_A	0.196969258730497
OG4224_1050_T_C	0.17949001776334
OG5110_222_T_A	0.156034621323306
OG7216_57_A_T	0.148303619265646
OG9628_489_C_T	0.137607668259906
OG3714_1686_T_C	0.137590011319103
OG5850_909_C_T	0.134474745802925
OG9526_144_A_G	0.127354062278676
OG7324_274_C_T	0.126892326141078
OG1795_714_A_G	0.123188085128919
OG5808_903_A_G	0.121882570710912
OG7218_396_T_C	0.120694182226748
OG1327_2338_C_A	0.118554685105004
OG6635_925_A_G	0.114874067778991
OG1318_1023_A_T	0.111768578631756
OG5594_543_C_T	0.110844561158846
OG5421_981_A_G	0.108664743814272
OG2781_493_C_G	0.108165413023913
OG7957_855_C_T	0.107505170179782
OG10056_42_G_C	0.106754462851936
OG2019_3100_G_T	0.10260774218391
OG5688_339_A_G	0.102015154615021
OG2052_1287_G_A	0.0986852023260292
OG10346_132_C_T	0.0976692693372444
OG8035_618_T_C	0.0941784371582203
OG1984_1446_A_G	0.0926162366648882
OG4772_906_A_G	0.0902554841349603
OG7407_750_A_T	0.0891777833967098
OG2368_723_G_A	0.0869444860719208
OG8802_135_A_G	0.0858315899616404
OG685_2090_T_A	0.0844720914790531
OG3951_693_C_T	0.0816626843247092
OG436_2358_T_G	0.0797361436831971
OG2717_1980_G_A	0.0792442085692086
OG2038_2463_C_T	0.0786794504312264
OG587_6751_C_A	0.0786420719403277
OG943_2997_T_C	0.0779243657623289
OG2512_1074_C_T	0.0772378642063794
OG3474_160_G_T	0.0771364161566537
OG4275_435_A_T	0.0769284329109238
OG1804_447_T_C	0.0767510975333108
OG1339_1782_C_T	0.0764804110807609
OG381_2826_G_A	0.0762943504926785
OG1609_3033_T_A	0.0746924442585282
OG2616_36_T_C	0.0746263158556484
OG9682_30_T_A	0.0733619013954044
OG2999_1047_C_T	0.0730627575615042
OG3543_748_C_T	0.0723483509192449
OG9280_254_T_C	0.0721678016012959
OG5362_706_C_A	0.071893953897801
OG1641_393_T_C	0.0713570714536655
OG3397_1289_G_C	0.0708045566955095
OG5484_336_T_A	0.0698277243973833
OG9855_330_C_T	0.0696616933195872
OG7684_913_G_A	0.0696353255983036
OG1078_2220_C_T	0.0689997376378878
OG8040_574_G_T	0.06872043673917
OG3958_333_T_C	0.0684365439474372
OG313_6141_T_C	0.066954743078196
OG5887_225_G_A	0.0669062036154267
OG2013_2016_T_C	0.0663105668906474
OG2909_1291_A_G	0.0650316503835598
OG8341_468_A_C	0.0647897294739945
OG3554_1031_A_G	0.064473555460013
OG2901_2025_G_A	0.0638432747762357
OG3720_219_A_C	0.0632647271348167
OG4114_72_C_A	0.0630453732794108
OG1264_2607_T_C	0.0623394264525425
OG532_755_G_C	0.0615495390392779
OG681_2595_C_T	0.0613271877998252
OG6312_105_T_C	0.0610169519242491
OG1363_2983_G_A	0.0606019841907722
OG6467_846_T_C	0.0604288097449222
OG2578_160_C_T	0.0599483602219476
OG417_3375_C_T	0.0598686489742786
OG524_1875_A_G	0.059803777926068
OG11182_196_A_G	0.0594301858607305
OG3942_456_G_A	0.0594041346928197
OG1259_1017_A_G	0.0586832177664931
OG9083_519_C_T	0.0583105223399999
OG1390_465_A_G	0.0577565281961099
OG5880_429_G_A	0.0575955660676468
OG2346_429_A_G	0.0570132696378132
OG7903_576_C_T	0.0569551304503656
OG3353_2028_G_A	0.0567906218053259
OG7197_474_A_G	0.0567665410794014
OG9713_375_G_T	0.0566804020536841
OG8540_516_A_G	0.0561295509791421
OG928_364_T_A	0.0559815491675249
OG776_1359_C_T	0.0553359287788197
OG4718_372_C_T	0.0553178502701676
OG7773_95_A_G	0.0552930549965013
OG6514_495_A_G	0.0550211168720489
OG6345_288_T_C	0.0550033084276552
OG4056_732_T_A	0.0549949492837926
OG7545_783_C_T	0.0549760861665402
OG7243_876_A_C	0.0549287639284582
OG4982_1263_C_T	0.0544913995714194
OG10499_153_C_T	0.0543674287643545
OG8497_417_A_C	0.0543240318624936
OG4956_1609_G_A	0.0541879190077698
OG729_3027_G_A	0.05410624253759
OG5223_141_A_T	0.0537868944163639
OG6320_585_G_C	0.0534943838684176
OG72_14334_G_A	0.0531454983248883
OG1024_2496_T_G	0.0528171875125231
OG5775_342_A_T	0.0527614833222464
OG1772_2583_A_G	0.0527014474051599
OG9419_289_T_C	0.0524798255497384
OG10466_378_G_A	0.052458199969029
OG9098_649_A_G	0.0523367645628639
OG9144_162_G_A	0.0514523612855129
OG9649_159_A_G	0.0511366692310766
OG3655_1629_C_T	0.0510933190021848
OG7938_501_A_G	0.0510776980776835
OG2086_1298_C_T	0.0508162269429917
OG7014_786_A_C	0.0501801561013802
OG1415_537_A_C	0.0499383222737127
OG664_3767_T_C	0.0498433521234581
OG1693_1807_T_C	0.0498284014530356
OG5203_71_A_G	0.0495475383077798
OG8874_87_T_C	0.0493525743281706
OG665_1855_G_A	0.0490955944601498
OG8025_60_C_T	0.0490221184917678
OG6624_228_G_A	0.0486984837567148
OG8780_165_T_C	0.0485017086005346
OG7310_246_A_T	0.0482739010440196
OG6042_978_G_A	0.0482536528363473
OG5452_609_G_A	0.0480522899997081
OG10474_99_T_C	0.0480128523266903
OG8526_479_G_C	0.0477775521664979
OG10816_369_G_A	0.0474689989099949
OG4387_1261_G_A	0.0473758348363236
OG2588_1101_T_C	0.0472218191489841
OG6779_96_A_G	0.0470646687626531
OG2238_2088_C_T	0.0470556501890131
OG1544_1878_C_T	0.0468773544122171
OG3143_2109_G_A	0.0467703899888568
OG8982_786_T_C	0.0465916349601938
OG9136_692_T_C	0.0460938443191083
OG1790_1899_C_T	0.0460291132208062
OG3625_658_A_C	0.0459677322491508
OG10765_288_T_A	0.0456399532438003
OG9950_141_G_A	0.0454802978085735
OG4402_1548_C_T	0.0447573868271635
OG7194_504_G_A	0.0444526286369325
OG807_960_G_A	0.0443881122578151
OG6018_439_T_A	0.044201427563893
OG7734_810_T_C	0.0441072573454766
OG5615_1026_C_T	0.0439651365384739
OG63_8889_A_T	0.0439145414768716
OG8375_702_G_T	0.0434020476337313
OG2830_299_G_A	0.0431420459178489
OG3806_486_A_C	0.043117885129128
OG9281_552_G_A	0.0430961123971663
OG1860_204_C_T	0.0426951278838923
OG7720_327_A_G	0.0424363618722515
OG1084_166_T_C	0.0422299270363735
OG6619_237_G_T	0.0422265970881534
OG9594_204_A_G	0.0420693096396315
OG4242_928_C_A	0.041880678383765
OG3891_1449_A_G	0.0417194675148086
OG5040_958_C_A	0.0416655681728123
OG2199_318_A_G	0.0415044728791228
OG836_2676_G_A	0.0414050900899095
OG6691_441_G_A	0.041209335462915
OG9204_102_A_T	0.0411757373210083
OG9784_166_C_G	0.0410377407817979
OG1066_219_C_T	0.0408519729971489
OG1489_1440_T_A	0.0404145015647893
OG973_1452_G_A	0.0403433767714919
OG7068_176_A_G	0.0400244481596007
OG6413_864_A_G	0.039906832179696
OG7424_711_C_T	0.0398782871881601
OG1584_2043_A_T	0.0397887126973363
OG7286_384_T_A	0.039784022705797
OG84_1057_C_T	0.0397068718615636
OG4482_1347_G_A	0.0396140663591519
OG10515_157_C_T	0.0394623518888857
OG5120_1206_A_C	0.0394178814161745
OG6109_579_A_G	0.0392282915198169
OG3434_585_A_G	0.0390022232964993
OG2560_1554_G_T	0.0389918000398851
OG8343_87_G_A	0.0389054370537052
OG7397_534_T_A	0.0388851796504554
OG190_2667_G_A	0.0388679148838321
OG9004_495_A_G	0.0385829794349238
OG10019_33_G_C	0.0383305974624735
OG1988_1273_C_T	0.0382637016768348
OG5965_1194_G_C	0.038082106575712
OG3174_417_A_T	0.0380808898854795
OG6770_288_C_T	0.0380359072326551
OG8569_230_G_A	0.0378763354166865
OG1626_2618_A_G	0.0377458755166756
OG7375_457_G_A	0.0376105258176634
OG8614_558_T_C	0.0375233370204736
OG6897_23_A_C	0.0374986345689287
OG7059_283_G_A	0.0373796984481346
OG3431_28_G_A	0.0373214682338103
OG5161_34_T_G	0.0371597238709003
OG195_4263_A_G	0.0368962880865425
OG10065_434_A_C	0.0366214522148893
OG7423_651_T_C	0.0366041620074209
OG11152_178_T_C	0.0365506462914622
OG8300_144_A_G	0.0365491045555396
OG3160_1743_C_T	0.0365228736218452
OG10066_63_C_T	0.0365050596489478
OG440_2490_T_C	0.0364734782758413
OG4631_357_A_C	0.0364212630351201
OG11049_279_T_C	0.036266425817416
OG258_4056_T_C	0.0361369028956201
OG9672_501_A_G	0.0360885729207421
OG11044_771_G_A	0.0359833565990525
OG7648_954_C_A	0.0359697022137536
OG4339_408_G_T	0.035908641778341
OG5889_39_T_C	0.0358704063246037
OG4991_876_C_T	0.0357819644151552
OG4360_919_A_G	0.0355790484062156
OG7731_606_T_C	0.0355343498827298
OG9284_180_T_A	0.0354977769495162
OG2274_1551_A_G	0.0354975346315057
OG5529_334_C_G	0.0354414465132488
OG7471_312_C_T	0.0353456498779088
OG2971_1503_A_T	0.0352701312221334
OG9008_408_T_G	0.0350865286123163
OG9347_174_C_T	0.0349703074691426
OG5527_540_C_T	0.034902899967682
OG8083_21_T_A	0.0348564937961789
OG7051_321_T_C	0.0348339247501133
OG3785_589_T_C	0.0347650747146364
OG5475_241_G_A	0.0346873185668702
OG8002_135_T_C	0.0340215616705506
OG10747_51_C_T	0.0338981042191084
OG1694_1089_C_T	0.0336499457851932
OG5635_379_C_T	0.0335527549454237
OG4839_243_C_T	0.0334358942227363
OG3416_1532_G_C	0.0333669244970716
OG4775_126_G_A	0.0332346025815429
OG4199_1639_C_T	0.0331882837153808
OG10014_426_T_A	0.0330064472852773
OG3426_1373_C_G	0.0330029549731985
OG5749_1077_A_G	0.0329914951161037
OG8224_720_G_A	0.032836015742535
OG4035_1525_G_T	0.0328353713094921
OG3360_1521_C_G	0.0327578999427627
OG6658_573_C_T	0.0326288769085452
OG5046_1083_A_G	0.0324785314626835
OG3112_1492_A_C	0.0324565254828094
OG4107_1254_C_T	0.0323418786791192
OG6261_111_G_A	0.0322890839760735
OG1103_2442_T_C	0.0322878867266371
OG4600_452_A_T	0.0322769127605491
OG3439_1588_G_A	0.0321185452851695
OG10503_333_A_T	0.0317633803901711
OG8493_345_A_T	0.0314918527526444
OG8412_252_C_T	0.0314811858076564
OG9537_417_C_A	0.031373267808698
OG9413_471_T_C	0.0312997570306998
OG3270_1653_C_T	0.0312563662062132
OG1677_2826_G_T	0.0312058500600635
OG10796_282_A_C	0.0311763978060206
OG8956_81_T_G	0.0311750235564262
OG7399_771_A_G	0.0308697883673971
OG2471_2014_C_T	0.0308596938916949
OG6613_357_G_A	0.0307685127674258
OG5266_772_C_T	0.0305715618287351
OG9697_153_A_G	0.0305658291822265
OG3868_726_C_A	0.0305531386555675
OG2089_561_C_T	0.030533299435035
OG7061_1020_G_A	0.0303388711384401
OG1718_2250_T_C	0.0303213330376139
OG3014_429_A_G	0.0302927742707928
OG8559_72_C_T	0.0300377292994885
OG5211_1063_C_T	0.0299596410533911
OG4457_1236_C_T	0.0299029618113058
OG2597_114_A_G	0.0297987274933991
OG7048_994_C_T	0.0297958201158984
OG4133_1188_G_A	0.0297936122211122
OG7199_660_G_C	0.0297406008465219
OG4525_388_A_G	0.0296320296472637
OG3300_685_C_T	0.0293368417886426
OG1669_1586_G_A	0.0292985423227622
OG2964_1839_T_C	0.0292185986598003
OG10051_216_T_C	0.0291624821669558
OG2617_793_G_A	0.0290443301266974
OG5517_129_G_A	0.0289903936196819
OG7135_928_G_A	0.0289553657578849
OG4832_498_C_G	0.0286516863310981
OG9174_504_C_T	0.0285922204949858
OG4542_76_T_A	0.0285320705561681
OG9360_88_A_G	0.0284944026884161
OG1412_852_A_G	0.0282020145235548
OG9197_418_T_C	0.0281681680867639
OG9327_531_T_C	0.0281530369610334
OG4633_839_T_A	0.0281099325616225
OG387_5058_T_C	0.0281009068860439
OG5838_18_G_A	0.0280995743387048
OG10046_372_C_T	0.028090643738023
OG1948_1251_G_A	0.0278044257026065
OG2254_130_T_A	0.0277985358120116
OG4549_682_G_A	0.0277701258347353
OG339_4791_C_T	0.0277443851208112
OG8020_822_G_A	0.0277340743981575
OG4908_630_G_A	0.0276769566387105
OG308_2706_A_G	0.0276439901095789
OG10325_342_T_A	0.0276001349527665
OG8988_372_A_G	0.0275992895093403
OG4246_533_A_G	0.0274255810497746
OG11147_429_C_G	0.0273616680495276
OG4520_1107_G_C	0.0273156235956236
OG5566_1177_T_C	0.0272815874653955
OG6363_585_G_A	0.0272762933177234
OG3470_1464_A_C	0.0272088772360504
OG7106_818_A_T	0.0271301390466126
OG9472_303_C_T	0.0271109428756488
OG3025_1140_A_G	0.0269778888070639
OG4566_333_A_G	0.0269691854708125
OG10414_267_C_T	0.0269334204203387
OG1030_3051_C_T	0.0268153263222099
OG2445_681_T_C	0.0267963922787452
OG413_3846_T_G	0.0267191875380822
OG9992_363_A_G	0.0267145211879427
OG435_4744_G_A	0.0266847960695836
OG6812_663_T_C	0.0266691358348181
OG1247_269_A_C	0.0266431897569429
OG1800_361_C_T	0.0266407954849686
OG1345_2958_A_G	0.0266380078321255
OG6726_711_G_T	0.0266284709259604
OG6265_1113_T_A	0.0266005022367609
OG3568_1167_G_A	0.0265010509714121
OG7628_801_G_A	0.0264267032967033
OG1933_1467_A_G	0.0264107658700302
OG544_2598_C_T	0.0263524584565761
OG2290_1155_T_C	0.0263142576352808
OG8981_606_C_T	0.0262825659933037
OG5583_1040_G_A	0.0262639113303147
OG10532_216_C_T	0.0262411945966113
OG6014_1239_C_T	0.0262074062779326
OG10444_105_A_G	0.0261777288910379
OG4077_1041_G_A	0.0261016249551158
OG7306_981_T_G	0.0260881711622482
OG5510_228_T_A	0.0260792341904743
OG933_1890_G_A	0.0259751973035347
OG2797_133_A_C	0.0259531620583452
OG1953_675_C_T	0.0259426732824967
OG15_13500_A_T	0.0258791853470091
OG7887_243_C_T	0.0258600840336134
OG5847_1116_G_A	0.0258501674285757
OG1417_1959_A_G	0.0257784448245749
OG422_3606_A_G	0.0257427533842253
OG6269_999_G_A	0.0257223763683166
OG5360_630_C_T	0.0257051888502883
OG2720_856_C_T	0.0256920634920635
OG2835_540_C_T	0.025674821165226
OG1470_2531_A_G	0.0256704761904762
OG7872_348_G_A	0.0256513852753049
OG1133_2844_T_C	0.0256394186273497
OG5511_1068_G_A	0.0255981621588634
OG2618_2163_G_A	0.0255857142857143
OG7912_372_A_G	0.0255362713788943
OG9090_459_T_C	0.0254857261286284
OG2083_2196_C_T	0.025453095441075
OG8928_396_T_G	0.0254326666073971
OG8088_171_A_G	0.0254123660290327
OG3729_1011_T_C	0.0253465530145268
OG8696_99_G_A	0.0253240585122938
OG4684_483_T_C	0.0252607354979259
OG5776_709_C_T	0.0252223905946215
OG5153_639_G_A	0.0252160702617261
OG5767_612_T_C	0.0251535460624666
OG9681_147_A_C	0.025141781398678
OG9662_486_C_T	0.0251177255597592
OG8699_213_C_T	0.0251167985909365
OG5787_84_T_C	0.0250841402449354
OG9838_321_C_T	0.0250589793602506
OG187_6595_G_C	0.025036036838978
OG7617_651_G_A	0.0249849011148974
OG8207_767_C_T	0.0249021123120696
OG7094_900_A_G	0.024781195274343
OG1742_757_C_A	0.0247584925263252
OG4830_108_T_C	0.0247244698926235
OG9333_468_C_T	0.0246518965420478
OG5754_285_C_T	0.0246082037342137
OG7316_348_A_G	0.0245938121462061
OG962_333_T_C	0.0245937822526058
OG2957_1729_C_T	0.0243841009274648
OG1384_120_A_G	0.0243797890710933
OG217_6786_C_T	0.0243625541125541
OG2955_1176_C_T	0.0243326344923411
OG7189_573_G_A	0.0242270441254652
OG9398_216_T_A	0.0241789768340214
OG10397_240_G_T	0.0241198287823288
OG3860_1209_G_A	0.02408205280385
OG5753_678_C_T	0.0240463872288381
OG1555_438_T_C	0.0240382774088656
OG2219_861_G_A	0.0240155391976445
OG8876_539_C_T	0.0239589582579543
OG6740_102_T_C	0.023914463013206
OG5555_549_G_T	0.0238050442311312
OG10186_159_G_A	0.0237829130999719
OG151_7494_C_T	0.023727964519141
OG3399_141_T_C	0.0236670875420875
OG10139_315_T_C	0.0236567095336605
OG1730_2664_G_A	0.0235885137963231
OG2752_537_G_A	0.0235534336782828
OG8945_459_T_A	0.0235320302593957
OG3286_1128_A_C	0.0235133394383394
OG7232_549_G_A	0.0234091200165739
OG2979_402_C_T	0.0233658926789362
OG8261_243_A_G	0.0233597883597884
OG8542_573_A_G	0.0233438403902317
OG5927_1026_C_T	0.0232565548486601
OG392_68_G_C	0.0232521878121878
OG2865_2244_T_C	0.0232521445442085
OG5922_978_C_T	0.0232469087891952
OG8831_195_G_A	0.0231203814773463
OG7099_258_C_T	0.0230558661667769
OG885_3541_A_G	0.0230316454664057
OG609_4338_T_A	0.0229897909384595
OG4556_576_G_A	0.0229347726895636
OG1074_3345_C_T	0.0229178864458517
OG9769_255_A_G	0.0228068613056395
OG560_2898_A_G	0.0227879462140967
OG6472_1152_A_G	0.0227382097696824
OG7312_645_C_T	0.0226678420503311
OG1233_1428_A_G	0.0225504983636857
OG10605_48_A_C	0.022526578920393
OG6765_694_T_A	0.0224944245519668
OG648_4296_T_C	0.0224591176585764
OG4567_618_A_G	0.0224543073538955
OG1824_2672_C_G	0.0224209407814297
OG8574_186_C_T	0.0224205820442987
OG2473_21_G_C	0.0224090339152008
OG7803_906_T_C	0.0223690159577345
OG1282_2805_A_G	0.0223404911873038
OG3202_1740_G_A	0.0222922879935539
OG8405_24_C_G	0.0222818135021206
OG3012_889_A_C	0.0222712033177551
OG2787_424_T_G	0.0222517717217946
OG2180_1692_A_T	0.0222398629370109
OG3515_1567_G_A	0.0221940617353661
OG3413_1212_G_A	0.0221661009220669
OG10258_339_C_T	0.0221190598874809
OG5736_792_A_G	0.0221176614101622
OG10199_81_T_C	0.0220626735273058
OG8409_105_C_T	0.0219727386925452
OG2149_2028_C_T	0.0219714285714286
OG3516_555_C_G	0.0219585397316822
OG3590_363_G_A	0.0219533596900208
OG803_334_A_G	0.0219396089749031
OG6685_543_C_T	0.0218913072173728
OG6674_682_T_C	0.0218663533834586
OG3881_954_A_C	0.0218580177269223
OG5473_1008_C_T	0.0218277204676802
OG8674_266_G_A	0.0218259567946564
OG9590_354_G_A	0.0218087457205104
OG1510_320_A_C	0.0217753968086374
OG2692_898_T_C	0.0217716090231608
OG4485_861_C_T	0.0217620835396631
OG7963_348_A_C	0.0216664622695372
OG65_3886_C_T	0.0216103174603175
OG2674_1723_A_G	0.0216089820299203
OG2440_1083_T_G	0.0215424341699501
OG7690_1036_A_G	0.0215264464764918
OG4182_219_C_T	0.0214595323527014
OG563_681_A_G	0.0213924135296228
OG1177_2229_C_T	0.0213902625076259
OG7404_591_A_G	0.021322322775264
OG5477_618_G_A	0.0212236850295674
OG4462_1086_T_G	0.0212212287712288
OG509_2160_T_C	0.0210167900252333
OG6993_831_G_C	0.0209651341853258
OG4521_444_C_A	0.0209612855421488
OG2607_687_A_G	0.0209372948613453
OG4891_132_T_G	0.0209300622322294
OG642_4314_C_T	0.0209259573759574
OG399_3399_C_T	0.0209230532320234
OG6778_333_T_G	0.0208932399868004
OG5485_1118_G_A	0.0208831376318056
OG10360_414_C_T	0.0208828980198545
OG1431_2574_T_C	0.0208742249663178
OG459_1749_A_G	0.0207802242860233
OG10396_48_T_G	0.0207242697511296
OG2534_234_G_A	0.0206844573141761
OG3759_1134_T_C	0.0206782142857143
OG5083_813_A_T	0.0206673665700078
OG9527_225_C_T	0.0205629716546525
OG4154_1062_G_A	0.0205007381477462
OG8899_453_A_G	0.0204678437667202
OG2009_999_G_A	0.0204499474902463
OG1612_270_C_T	0.0204294448520421
OG5603_147_A_G	0.0203919856767625
OG11270_477_C_G	0.0203797888386124
OG4350_1131_G_A	0.0203639747332276
OG9550_27_A_G	0.0203282570642661
OG4418_306_A_G	0.0202958994708995
OG2383_1758_A_G	0.020276782488972
OG10370_85_C_T	0.0202756979012183
OG1969_521_A_C	0.0202480848861284
OG3973_156_T_C	0.0202387371615313
OG1563_1206_A_G	0.0200491631108081
OG2379_1737_G_A	0.0200424242424242
OG5467_902_G_A	0.0200329569087835
OG319_3000_C_T	0.0200036662366256
OG10209_81_G_A	0.0199944499999695
OG1918_525_T_C	0.0199911671650466
OG1567_2295_A_G	0.0199589237349817
OG280_4758_T_C	0.0198962295459435
OG268_6294_C_G	0.0198708419599724
OG7834_615_T_C	0.0198337398373984
OG5906_876_G_A	0.0198034032416385
OG1155_1857_T_C	0.0198003022495758
OG2470_290_G_A	0.0197971405228758
OG1118_2025_G_A	0.019735107858933
OG9882_294_C_A	0.0197106346248964
OG7592_690_G_A	0.0196698033534079
OG8859_462_C_T	0.0196585253577447
OG7267_765_T_C	0.0196003030665865
OG7495_486_A_G	0.0195862745098039
OG98_7641_C_T	0.0195022219009061
OG4502_699_A_T	0.0194261405984141
OG493_2517_G_A	0.0194256132756133
OG4117_219_A_T	0.0194238647279824
OG3442_1419_T_C	0.0193753607503607
OG3607_1015_A_T	0.0193264650382297
OG2924_738_A_G	0.0193238095238095
OG249_4941_G_A	0.0193201762876461
OG7836_46_G_C	0.0193144107191687
OG2544_825_T_A	0.019301782062415
OG8901_40_A_T	0.0193014222380152
OG6302_498_G_A	0.0192636233572194
OG348_2415_C_T	0.0191722129250261
OG8427_174_C_T	0.0191341482454637
OG5539_1246_G_T	0.0190914022878196
OG9370_167_A_T	0.0190897533265954
OG926_1251_C_T	0.0190675803124079
OG10777_60_A_T	0.0190566138196916
OG50_2856_G_A	0.0190490572441569
OG3347_1306_T_C	0.0190136739338225
OG4314_681_T_C	0.0189770087549713
OG8991_287_G_A	0.0189375056729896
OG2983_706_G_A	0.0189124218545971
OG371_708_A_G	0.0188915214866434
OG4506_897_T_C	0.0188811111111111
OG3477_771_C_T	0.0188523676323676
OG10549_189_G_A	0.0188271313795452
OG3207_1563_A_G	0.0188228240438052
OG3171_1581_G_A	0.0188138461126077
OG6355_150_C_T	0.0187988664115181
OG7076_183_G_A	0.0187894110380332
OG9053_581_C_T	0.0187725779967159
OG7672_639_T_G	0.0187672579453067
OG3433_1773_G_T	0.0187622783130848
OG4340_1074_G_C	0.0187470416012091
OG1364_1443_C_T	0.0187087251190699
OG4481_383_A_G	0.0186955710955711
OG5386_1038_T_C	0.0186924403610574
OG484_303_A_G	0.0186842892843609
OG5286_534_G_T	0.0186793787679462
OG1492_1489_C_A	0.0186090964843087
OG3990_2074_C_T	0.0185885714285714
OG2546_942_T_C	0.0185593406593407
OG9909_102_T_C	0.0184790751337756
OG9899_117_G_A	0.0184789525566324
OG1977_810_C_A	0.0184485833800902
OG721_1086_G_T	0.0184466682786587
OG1494_393_G_A	0.0184347630439736
OG5407_985_C_A	0.0183932830494554
OG238_822_T_C	0.0183911064821703
OG2367_1233_A_G	0.0183845466409497
OG2571_1228_G_T	0.0183345088462736
OG2416_1290_C_T	0.0183111746817859
OG6093_214_G_T	0.0183103692201518
OG95_7278_A_G	0.0183039255029068
OG8964_128_C_T	0.0182576289503081
OG835_1956_C_A	0.0181958738336428
OG7358_772_T_C	0.0181625313283208
OG9322_111_A_C	0.0181603098697167
OG6473_80_A_G	0.0181463296936981
OG3628_1461_G_A	0.0181100124865838
OG7645_975_A_C	0.0180630471380471
OG147_7839_A_G	0.0180251643307051
OG3810_1635_C_A	0.0180213887123229
OG9160_288_T_C	0.0180148619461241
OG9343_27_C_T	0.018002009846522
OG5170_231_A_T	0.0179873041311386
OG7272_633_T_C	0.0179737373737374
OG6739_657_A_G	0.0179721268373811
OG2819_1665_A_G	0.0179434640522876
OG8318_1005_G_A	0.0179102040337456
OG908_312_G_A	0.0178984126984127
OG6652_1211_T_A	0.0178902646777789
OG1241_1275_G_A	0.0178746895424837
OG3327_1965_T_C	0.017859943977591
OG432_4269_A_G	0.0178423558420573
OG2345_648_T_C	0.0178379585326954
OG4581_99_A_G	0.0177783008410252
OG5103_816_A_G	0.0177641580641581
OG3245_720_T_C	0.0177490287490287
OG5157_741_A_C	0.017740552957871
OG2205_1401_T_G	0.0177245844098303
OG2613_339_A_G	0.0176897002180312
OG4864_906_C_T	0.0176846521629056
OG2611_308_C_T	0.0176624595579859
OG6204_528_G_A	0.017652380952381
OG86_2328_G_T	0.0176515151515151
OG5520_874_C_A	0.0176343756024677
OG7268_1008_T_C	0.0176308255616608
OG10581_141_G_A	0.0176291666666667
OG4599_1398_T_G	0.0176061083444542
OG10166_165_T_C	0.0175857940398382
OG8612_234_C_T	0.0175731538992409
OG4895_1068_T_C	0.0175554648466326
OG3736_825_G_A	0.0175325392376375
OG2567_804_T_C	0.0175056957491914
OG5509_876_C_T	0.0175028239734122
OG3963_15_T_C	0.0174983666061706
OG3706_51_G_A	0.017483548804137
OG5350_56_C_G	0.0174815876107015
OG9938_59_A_T	0.0174801496311567
OG2213_2058_G_T	0.017452359655848
OG1200_2493_T_C	0.0174279609279609
OG7477_576_A_T	0.0174250644608734
OG8986_327_G_A	0.0173958218893812
OG1733_222_T_G	0.0173879923355333
OG9268_504_A_T	0.0173870967741936
OG8364_591_A_G	0.0173641926972504
OG1027_1683_C_T	0.0173463203463203
OG4417_438_G_A	0.0173160456287778
OG2551_2121_A_G	0.017280656999642
OG2167_216_C_T	0.0172796989243134
OG9880_390_T_C	0.0172747776652032
OG708_2706_A_G	0.0172655122655123
OG7859_591_T_C	0.0172637037422925
OG4096_930_T_C	0.0172481817318384
OG1780_2307_G_A	0.0172340715997848
OG6926_708_G_A	0.0172333261243598
OG10545_351_C_T	0.0171965660367176
OG4478_747_C_T	0.0171831967884809
OG2141_699_C_T	0.0171800667872677
OG6179_348_G_A	0.0171583037452576
OG2511_2253_C_T	0.0171490740740741
OG4559_1543_A_G	0.017142891596997
OG1179_2306_A_G	0.0171243269802093
OG515_138_A_G	0.0171226683860051
OG2150_1039_A_C	0.0171028219016687
OG2174_63_T_G	0.0170795438516348
OG8372_300_G_C	0.0170443474558229
OG4742_606_G_T	0.0170422117902694
OG2634_1740_A_C	0.0170150208993987
OG5323_1373_T_A	0.0169971764346764
OG3229_739_C_A	0.016994753550543
OG4303_267_C_T	0.0169767965367965
OG9569_111_C_T	0.0169678258206997
OG1252_2760_A_C	0.0169243016791841
OG1673_2268_C_T	0.0168927318295739
OG9430_446_C_T	0.0168860383991653
OG8564_216_T_A	0.0168717538651112
OG4547_781_G_A	0.0168671282106241
OG1304_903_T_C	0.016848802233692
OG143_783_T_C	0.0168411227407223
OG110_7542_G_C	0.0168362691823141
OG4893_1134_A_T	0.0168338754268987
OG5910_943_G_A	0.0168185607380581
OG10559_152_T_A	0.0168163549297336
OG113_5418_C_G	0.016802068391268
OG8129_201_C_T	0.0167586219536735
OG7353_34_G_A	0.0167584772033623
OG7449_702_C_T	0.0167494095418044
OG7850_63_G_A	0.0167327561327561
OG10426_9_T_C	0.0167042853235679
OG568_4629_C_T	0.016698413613299
OG6677_51_C_A	0.0166935286935287
OG2732_54_T_A	0.0166750879839115
OG3651_1422_T_C	0.0166655369273016
OG6745_684_A_G	0.0166577950627979
OG1893_2202_T_C	0.0166406897276456
OG9273_279_C_T	0.0166093335941415
OG802_1794_C_T	0.0165886728483803
OG9549_96_T_C	0.0165822480080239
OG4582_340_G_T	0.0165812073005303
OG6819_339_T_A	0.0165707957889378
OG9_21900_T_C	0.0165664502164502
OG3154_1188_T_C	0.0165545787545788
OG3345_1038_T_C	0.0165418415608134
OG3333_1284_A_C	0.0165399426702161
OG10185_291_A_G	0.016538749893897
OG10417_420_C_T	0.0165371905871906
OG8401_102_A_T	0.0165301896044459
OG4744_813_T_C	0.0165193821544885
OG8209_498_G_A	0.016515
OG5913_169_T_C	0.0165145377828922
OG10744_51_C_T	0.0164716614906832
OG8315_582_G_C	0.016468253968254
OG4149_141_C_T	0.0164638716356108
OG9940_207_G_A	0.0164549490759651
OG3334_1311_G_A	0.0164470447115287
OG8309_102_G_A	0.0164434343434343
OG3520_801_A_T	0.0164379531741381
OG3435_333_C_G	0.0164349733599734
OG4083_236_A_G	0.0164348745426785
OG3641_30_G_A	0.0164159115738063
OG9716_256_C_T	0.0163932095165919
OG8627_29_A_T	0.0163848466658673
OG995_375_T_C	0.0163781088192853
OG530_1440_T_C	0.0163471220418976
OG9575_295_G_T	0.0163468482242395
OG10841_165_C_T	0.0163106769374416
OG6027_353_A_T	0.0163069272580616
OG8880_268_C_T	0.0162943636187493
OG4045_552_T_A	0.0162806329849013
OG882_378_C_T	0.0162577094474153
OG5704_972_G_A	0.0162522725624614
OG5774_93_T_A	0.0162491917761349
OG5563_510_G_A	0.016232799011585
OG3115_1393_A_C	0.0161940610350216
OG206_7692_T_C	0.0161761488379135
OG2051_1389_G_A	0.0161742876854946
OG1321_1011_G_A	0.0161593073593074
OG1007_2124_T_G	0.0161248299319728
OG3752_1418_A_C	0.0161204232804233
OG5844_1284_T_C	0.0160984278879016
OG4798_750_G_A	0.0160825830083895
OG39_8271_T_C	0.0160416666666667
OG11159_2385_G_A	0.0160399943194061
OG7962_18_C_T	0.0160314785045468
OG3592_390_A_G	0.0160213675213675
OG753_3354_C_T	0.0159964779206331
OG5165_875_G_A	0.0159825428131452
OG3155_771_C_T	0.0159706349206349
OG7493_228_G_A	0.0159336148717223
OG3678_1741_A_G	0.0159333333333333
OG6437_1017_T_C	0.0159326933850463
OG6384_612_T_C	0.0159174821217266
OG8332_501_T_G	0.0159168486653781
OG2805_118_C_G	0.0159051269897697
OG1575_993_C_A	0.0158994152046784
OG9298_75_G_T	0.015892899102961
OG10134_588_T_C	0.0158771574924206
OG4683_1221_C_T	0.0158712811769078
OG7385_402_T_C	0.0158706022620567
OG9421_510_G_T	0.0158318956043956
OG759_402_G_A	0.0158071862348178
OG4390_864_C_T	0.0158068376068376
OG477_3726_T_C	0.0158055555555556
OG3290_1647_C_A	0.0157965198814449
OG5820_354_G_A	0.0157754797539859
OG6194_231_T_C	0.0157713000449843
OG3734_1095_A_C	0.0157660921791357
OG1927_2760_C_G	0.015758894487993
OG6675_378_C_T	0.015735457449285
OG1739_180_A_T	0.0157328671328671
OG1180_2280_C_T	0.0157229437229437
OG9906_150_C_T	0.0157183201233674
OG2196_159_C_T	0.0157127909700628
OG5142_948_G_A	0.0156890042540919
OG828_3735_A_G	0.015664192670075
OG7980_108_T_C	0.0156594040165894
OG9701_498_C_T	0.0156356413499789
OG1262_2175_T_C	0.0156109882364649
OG3232_1077_T_A	0.0155944444444444
OG7090_414_C_T	0.0155862639493899
OG5176_115_C_T	0.0155858543417367
OG6365_769_A_T	0.0155774725274725
OG3686_1080_G_A	0.0155744255744256
OG7006_657_C_T	0.0155592740592741
OG5731_336_C_T	0.0155444168874535
OG8010_762_C_T	0.0155417989417989
OG1143_633_G_A	0.0155206121893016
OG1858_477_C_T	0.0155088959556425
OG8783_87_C_T	0.0155033321470636
OG4120_249_G_A	0.0155004329004329
OG4127_690_A_G	0.0154710516089115
OG6372_435_A_T	0.0154614205004036
OG4272_645_C_T	0.0154545900178253
OG5612_784_C_A	0.0154202808343881
OG3438_126_G_A	0.0154029659638228
OG3054_1542_A_T	0.0153821575946576
OG1003_771_T_C	0.0153731601731602
OG3090_482_C_T	0.0153724946846883
OG4570_594_G_A	0.0153721525082002
OG2340_2202_C_G	0.0153146708838197
OG1879_848_A_G	0.0152981999105546
OG2110_943_A_G	0.0152902674295059
OG8461_631_A_T	0.0152725284519402
OG3855_829_A_G	0.0152527950310559
OG2334_909_G_A	0.0152415654520918
OG347_1608_C_T	0.0151964419595999
OG10541_69_G_A	0.0151899682197975
OG9694_133_C_G	0.0151655544160379
OG344_3570_G_T	0.015157208994709
OG8149_421_C_T	0.0151344893029676
OG7867_249_T_C	0.0151329265794049
OG2245_177_C_T	0.015114164598842
OG1644_2646_T_C	0.0150866319172574
OG11344_27_T_C	0.0150840602372149
OG1447_417_A_G	0.0150619883040936
OG3743_222_G_A	0.0150494252873563
OG9341_249_C_T	0.0150351540616247
OG3147_1302_C_T	0.0150328571428571
OG6442_267_G_A	0.0150241190182367
OG5300_579_T_A	0.0150237021599091
OG9116_516_A_T	0.0150174492697175
OG1945_1752_A_T	0.0150168637835356
OG2100_2373_C_G	0.0150149320998636
OG717_3234_A_G	0.015007010194107
OG450_387_G_A	0.0150047619047619
OG4563_1431_T_C	0.0150021505376344
OG3103_975_C_T	0.0149737054619208
OG2177_450_G_A	0.0149702918019798
OG1188_2383_G_T	0.0149247311827957
OG6317_1095_A_T	0.0149055555555556
OG6989_501_A_G	0.0148793349150084
OG9272_36_A_T	0.0148371794871795
OG2310_1758_G_A	0.0148369468263766
OG9739_465_C_T	0.0148313474107592
OG1577_1659_G_A	0.0148298556998557
OG1090_3282_T_C	0.0148095707248417
OG7790_231_C_G	0.0147992113086507
OG10930_165_C_T	0.0147910392875099
OG6931_756_C_T	0.0147793650793651
OG7188_82_T_C	0.0147766530145997
OG8832_701_T_A	0.0147637362637363
OG10489_182_A_G	0.014762987012987
OG1442_1836_T_C	0.0147443722943723
OG2620_636_G_T	0.0147375540393796
OG7053_612_A_G	0.0147369068162209
OG8280_528_C_T	0.0147284848484848
OG6642_1161_C_T	0.0147247698579119
OG531_4098_A_G	0.0147074074074074
OG4206_696_C_T	0.0147009679558927
OG5275_1177_G_A	0.0146813036920454
OG4972_1318_A_G	0.0146793650793651
OG1015_372_C_T	0.0146654456654457
OG5596_69_A_G	0.0146579694184957
OG939_1119_T_C	0.0146289133280513
OG2670_126_A_G	0.0146233319547836
OG4384_990_A_C	0.0146205296723132
OG1037_2226_G_A	0.0146200632285393
OG8639_411_A_G	0.0146161764705882
OG1789_1155_T_C	0.0146144688644689
OG7660_870_T_A	0.0146007621189405
OG5214_69_C_T	0.0146006688963211
OG7946_525_T_A	0.0145907987711214
OG5129_293_T_C	0.0145875227987895
OG4150_264_C_A	0.014578305028305
OG9787_54_A_G	0.0145772207668493
OG102_3021_G_A	0.0145470200728513
OG2271_1549_C_A	0.0145460376258339
OG166_5381_A_C	0.0145411376205494
OG5440_864_A_T	0.0145235605390778
OG111_9043_C_T	0.0144971861471861
OG6627_507_A_G	0.0144865302642796
OG9914_15_C_T	0.014481093544137
OG168_6758_C_A	0.0144744053437602
OG3094_1149_C_T	0.0144687263020596
OG1411_405_T_A	0.0144586455211455
OG5508_729_A_C	0.0144553483066421
OG5789_867_G_A	0.0144448884448884
OG4640_417_T_C	0.0144330827067669
OG1437_441_C_T	0.0144232702969545
OG1888_2211_C_T	0.0144222222222222
OG6294_147_A_G	0.0144108563899868
OG5876_1045_T_A	0.0143799140721372
OG10175_633_G_A	0.0143707544521404
OG2162_1584_G_A	0.0143697320471813
OG5951_321_C_T	0.014364234784823
OG5134_544_C_T	0.0143411255411255
OG5769_562_G_A	0.0143332509881423
OG3166_1557_A_G	0.0143142857142857
OG6013_495_G_T	0.0143083333333333
OG7767_669_C_T	0.0142911475503311
OG5907_1145_C_G	0.0142869123044321
OG6162_1395_T_C	0.0142843686922932
OG7748_537_T_C	0.0142805555555556
OG666_1407_G_A	0.014275641025641
OG2421_1098_G_A	0.0142136363636364
OG3101_471_A_G	0.0142002226531638
OG8008_333_C_T	0.0141987179487179
OG10473_225_C_T	0.0141959156785244
OG10969_123_A_G	0.0141826697892272
OG4805_384_C_T	0.0141779305661659
OG3979_1527_A_G	0.0141766901322838
OG10992_162_T_C	0.0141642220524573
OG1743_465_C_T	0.014151615716407
OG6882_807_C_T	0.014143956043956
OG2402_1617_C_T	0.0141350649350649
OG3682_357_C_T	0.0141302151954326
OG599_4269_A_C	0.0141261621839286
OG4622_144_C_T	0.0141230780713539
OG2002_885_G_A	0.0141166666666667
OG4907_1936_G_A	0.014080857766572
OG9335_225_G_A	0.0140790562378798
OG1256_3240_T_C	0.0140714285714286
OG1067_3816_A_C	0.0140654087728281
OG8231_493_T_C	0.0140461445279866
OG4092_228_G_A	0.0140297076023392
OG870_1212_C_T	0.0140256486432957
OG11214_729_C_A	0.0140250183197552
OG5989_549_C_A	0.014014442815546
OG1593_2082_T_C	0.0140133333333333
OG9835_265_G_A	0.0139838111164198
OG5410_797_C_T	0.0139679487179487
OG8388_378_A_G	0.0139549015237361
OG10405_309_T_C	0.0139535132679765
OG1793_1839_C_G	0.0139480158730159
OG1036_240_T_C	0.0139412698412698
OG5779_852_C_T	0.0139299220149795
OG10847_355_T_G	0.0139116960530098
OG8472_222_T_C	0.013894777686082
OG8793_982_C_T	0.0138871794871795
OG822_4035_C_T	0.013885101010101
OG299_5079_A_G	0.013853853787538
OG496_2991_T_C	0.0138523809523809
OG10160_261_T_C	0.0138480657403944
OG8057_19_C_A	0.0138416398416398
OG7883_705_A_G	0.013833651026393
OG6429_345_G_A	0.0138200226128071
OG3878_1555_G_A	0.0138123877260719
OG8735_759_C_T	0.0137943610546585
OG1205_3117_A_G	0.0137872244816003
OG2268_165_T_G	0.0137832442067736
OG8334_513_A_G	0.0137774333057755
OG283_1063_C_T	0.0137414447693037
OG9535_492_T_C	0.0137276094276094
OG5481_1068_T_C	0.0137200549450549
OG2128_1188_A_G	0.0137198967361239
OG9057_122_C_T	0.0137183473389356
OG6535_777_G_A	0.0137146839934564
OG5184_699_A_G	0.0137071503378394
OG5659_474_G_A	0.0137068376068376
OG7810_598_A_G	0.0137011514199338
OG930_2118_G_A	0.0136926704014939
OG9824_639_C_T	0.0136916647216711
OG502_1884_T_A	0.0136815789473684
OG9825_261_T_A	0.0136666666666667
OG3965_342_G_A	0.01365253384896
OG2269_588_G_C	0.0136453546453546
OG6425_7_A_G	0.0136442238881263
OG253_1440_C_G	0.0136043727521988
OG3343_630_C_T	0.0136033073206986
OG7523_870_G_A	0.0135928571428571
OG7491_922_G_A	0.0135917150160897
OG6483_901_C_T	0.0135769835394112
OG4067_846_C_T	0.0135343101343101
OG5273_192_G_A	0.0135334104224484
OG3453_504_A_G	0.0135315609783552
OG9584_430_A_G	0.0135306187658061
OG1161_90_A_G	0.0135198089492207
OG7017_717_T_A	0.0134976399331662
OG6974_765_T_A	0.0134839101396478
OG10293_306_C_A	0.0134817540932604
OG5617_822_G_A	0.0134709554090658
OG248_4356_C_T	0.0134700772759977
OG8293_597_T_C	0.0134666666666667
OG474_2482_C_A	0.0134528521530069
OG2877_1729_G_T	0.0134473545184463
OG6616_477_G_A	0.0134468975468975
OG3187_1716_G_A	0.013433945936098
OG2438_978_A_G	0.0134261229998072
OG9591_308_A_G	0.0134193287715868
OG11155_42_C_T	0.0134066942053449
OG3799_1086_C_A	0.0134047619047619
OG10648_126_A_G	0.0134019674536481
OG8065_504_C_T	0.0133794871794872
OG6612_999_C_T	0.0133788441692466
OG3454_1317_C_T	0.0133711828482922
OG6949_531_T_G	0.0133698412698413
OG7176_430_G_T	0.0133680728611386
OG7626_495_T_C	0.0133649728049728
OG9830_132_A_G	0.0133395282293245
OG6654_343_A_G	0.0133365732191819
OG7534_672_C_T	0.0133361791207711
OG5695_1125_T_C	0.0133147605530507
OG3846_2019_A_G	0.0133112166605773
OG3952_1614_T_C	0.0133099706744868
OG10919_276_T_C	0.0132838363004469
OG3506_722_C_T	0.0132733271086212
OG4105_1086_C_A	0.0132696166130617
OG26_10770_G_A	0.0132492424242424
OG1568_2244_C_A	0.0132363280336685
OG586_18_G_A	0.0132320440932841
OG4276_1077_T_C	0.0132242125690402
OG2370_654_C_T	0.0132215927750411
OG7002_738_C_T	0.0132137799990387
OG10309_9_C_A	0.0132100033000578
OG88_5988_A_T	0.0132085620123756
OG9056_495_A_T	0.013200566430046
OG4399_1032_T_C	0.0132003663003663
OG4948_206_T_C	0.0131910818739728
OG4258_1623_C_G	0.0131837583131847
OG7079_782_A_T	0.0131779598825832
OG6760_176_G_A	0.0131742919389978
OG4269_1083_C_A	0.0131730333899264
OG3932_405_C_T	0.0131662336512792
OG8509_309_G_A	0.0131579241318475
OG9559_303_A_G	0.0131293590668591
OG6188_28_T_C	0.0131260504201681
OG1479_510_A_G	0.0131227474831248
OG179_6024_G_A	0.0131009793628215
OG9187_102_A_C	0.0131005439005439
OG6913_600_G_A	0.0130888888888889
OG7564_84_A_G	0.0130798136645963
OG11311_2784_A_G	0.0130666666666667
OG2226_3219_C_A	0.0130636363636364
OG3738_1272_C_T	0.013050505050505
OG7275_678_T_A	0.0130398595501062
OG2481_722_A_G	0.0130296037296037
OG9407_72_G_A	0.0130075414781297
OG10469_672_G_A	0.013
OG3030_1635_G_T	0.0129891996891997
OG7111_915_A_G	0.0129752380952381
OG4370_1784_C_T	0.0129678041256989
OG2349_2008_A_G	0.0129537612146308
OG583_17_C_T	0.0129374477278351
OG36_16611_G_A	0.012920097934852
OG2266_1100_G_C	0.0129137009189641
OG1099_2772_C_T	0.0128937658212712
OG8892_402_C_T	0.0128902385928248
OG9621_420_C_T	0.0128897125194372
OG1189_4239_G_A	0.0128707749766573
OG4086_57_C_T	0.012866975130133
OG10823_52_T_G	0.012859720803541
OG8308_396_A_G	0.0128437321210814
OG7349_438_G_A	0.012843294281784
OG8053_456_T_C	0.0128376000652156
OG1686_1794_C_T	0.012833561467772
OG11201_328_A_T	0.0128277676950998
OG3938_1278_T_C	0.0128196595940429
OG3998_738_G_A	0.0128164682539683
OG3893_804_T_C	0.0128080519480519
OG2212_1908_C_T	0.0128066003006804
OG8287_63_A_C	0.0127905982905983
OG4921_1158_C_T	0.0127864505864506
OG6622_348_T_A	0.0127440903277776
OG4375_444_C_T	0.0127375457875458
OG5221_21_A_C	0.0127284848484848
OG2224_1773_C_T	0.0127281683833408
OG8290_126_G_A	0.0127254528478058
OG4858_1212_A_G	0.0127222831765935
OG6558_111_A_G	0.0127156462585034
OG4115_363_T_A	0.0127130718954248
OG5835_417_T_C	0.0126676554382437
OG2763_1221_C_T	0.0126666666666667
OG5581_1014_C_T	0.0126649279682067
OG3230_195_T_C	0.0126556536751562
OG9506_486_T_C	0.0126489662842604
OG5693_507_C_T	0.0126471945184825
OG6688_36_G_A	0.0126277777777778
OG1111_627_G_A	0.0126219298245614
OG10736_78_G_A	0.0126129105430701
OG4944_801_G_A	0.0125982673815161
OG9188_315_T_C	0.0125749084249084
OG9678_535_G_A	0.0125721247563353
OG1899_2502_C_T	0.0125674891774892
OG7301_495_G_A	0.0125564102564103
OG6916_492_C_T	0.0125502649708532
OG8045_576_A_T	0.01254
OG3836_645_A_C	0.012537037037037
OG10654_315_C_T	0.0125007178248879
OG3783_1266_T_C	0.0124941176470588
OG3733_279_G_A	0.0124879212957768
OG5023_194_C_A	0.0124775311025311
OG2434_1023_T_C	0.0124690958164642
OG6313_777_T_C	0.0124664835164835
OG7102_204_T_C	0.0124585055163714
OG2974_1128_T_A	0.0124360580527144
OG10611_421_C_T	0.0124343388418854
OG360_1767_A_T	0.0124294541794542
OG4741_1032_C_T	0.0124264514024788
OG6041_252_T_C	0.0124149114484503
OG3420_810_A_G	0.0123994252873563
OG9026_47_T_C	0.0123681818181818
OG9093_297_T_C	0.0123645427243062
OG5496_1311_G_A	0.0123611111111111
OG4616_267_T_C	0.0123551851517492
OG2099_30_T_C	0.0123432501708818
OG6683_945_T_C	0.0123336917331035
OG9724_449_A_T	0.0123333333333333
OG68_8922_C_T	0.0123297552688857
OG10443_52_T_A	0.0123282913165266
OG10528_282_G_A	0.0123274322169059
OG528_546_C_T	0.0123224118984464
OG9778_321_T_A	0.0123195187165775
OG523_3250_G_A	0.0122871148459384
OG10780_297_G_A	0.0122857142857143
OG9946_298_C_A	0.0122777777777778
OG9532_471_G_A	0.0122757575757576
OG937_2199_G_A	0.0122685720114239
OG9675_351_T_C	0.0122638490164806
OG970_93_C_T	0.0122629399585921
OG5434_225_G_A	0.0122619546166306
OG2108_1014_T_C	0.0122617576370457
OG2113_948_C_T	0.0122439356014956
OG10112_243_T_G	0.0122435397699705
OG1404_1176_G_A	0.012243308865048
OG8003_570_G_A	0.0122213203463203
OG760_1743_T_G	0.0122138188608777
OG4414_747_G_A	0.0122060504201681
OG5175_348_C_A	0.012201827278175
OG472_1893_C_T	0.0121890746934225
OG8516_288_T_C	0.0121861471861472
OG6350_357_T_A	0.0121858433963697
OG6128_576_G_A	0.0121797619047619
OG3205_825_T_C	0.0121777777777778
OG7741_210_G_T	0.0121520467836257
OG458_3684_A_G	0.0121459523809524
OG10538_156_A_G	0.0121357142857143
OG853_615_A_C	0.0121293939393939
OG9512_447_T_C	0.012127528140886
OG9595_642_G_A	0.0121275252525253
OG10034_90_C_T	0.0121266447368421
OG8658_681_G_A	0.0121176122963794
OG2838_387_T_A	0.0121169696969697
OG1135_2271_A_G	0.012093837535014
OG10408_507_G_A	0.0120931508024496
OG8919_225_G_A	0.0120884820747521
OG537_804_A_T	0.0120729319699908
OG4254_1444_T_C	0.01206556998557
OG5047_106_A_G	0.0120600118835413
OG1377_2511_T_C	0.0120444444444444
OG8213_259_A_T	0.0120416666666667
OG10117_33_C_T	0.0120362029455648
OG9439_359_C_T	0.0120232597804072
OG8830_871_G_A	0.0120195488721805
OG810_1479_T_C	0.0120132669336523
OG7139_576_A_G	0.0120098484848485
OG7702_414_A_G	0.0120095238095238
OG9229_64_G_C	0.0120026225608773
OG3310_1965_C_G	0.012
OG2283_1455_C_T	0.012
OG6598_960_T_A	0.0119962491520871
OG3635_214_C_T	0.0119803921568627
OG4290_681_C_T	0.011979797979798
OG9303_39_G_A	0.011975
OG700_2535_G_A	0.0119678362573099
OG4091_1056_T_C	0.0119630814420288
OG6439_471_G_A	0.0119457516339869
OG10759_30_T_C	0.0119408424908425
OG10317_466_C_T	0.0119271890156271
OG7986_429_G_A	0.0119248917748918
OG10757_312_G_A	0.0119133333333333
OG10301_85_G_T	0.0119108203861361
OG9852_429_C_T	0.0119075573549258
OG5344_357_C_T	0.0119020206766917
OG2598_1602_G_A	0.011899748977186
OG9703_411_G_A	0.0118995832942427
OG10710_166_G_A	0.0118766543513957
OG7874_450_T_C	0.0118754551820728
OG5733_1305_C_T	0.0118709710843126
OG5898_90_C_T	0.0118700439158092
OG9874_264_A_G	0.0118698412698413
OG2210_732_C_T	0.0118658896658897
OG352_2676_T_C	0.0118632034632035
OG910_3961_A_C	0.0118544685522407
OG10894_349_T_A	0.0118485565755383
OG6496_969_A_T	0.0118449323949137
OG4868_1203_T_C	0.0118388278388278
OG921_1381_T_C	0.0118266335892777
OG1828_606_C_T	0.0117998410174881
OG1613_1974_G_C	0.0117871572871573
OG716_774_G_A	0.0117857142857143
OG2029_1336_T_C	0.0117837243801203
OG10283_285_A_G	0.011781152239121
OG1329_3105_A_C	0.0117724814063556
OG5785_702_C_T	0.011767573450117
OG7419_669_A_C	0.0117649213531566
OG8635_258_T_A	0.0117525131561597
OG10505_15_C_T	0.0117407223437719
OG4354_474_A_G	0.0117228260869565
OG5009_198_G_A	0.011719696969697
OG6555_387_C_T	0.0117173202614379
OG9727_453_C_T	0.0117169719039763
OG4874_672_C_T	0.0117120605943527
OG7966_144_T_C	0.0117095238095238
OG4818_892_G_A	0.0117005602240896
OG10287_297_T_C	0.0116781205806152
OG8912_237_G_A	0.0116693562984181
OG7421_339_G_A	0.0116684806880499
OG11136_1716_A_G	0.0116613954672778
OG8068_375_T_C	0.0116612121212121
OG7406_414_T_A	0.0116607717460683
OG5015_1098_T_A	0.0116588235294118
OG2579_1511_G_T	0.0116532818532819
OG10937_350_G_C	0.0116444444444444
OG1405_726_C_T	0.011641395573661
OG9009_714_G_C	0.0116380144422562
OG571_3418_G_A	0.0116363197942343
OG2427_1749_C_T	0.0116352245862884
OG8852_352_A_G	0.0116321381552253
OG2463_1749_G_A	0.0116290578769458
OG6516_753_A_C	0.0116264916295988
OG7374_699_A_G	0.0116261695906433
OG8900_600_A_G	0.0116245519713262
OG2766_150_G_T	0.0116067226890756
OG7231_447_C_T	0.0115988810064759
OG54_10413_C_T	0.0115892712550607
OG6932_153_G_T	0.011587044534413
OG6834_72_A_T	0.0115810080215144
OG7739_321_C_T	0.0115730519480519
OG3967_309_A_C	0.0115583333333333
OG2912_279_T_C	0.0115333333333333
OG9316_699_G_A	0.0115314285714286
OG5001_672_C_A	0.0115298303229338
OG8532_675_A_G	0.0115294117647059
OG6694_61_C_T	0.0115222222222222
OG11316_273_C_T	0.0115206349206349
OG993_3183_A_G	0.011517694235589
OG1242_1924_G_A	0.0115110630242056
OG10204_90_G_A	0.0114998383411335
OG3702_96_A_G	0.0114980208845881
OG6969_795_A_G	0.0114952380952381
OG5601_996_C_T	0.0114888888888889
OG5839_1134_T_C	0.0114870870870871
OG10689_246_T_C	0.0114827849672677
OG7260_660_G_A	0.0114726438220414
OG1320_609_C_T	0.0114670160249108
OG6232_889_T_A	0.0114666945373467
OG4514_1155_G_A	0.0114364323223663
OG6061_408_C_T	0.0114296177632843
OG1913_1557_T_C	0.0114294871794872
OG5346_1020_G_A	0.0114268414697257
OG8987_662_C_G	0.0114223665223665
OG4751_317_G_T	0.0114169477581242
OG10464_180_T_C	0.0114043062200957
OG4577_273_G_A	0.0113882352941177
OG9598_62_G_A	0.0113840579710145
OG321_1413_G_A	0.0113833333333333
OG5483_911_C_T	0.0113623093681917
OG1820_1980_C_T	0.0113580882352941
OG5507_70_C_T	0.0113572597538623
OG3977_1221_C_T	0.0113571428571429
OG1729_765_G_A	0.0113568580542265
OG5444_1063_C_T	0.0113547138047138
OG3401_448_A_G	0.0113227030859998
OG315_4242_G_A	0.0113198329903248
OG8187_63_T_A	0.011303050397878
OG6156_266_G_T	0.0112905308464849
OG5109_987_G_A	0.0112853462327147
OG6090_79_C_G	0.0112852813852814
OG8730_60_A_G	0.0112769820971867
OG192_2659_A_T	0.0112656108597285
OG3351_1152_A_G	0.0112621708892201
OG8258_279_C_T	0.0112615384615385
OG5079_1297_T_C	0.0112614166878873
OG6301_86_C_G	0.0112405393122254
OG3887_798_C_T	0.0112320850009529
OG8838_357_C_T	0.0112224066713428
OG2817_732_T_A	0.0112156565656566
OG10566_288_T_G	0.0112128205128205
OG1889_1404_T_C	0.0112054677206851
OG7350_480_A_C	0.0112031330273239
OG2178_305_T_C	0.0112001217878456
OG3890_825_C_T	0.0111942815249267
OG3029_1457_G_A	0.0111932616487455
OG5328_308_G_T	0.0111904761904762
OG3793_1545_C_G	0.0111704565579441
OG3993_408_T_C	0.0111703418856645
OG6198_309_A_T	0.0111697758263725
OG7224_573_A_G	0.0111625
OG3243_1422_T_C	0.011159281894576
OG220_6138_C_T	0.0111507936507937
OG6935_225_G_C	0.011147619047619
OG9849_346_T_C	0.0111103535353535
OG5796_1284_C_A	0.0111090909090909
OG6744_309_C_T	0.0111064425770308
OG8742_478_G_A	0.0111022197509618
OG806_904_C_G	0.0110967741935484
OG9978_300_C_T	0.0110941391941392
OG4561_462_T_C	0.0110907448107448
OG6806_234_C_G	0.0110871794871795
OG4011_807_A_G	0.0110780399274047
OG4727_276_G_A	0.0110772966787397
OG7190_420_G_A	0.011061456671983
OG2489_2527_T_A	0.011038314988379
OG1115_3030_A_T	0.0110361823361823
OG7092_687_A_G	0.0110353504081058
OG5209_1341_C_T	0.0110334967320261
OG847_2175_A_T	0.0110268518518519
OG3387_1748_A_C	0.0110191558441558
OG9425_722_C_T	0.0110103841693787
OG10425_96_G_A	0.0110086792988432
OG9035_606_G_A	0.0110067155067155
OG11271_95_A_G	0.0110031897926635
OG2298_2082_G_A	0.0109780519480519
OG446_3861_G_A	0.0109747474747475
OG6952_804_A_G	0.010967032967033
OG6701_228_A_G	0.0109640541682042
OG4681_1395_G_T	0.0109615384615385
OG3032_78_T_G	0.010959595959596
OG8357_105_T_A	0.0109595238095238
OG10070_464_A_G	0.0109585180846523
OG9162_384_C_T	0.0109442007797271
OG1220_975_A_G	0.010942350722414
OG2381_769_C_T	0.0109371548718702
OG10672_297_T_C	0.0109363699363699
OG3555_1554_G_A	0.0109360084360084
OG2206_1818_C_T	0.0109262360446571
OG6529_933_G_A	0.0109238095238095
OG4932_786_T_C	0.0109196770825565
OG6326_39_C_T	0.0109191952310304
OG7072_241_T_C	0.010918828497839
OG3189_1710_T_C	0.0108949450819385
OG3462_936_G_A	0.0108698412698413
OG11332_192_G_A	0.0108645276292335
OG8485_678_A_C	0.0108489149560117
OG4619_91_T_C	0.0108489010989011
OG4645_171_A_G	0.010835961140309
OG7550_684_G_C	0.0108201499105053
OG5590_834_G_C	0.0108012422360248
OG431_2388_C_T	0.0107936083524319
OG7686_207_C_T	0.0107602597402597
OG3296_1548_T_C	0.0107590384640571
OG6574_393_C_G	0.0107582502039024
OG8768_306_C_T	0.0107512265512266
OG5215_411_T_C	0.010737922705314
OG830_3012_T_C	0.0107363427643785
OG11104_1011_T_C	0.0107361466325661
OG10058_381_G_A	0.0107321062271062
OG2562_1582_A_G	0.0107309523809524
OG6813_168_T_C	0.0107247899159664
OG9414_147_C_G	0.010718954248366
OG336_2367_T_C	0.0107177289377289
OG6527_99_A_T	0.0107142857142857
OG5829_714_G_A	0.0107126984126984
OG8714_100_T_A	0.0107021785232312
OG40_1050_C_G	0.0107
OG775_1675_T_A	0.0106938702024909
OG10177_474_C_G	0.0106867699910153
OG3661_1266_A_G	0.0106864549304295
OG7507_690_C_T	0.0106797065314232
OG657_1968_C_T	0.0106742887667888
OG7469_26_T_A	0.0106691919191919
OG811_978_G_A	0.0106590909090909
OG9920_77_G_A	0.0106588288045915
OG10874_183_T_C	0.0106424633028647
OG9755_537_T_C	0.0106408282231812
OG146_4086_C_T	0.0106402737047898
OG9010_617_A_T	0.0106333333333333
OG5554_250_C_T	0.0106239316239316
OG9720_87_T_C	0.0106179402428862
OG1313_1231_T_A	0.0106141700404858
OG1072_1260_G_A	0.0106133333333333
OG3835_354_A_G	0.0106129531388152
OG10275_381_G_A	0.010609306678413
OG2896_410_C_A	0.0106039215686274
OG139_7206_T_C	0.0106022774327122
OG7816_195_G_A	0.0105993197278912
OG6690_309_G_A	0.0105934065934066
OG5428_401_A_C	0.010578431372549
OG2231_495_C_T	0.0105753968253968
OG9731_225_A_G	0.0105751991685496
OG8019_813_A_G	0.010574358974359
OG1740_1167_G_C	0.0105725490196078
OG8361_24_G_A	0.0105524475524476
OG10769_165_G_A	0.0105396825396825
OG3660_30_G_A	0.010538258038258
OG6221_981_T_A	0.0105357142857143
OG4088_180_G_A	0.0105335403726708
OG6432_928_A_C	0.0105304347826087
OG4660_975_T_C	0.0105260724320258
OG7126_123_C_A	0.0105247284878864
OG9627_501_A_G	0.0105224958949097
OG1515_2110_T_C	0.0105183574879227
OG6412_1005_A_G	0.010518253968254
OG4189_627_T_C	0.0105138528138528
OG2120_675_G_A	0.0105055555555556
OG1451_9_C_T	0.0104909159327263
OG1257_2757_G_A	0.0104900070372977
OG4755_1308_C_T	0.0104893892015843
OG7065_396_T_C	0.0104864771819659
OG6202_378_A_T	0.0104761904761905
OG3585_276_A_G	0.010475
OG2880_1305_G_A	0.01047
OG3946_1635_A_T	0.010468253968254
OG4955_441_C_G	0.0104674531156919
OG707_3840_G_A	0.01046
OG7632_810_A_T	0.0104583333333333
OG4638_603_G_A	0.0104440419498252
OG5441_591_A_T	0.0104428786899375
OG1639_1323_G_A	0.0104357142857143
OG9712_462_A_T	0.0104313725490196
OG7103_507_G_A	0.0104282051282051
OG6430_850_G_A	0.0104264445477956
OG976_3037_C_T	0.0104173992673993
OG4325_132_C_G	0.0104166666666667
OG10071_454_G_A	0.0104071428571429
OG4671_60_T_C	0.0104
OG6793_2157_A_G	0.0103958058849363
OG4583_360_C_T	0.0103923028954731
OG3423_1818_A_G	0.0103762384016467
OG5282_399_A_G	0.0103708938120703
OG182_2095_G_A	0.0103639194139194
OG5461_1132_C_A	0.0103588651171388
OG9877_282_C_G	0.0103548601232812
OG7120_368_C_A	0.0103401006045873
OG3069_75_A_G	0.0103285650022492
OG3907_666_A_G	0.010326162464986
OG6153_414_G_A	0.0103159376571141
OG4403_1032_A_G	0.0103152151258283
OG6463_945_T_C	0.010307905982906
OG1807_1587_T_C	0.0103056118999324
OG2312_476_A_G	0.0103008658008658
OG9923_291_C_T	0.0102874718848403
OG7876_960_C_T	0.010275
OG824_3522_C_G	0.0102701612903226
OG8304_381_A_T	0.0102666666666667
OG4237_1361_T_C	0.0102457264957265
OG8894_354_A_G	0.0102402374724955
OG4232_732_A_G	0.0102130952380952
OG9818_354_C_T	0.0102
OG9894_156_C_G	0.0101993006993007
OG920_3369_G_C	0.0101922077922078
OG7541_435_A_G	0.0101812030075188
OG2366_333_C_A	0.0101690921690922
OG8846_720_C_G	0.0101615756224452
OG2998_1794_C_T	0.0101518218106285
OG2935_1819_G_A	0.01015
OG10707_249_T_C	0.0101441994314595
OG442_1956_A_G	0.010134126984127
OG414_2502_A_T	0.010134126984127
OG1473_822_A_T	0.0101340464553368
OG1038_1401_A_T	0.0101336219336219
OG5646_888_A_G	0.0101142615027814
OG4001_1371_T_C	0.010109345124736
OG7154_503_G_T	0.0101090909090909
OG2933_1722_T_C	0.010108051948052
OG5665_1557_C_T	0.0101042002499558
OG7578_312_T_C	0.0100867346938776
OG5451_843_A_T	0.010081400354124
OG1016_147_A_G	0.0100769230769231
OG2018_2409_C_T	0.0100588402527994
OG7588_79_C_A	0.0100512820512821
OG4431_1014_G_C	0.0100446697478175
OG5602_1107_G_A	0.0100439225181598
OG7329_809_C_G	0.0100404761904762
OG9277_556_C_T	0.0100381970970206
OG7510_135_C_T	0.0100352130325814
OG7240_458_C_T	0.010022534328808
OG3410_180_T_C	0.0100190237797247
OG8888_38_C_T	0.0100176326941033
OG961_2103_T_G	0.0100070551281078
OG4068_1593_C_T	0.0100069565217391
OG6242_340_A_G	0.0100030728010268
OG8177_83_C_T	0.01
OG8116_333_C_A	0.00999677953625322
OG3687_1497_G_A	0.00998935539346498
OG10109_521_C_T	0.00998842921784098
OG2886_657_A_T	0.00998792270531401
OG7620_459_A_G	0.00997108225108225
OG2987_366_C_T	0.00996642857142858
OG9092_549_A_T	0.00995768486256291
OG3409_1416_T_C	0.00995350140056022
OG6011_278_G_A	0.0099479020979021
OG3238_1008_G_A	0.00994642857142857
OG8373_367_C_T	0.00994578014184397
OG272_3885_C_T	0.00994444444444444
OG3080_915_G_A	0.00994285714285714
OG4405_221_C_A	0.00993916166679325
OG2962_144_A_C	0.00993059829059829
OG4655_462_T_C	0.00992252747252747
OG1797_972_G_A	0.0099196067090804
OG9118_421_T_A	0.00990909090909091
OG3983_885_A_T	0.00990659536541889
OG2934_1143_G_A	0.00990476190476191
OG10844_93_C_T	0.00989633047681829
OG10054_387_A_C	0.00989381482291135
OG5877_1308_T_A	0.00987142857142857
OG10413_441_A_G	0.00985794001395024
OG1708_300_A_G	0.00985549772413415
OG800_124_G_A	0.00984736376750896
OG5364_684_G_A	0.00984725576029924
OG4550_849_T_C	0.00984408196797713
OG6680_870_T_C	0.0098422619047619
OG6016_364_G_A	0.0098421052631579
OG7088_561_C_T	0.009835599416409
OG4782_318_G_A	0.00982926849618381
OG6241_355_T_A	0.00982428355957767
OG8363_597_G_A	0.00982260268467165
OG863_140_A_C	0.00981859943977591
OG10886_308_A_G	0.00981212121212121
OG8661_604_A_C	0.0098015722973044
OG1065_1518_T_C	0.00979573500967118
OG5768_258_A_G	0.00979285714285714
OG8118_115_A_G	0.00979188034188034
OG2930_1572_G_A	0.00979166666666667
OG7302_228_A_G	0.00978628038628039
OG10981_268_G_A	0.00978327120223672
OG9192_612_A_G	0.00977972709551657
OG3838_1083_T_C	0.00977742946708464
OG8889_186_T_C	0.00977644022644023
OG3122_1836_T_C	0.00976666666666667
OG10492_95_A_T	0.00976367224570101
OG9805_33_G_A	0.00975871212121212
OG1580_579_C_G	0.00975757575757576
OG6147_834_G_A	0.00975097302304938
OG1062_411_T_C	0.00974691064262434
OG237_3339_A_G	0.00974026460601803
OG1026_1287_A_G	0.00973826173826174
OG3570_144_C_T	0.00973333333333333
OG4027_799_G_A	0.00973201970443349
OG123_6639_C_T	0.00973115773115773
OG862_3504_C_G	0.00972875816993464
OG5909_324_C_T	0.00972875816993464
OG5677_528_G_T	0.00971794871794872
OG81_281_A_G	0.00971734572616926
OG5878_909_T_A	0.00971111111111111
OG5574_498_C_T	0.00971111111111111
OG5993_1140_G_A	0.00970774762994443
OG1946_2457_G_A	0.0096984126984127
OG682_2424_C_T	0.00969746008454739
OG9812_456_T_C	0.0096969696969697
OG5764_273_T_C	0.0096926964953367
OG7899_207_A_T	0.0096900623885918
OG8634_81_C_T	0.0096891296869625
OG7230_358_G_C	0.00968137254901961
OG4913_510_C_T	0.00967899159663866
OG4126_915_A_C	0.00967878330819507
OG1565_1480_A_G	0.00967732408834104
OG3461_666_T_A	0.00967272727272727
OG2068_2459_T_G	0.00966314574314574
OG1782_2688_C_T	0.00965714285714286
OG5340_127_C_T	0.00965530303030303
OG4460_300_T_G	0.00965402141717931
OG3036_537_T_C	0.00964912280701754
OG270_3672_A_C	0.00964140227183706
OG10471_306_T_C	0.00963709508881923
OG7777_75_C_T	0.00963571428571429
OG4524_261_C_T	0.00963374764595104
OG3609_300_G_T	0.00963068181818182
OG9514_363_C_T	0.00962613021503855
OG10501_53_G_A	0.00962279411764706
OG547_2859_A_G	0.00961927821976247
OG3820_168_A_T	0.00961904761904762
OG944_2634_T_C	0.00961818181818182
OG751_3061_C_T	0.00961576750854984
OG918_3068_C_T	0.00961348039215686
OG3492_171_C_A	0.00961019888991674
OG3775_501_T_C	0.00960587265722115
OG10315_177_G_A	0.00960192826041883
OG10595_257_T_C	0.00960047161510576
OG2931_621_A_T	0.00959576719576719
OG4228_1479_G_T	0.00958837052062204
OG7860_444_G_C	0.0095818771065595
OG9903_325_C_T	0.0095798957664025
OG1878_108_A_T	0.00956666666666666
OG1875_2337_T_C	0.00956312056737589
OG10365_303_C_T	0.00956035895723814
OG5613_765_T_C	0.0095592903828198
OG10963_216_G_A	0.00955405405405405
OG1974_2181_G_A	0.00954578544061302
OG3883_1493_A_T	0.00954545454545455
OG1107_2715_G_T	0.00954285714285714
OG6267_501_G_A	0.00954285714285714
OG8377_183_T_A	0.00953027210884354
OG8326_487_C_T	0.00951894940526146
OG5413_130_C_T	0.00951134924231635
OG11346_19_C_T	0.00951082251082251
OG10928_275_A_G	0.00950864823382935
OG1496_714_A_G	0.00950793650793651
OG5463_1011_C_T	0.0095031512605042
OG3692_1218_A_T	0.00949867724867725
OG10828_175_A_C	0.00949286130928344
OG6707_432_T_C	0.00949248393116318
OG10442_214_G_T	0.00948889817911557
OG5237_148_T_A	0.00948333333333333
OG4442_399_T_C	0.009475
OG7280_1071_T_C	0.00947047619047619
OG1874_2233_A_G	0.00946854301033052
OG8680_217_G_A	0.00946666666666667
OG4870_96_A_G	0.00945954575704799
OG7958_774_A_G	0.00945705882352941
OG593_4669_T_G	0.00945652173913044
OG10336_105_C_T	0.00945407011289364
OG850_3273_T_C	0.00945336768494663
OG4884_918_A_C	0.00945
OG10437_286_C_A	0.00945
OG2536_2046_C_T	0.00944807779285391
OG4641_87_C_T	0.00944263285024155
OG10597_61_T_C	0.00943707482993198
OG3244_488_G_T	0.00943619799574855
OG4071_465_C_T	0.00942777777777778
OG2775_537_T_C	0.00942324561403509
OG2249_150_G_A	0.00941952542929174
OG2977_288_T_C	0.00941790679908327
OG9816_441_T_C	0.00941401497053671
OG3969_534_A_T	0.00941287878787879
OG4841_343_T_C	0.00940928206920505
OG5122_303_A_G	0.00940837438423645
OG2911_1474_T_C	0.00940472027972028
OG7227_600_A_T	0.0094025286307895
OG3282_971_C_G	0.0093939393939394
OG2773_1795_C_G	0.00939312169312169
OG10135_175_C_T	0.00939166666666667
OG589_3806_A_G	0.00939153766769866
OG9779_586_G_C	0.00938612745744821
OG1536_1416_G_A	0.0093843137254902
OG1979_1464_C_T	0.00937142857142857
OG6957_462_T_C	0.00936840659340659
OG2200_435_T_C	0.00936111111111111
OG10434_330_C_A	0.00935839160839161
OG764_2979_A_G	0.00935818809906097
OG7919_382_A_T	0.00935625485625486
OG5315_834_A_G	0.00932126148705096
OG4048_314_A_G	0.00932097902097902
OG2169_1188_A_G	0.00931843434343434
OG3662_1182_A_G	0.00931818181818182
OG1854_486_G_A	0.00931402818417247
OG649_1451_T_A	0.00930877192982456
OG2779_1396_T_C	0.00930836236933798
OG7893_900_T_C	0.00930451529464687
OG9442_198_A_G	0.00929523809523809
OG8062_321_A_G	0.00928333333333333
OG4471_97_G_C	0.00928076923076923
OG4320_945_G_T	0.00927857142857143
OG4970_1036_C_T	0.00927523809523809
OG1620_1345_C_T	0.00927083333333333
OG7885_867_T_C	0.00926855600539811
OG10520_102_A_C	0.00926364522417154
OG6051_468_C_G	0.00925874245256396
OG4736_681_C_T	0.00925714285714286
OG4156_1134_G_A	0.00925298065253088
OG4697_1437_C_A	0.00924285714285714
OG10659_54_A_G	0.00924161939352012
OG916_3729_C_T	0.00923167266906763
OG1835_2592_C_T	0.00922955486542443
OG3460_820_C_T	0.00921904761904762
OG1505_3012_C_G	0.00921664018221304
OG6008_987_G_C	0.00921111111111111
OG5375_789_G_A	0.00920681622088008
OG8756_79_C_G	0.0092
OG2409_1519_A_G	0.00919746536987917
OG7792_183_T_C	0.00919268153230418
OG5861_906_A_C	0.00919047619047619
OG4996_714_A_G	0.0091886908298673
OG10589_203_A_C	0.00918787878787879
OG5166_633_C_T	0.00918571428571429
OG1713_587_G_T	0.00916978845054317
OG504_840_A_T	0.00916978418790683
OG3758_810_G_A	0.0091670533396896
OG629_1836_T_C	0.00916666666666667
OG6414_912_G_A	0.00915336134453781
OG5681_415_T_C	0.00913003989833091
OG6987_1030_T_A	0.00912447690026846
OG6393_777_G_A	0.00912444384019658
OG6434_402_C_T	0.00912269766397125
OG1234_1611_T_C	0.00912222222222222
OG6693_1076_A_C	0.00911806746225351
OG3777_1641_A_T	0.00911111111111111
OG4635_780_C_G	0.00910910078696964
OG890_1383_G_A	0.00910351966873706
OG1495_675_A_T	0.00909754385964912
OG5607_738_G_A	0.00908658008658009
OG1303_2232_T_C	0.00907777777777778
OG5219_60_C_T	0.00906969696969697
OG9768_528_G_A	0.00906666666666667
OG4585_405_C_A	0.00906410256410256
OG7597_507_G_T	0.00906231884057971
OG367_2157_C_T	0.00905997708134668
OG3671_1609_C_T	0.00905931028895358
OG5186_2996_C_A	0.00905680272108844
OG8818_126_A_G	0.00905024118738404
OG6307_844_C_G	0.00904783919734857
OG2918_623_A_G	0.00903819444444444
OG8896_219_C_A	0.00903759994591847
OG6917_951_C_T	0.0090339120677946
OG8741_147_G_T	0.00903157894736842
OG3070_1908_G_C	0.00902727272727273
OG5231_859_G_A	0.00900750360750361
OG5_15060_A_G	0.009
OG4229_1659_A_G	0.00899910334726539
OG89_2112_G_A	0.00899291101055807
OG543_957_C_G	0.00899244264507422
OG2993_1530_T_C	0.00899090909090909
OG8860_216_C_G	0.00898585858585858
OG1231_137_C_T	0.00898351648351648
OG2259_504_T_C	0.0089834296138644
OG3541_813_C_T	0.00898333333333333
OG8238_77_C_G	0.00898142887988322
OG2024_591_C_A	0.00897777777777778
OG8787_261_T_C	0.00897751322751323
OG6815_531_C_T	0.00897518796992481
OG1127_1005_A_G	0.00897254901960784
OG1270_231_T_A	0.00897137853476642
OG9114_126_T_C	0.0089685338001167
OG4034_1575_G_A	0.00896347334854105
OG823_3458_A_C	0.00896225181896658
OG597_3177_A_C	0.00896111111111111
OG10203_375_G_A	0.00895316039459262
OG9403_274_T_G	0.00895060697182314
OG10578_294_C_T	0.00894356060606061
OG3857_819_A_G	0.00893915343915344
OG379_681_A_G	0.00893161166905787
OG1692_2946_G_A	0.00893095401509952
OG3463_1408_C_T	0.00891666666666667
OG5367_222_A_C	0.00891349206349206
OG10472_58_G_A	0.00890380915400507
OG8875_205_T_C	0.0089
OG9377_72_G_C	0.00889615384615385
OG6058_441_C_T	0.00888857724247924
OG6551_1032_C_T	0.00888571428571429
OG5953_66_C_T	0.00888508771929824
OG3648_777_A_G	0.00888487127962029
OG6428_930_G_A	0.00888389774877399
OG4994_1167_G_A	0.00888095238095238
OG2400_526_T_A	0.00887759380481753
OG1498_469_C_T	0.00887362637362637
OG3356_918_G_A	0.00886666666666667
OG818_4710_C_T	0.00886666666666666
OG4995_380_C_G	0.00886580086580086
OG9956_117_G_T	0.00885252525252525
OG2265_619_A_C	0.00884978354978355
OG7936_501_C_T	0.00884615384615385
OG4696_278_G_C	0.00884470588235295
OG2450_2236_G_A	0.00883492063492064
OG10457_144_T_C	0.00883061739847454
OG6554_321_C_T	0.00882679738562092
OG7981_133_A_G	0.00882222222222222
OG10835_261_A_T	0.00882142857142857
OG6965_534_A_G	0.00881366459627329
OG10768_306_C_T	0.00880808080808081
OG8997_105_G_A	0.00880124398073836
OG8061_241_G_T	0.0088
OG1957_1752_C_T	0.0087959595959596
OG10075_393_G_A	0.00879378953421506
OG4548_324_C_T	0.00878881703506735
OG4305_531_G_A	0.0087843137254902
OG899_1773_G_A	0.00878333333333333
OG3055_675_A_G	0.00878065937791338
OG6545_921_C_G	0.00877960927960928
OG4860_1743_C_T	0.00877136752136752
OG1227_3363_A_T	0.00876350877192983
OG6268_789_T_G	0.00875757575757576
OG5006_1212_C_T	0.00875686274509805
OG2004_980_T_G	0.00875366112198304
OG8734_516_C_T	0.00875349376362035
OG77_2388_T_C	0.00873809348546191
OG6096_358_G_A	0.00873333333333333
OG9766_455_G_A	0.00872948880906327
OG1589_2571_A_C	0.00872327141382869
OG4368_1104_T_C	0.00872142857142857
OG3404_1374_A_G	0.00871982671278342
OG6466_1005_A_G	0.00871915584415585
OG8030_234_A_G	0.00871428571428571
OG9850_52_A_G	0.00869642857142857
OG9374_140_C_G	0.0086960076960077
OG3666_441_G_C	0.00869444444444445
OG8939_381_T_C	0.00869413919413919
OG6583_18_T_C	0.00869090909090909
OG1809_414_G_A	0.00868888888888889
OG7057_25_G_T	0.00868695652173913
OG3500_1260_A_G	0.00868484848484849
OG5312_789_T_C	0.00868364968364969
OG8776_120_T_A	0.00867685160368087
OG265_2202_T_C	0.00867521367521367
OG10063_321_C_T	0.00867372792446233
OG4398_1495_A_G	0.00866930320150659
OG3917_1551_T_C	0.00866666666666667
OG7082_112_G_A	0.00866666666666667
OG10713_282_C_T	0.00866461538461539
OG6080_741_T_C	0.00866119465329992
OG4909_489_C_T	0.00865907137616602
OG879_918_G_A	0.00865584415584415
OG8319_411_G_A	0.00865262049882741
OG202_303_T_C	0.00864102564102564
OG7169_510_G_A	0.00863492063492064
OG6047_954_T_C	0.00862830502830503
OG3227_43_T_C	0.00862412617220802
OG2589_1497_A_G	0.00861831501831502
OG1186_987_T_C	0.00861118892001245
OG1923_1185_T_A	0.00860472733558034
OG1851_1514_C_G	0.00860227272727273
OG3010_1686_C_T	0.0086017316017316
OG9545_205_T_C	0.00860004923895692
OG5412_612_A_T	0.00859615384615385
OG6581_154_G_T	0.0085952113028257
OG10910_321_C_T	0.00859151515151515
OG11343_138_C_T	0.00858761609907121
OG5707_621_T_C	0.00857124183006536
OG6784_222_C_T	0.00857049617049617
OG3701_1131_T_C	0.00856450216450216
OG4380_270_G_A	0.00856018882769473
OG10384_258_T_C	0.00855952380952381
OG3657_1243_A_T	0.00855555555555556
OG2744_1953_T_C	0.00855555555555556
OG3152_1283_A_C	0.00855272727272727
OG2129_135_A_T	0.0085501356238698
OG1578_3325_A_C	0.00853678929765886
OG5987_147_C_G	0.00853333333333334
OG53_5022_T_C	0.00853062349836544
OG1849_158_G_A	0.00852941176470588
OG7239_831_A_C	0.008526999316473
OG3703_192_T_C	0.008525
OG5366_828_T_C	0.00851929824561404
OG9804_303_G_A	0.00851884057971014
OG4967_204_G_A	0.00850412823891085
OG6945_465_C_T	0.00850282785548705
OG384_3783_A_T	0.00850210184552289
OG5773_1233_G_A	0.0085
OG3114_1356_C_T	0.00849566395663957
OG3483_714_A_T	0.00848636363636364
OG6493_15_C_T	0.00848597325722742
OG4267_948_T_A	0.00848571428571429
OG5956_112_T_A	0.00847606837606838
OG8184_600_T_C	0.00847452830188679
OG1895_951_C_T	0.00847361111111111
OG5977_54_A_G	0.00847303891077476
OG2476_801_G_A	0.00846666666666667
OG10423_151_A_G	0.00846389625699971
OG5093_1065_C_T	0.00846161651703525
OG6116_783_C_T	0.00845833333333333
OG5123_1026_A_C	0.00845
OG27_6744_G_A	0.00844246031746032
OG5528_1113_G_A	0.00843956043956044
OG8721_305_C_A	0.00843932877158684
OG3828_858_C_T	0.00843650793650794
OG8525_348_G_A	0.00843428571428571
OG6766_317_A_C	0.00842857142857143
OG6231_1180_G_A	0.00842801914580265
OG8693_573_C_T	0.00842424242424242
OG5168_354_T_C	0.00841792524790237
OG5771_207_T_G	0.00841666666666667
OG2573_1401_A_T	0.00841172161172161
OG2380_852_A_G	0.00840630313083143
OG5118_1011_A_T	0.00840492610837439
OG10468_45_A_G	0.0084040404040404
OG3265_8_A_G	0.0084
OG6257_873_T_A	0.0084
OG945_2361_A_G	0.0084
OG3005_2428_C_T	0.00839835953520164
OG1382_2964_T_A	0.00838888888888889
OG1591_417_T_G	0.00838888888888889
OG2632_930_T_G	0.00838790671095396
OG1689_216_T_C	0.00838413008836738
OG3427_117_C_T	0.00838325935401672
OG1483_2640_A_C	0.00838235294117647
OG4408_1186_A_G	0.0083736746345442
OG4562_468_C_T	0.00837301587301587
OG6469_492_A_G	0.00837142857142857
OG10127_171_C_T	0.00836666666666667
OG4121_1776_C_T	0.00836666666666667
OG3767_234_T_C	0.00836363636363636
OG9365_75_G_A	0.00836190476190477
OG4648_1377_G_A	0.00835947712418301
OG611_2097_A_C	0.00835930735930736
OG6034_6_G_T	0.00835294117647059
OG3603_1465_A_T	0.00835178571428572
OG10013_501_C_T	0.00835168067226891
OG1566_1373_G_C	0.00835164835164835
OG1853_9_C_T	0.00834163372859025
OG10110_447_T_C	0.00833939393939394
OG3786_1200_A_T	0.00833719196226659
OG7517_309_G_A	0.00833356588250206
OG3280_909_G_A	0.00833333333333333
OG4757_1179_A_T	0.00833174603174603
OG2839_1917_A_G	0.00833121212121212
OG4168_750_T_C	0.00833101503759399
OG407_2134_T_C	0.00832857142857143
OG1661_2463_C_G	0.0083274189308672
OG4936_688_G_A	0.00832467532467533
OG1467_2274_C_T	0.00832330827067669
OG2209_1830_C_T	0.00831818181818182
OG6711_1086_C_T	0.00831400966183575
OG8155_367_G_A	0.00831220238095238
OG8724_612_T_C	0.00830952380952381
OG3512_708_A_G	0.00830909090909091
OG10667_258_T_C	0.00830124777183601
OG3871_1341_A_G	0.00829444444444444
OG1779_1920_A_C	0.00828470149253732
OG2006_483_A_C	0.00827517345399699
OG5974_765_A_C	0.00826851851851852
OG10431_291_C_T	0.00826044294925708
OG7529_213_T_C	0.00825594956658787
OG595_4353_A_G	0.00825396825396825
OG2458_1578_G_A	0.00825
OG8944_401_C_T	0.00824840016436402
OG4665_59_C_T	0.0082463768115942
OG9471_393_A_G	0.00824634240643366
OG11061_290_T_C	0.00824615384615385
OG2372_2103_T_C	0.00824126984126985
OG207_3609_G_T	0.00823643892339545
OG5321_699_T_C	0.00823529411764706
OG3381_1419_C_T	0.00823094571161798
OG7108_45_G_C	0.00822331691297209
OG9881_407_C_T	0.00822309429700734
OG3522_1371_T_C	0.00822132034632034
OG6052_1083_T_C	0.00821794871794872
OG10392_60_A_T	0.00821086956521739
OG6295_459_C_T	0.00821052631578947
OG4365_1023_T_C	0.00819871794871795
OG556_4464_G_A	0.00819816908052202
OG9748_504_A_T	0.00819444444444444
OG5370_1074_C_G	0.00819393939393939
OG33_11049_C_T	0.00819047619047619
OG285_5382_A_G	0.00818658410732714
OG2028_1875_C_T	0.0081859649122807
OG3364_1338_A_G	0.0081780303030303
OG1088_150_A_T	0.00817717717717718
OG2554_233_C_G	0.00817662702979159
OG4429_540_T_C	0.00817115782767957
OG4118_1143_A_G	0.00817059881552972
OG10807_170_T_C	0.00816666666666667
OG229_1287_T_C	0.00816558441558442
OG3279_1032_T_C	0.00816363636363636
OG1226_2514_A_G	0.00815215924426451
OG510_4041_A_G	0.0081417003761266
OG4586_1393_G_A	0.00814057893326186
OG9695_213_T_C	0.00813846153846154
OG8608_39_G_A	0.00813393653625589
OG162_3490_C_T	0.00813333333333333
OG8733_377_C_G	0.00812836134453782
OG1755_2622_T_C	0.00812257712257713
OG9445_94_A_G	0.00811232691658224
OG7631_508_G_A	0.00811111111111111
OG4694_288_C_T	0.00811111111111111
OG2606_21_A_T	0.00810905870445344
OG7338_483_G_A	0.00810885116015846
OG3181_1874_T_C	0.00810406887436145
OG2085_205_A_T	0.0081
OG9553_514_A_G	0.00808658318425761
OG1347_2625_T_C	0.00808333333333333
OG10422_168_T_C	0.00807788549478691
OG8593_294_A_G	0.00807777777777778
OG3316_622_C_A	0.00807539682539683
OG9444_423_T_G	0.00807412470570365
OG2845_1323_G_A	0.00807354497354497
OG9404_189_A_T	0.00807333333333333
OG7622_8_T_C	0.00805714285714286
OG8881_394_T_A	0.00805555555555556
OG135_1842_T_C	0.00805369458128079
OG7164_1230_A_G	0.00805303030303031
OG1666_921_G_C	0.00804761904761905
OG9242_508_G_A	0.00804761904761905
OG4852_381_T_C	0.00804545454545455
OG7685_828_C_T	0.00804300385109114
OG10542_108_C_T	0.00804123931623932
OG1652_1083_G_A	0.00804117647058824
OG7182_573_G_A	0.00803703703703704
OG2594_1605_C_T	0.00803476558902091
OG4620_1422_C_T	0.00803351478956363
OG25_9230_C_G	0.008029647507151
OG8514_528_T_C	0.00801437229437229
OG3077_1089_C_T	0.00801233934919333
OG2864_1071_T_C	0.00801111111111111
OG9998_655_G_C	0.00800891265597148
OG1456_1362_T_G	0.0080083237199682
OG638_3539_A_T	0.00799945887445887
OG6272_297_C_T	0.00799649122807018
OG9679_261_A_G	0.00798667502088555
OG9423_201_C_T	0.00798632653061225
OG5017_1227_G_T	0.00798343685300207
OG8539_213_T_C	0.00797777777777778
OG6263_399_G_C	0.00797777777777778
OG3717_1278_A_T	0.00797706508051335
OG5862_117_C_G	0.00797515216612961
OG5435_9_C_T	0.00796728586171311
OG694_585_C_T	0.00796506589910619
OG719_2877_C_T	0.00796190476190476
OG8972_777_G_A	0.00796161616161616
OG6088_642_T_A	0.00795571058612124
OG1487_1794_T_A	0.00795557460793769
OG6699_677_C_T	0.00795555555555555
OG5568_390_G_A	0.00794986449864499
OG9751_153_C_T	0.00794444444444445
OG1671_1845_A_G	0.00793582887700535
OG7402_522_A_C	0.00793333333333333
OG7238_213_G_C	0.00793333333333333
OG5352_261_A_T	0.00793138909486512
OG4461_951_T_C	0.00792717086834734
OG1777_2400_C_T	0.00792222222222222
OG7791_834_T_C	0.00791713414634146
OG264_4533_A_G	0.00791666666666667
OG10808_65_A_C	0.00790865384615385
OG5348_570_C_A	0.00790659983291562
OG10111_414_A_G	0.00790642381932536
OG10006_210_C_T	0.00789869281045752
OG9688_340_A_G	0.00789607843137255
OG7380_537_T_C	0.00788888888888889
OG1681_939_A_T	0.0078887745956499
OG2604_468_C_T	0.00788080495356037
OG6419_666_C_T	0.00788
OG2304_114_T_C	0.00787973137973138
OG5189_1246_T_A	0.00787420634920634
OG11235_675_T_C	0.00786598240469208
OG8421_281_G_A	0.00786500341763499
OG10742_183_T_C	0.0078578431372549
OG10372_85_T_G	0.00785719260197773
OG10355_171_C_T	0.00785714285714286
OG4244_588_C_T	0.00784848484848485
OG1624_2187_C_T	0.00784444444444445
OG6728_795_T_A	0.00784444444444445
OG9357_358_A_C	0.00783670709058104
OG1538_1684_A_C	0.00783458781362007
OG3020_936_G_T	0.00783418803418804
OG1746_969_A_G	0.007825
OG5633_58_G_A	0.00782011965496752
OG9505_102_C_T	0.00781993788819876
OG5379_560_C_A	0.00781578947368421
OG8414_343_G_A	0.00781406828465652
OG10519_78_T_C	0.00780852754551385
OG5728_610_G_T	0.00780538140317552
OG1150_2898_G_C	0.0078
OG7366_735_G_A	0.0078
OG5250_1476_C_T	0.00779852941176471
OG8570_255_A_T	0.00779831932773109
OG4979_666_T_C	0.0077953953953954
OG917_2679_T_C	0.007791994478951
OG8282_216_G_A	0.00778631290095301
OG1391_2319_G_A	0.00778604651162791
OG4656_1319_G_A	0.00778571428571429
OG1956_2478_T_A	0.00778333333333333
OG5587_781_G_A	0.00778177655677655
OG5224_459_G_A	0.00778143985916645
OG9454_453_T_C	0.00777619047619048
OG7391_334_C_T	0.00777375201288245
OG3108_732_C_T	0.00777152669101025
OG10552_375_A_G	0.00776978511684394
OG4992_262_A_T	0.0077691637630662
OG7445_74_A_C	0.00776043956043956
OG2163_1713_A_G	0.00775980392156863
OG9300_222_G_A	0.00775557644110276
OG1723_2148_T_C	0.00775238095238095
OG2972_1518_T_C	0.0077457264957265
OG2818_1491_T_G	0.00774385964912281
OG7794_1140_C_T	0.00774308217189315
OG9148_417_G_T	0.00773801169590643
OG10480_40_T_A	0.00773573823207443
OG2889_1248_A_T	0.00773225108225108
OG5478_363_G_A	0.00772727272727273
OG8013_619_G_A	0.0077202380952381
OG4675_510_G_A	0.00772
OG8232_165_C_T	0.00771333333333333
OG1876_982_A_C	0.00771058823529412
OG1423_1608_C_T	0.0077051282051282
OG11_2721_A_G	0.0077
OG32_12588_C_T	0.00769444444444444
OG1709_1419_C_T	0.00768379446640316
OG2515_1677_A_G	0.00768318595161076
OG2843_564_C_T	0.00768253968253968
OG9837_21_T_C	0.00768181818181818
OG1284_3528_A_G	0.00768174603174603
OG3934_804_T_C	0.00768131868131868
OG7956_786_T_A	0.00767692307692308
OG554_3486_G_A	0.00767045454545455
OG3383_807_C_T	0.00766666666666667
OG4146_1170_T_C	0.00766666666666667
OG4108_336_A_G	0.0076605580693816
OG11131_416_T_C	0.00765685425685426
OG6830_483_G_A	0.00765476190476191
OG8067_101_C_G	0.00765454545454546
OG1174_2018_A_C	0.00765250329380764
OG9259_60_T_G	0.00764525365701836
OG437_5522_G_C	0.00764468864468864
OG2257_77_C_T	0.00764052287581699
OG705_3405_T_C	0.00763626373626374
OG1635_2367_C_T	0.00763333333333333
OG5722_858_G_A	0.00763259441707718
OG7270_47_C_T	0.0076288256898013
OG10491_363_A_G	0.00762298850574713
OG10692_222_A_G	0.00762083378490696
OG6573_957_A_T	0.00761965271234352
OG457_3739_G_A	0.00761960784313725
OG7573_234_G_A	0.00761904761904762
OG758_408_C_T	0.00761764705882353
OG5560_153_A_G	0.00760652173913044
OG1043_1497_A_T	0.00760555555555555
OG4966_315_G_A	0.0076
OG5135_1179_T_C	0.0076
OG2816_1095_G_A	0.0075991935483871
OG2305_188_C_T	0.0075974025974026
OG5222_111_T_C	0.0075921568627451
OG1144_3366_C_T	0.00759148975278008
OG7650_399_G_A	0.00758787878787879
OG4349_1503_T_C	0.00758555194805195
OG12_5034_C_G	0.00758181818181818
OG9084_1050_G_A	0.00758060623929072
OG6919_58_T_C	0.0075796451914099
OG7342_885_G_A	0.0075780303030303
OG4438_1074_T_C	0.00757724301841949
OG2951_1473_C_A	0.00757575757575758
OG3499_1879_T_G	0.00757332228666115
OG7064_465_C_T	0.00757142857142857
OG652_354_C_T	0.00757062937062937
OG6954_720_T_C	0.00755694147461789
OG6978_546_C_T	0.00755462686029115
OG4488_57_A_C	0.00755396825396825
OG41_11487_G_A	0.00755238095238095
OG6747_1146_A_T	0.00755227021040975
OG4494_1218_G_A	0.00755206349206349
OG10510_168_G_A	0.00755058347449652
OG3659_1077_T_C	0.00755
OG1087_502_T_A	0.00754765559732665
OG10329_324_T_G	0.00754453781512605
OG8204_351_G_C	0.00754166666666667
OG6585_975_A_G	0.00754155844155844
OG1369_3441_A_G	0.00754102564102564
OG1171_2049_G_T	0.00754047564072962
OG8580_551_G_T	0.00753846153846154
OG1857_2496_G_A	0.00753333333333333
OG670_696_C_G	0.00752539682539682
OG6062_1110_T_C	0.00752142857142857
OG8192_567_T_C	0.00752121212121212
OG260_3801_T_A	0.00751666666666667
OG5202_420_C_T	0.00751537015227587
OG533_3435_A_G	0.00751257325332491
OG2071_2226_T_G	0.00751111111111111
OG1460_1833_G_A	0.00751111111111111
OG1716_957_C_T	0.00750793650793651
OG7096_666_A_G	0.00750640479157103
OG8814_144_A_T	0.00750601757944557
OG2041_1107_C_T	0.0075025641025641
OG9792_501_A_G	0.0075
OG1802_1791_C_T	0.00749939393939394
OG10567_282_G_A	0.0074982905982906
OG7908_594_C_T	0.00749673202614379
OG711_4116_T_C	0.00749090909090909
OG6456_901_G_C	0.00748717948717949
OG2948_1938_T_C	0.00748717948717949
OG7367_525_A_G	0.00748669467787115
OG5149_774_T_G	0.00748571428571429
OG2748_15_A_G	0.00748571428571429
OG9353_458_G_T	0.00748484848484849
OG10897_81_T_C	0.00748114630467572
OG8602_1152_C_A	0.00747623942745608
OG7705_675_A_G	0.00747619047619047
OG9939_281_C_T	0.00747474747474747
OG6213_817_T_C	0.007468671679198
OG1190_2041_T_C	0.00746848739495798
OG7416_438_G_T	0.00746666666666667
OG9469_228_G_A	0.00745990859991691
OG3560_357_C_T	0.00745714285714286
OG2191_2581_A_G	0.00745507708665604
OG7869_421_G_A	0.00744761904761905
OG293_1488_A_G	0.00744750337381916
OG9177_622_G_T	0.00743822843822844
OG8015_672_A_G	0.00743764837313224
OG4411_954_A_G	0.00743501519756839
OG6855_243_G_A	0.00743333333333333
OG9518_346_A_T	0.00742999758861829
OG10957_191_G_A	0.00742727272727273
OG6292_366_C_T	0.00742697947214076
OG8545_784_A_G	0.00742489177489178
OG8534_279_G_A	0.00742309368191721
OG246_5160_A_C	0.00741698936627943
OG4038_135_A_C	0.00741532091097309
OG9394_252_G_A	0.00741111111111111
OG4287_459_G_A	0.00740383426097712
OG5036_1214_C_T	0.00739948717948718
OG1892_1320_G_A	0.0073968253968254
OG1134_1428_G_A	0.00738333333333333
OG10061_439_A_G	0.00738026418026418
OG7247_30_T_C	0.00737777777777778
OG3523_552_T_C	0.00737179487179487
OG1230_838_C_T	0.00737142857142857
OG4836_262_T_A	0.00736842105263158
OG11240_698_A_T	0.00736507936507937
OG1235_3206_A_G	0.00736363636363636
OG8968_501_G_A	0.00735714285714286
OG3199_1542_G_A	0.00735356037151703
OG919_3272_C_G	0.00735353535353535
OG4166_1518_C_T	0.0073516339869281
OG11028_168_A_G	0.00734848484848485
OG780_3132_T_A	0.00734409888357257
OG2693_811_T_C	0.00734285714285714
OG2306_2279_C_A	0.00733888888888889
OG3712_657_C_A	0.00733797933569101
OG4061_660_A_G	0.00733333333333333
OG1414_3042_A_G	0.00733333333333333
OG8327_276_T_C	0.00733333333333333
OG2114_2214_A_T	0.00733333333333333
OG4530_909_G_A	0.00732400932400932
OG7073_615_G_A	0.0073234360410831
OG895_444_C_T	0.00731861471861472
OG10401_19_G_C	0.00731794871794872
OG654_2832_C_T	0.00731666666666667
OG5874_801_C_T	0.00731
OG10167_252_C_T	0.00730681818181818
OG7472_381_T_G	0.00730555555555555
OG4075_1104_T_C	0.00730308464849354
OG1438_762_G_A	0.00730136363636364
OG4389_1516_A_G	0.00729946524064171
OG10632_294_C_T	0.00729564338648103
OG6714_396_T_A	0.00729365079365079
OG9807_454_A_T	0.007290633335427
OG5964_860_C_T	0.00728632478632479
OG8757_504_C_T	0.00728571428571429
OG7508_78_G_A	0.00728571428571429
OG7089_623_T_C	0.00727272727272727
OG10767_267_C_T	0.00727272727272727
OG4710_526_G_C	0.00727142857142857
OG715_981_T_C	0.00727092276646487
OG6259_497_C_T	0.00727008547008547
OG5338_237_A_G	0.00727000777000777
OG1484_1311_C_A	0.00726914275655694
OG4153_36_C_A	0.00726666666666667
OG10439_111_A_G	0.00726190476190476
OG1357_1878_T_C	0.00725836403831983
OG4188_933_A_T	0.00725492610837438
OG8575_243_A_G	0.00725340817963111
OG388_1416_T_C	0.00725244003308519
OG2590_351_C_T	0.00725179980917686
OG503_4401_T_A	0.00725141065830721
OG4186_903_G_A	0.00725
OG1656_2115_C_G	0.00724325198164372
OG10864_219_C_T	0.00724218123496391
OG801_2838_A_G	0.00723809523809524
OG3683_1075_A_T	0.00723789173789174
OG8201_508_G_A	0.00723626373626374
OG4748_12_A_G	0.00723029080147725
OG4927_663_G_A	0.00722689075630252
OG6482_336_C_T	0.00722494510597959
OG5152_1392_T_C	0.00722087886538014
OG9547_360_G_A	0.00721666666666667
OG5979_1191_T_A	0.00721666666666667
OG9561_318_G_A	0.00721428571428571
OG9395_363_G_T	0.00721033868092691
OG8142_92_A_C	0.00720963855421687
OG365_1602_T_A	0.00720508474576271
OG9433_414_A_G	0.00720098954391276
OG6910_189_T_C	0.0072
OG5016_1116_T_C	0.0072
OG6961_914_A_G	0.0072
OG2270_345_A_C	0.0072
OG430_5151_G_T	0.0072
OG4725_1305_A_G	0.0072
OG2152_54_C_T	0.0072
OG790_1890_C_T	0.0071984126984127
OG4332_1389_G_A	0.00719444444444445
OG1486_488_C_G	0.00719365079365079
OG3368_1257_A_C	0.00719333333333334
OG1704_729_G_A	0.00719042183083279
OG9310_205_C_T	0.00718803418803419
OG7122_393_C_A	0.0071870775543577
OG3539_1146_T_C	0.00718599033816425
OG5256_1134_T_C	0.00717748049052397
OG10729_367_C_T	0.00717261904761905
OG4073_1575_T_C	0.00717241379310345
OG5472_1128_G_A	0.00716923076923077
OG1012_1294_A_T	0.00716648841354724
OG2810_1467_C_T	0.00716198979591837
OG1506_1606_G_C	0.00715354553492484
OG7093_735_G_A	0.00714915872329104
OG8156_771_C_T	0.00714473684210526
OG650_1864_G_C	0.00714365079365079
OG6339_1038_T_C	0.00714285714285714
OG9027_22_A_T	0.0071424287856072
OG3313_918_G_A	0.00714242424242424
OG3747_594_A_T	0.00714166666666667
OG8367_57_C_T	0.00714087301587302
OG4131_75_C_A	0.00713547500254557
OG10003_231_A_C	0.00713461538461539
OG7013_777_G_A	0.0071343752511856
OG2506_184_T_C	0.00713333333333334
OG7143_837_A_T	0.00713102453102454
OG2015_2313_A_G	0.00712564102564103
OG4545_972_C_G	0.00711818181818182
OG8579_666_C_T	0.00711764705882353
OG5925_963_C_T	0.00711465026201868
OG7009_320_G_C	0.00711111111111111
OG3211_1191_T_A	0.00711111111111111
OG1119_3345_G_A	0.00710639222412807
OG4137_644_A_T	0.00710526315789474
OG9564_417_A_G	0.0070969696969697
OG2731_1419_T_C	0.00709625668449198
OG5933_136_A_G	0.00709377990430622
OG8109_621_T_A	0.00709090909090909
OG6424_135_A_G	0.00709090909090909
OG5190_61_G_A	0.00708994391455007
OG30_3117_A_G	0.00708888888888889
OG8433_588_C_T	0.00708888888888889
OG9095_504_G_A	0.00708490927676974
OG3680_1487_G_A	0.00708401928068224
OG5638_966_C_T	0.00707869281045752
OG6203_441_T_C	0.00707803992740472
OG2576_1688_T_C	0.00707315389924086
OG877_3138_A_T	0.00707142857142857
OG11174_381_G_C	0.00707142857142857
OG8179_246_C_T	0.00706965723487464
OG6641_708_C_T	0.00706666666666667
OG359_3105_T_G	0.00705994729907773
OG4846_228_A_G	0.00705838779956427
OG9541_269_C_T	0.00705714285714286
OG10604_135_G_A	0.00705404868355689
OG7819_17_C_T	0.00705042016806723
OG1649_3916_G_A	0.00705
OG6165_108_A_G	0.00704444444444444
OG672_489_T_G	0.00704322344322344
OG1690_2217_G_A	0.00704170187793427
OG2411_2340_C_G	0.00703418803418803
OG4776_1332_G_A	0.00703333333333333
OG4579_1230_T_A	0.00702857142857143
OG1648_1953_G_T	0.00702564102564103
OG7750_519_C_T	0.00702083333333334
OG159_2811_A_G	0.00702079002079002
OG9827_127_T_C	0.00701982150269821
OG6868_165_G_A	0.00701666666666667
OG5172_558_T_C	0.00701111111111111
OG5210_1110_T_G	0.00700793650793651
OG696_1443_C_T	0.00700340136054422
OG3668_771_G_A	0.007
OG3698_1641_G_C	0.007
OG5080_942_C_T	0.007
OG5806_639_A_C	0.007
OG3991_477_C_T	0.007
OG3572_1149_C_T	0.00699600423482804
OG1891_873_T_C	0.0069881864623244
OG1106_1545_C_A	0.00698601398601399
OG8415_252_C_T	0.00698282680693552
OG4606_1385_C_T	0.00698160724391624
OG3622_695_C_T	0.00698123758893667
OG3037_1368_T_A	0.00697606837606838
OG9429_92_A_T	0.00697509903791737
OG4022_1648_T_C	0.00697142857142857
OG2382_468_G_A	0.00697130647130647
OG7961_300_T_A	0.00696567505720824
OG5857_1057_C_A	0.00696503496503497
OG10655_148_T_C	0.00695387488328665
OG6178_1008_C_T	0.00695238095238095
OG9271_210_A_T	0.00694871794871795
OG7422_663_G_A	0.00694615384615385
OG1967_630_T_C	0.00694285714285714
OG2218_675_G_A	0.00694285714285714
OG6498_204_C_T	0.00693846153846154
OG2919_1422_G_A	0.00693706293706294
OG3933_894_A_G	0.00693506493506493
OG8689_180_C_T	0.00693487394957983
OG10236_270_C_T	0.00692979127134725
OG9243_321_C_T	0.00692900432900433
OG4486_1515_C_A	0.00692424242424243
OG677_720_G_C	0.00691964285714286
OG4341_251_G_A	0.00691497975708502
OG6069_1153_C_G	0.00691031746031746
OG9951_420_G_A	0.00690909090909091
OG6911_517_C_G	0.0069047619047619
OG667_3305_G_A	0.00690453789498693
OG3811_741_G_A	0.00690333333333333
OG5804_985_A_G	0.00689705882352941
OG6521_957_G_A	0.0068956228956229
OG3573_1146_A_C	0.00689333333333333
OG4019_778_G_A	0.0068922908486862
OG5929_19_C_T	0.00689058027582618
OG8902_282_G_A	0.00688888888888889
OG7678_780_T_C	0.00688434343434343
OG2727_2026_G_A	0.00688235294117647
OG6842_78_A_C	0.00687777777777778
OG4624_1320_T_C	0.00687533156498674
OG9878_90_G_A	0.006875
OG397_3213_A_G	0.00687424349049965
OG2710_207_C_A	0.00686868686868687
OG619_2676_C_T	0.00686813186813187
OG233_5100_T_C	0.00686666666666667
OG630_1029_G_A	0.00686666666666667
OG6510_318_A_G	0.00686666666666667
OG695_1170_G_A	0.00686013986013986
OG5059_1282_C_T	0.00685800865800866
OG8047_600_T_A	0.00685714285714286
OG4183_1611_T_C	0.00685714285714286
OG4099_1566_T_C	0.00684823422191843
OG6569_225_A_G	0.00684782608695652
OG9758_126_G_A	0.00684761904761905
OG9684_201_C_T	0.00684491978609626
OG7409_599_A_G	0.00684444444444445
OG8624_159_A_T	0.00684081795825409
OG5020_426_G_A	0.00683977272727273
OG304_3300_C_T	0.00683333333333333
OG8720_132_T_C	0.00683333333333333
OG1631_957_G_A	0.00683333333333333
OG8551_150_C_T	0.00682954545454545
OG881_373_C_T	0.00682857142857143
OG4942_1011_A_G	0.00682828282828283
OG6981_592_A_G	0.00682445141065831
OG7454_629_T_C	0.00682222222222222
OG8844_401_G_A	0.00682211538461539
OG8165_897_A_T	0.00682153846153846
OG1152_2967_T_C	0.00682067736185383
OG7681_845_C_A	0.00681978021978022
OG8393_631_A_G	0.00681777777777778
OG940_3819_G_T	0.00681739431739432
OG7346_630_T_A	0.00681666666666667
OG10089_406_G_A	0.00681633986928105
OG6032_291_T_C	0.00681170203380423
OG635_664_A_C	0.00680833333333333
OG2495_2289_C_T	0.0068
OG8915_240_T_A	0.0068
OG9134_309_A_G	0.0068
OG2888_702_G_A	0.00679845148315737
OG10875_335_G_A	0.00679786096256684
OG7878_303_T_C	0.00679726925458308
OG4335_99_C_T	0.0067972027972028
OG2459_582_C_T	0.00679472140762463
OG7_2332_A_T	0.00679259043927648
OG3728_870_T_C	0.00679145299145299
OG8183_390_C_T	0.00678787878787879
OG10221_363_T_C	0.00678787878787879
OG8498_412_G_A	0.00677736726874658
OG10465_66_G_A	0.00677142857142857
OG1419_1478_C_G	0.00677091165413534
OG5094_21_A_G	0.00677083333333333
OG471_2448_G_T	0.00676923076923077
OG7945_18_A_G	0.00676847041847042
OG3221_1551_A_G	0.00676666666666667
OG6664_796_C_T	0.00676111111111111
OG2301_1744_C_A	0.00676007130124777
OG9683_81_T_C	0.0067598740084764
OG9856_359_A_G	0.00675396825396825
OG10432_363_A_G	0.00675336722514682
OG5725_219_A_G	0.00675328890176761
OG4046_1392_C_T	0.00674117647058824
OG2262_1878_A_G	0.00673939393939394
OG9184_99_T_C	0.0067349235328193
OG3223_800_A_G	0.00673321123321123
OG8985_357_C_T	0.00672294372294372
OG10181_170_C_G	0.00672096171802054
OG7058_966_A_G	0.00671904761904762
OG7924_147_A_C	0.00671882185710105
OG2433_1359_G_A	0.00671739130434783
OG6872_966_C_T	0.00671655387844925
OG2348_768_C_T	0.00671525532584472
OG3845_1197_C_T	0.00671474358974359
OG5794_630_C_T	0.00671428571428571
OG10213_12_A_T	0.00671428571428571
OG4734_1074_C_G	0.00671153846153846
OG316_2730_G_A	0.00671103896103896
OG10352_90_C_A	0.00670924486946995
OG770_2717_G_C	0.00670714285714286
OG3542_1236_C_T	0.00670021834702489
OG3862_858_C_T	0.0067
OG1625_1227_C_G	0.0067
OG1057_1375_A_G	0.0067
OG3117_1833_C_T	0.00669949066213922
OG617_3162_T_A	0.00669732441471572
OG9117_156_C_T	0.00669731800766283
OG582_702_G_A	0.00669714407502131
OG7769_753_A_G	0.00669539880515669
OG7521_33_A_G	0.0066952380952381
OG1398_1962_T_G	0.00669090909090909
OG8743_396_G_A	0.00668884711779448
OG5115_543_G_A	0.00668781678468756
OG6798_615_T_C	0.00668571428571429
OG10427_54_A_G	0.00668181818181818
OG10495_105_A_G	0.00667692307692308
OG819_111_A_G	0.00667158385093168
OG8834_387_G_A	0.00666666666666667
OG9317_483_A_G	0.00666666666666667
OG83_8820_T_A	0.00666666666666667
OG9976_297_G_A	0.00666491228070175
OG8879_184_T_C	0.0066622641509434
OG9949_264_C_T	0.00666111111111111
OG10792_126_T_C	0.00665384615384615
OG4406_1521_T_C	0.00665151515151515
OG8302_222_T_A	0.00665
OG10333_489_C_T	0.00665
OG5852_699_G_A	0.00664467622772708
OG2876_282_A_T	0.00663636363636364
OG2248_2364_C_T	0.00663058608058608
OG6364_387_G_A	0.00662857142857143
OG2657_1623_A_G	0.006625
OG6553_315_G_C	0.00662254901960784
OG766_3474_T_C	0.00662228739002933
OG9730_570_G_A	0.00662012987012987
OG405_4725_A_T	0.00661666666666667
OG1724_1005_G_A	0.00661666666666667
OG5373_221_T_C	0.00661428571428572
OG333_5277_A_G	0.00661089743589744
OG9686_561_G_A	0.00661001113895851
OG7965_274_G_T	0.00660771604938272
OG2905_1611_G_A	0.00660606060606061
OG865_2838_T_C	0.0066010989010989
OG1267_2538_G_A	0.0066
OG1289_3096_G_A	0.00659980106100796
OG10547_258_T_C	0.0065995670995671
OG3866_916_C_T	0.00659842118665648
OG5719_1257_G_C	0.00659543114543115
OG2106_2371_C_T	0.00659090909090909
OG5955_68_G_T	0.00658823529411765
OG5302_274_A_T	0.00658799820868786
OG5867_459_A_G	0.00658333333333333
OG8688_462_A_C	0.00658333333333333
OG8241_374_G_C	0.00658032605692181
OG10508_437_G_A	0.00658008531318452
OG8154_154_G_A	0.00657950097847358
OG6928_510_T_A	0.00657579432452098
OG9244_199_C_T	0.00657311451226259
OG852_3984_C_T	0.00657142857142857
OG10878_285_G_A	0.00656808367071525
OG4286_543_C_A	0.00656738437001595
OG8754_483_G_A	0.00656666666666667
OG2975_1488_C_T	0.00655603448275862
OG9615_523_G_A	0.00655507246376812
OG8694_354_T_C	0.0065546218487395
OG3464_1557_G_A	0.0065530303030303
OG1615_2433_C_A	0.00655
OG351_2058_A_G	0.00654545454545455
OG2681_1806_G_A	0.00654545454545455
OG5651_396_A_G	0.00654242424242424
OG8647_534_C_A	0.00654117647058824
OG1050_3045_C_T	0.00653911977612804
OG5359_502_A_G	0.00653873873873874
OG10067_348_C_T	0.00653409090909091
OG4965_1377_C_T	0.00653333333333333
OG4177_1119_T_C	0.00652951839492441
OG2131_1944_G_A	0.00652870365600261
OG7213_135_A_T	0.00652654741038595
OG5226_285_C_T	0.00652424242424242
OG438_2205_G_A	0.00651960784313726
OG8966_267_C_T	0.00651812512883942
OG1285_1059_A_G	0.00651784816490699
OG6_1899_A_G	0.00651551956815115
OG9528_423_A_C	0.00651526315789473
OG1637_2094_G_C	0.00651515151515151
OG1747_2674_T_C	0.00651402999516208
OG7516_522_T_C	0.00651288244766505
OG259_2355_G_A	0.00650588235294118
OG6270_906_A_G	0.00650588235294118
OG2214_894_A_G	0.0065
OG10653_217_T_G	0.0065
OG7670_663_T_C	0.0065
OG723_3159_T_A	0.0064995670995671
OG9902_303_T_C	0.00649480666841233
OG2225_1344_C_T	0.00648888888888889
OG2897_1508_G_C	0.00648888888888889
OG7281_669_C_T	0.00648888888888889
OG4534_925_A_G	0.00648653846153846
OG8136_321_T_A	0.00648544061302682
OG10477_252_G_C	0.00648529411764706
OG7661_386_C_T	0.0064842132505176
OG8849_81_C_T	0.00648412698412698
OG6552_135_A_T	0.00648411712511091
OG8408_753_T_C	0.00647888407888408
OG1035_2766_T_C	0.00647619047619048
OG4191_987_C_T	0.00647389658566129
OG1116_2213_G_A	0.00647222222222222
OG3428_1548_T_A	0.00647179487179487
OG4951_816_C_T	0.00646604506604507
OG585_3186_A_G	0.00646468344774981
OG6702_906_C_A	0.00646406926406927
OG8642_363_C_T	0.00646153846153846
OG3128_112_A_T	0.00646153846153846
OG2599_1582_C_A	0.00646147978642258
OG6839_720_A_T	0.00645726495726496
OG3524_888_G_A	0.00644615384615385
OG5029_486_T_G	0.00644545454545454
OG7905_222_C_T	0.00644444444444445
OG10234_427_C_T	0.00644444444444445
OG6142_462_C_G	0.00643822843822844
OG6246_57_G_A	0.00643633952254642
OG2900_1152_C_T	0.00643434343434344
OG8128_1022_G_A	0.00643034482758621
OG205_5052_T_C	0.0064297619047619
OG2958_919_T_C	0.00642934782608696
OG4612_1368_A_G	0.00642857142857143
OG10081_165_T_C	0.00642857142857143
OG11325_301_A_C	0.00642687937065853
OG8033_188_A_C	0.00642532467532468
OG9311_732_T_C	0.00642424242424242
OG2351_2325_G_A	0.00642424242424242
OG10617_69_C_T	0.00642251461988304
OG9249_296_A_G	0.00642
OG5830_930_T_C	0.00641298701298701
OG982_2782_T_C	0.00641111111111111
OG10725_174_C_T	0.00640966296512761
OG5274_751_A_G	0.00640769230769231
OG2944_1692_G_A	0.00640692640692641
OG2713_825_C_T	0.00640454545454545
OG1039_2214_T_C	0.00640427157230955
OG7204_530_A_T	0.00640092134096018
OG4084_384_A_G	0.0064
OG3895_219_A_G	0.0064
OG4248_977_A_G	0.0064
OG2615_750_T_C	0.0064
OG5192_189_C_T	0.0064
OG3252_1359_G_A	0.0064
OG1413_1512_G_A	0.0064
OG6281_906_A_G	0.00639761904761905
OG3593_950_G_C	0.00639596808420338
OG8762_495_G_A	0.006392037470726
OG7244_549_C_T	0.00638919003701611
OG10500_239_G_A	0.00638888888888889
OG5325_1227_G_A	0.0063859649122807
OG6788_534_A_C	0.00637714285714286
OG4535_375_C_T	0.006375
OG3941_687_A_G	0.00637037037037037
OG2054_1065_G_T	0.00636769230769231
OG1691_2274_A_G	0.00636714513556619
OG8382_69_C_A	0.00636031746031746
OG1776_906_C_T	0.00635555555555556
OG3509_505_G_A	0.00635555555555556
OG8854_75_A_G	0.00635235545142666
OG3402_114_C_T	0.00634974974974975
OG9384_417_A_G	0.00634966310848664
OG5598_954_G_A	0.00634805194805195
OG10553_358_C_T	0.00634391115509373
OG7954_337_T_G	0.00633995037220844
OG3961_407_G_A	0.0063351994064892
OG9867_43_C_A	0.00633333333333333
OG7300_363_A_G	0.00633333333333333
OG346_4896_G_A	0.00633046683046683
OG9080_379_T_C	0.00632771929824561
OG2854_864_A_G	0.006325
OG5650_341_C_T	0.00632080200501253
OG7500_504_A_T	0.00631761006289308
OG9036_129_T_A	0.00631578947368421
OG7975_765_T_C	0.00631285566320005
OG3194_1608_G_A	0.00630769230769231
OG1788_1914_G_C	0.00630555555555556
OG9049_599_G_A	0.0063030303030303
OG9066_65_C_T	0.0063015873015873
OG3197_762_A_G	0.0063
OG6315_924_G_A	0.0063
OG4518_263_T_A	0.0063
OG8480_444_C_T	0.00629899101026821
OG659_1984_A_T	0.0062953995157385
OG8219_760_C_T	0.00628722943722944
OG5229_216_G_A	0.00628462332301342
OG426_1836_C_T	0.00628205128205128
OG2867_363_G_A	0.00628205128205128
OG1292_1254_T_A	0.00627936507936508
OG10813_384_G_T	0.00627662337662338
OG3994_711_G_A	0.00627586206896552
OG3394_1602_A_G	0.00627450980392157
OG6991_1005_G_T	0.00627272727272727
OG6958_849_G_A	0.00627237654320988
OG5469_948_G_T	0.00626666666666667
OG1866_1231_A_G	0.00626666666666667
OG7395_549_T_A	0.00626532976827094
OG2583_2266_G_A	0.00626453367461206
OG1514_2226_T_C	0.00626338893766462
OG7166_244_A_G	0.00626190476190476
OG8573_132_A_T	0.00626071428571429
OG4560_1149_A_T	0.00625909090909091
OG742_4316_G_A	0.00625837320574163
OG9089_815_G_C	0.00625714285714285
OG3490_220_A_C	0.00625454545454546
OG4906_593_T_C	0.00625333333333334
OG691_248_A_G	0.00625029239766082
OG3574_262_C_T	0.00624786324786325
OG6833_708_G_A	0.00624716268282646
OG6800_342_A_G	0.00624444444444444
OG2649_1914_C_T	0.00624230055658627
OG10078_305_G_C	0.00624141414141414
OG4722_732_G_A	0.00623863636363636
OG3359_1119_C_T	0.00622992768278482
OG2378_2207_T_C	0.00622727272727273
OG1444_3063_G_A	0.00622608695652174
OG2809_2036_G_A	0.00622441471571906
OG6286_636_G_T	0.00622413392234364
OG10438_49_G_C	0.00622222222222222
OG2384_447_G_A	0.00622222222222222
OG3829_1119_T_C	0.00622222222222222
OG5634_354_C_T	0.00621848739495798
OG8921_396_C_T	0.00621428571428571
OG287_3810_A_G	0.00621288515406163
OG7364_81_A_T	0.00620689655172414
OG1655_2064_A_T	0.00620544047944581
OG8715_696_T_A	0.0062030303030303
OG971_1314_C_G	0.0062
OG4857_570_A_G	0.0062
OG3587_993_A_G	0.0062
OG11019_45_C_G	0.00619827586206896
OG2285_1173_G_A	0.00619824561403509
OG6006_849_G_A	0.00619468024900962
OG9200_306_C_T	0.00619366596638656
OG786_1506_C_T	0.00619021879021879
OG2339_2204_G_C	0.00618637110016421
OG929_3126_T_C	0.0061831550802139
OG7532_300_T_C	0.00618049163380174
OG6792_924_C_T	0.00616783216783217
OG7474_855_A_G	0.00616753246753247
OG8215_675_T_A	0.00616666666666667
OG2166_723_G_A	0.00616666666666667
OG8673_153_A_C	0.00616666666666667
OG966_3267_C_T	0.00615656565656566
OG3771_1338_A_C	0.00615
OG4615_594_T_A	0.00615
OG7355_357_G_A	0.00614924264924265
OG4628_1026_C_T	0.00614774098756363
OG10631_24_T_C	0.00614285714285714
OG6402_111_A_G	0.00614285714285714
OG3411_612_T_A	0.00614285714285714
OG3287_417_A_G	0.00614285714285714
OG6300_1098_A_T	0.00613934426229508
OG2497_1242_C_T	0.00613846153846154
OG9964_19_A_G	0.00613333333333333
OG10527_123_C_T	0.00613333333333333
OG5812_220_G_C	0.00613333333333333
OG4362_1335_C_A	0.00613250112460639
OG2885_975_A_C	0.00613068783068783
OG6234_573_G_A	0.00612987012987013
OG3386_42_T_C	0.006125
OG6071_444_G_T	0.00612380952380952
OG7929_546_C_T	0.00612271062271062
OG5255_1230_G_C	0.00612222222222222
OG8546_296_G_A	0.00612210264369733
OG1596_1563_G_A	0.00612121212121212
OG4532_816_G_T	0.00611764705882353
OG6167_32_G_A	0.00611764705882353
OG3259_1905_C_A	0.0061134365982288
OG602_186_G_A	0.00611111111111111
OG2647_1092_C_G	0.00611111111111111
OG4385_1080_T_G	0.00611111111111111
OG4373_195_A_G	0.00611077694235589
OG1557_1625_A_G	0.00610909090909091
OG7462_879_C_A	0.00610714285714286
OG2722_1016_A_C	0.00610714285714286
OG5720_856_C_A	0.0061031746031746
OG10180_234_G_A	0.0061024531024531
OG9161_481_T_A	0.0061
OG6588_364_G_A	0.0061
OG9568_535_G_A	0.0060991452991453
OG2737_336_T_C	0.00609788255223037
OG7839_162_C_T	0.0060967032967033
OG7914_669_G_A	0.0060967032967033
OG11073_537_G_A	0.00609639934533551
OG4426_1088_G_A	0.0060952380952381
OG9482_225_T_C	0.0060952380952381
OG9811_165_C_T	0.00609166666666667
OG8600_693_T_C	0.00609090909090909
OG4425_1459_T_C	0.00609090909090909
OG2134_1065_A_G	0.00609035409035409
OG1075_2322_C_T	0.00608333333333333
OG4422_1578_T_C	0.00607935222672065
OG10178_39_C_A	0.00607402597402597
OG833_1188_A_G	0.00607341453651284
OG7823_635_C_T	0.00607222222222222
OG3271_186_G_C	0.00606666666666667
OG6604_949_A_C	0.00606507936507936
OG6092_366_C_T	0.00606282051282052
OG1053_2475_C_T	0.00606263736263736
OG6362_261_G_T	0.00605797101449276
OG1166_3090_G_A	0.00605555555555556
OG453_4542_A_G	0.00605263157894737
OG7223_300_T_C	0.00603082103082103
OG3256_972_A_G	0.00603030303030303
OG9500_84_T_A	0.00602328042328042
OG9659_255_C_T	0.00602197802197802
OG9246_369_G_A	0.00602142857142857
OG7010_1059_C_T	0.0060183908045977
OG3074_1719_A_G	0.00601666666666667
OG2256_1323_A_G	0.00601666666666667
OG3617_783_A_T	0.00601604278074866
OG6615_1127_G_A	0.00601136363636364
OG8996_306_G_A	0.00600925925925926
OG8245_72_T_A	0.00600877192982456
OG7214_481_G_A	0.00600833333333333
OG7614_693_G_A	0.00600821224607822
OG282_35_G_C	0.00600506585612968
OG7667_294_G_A	0.0060042735042735
OG2396_1881_T_C	0.00600074074074073
OG4890_78_T_C	0.006
OG7119_870_A_T	0.006
OG5404_279_T_C	0.006
OG8396_669_A_G	0.006
OG1169_747_T_C	0.006
OG1715_1374_A_G	0.006
OG10859_195_C_T	0.006
OG9061_612_C_T	0.00599472990777339
OG10268_27_A_G	0.00598952093875684
OG3182_1551_C_T	0.00598115218115218
OG3060_552_C_T	0.00598095238095238
OG3551_919_T_C	0.00597619047619048
OG8181_529_C_T	0.00597254901960784
OG6318_366_G_C	0.00597115384615385
OG7186_185_A_T	0.00596040868454662
OG6319_372_G_A	0.00595670995670996
OG9332_162_T_C	0.00595555555555556
OG8610_435_G_A	0.00594285714285714
OG5155_711_C_G	0.00594230769230769
OG6650_489_T_C	0.00593939393939394
OG9379_156_G_A	0.00593939393939394
OG7740_868_A_G	0.00593650793650794
OG7763_684_C_T	0.00593613053613054
OG3911_1461_C_T	0.00593478260869565
OG9301_567_T_A	0.00593333333333333
OG1497_2079_G_A	0.00593333333333333
OG1472_2163_G_A	0.00592606516290727
OG3953_1347_C_T	0.005925
OG5262_721_G_A	0.00592353252247488
OG9765_228_T_C	0.00591860198624906
OG3168_408_T_A	0.00591666666666667
OG2535_447_C_T	0.00591666666666667
OG2614_1773_C_T	0.00591287878787879
OG8323_351_T_C	0.00591111111111111
OG160_4291_G_A	0.00590769230769231
OG7032_825_C_T	0.0059025641025641
OG1157_2208_T_C	0.00590134158926729
OG7557_876_T_C	0.00590003852080123
OG6275_1038_C_A	0.0059
OG8784_165_C_T	0.0059
OG7665_583_C_T	0.00589473684210526
OG6228_145_T_C	0.00589473684210526
OG6388_1276_A_G	0.00589339260685515
OG2253_609_C_T	0.00588871128871129
OG345_978_C_T	0.00588853052981705
OG7029_312_T_C	0.00588571428571429
OG4202_708_C_T	0.00588311688311688
OG1105_1881_T_C	0.00587714604236344
OG1675_1425_A_G	0.005875
OG10633_338_A_C	0.00587294117647059
OG1672_669_C_G	0.00586904761904761
OG7352_399_T_C	0.00586703478528551
OG5368_1128_G_A	0.00586666666666667
OG7511_222_A_C	0.00586666666666667
OG2804_912_C_T	0.00585963642213642
OG8760_710_A_T	0.00585714285714286
OG8443_156_C_T	0.00585714285714286
OG5742_495_G_A	0.00585714285714286
OG8855_636_T_C	0.00584761904761905
OG4881_669_T_A	0.00584759615384615
OG6906_1026_T_C	0.00584722222222222
OG7780_150_T_C	0.00584615384615385
OG7113_314_A_G	0.00584615384615385
OG3955_195_A_G	0.00583535762483131
OG4626_1422_A_G	0.00583333333333333
OG6767_315_G_A	0.00583333333333333
OG5200_955_A_G	0.00583333333333333
OG6568_909_A_G	0.00583333333333333
OG578_1825_T_C	0.00583333333333333
OG7608_513_A_C	0.00583333333333333
OG10048_372_T_C	0.00583333333333333
OG330_1650_C_T	0.00582125603864734
OG9709_45_C_T	0.00581538461538462
OG3008_554_C_G	0.0058125
OG6140_402_G_A	0.00581081081081081
OG2870_1682_G_A	0.00580272108843538
OG4883_212_C_T	0.0058
OG9823_760_C_T	0.0058
OG10129_451_C_T	0.00579047619047619
OG8490_421_G_A	0.00578907109839313
OG8392_75_G_A	0.00578571428571429
OG8216_615_G_A	0.00578080495356037
OG7640_354_C_T	0.00577983193277311
OG7547_579_C_T	0.00577866004962779
OG6632_295_A_G	0.00577777777777778
OG9626_117_T_C	0.00577777777777778
OG9565_366_T_C	0.00577777777777778
OG6494_746_G_T	0.00577777777777778
OG7605_246_A_G	0.00577419341664625
OG8138_929_C_A	0.00577380952380952
OG3248_672_G_A	0.00577149660463886
OG9650_414_A_T	0.00577142857142857
OG637_4140_A_G	0.00577070707070707
OG7348_835_G_A	0.00576825127334465
OG3537_1635_C_T	0.00576774847870183
OG2899_402_C_A	0.00576764705882353
OG9202_216_G_A	0.00576747011853395
OG1239_504_C_A	0.00576410256410256
OG3081_342_C_T	0.00576190476190476
OG6349_1200_T_G	0.00576190476190476
OG340_4428_A_G	0.00576190476190476
OG3088_1362_G_C	0.00575238095238095
OG8990_198_C_T	0.00575144295726047
OG1767_2612_G_A	0.00574818744473917
OG5146_1209_A_T	0.00574722222222222
OG1932_1767_C_T	0.00574166666666667
OG8257_558_C_T	0.00573846153846154
OG2280_207_G_A	0.00573809523809524
OG9255_173_C_T	0.00573333333333333
OG9120_2036_T_C	0.00572718052738337
OG2605_918_T_C	0.00572362420188507
OG4926_105_C_T	0.00571428571428571
OG5411_339_C_T	0.00571127819548872
OG5095_237_C_T	0.00571082251082251
OG2742_2190_T_C	0.00570714285714286
OG9744_414_C_T	0.00570419254658385
OG9415_33_A_G	0.00570175438596491
OG1435_1221_T_C	0.00570175438596491
OG6713_240_A_G	0.00570175438596491
OG5198_918_G_C	0.0057
OG7180_465_A_C	0.0057
OG8948_489_T_C	0.0057
OG6057_1011_G_A	0.0057
OG153_7170_A_G	0.0056969696969697
OG2195_1590_C_A	0.00569206349206349
OG4912_1059_A_G	0.00568269230769231
OG1511_600_T_G	0.00568103818103818
OG186_1935_A_G	0.00567719298245614
OG9889_165_C_T	0.00567535744322961
OG4100_1359_G_T	0.00567226890756303
OG11072_970_A_C	0.00567032967032967
OG8845_91_T_A	0.00566767676767677
OG7922_300_C_G	0.00566728778467909
OG915_1311_G_A	0.00566666666666667
OG4961_792_G_A	0.00566666666666667
OG1553_762_G_A	0.00566666666666667
OG8464_777_A_T	0.00566666666666667
OG5591_1077_C_A	0.00566666666666667
OG3822_1437_C_T	0.00566147540983606
OG4326_1023_T_C	0.00565210084033613
OG9480_573_A_T	0.00565019607843138
OG9106_129_C_A	0.00564285714285714
OG10123_65_T_A	0.00564085034013606
OG6649_135_T_C	0.00563888888888889
OG9101_219_T_C	0.00563846529814272
OG816_3405_C_T	0.00563636363636364
OG8288_141_C_T	0.00563461538461539
OG463_3057_G_A	0.00562585034013606
OG1246_2505_A_T	0.00562380952380952
OG9981_384_C_A	0.00562013729977117
OG6335_537_G_A	0.0056187134502924
OG2022_327_C_T	0.00561851638872916
OG2449_1004_T_C	0.00561111111111111
OG7319_786_T_C	0.00561111111111111
OG641_1892_G_A	0.00560606060606061
OG4231_1302_C_T	0.0056
OG4059_647_T_C	0.0056
OG3494_1050_T_C	0.00559358288770053
OG2047_1737_C_T	0.00559345333029543
OG497_3888_A_G	0.00559047619047619
OG4840_744_T_A	0.00559020979020979
OG10238_214_A_C	0.0055859649122807
OG4484_510_G_A	0.0055843137254902
OG10572_24_C_T	0.00558333333333333
OG1632_1066_C_T	0.00557575757575758
OG10720_138_G_A	0.00557519260400616
OG5727_697_A_T	0.00557467532467532
OG6589_66_T_C	0.00557261904761905
OG3540_1623_A_G	0.00557142857142857
OG5031_723_C_T	0.00557142857142857
OG8515_9_C_T	0.00557142857142857
OG1501_2667_C_A	0.00556758241758241
OG9848_400_C_G	0.00556410256410256
OG9393_347_C_T	0.00556410256410256
OG4029_642_A_G	0.00556410256410256
OG1571_2640_C_A	0.00555555555555555
OG8452_739_G_A	0.00555194805194805
OG1925_1245_C_T	0.00555
OG9330_528_G_A	0.00555
OG2359_1084_T_A	0.00555
OG1822_2166_G_A	0.00554377530364373
OG9924_354_G_C	0.00554285714285714
OG2329_1755_G_A	0.00554
OG8495_90_G_A	0.00553846153846154
OG5191_366_T_A	0.00553410553410554
OG2928_1005_C_T	0.00553333333333333
OG10853_12_C_T	0.00553059581320451
OG482_1134_C_T	0.00552557932263814
OG8458_742_G_A	0.00552173913043478
OG6587_288_G_A	0.00551503759398496
OG4223_630_T_C	0.00551282051282051
OG5258_1126_C_T	0.00551111111111111
OG7762_571_C_T	0.00550701077016867
OG4289_555_G_T	0.00550498295305534
OG4395_958_T_C	0.00550375469336671
OG2992_1272_A_G	0.0055027926322044
OG8807_430_G_A	0.0055
OG3338_1596_T_C	0.0055
OG8513_564_G_T	0.0055
OG3217_1185_A_T	0.0055
OG317_3016_C_A	0.0055
OG3331_1131_T_C	0.0055
OG3341_681_G_A	0.0055
OG8368_222_A_G	0.0055
OG8276_526_G_A	0.00549961977593557
OG7198_414_A_G	0.0054946386946387
OG8601_207_A_G	0.00548717948717949
OG5966_1162_T_C	0.00548571428571429
OG10039_360_A_G	0.00548439319301389
OG8212_45_A_G	0.00548210526315789
OG5044_599_A_T	0.00547976190476191
OG10680_146_A_T	0.00547878787878788
OG8176_146_C_G	0.00547438299137675
OG6470_903_C_A	0.00547307692307692
OG6500_351_G_T	0.00546963562753036
OG8429_119_C_A	0.00546708683473389
OG5950_648_C_T	0.00546666666666667
OG6074_180_G_C	0.00546666666666667
OG2091_540_C_T	0.00546666666666666
OG3535_548_C_T	0.00546607632300232
OG8126_279_T_C	0.00546428571428571
OG2791_36_C_A	0.00546428571428571
OG10865_93_C_T	0.00546378928475962
OG4984_636_G_T	0.00545874125874126
OG1549_529_C_G	0.00545454545454545
OG10699_84_C_T	0.00545454545454545
OG7520_212_T_C	0.00545454545454545
OG8135_78_C_T	0.00545454545454545
OG9893_129_A_G	0.00545238095238095
OG2296_528_A_G	0.00545238095238095
OG2950_969_C_T	0.00545
OG4799_876_G_A	0.00544561403508772
OG580_3019_C_T	0.00544444444444445
OG6310_300_C_T	0.00544444444444445
OG5971_207_C_T	0.00544444444444445
OG4301_544_G_A	0.00544273504273504
OG9944_267_G_A	0.00544117647058824
OG7132_252_T_C	0.00543589743589744
OG3652_50_C_T	0.00543131868131869
OG876_1509_C_A	0.00542857142857143
OG9690_132_T_C	0.0054248417721519
OG3022_155_A_G	0.00542424242424242
OG4789_732_A_G	0.00542178910544727
OG2530_276_C_T	0.00542019077901431
OG3531_713_G_A	0.00541830065359477
OG8676_633_C_T	0.00541666666666667
OG6998_462_A_C	0.00541478696741855
OG10800_63_G_A	0.00541269841269841
OG5479_963_C_T	0.00541252525252525
OG8369_411_T_A	0.00540881595881596
OG9795_261_G_A	0.00540526315789474
OG425_4005_T_C	0.00540441176470588
OG7030_493_G_A	0.0054025974025974
OG210_4083_T_G	0.0054
OG2872_1062_A_G	0.0054
OG3255_30_A_G	0.0054
OG6817_798_T_C	0.0054
OG9948_270_C_T	0.0054
OG4185_1098_T_C	0.00539934318555008
OG5443_861_A_G	0.00539915178207324
OG9315_561_G_A	0.00539750445632799
OG4172_1362_T_C	0.00539613526570048
OG9833_186_A_G	0.0053921568627451
OG6291_880_A_G	0.00538725083056479
OG2076_909_A_G	0.00538690476190476
OG9870_447_T_C	0.00538345864661654
OG8791_468_G_A	0.00537862137862138
OG2676_861_C_T	0.00537631184407796
OG3550_1599_G_A	0.005375
OG1309_3147_G_A	0.00536363636363636
OG5150_1278_A_G	0.00536363636363636
OG4714_534_T_C	0.00536282051282051
OG7077_540_T_C	0.00536
OG5140_813_G_C	0.00535844155844156
OG2529_567_A_G	0.00535714285714286
OG827_1878_C_A	0.00535
OG9481_225_G_A	0.00535
OG1937_1677_C_T	0.00534920634920635
OG8951_252_C_T	0.00534204545454546
OG590_2814_A_G	0.00533707211698239
OG5841_88_G_A	0.0053340108401084
OG1841_660_G_A	0.00533333333333333
OG10858_319_G_A	0.00533333333333333
OG4706_129_A_G	0.00533333333333333
OG7020_600_C_T	0.00533333333333333
OG2558_999_A_G	0.00533333333333333
OG8953_283_G_A	0.00533333333333333
OG5121_534_G_A	0.00532764378478664
OG7314_138_T_A	0.00532608695652174
OG2315_1107_T_C	0.00532467532467533
OG4689_450_A_G	0.00531818181818182
OG3884_1476_A_T	0.00531818181818182
OG4636_990_C_T	0.00531746031746032
OG3888_1059_T_C	0.00531609584691589
OG4915_1146_A_G	0.00531475748194014
OG3000_843_G_A	0.00530980392156863
OG7050_936_G_T	0.0053
OG8440_36_T_C	0.0053
OG7855_23_C_G	0.00529590017825312
OG6064_1182_A_G	0.00529456802063185
OG4451_9_A_G	0.00529411764705882
OG9834_117_G_C	0.00528721804511278
OG922_56_A_G	0.00528698412698413
OG4552_1017_G_T	0.00528095238095238
OG7539_627_G_C	0.00527980510055982
OG2663_543_G_A	0.00527974215811143
OG1418_2706_C_G	0.00527460317460318
OG1208_2441_G_A	0.00527294117647059
OG1091_3183_A_G	0.0052707815963043
OG2153_216_C_A	0.00527058823529412
OG868_2652_G_A	0.00526666666666667
OG4388_1347_T_C	0.0052625
OG7109_706_T_C	0.0052613229064842
OG9647_57_G_T	0.00525936507936508
OG2659_543_G_A	0.00525833333333333
OG9296_573_G_A	0.00525824175824176
OG4733_851_T_A	0.00525722222222222
OG8032_818_T_A	0.00525714285714286
OG2591_1071_A_G	0.00525378787878788
OG2973_1755_A_G	0.00525294117647059
OG9438_147_C_T	0.00525091049996185
OG4754_261_T_C	0.00525
OG9058_976_G_A	0.00525
OG8633_687_A_G	0.00525
OG2457_867_G_A	0.00524031986531987
OG1961_1222_T_A	0.00523809523809524
OG7797_624_C_T	0.0052380701754386
OG1943_1500_G_A	0.00523701298701299
OG4949_1332_T_C	0.00523697478991597
OG678_570_T_C	0.00523696176144877
OG7970_495_A_C	0.00523333333333333
OG170_3684_G_A	0.00522222222222222
OG2592_1986_A_T	0.00522222222222222
OG527_3315_T_C	0.00521978021978022
OG1206_3174_A_G	0.00521969696969697
OG9104_353_C_T	0.00521739130434782
OG7125_933_G_A	0.00521581196581197
OG5066_540_T_G	0.00521266968325792
OG2087_1614_A_G	0.00521008403361345
OG2319_90_C_T	0.00520860215053763
OG3517_99_G_A	0.00520833333333333
OG214_1420_A_G	0.00520833333333333
OG9266_261_T_C	0.00520740740740741
OG10573_460_G_C	0.00520714285714286
OG5405_444_C_T	0.00520555555555556
OG1159_1722_C_T	0.0052
OG2201_1662_A_G	0.0052
OG3739_240_G_A	0.0052
OG1402_575_A_C	0.0052
OG5802_404_C_A	0.0052
OG8777_640_T_A	0.0052
OG8432_651_T_C	0.0051984126984127
OG6704_729_A_T	0.00519713261648746
OG2222_639_G_A	0.00519230769230769
OG22_4375_G_T	0.00518571428571429
OG6001_255_C_T	0.00518461538461539
OG2335_1029_G_A	0.00518018018018018
OG8101_444_C_T	0.00517857142857143
OG3744_1053_C_A	0.00517857142857143
OG9396_199_C_T	0.00517328042328042
OG4265_1237_T_C	0.00517219251336899
OG754_4405_T_G	0.00517061973114604
OG7809_153_A_G	0.00516969696969697
OG2884_183_C_T	0.00516923076923077
OG11291_101_A_G	0.00516923076923077
OG4625_513_G_A	0.00516666666666667
OG5506_321_C_T	0.00516666666666667
OG6606_405_A_T	0.00516198830409357
OG7931_511_T_G	0.00515384615384615
OG7496_950_A_G	0.00515142857142857
OG45_10548_C_T	0.00514880952380952
OG7433_66_A_G	0.00514615384615385
OG6537_615_C_T	0.00514522946859903
OG3348_1533_C_T	0.00514285714285714
OG6629_114_C_T	0.00513636363636364
OG8508_258_G_A	0.0051355614973262
OG5584_372_T_C	0.00513333333333333
OG9611_183_T_C	0.00513333333333333
OG5042_1215_C_A	0.00513213981244672
OG9702_342_C_T	0.00513157894736842
OG1787_434_A_T	0.00513136288998358
OG688_414_G_A	0.00512918660287081
OG5304_466_T_C	0.005125
OG1281_2469_C_T	0.00512187812187812
OG6617_171_C_T	0.00511543327008223
OG2362_2241_A_G	0.00511538461538462
OG6822_681_A_G	0.00511428571428571
OG2102_1026_T_G	0.00511428571428571
OG11333_170_T_C	0.00511282051282051
OG4843_162_C_A	0.00510822510822511
OG3098_218_C_A	0.00510722222222222
OG2472_604_A_G	0.0051025641025641
OG1711_1698_G_A	0.0051025641025641
OG8507_558_C_T	0.0051025641025641
OG1513_1029_T_C	0.0051
OG106_1537_T_C	0.0051
OG4141_738_C_A	0.0051
OG2468_165_T_A	0.00509598572702944
OG3691_19_A_C	0.00509401709401709
OG19_9870_C_G	0.00509090909090909
OG2288_490_T_A	0.00509090909090909
OG4495_1517_G_A	0.00509090909090909
OG11137_80_G_A	0.00509090909090909
OG10656_270_C_A	0.00508333333333333
OG9586_228_G_A	0.00508333333333333
OG9226_737_G_A	0.00508333333333333
OG10043_366_C_T	0.00507828282828283
OG6224_402_C_T	0.005075
OG2813_582_T_C	0.00506776556776556
OG10290_148_A_G	0.00506666666666667
OG4790_519_C_T	0.00506666666666667
OG164_2047_G_T	0.00506666666666667
OG6759_912_T_C	0.00506666666666667
OG4032_1248_T_C	0.00506102693602693
OG419_1217_C_A	0.00505990783410138
OG8210_270_T_A	0.00505699855699856
OG2388_1797_T_C	0.00505555555555556
OG2161_1164_C_T	0.00505555555555556
OG9033_235_T_C	0.00505530908015381
OG9599_108_T_A	0.00505521488731316
OG6824_573_G_A	0.00505263157894737
OG441_4357_G_T	0.00505021645021645
OG1651_1261_A_T	0.00504901960784314
OG5696_1051_G_C	0.00504766081871345
OG831_2631_T_C	0.00504444444444444
OG10596_50_A_G	0.00504380952380952
OG1212_3171_G_A	0.00503571428571429
OG2008_2190_C_T	0.00503333333333333
OG3479_464_A_T	0.00503235053235053
OG5531_690_G_A	0.00502923976608187
OG454_940_A_T	0.00502857142857143
OG3839_1296_A_C	0.00502564102564103
OG8623_162_C_T	0.00502389705882353
OG2698_825_T_C	0.00502380952380952
OG2137_470_G_C	0.00502016129032258
OG8589_222_C_T	0.00501991341991342
OG1940_1920_G_A	0.00501818181818182
OG555_1509_A_G	0.005
OG2430_720_G_C	0.005
OG245_5343_A_G	0.005
OG4322_579_T_C	0.005
OG2413_1218_G_A	0.005
OG1847_2040_T_G	0.005
OG8159_89_G_A	0.005
OG6044_426_G_A	0.005
OG6703_282_A_G	0.005
OG3875_1717_T_A	0.005
OG9391_210_G_A	0.005
OG8595_546_T_C	0.005
OG2643_2121_G_A	0.00499859649122807
OG1125_2492_C_A	0.0049983016983017
OG1293_2726_G_A	0.00499145299145299
OG7941_444_C_T	0.00498654244306418
OG5863_554_G_A	0.00498214285714286
OG6986_342_T_C	0.00498205659075224
OG9525_420_G_A	0.00498160173160173
OG9772_108_C_T	0.00497777777777778
OG9075_177_A_G	0.00497777777777778
OG2241_624_G_A	0.00497368421052632
OG73_1179_G_A	0.00497190635451505
OG851_705_G_T	0.00497142857142857
OG157_5460_G_T	0.00496626984126984
OG4513_928_C_G	0.00496530473272046
OG4795_340_T_C	0.00495918367346939
OG85_1824_C_T	0.00495873205741627
OG4302_99_A_T	0.00495479661847586
OG7630_64_C_T	0.00495454545454546
OG5888_1062_A_G	0.0049526397515528
OG5790_1290_A_G	0.00494117647058824
OG1168_2574_T_C	0.00494117647058824
OG10677_291_C_A	0.00493939393939394
OG3466_858_T_C	0.00493333333333333
OG4357_627_T_C	0.00493333333333333
OG2976_1419_G_A	0.00492727272727273
OG4591_1236_T_C	0.00491111111111111
OG6485_1002_C_T	0.00490476190476191
OG7291_90_T_G	0.0049037296037296
OG1710_138_G_A	0.0049
OG3794_1063_G_A	0.0049
OG1871_1146_C_T	0.0049
OG3216_1533_C_T	0.0049
OG7157_858_A_C	0.0049
OG9497_369_C_A	0.0049
OG4233_111_A_G	0.0049
OG6499_1092_G_A	0.00489393939393939
OG4430_822_A_C	0.00489393939393939
OG7950_400_G_A	0.00489328063241107
OG3948_414_T_C	0.00489089743589743
OG329_1439_A_C	0.00488888888888889
OG777_699_A_G	0.00488888888888889
OG10794_273_C_T	0.00488628762541806
OG2736_540_C_T	0.00488571428571429
OG4024_1407_T_C	0.00488571428571428
OG5056_1170_C_T	0.00488551276309896
OG3342_597_C_G	0.00487985347985348
OG6327_201_C_T	0.00487912087912088
OG2623_312_C_T	0.00487912087912088
OG4152_555_C_T	0.00487836257309942
OG1199_1632_T_A	0.00487619047619048
OG1850_1116_A_G	0.004875
OG3212_870_T_C	0.004875
OG8147_726_A_C	0.004875
OG3757_150_C_T	0.00487301587301587
OG5014_1179_T_A	0.0048729399255715
OG6803_753_A_G	0.00487272727272727
OG8645_291_A_C	0.00486666666666667
OG11093_70_G_C	0.00485714285714286
OG10806_186_A_G	0.00485714285714286
OG3639_213_C_T	0.00485714285714286
OG10805_282_T_C	0.0048554367201426
OG10107_336_C_A	0.00485517241379311
OG9387_647_C_A	0.00485
OG9460_195_A_T	0.00485
OG6623_948_T_C	0.00484722222222222
OG11114_295_G_A	0.00484415584415585
OG5891_435_A_C	0.00484313725490196
OG3695_981_G_A	0.00484313725490196
OG1137_3573_T_C	0.00483333333333333
OG1814_1968_T_C	0.00483333333333333
OG1796_2691_T_C	0.00483333333333333
OG76_6593_T_C	0.00483333333333333
OG9676_411_G_A	0.00483333333333333
OG3880_1725_T_C	0.00483333333333333
OG5326_976_G_T	0.00482852564102564
OG7033_714_A_G	0.00482539682539683
OG1941_2196_C_A	0.00482539682539683
OG2049_373_C_T	0.00482142857142857
OG2098_1134_C_A	0.00482142857142857
OG1469_520_C_G	0.00481818181818182
OG4611_1101_G_A	0.00481090909090909
OG4902_1518_A_T	0.00480788081314397
OG909_600_G_A	0.00480555555555556
OG5388_492_A_G	0.00480153846153846
OG10789_213_A_G	0.0048
OG10364_225_G_T	0.0048
OG9349_231_C_T	0.0048
OG3018_897_A_G	0.0048
OG1368_1132_G_A	0.0048
OG11179_230_A_T	0.0048
OG7336_606_A_G	0.0048
OG4745_513_G_A	0.0048
OG6376_113_T_G	0.0048
OG10267_399_A_G	0.0048
OG6022_645_T_C	0.0048
OG5849_1141_C_T	0.0048
OG7487_249_G_A	0.0048
OG9363_520_G_T	0.0048
OG936_3499_T_C	0.0048
OG3046_1431_G_A	0.0048
OG2584_198_C_T	0.00479548872180451
OG10011_504_A_T	0.00479166666666667
OG3640_885_T_C	0.00478888888888889
OG3072_875_G_A	0.00478787878787879
OG5960_601_G_T	0.00478606965174129
OG8313_700_T_C	0.00478333333333333
OG4025_1218_A_G	0.00477983193277311
OG3116_1275_G_A	0.00477777777777778
OG2371_2184_A_T	0.00477666666666667
OG2173_1290_T_A	0.00477396825396825
OG3876_888_C_T	0.00477289377289377
OG5099_30_A_G	0.00476666666666667
OG924_3819_A_G	0.00476666666666667
OG996_726_C_T	0.00476507936507937
OG10179_279_A_T	0.00476257309941521
OG4920_714_T_C	0.00476190476190476
OG3924_1486_G_A	0.00476190476190476
OG6841_237_A_G	0.00475866261398176
OG5193_939_C_T	0.00475854800936769
OG6284_21_T_C	0.00475845410628019
OG4386_751_C_T	0.00475833333333333
OG6340_414_A_C	0.00475714285714286
OG4796_1071_C_T	0.00475384615384615
OG4760_1368_G_A	0.00475122791254867
OG4427_1116_A_C	0.00475
OG8911_501_A_T	0.00475
OG292_4495_C_T	0.00475
OG2798_235_A_T	0.00475
OG3575_366_C_T	0.00475
OG1614_231_T_C	0.00475
OG4529_1254_G_A	0.00475
OG3498_885_A_G	0.00475
OG8056_120_C_G	0.00474747474747475
OG11129_60_T_C	0.00474551971326165
OG11150_229_A_G	0.0047404610892983
OG7733_361_A_G	0.00473809523809524
OG10284_267_C_T	0.00473333333333333
OG4292_423_T_C	0.00473333333333333
OG7461_320_G_T	0.00472727272727273
OG2539_495_T_C	0.00472727272727273
OG5034_777_C_T	0.00472380952380952
OG9503_24_T_C	0.00472380952380952
OG5792_786_C_T	0.00472100840336134
OG4554_825_T_A	0.00471578947368421
OG3954_1386_T_A	0.00471578947368421
OG10497_174_C_T	0.00471428571428571
OG4093_1524_C_T	0.00471428571428571
OG2990_414_C_G	0.00471428571428571
OG1005_1050_G_A	0.00471289682539683
OG70_3366_C_G	0.0047124183006536
OG230_5019_C_A	0.00471153846153846
OG2207_1713_C_T	0.00471153846153846
OG2170_1740_C_T	0.00470869565217392
OG2498_86_G_A	0.0047030303030303
OG11258_675_A_G	0.00470223978919631
OG6727_183_A_T	0.0047020202020202
OG9447_144_C_G	0.00469777777777778
OG1598_65_C_T	0.00469448275862069
OG9440_228_G_A	0.0046922077922078
OG2777_2184_T_C	0.00469047619047619
OG3051_567_A_G	0.00468888888888889
OG2053_1596_T_C	0.00468888888888889
OG6988_1360_G_A	0.0046875
OG846_2237_A_G	0.00468561872909699
OG10156_162_A_G	0.00468333333333333
OG7688_387_G_A	0.00468206896551724
OG735_3482_A_T	0.00467914438502674
OG5621_147_T_C	0.00467908902691511
OG8477_141_C_T	0.00467692307692308
OG1371_2964_C_T	0.00467272727272727
OG8640_498_A_G	0.00467272727272727
OG3750_219_G_T	0.00467142857142857
OG8146_417_G_A	0.00467096774193549
OG400_2834_C_T	0.00466666666666667
OG5504_699_C_A	0.00466666666666667
OG4440_510_T_C	0.00466666666666667
OG9791_437_G_A	0.00466666666666667
OG1319_3141_A_T	0.00466666666666667
OG2355_2253_T_C	0.00466666666666667
OG2784_2079_C_A	0.00466666666666667
OG9947_405_G_A	0.00466666666666667
OG8397_45_G_A	0.0046616971826994
OG478_4905_C_T	0.00466071428571429
OG10036_192_A_G	0.00465974025974026
OG10324_286_A_G	0.00465714285714286
OG197_2943_G_A	0.00465681818181818
OG9355_408_G_A	0.00465584415584416
OG4260_903_C_T	0.00465264550264551
OG9665_531_C_T	0.00465071770334928
OG5108_651_T_G	0.00464872364039955
OG7442_65_C_T	0.00464761904761905
OG7744_144_G_A	0.00464548494983277
OG6732_102_A_G	0.00464285714285714
OG1852_2235_G_A	0.00464285714285714
OG5547_43_A_C	0.00464242424242424
OG10153_321_C_T	0.0046420153920154
OG10152_480_T_C	0.00464123942259831
OG6636_610_A_C	0.00463888888888889
OG4243_1281_A_G	0.00463827838827839
OG7192_316_T_A	0.00463492063492063
OG4634_654_A_G	0.0046316534040672
OG5387_618_C_T	0.00462857142857143
OG5984_370_G_T	0.00462777777777778
OG7551_675_A_G	0.00461538461538462
OG1989_318_T_C	0.00461538461538462
OG7749_285_G_A	0.00461538461538462
OG8021_228_T_A	0.00461538461538462
OG4463_1595_A_C	0.00461344537815126
OG5549_39_C_G	0.00461111111111111
OG5048_276_A_G	0.00460714285714286
OG4811_66_A_T	0.0046
OG5834_1119_A_G	0.0046
OG3972_1059_C_T	0.0046
OG577_1293_C_T	0.0046
OG6804_652_A_G	0.0045959595959596
OG9656_36_C_T	0.00459259259259259
OG7708_20_C_G	0.00459019607843137
OG10449_183_A_G	0.00458853039543577
OG1142_1119_A_T	0.00458823529411765
OG2183_1008_T_C	0.00458757136583224
OG8878_609_A_G	0.00458333333333333
OG5114_1254_C_T	0.00458333333333333
OG9673_300_T_G	0.00458333333333333
OG6810_654_A_G	0.00458333333333333
OG10010_420_T_C	0.00458181818181818
OG2496_2274_A_G	0.00458181818181818
OG1110_2436_G_T	0.00458181818181818
OG1810_543_T_A	0.00458181818181818
OG6966_915_C_A	0.00458181818181818
OG7390_795_T_C	0.00458181818181818
OG1518_1683_T_G	0.00457543859649123
OG9232_43_T_C	0.00457142857142857
OG6324_360_C_T	0.00457142857142857
OG8234_336_A_G	0.00456778711484594
OG9097_468_G_A	0.00456749226006192
OG8917_417_T_C	0.00456616616870073
OG8051_944_C_T	0.00456222222222223
OG7219_1074_G_A	0.00455858585858586
OG6387_219_C_T	0.00454847501622323
OG7800_624_C_G	0.00453846153846154
OG4106_177_T_C	0.00453571428571429
OG7753_306_T_C	0.00453333333333333
OG4437_447_G_T	0.00453333333333333
OG6576_1122_T_C	0.00453333333333333
OG8400_110_T_G	0.00453333333333333
OG5708_459_C_T	0.00453246753246753
OG8336_714_T_C	0.00452773892773892
OG4466_1173_T_C	0.00452727272727273
OG2501_934_G_T	0.00452636671504596
OG1922_1614_G_A	0.00452380952380952
OG3971_1296_C_T	0.00452380952380952
OG6973_945_G_A	0.00452380952380952
OG5217_715_G_A	0.00452222222222222
OG4988_591_G_A	0.00452
OG1463_852_T_C	0.00451438596491228
OG1558_1674_G_A	0.00451282051282051
OG5934_513_C_T	0.00451282051282051
OG5766_1060_A_C	0.00451127819548872
OG4359_1075_C_T	0.00450705434915961
OG10240_457_C_A	0.0045
OG3083_1488_A_G	0.0045
OG1445_1527_A_G	0.0045
OG4483_72_C_T	0.0045
OG2080_525_G_A	0.0045
OG3306_1575_T_C	0.0045
OG3580_1086_G_A	0.0045
OG935_1800_C_T	0.0045
OG11337_1062_A_G	0.0045
OG3121_1779_C_T	0.0045
OG7485_720_G_C	0.0045
OG8185_534_C_T	0.0045
OG4814_378_A_T	0.00449439775910365
OG8544_132_C_T	0.0044917848391114
OG1350_666_C_T	0.00448717948717949
OG7432_725_C_T	0.00448717948717949
OG11245_187_G_A	0.00448571428571429
OG8274_459_G_T	0.00446753246753247
OG1370_1305_G_A	0.00446666666666667
OG1803_1251_C_T	0.0044625
OG10102_6_T_C	0.00446132355381177
OG1265_1585_G_A	0.00445714285714286
OG10814_261_C_T	0.00445714285714286
OG1253_1995_A_G	0.00445714285714286
OG11326_323_G_T	0.00445601851851852
OG1983_2040_C_T	0.00445454545454545
OG452_1293_G_A	0.00445308924485126
OG9847_231_A_G	0.00444825174825175
OG6190_288_A_T	0.00444640105657055
OG87_7707_C_T	0.00444444444444444
OG9185_726_C_T	0.00444444444444444
OG1352_650_T_A	0.00444444444444444
OG408_1044_C_T	0.00444444444444444
OG3251_1941_T_C	0.00444444444444444
OG7086_594_G_A	0.00444444444444444
OG7921_420_C_T	0.00444444444444444
OG4595_1119_C_G	0.00444444444444444
OG1248_939_T_C	0.00444444444444444
OG10433_273_T_C	0.00444444444444444
OG4543_810_C_A	0.00444444444444444
OG2373_1884_T_C	0.00444444444444444
OG6139_150_A_C	0.00444444444444444
OG7296_72_C_T	0.00444444444444444
OG6344_1080_T_A	0.00444444444444444
OG7266_607_G_A	0.00444444444444444
OG8872_637_A_C	0.00444444444444444
OG2465_216_A_G	0.00444444444444444
OG6487_501_T_C	0.00444366744366744
OG9572_375_T_C	0.00444285714285714
OG6026_690_T_C	0.00444268204758471
OG10854_168_A_C	0.00443859649122807
OG3940_489_T_C	0.00443822843822844
OG2484_1086_C_A	0.00443819875776398
OG8001_240_T_C	0.00443609022556391
OG462_1953_C_T	0.00443586641609897
OG980_426_C_T	0.00443473690034859
OG10698_276_T_A	0.00443333333333333
OG3772_1320_C_T	0.00443333333333333
OG7737_69_A_G	0.00443333333333333
OG9966_600_T_G	0.00443333333333333
OG3249_1236_C_T	0.00443333333333333
OG8399_588_T_C	0.00442568542568543
OG9054_640_A_G	0.00442564102564103
OG756_3234_G_A	0.00442233250620347
OG1608_43_A_T	0.00441666666666667
OG8242_571_T_C	0.00441346153846154
OG10574_219_A_G	0.0044078431372549
OG7041_580_T_C	0.0044066985645933
OG295_1257_A_C	0.00440476190476191
OG4531_102_T_C	0.00440476190476191
OG2104_1302_C_T	0.0044047619047619
OG2118_547_T_C	0.0044047619047619
OG4865_1294_A_T	0.00440444444444444
OG6081_819_A_G	0.00440152519893899
OG5597_576_A_T	0.0044
OG7712_861_C_T	0.0044
OG8736_333_C_T	0.0044
OG3842_594_T_C	0.0044
OG4313_124_T_C	0.0044
OG1616_1582_G_A	0.0044
OG10829_225_C_T	0.0044
OG5662_789_T_C	0.00439697135132624
OG1209_738_A_C	0.00439285714285714
OG6427_688_T_C	0.00439194139194139
OG9631_251_C_T	0.00438896537117442
OG2947_1353_A_T	0.00438131176999102
OG8646_346_T_C	0.00437142857142857
OG9167_876_T_C	0.00436666666666667
OG3696_719_G_A	0.00436666666666667
OG10643_171_A_G	0.00436438404362932
OG5548_15_T_C	0.00436363636363636
OG1401_2226_T_C	0.00436363636363636
OG5585_24_T_C	0.00436363636363636
OG6532_339_A_G	0.00436363636363636
OG2001_1113_G_A	0.00436037200179879
OG2260_633_T_C	0.00435714285714286
OG6984_559_T_C	0.00435714285714286
OG4943_53_G_A	0.00435714285714286
OG752_1404_C_A	0.00435164835164835
OG1278_3357_G_A	0.00435164835164835
OG581_2874_G_A	0.00435119047619048
OG3995_141_T_G	0.00435
OG6946_874_T_A	0.00434259259259259
OG8763_360_T_C	0.00433928571428572
OG5322_240_A_C	0.00433333333333333
OG1290_1872_C_T	0.00433333333333333
OG290_3819_A_G	0.00433333333333333
OG1130_859_C_A	0.00433333333333333
OG10877_36_G_C	0.00433333333333333
OG2437_2238_A_G	0.00433333333333333
OG8841_594_G_A	0.00433333333333333
OG10694_90_T_C	0.00433333333333333
OG9699_282_C_T	0.00433333333333333
OG3556_871_G_A	0.00433333333333333
OG2679_2244_T_C	0.00433233082706767
OG499_2692_G_A	0.00433109243697479
OG4256_345_G_A	0.00432876344086021
OG3092_1569_G_A	0.00432801595214357
OG3795_214_G_A	0.00432692307692308
OG889_882_A_G	0.00432467532467533
OG10855_288_T_C	0.00432234432234432
OG4593_102_G_A	0.00432100840336134
OG10486_787_C_G	0.00431282051282051
OG10719_234_C_T	0.0043106045847133
OG2077_1260_C_A	0.00430952380952381
OG10359_31_A_G	0.00430833333333333
OG7774_149_A_G	0.00430769230769231
OG10961_189_T_G	0.00430769230769231
OG4587_1389_G_A	0.0043
OG9589_423_T_C	0.0043
OG11025_123_A_G	0.00429845347888826
OG7601_523_A_C	0.00429354553492485
OG8704_850_C_T	0.00428951048951049
OG7080_495_C_T	0.00428571428571429
OG10445_43_G_A	0.00428571428571429
OG3619_1850_G_A	0.00428571428571429
OG7752_219_T_C	0.00428571428571429
OG8346_235_G_C	0.00428571428571429
OG5716_800_G_C	0.00428571428571428
OG7985_414_T_C	0.00428095238095238
OG5163_1335_T_C	0.00427751196172249
OG4749_303_C_T	0.004275
OG2712_1482_C_T	0.00427272727272727
OG10776_126_T_G	0.00427248813404243
OG11165_335_A_G	0.00427168863779034
OG855_1191_A_G	0.00426666666666667
OG6648_522_C_T	0.00426666666666667
OG5296_1119_G_A	0.00426666666666667
OG8940_461_A_T	0.00426329966329966
OG5500_618_G_A	0.00426050420168067
OG5037_945_C_T	0.00425993470674322
OG10020_138_A_C	0.00425541125541125
OG5501_895_C_A	0.00425333333333333
OG7590_585_A_G	0.00425240740740741
OG8664_99_C_T	0.00424615384615385
OG3978_537_G_A	0.00424491978609625
OG2610_1030_A_G	0.00424475524475525
OG199_2565_G_A	0.00424242424242424
OG8531_315_C_T	0.00424242424242424
OG1218_573_C_T	0.00424242424242424
OG1955_1178_G_A	0.00424242424242424
OG5131_1308_T_C	0.00423695652173913
OG7666_36_A_T	0.0042350240684614
OG3179_819_A_T	0.00423501922508134
OG837_2958_C_A	0.00423333333333333
OG3618_129_C_T	0.0042237786246438
OG10342_234_G_A	0.00422205882352941
OG4215_1218_T_A	0.00422166666666667
OG5160_1287_A_G	0.00421428571428571
OG5580_995_T_G	0.00420168067226891
OG8058_777_A_G	0.00420131600866234
OG5604_500_G_A	0.0042
OG5442_480_A_G	0.0042
OG1151_1600_G_A	0.0042
OG6692_437_G_C	0.0042
OG1273_849_G_C	0.0042
OG7226_648_T_C	0.0042
OG2030_1557_G_T	0.0042
OG5532_606_T_C	0.0042
OG3363_294_C_T	0.0042
OG1836_2391_C_T	0.0042
OG5476_606_C_A	0.0042
OG2755_324_C_T	0.0042
OG9533_88_G_T	0.0042
OG7543_43_C_T	0.0042
OG845_594_A_G	0.0042
OG9583_33_C_T	0.0042
OG1436_2061_A_C	0.0042
OG10105_393_G_A	0.0042
OG7289_288_C_T	0.0042
OG3922_159_T_C	0.0042
OG9578_96_C_T	0.0042
OG8370_616_T_G	0.0042
OG2844_1269_G_A	0.0042
OG5468_736_A_T	0.0042
OG3496_996_A_G	0.0042
OG8685_430_A_G	0.0042
OG793_2583_G_T	0.0042
OG9979_42_C_T	0.0042
OG10098_68_C_A	0.0042
OG11312_123_G_A	0.0042
OG4947_390_C_T	0.00419047619047619
OG6620_1176_A_G	0.00419047619047619
OG9844_438_T_C	0.00419047619047619
OG3285_906_A_C	0.00419047619047619
OG10133_492_A_G	0.00418859649122807
OG10641_225_G_A	0.00418538324420678
OG7756_387_C_T	0.00418333333333333
OG468_1377_C_T	0.00417777777777778
OG6786_468_G_A	0.00417777777777778
OG6942_366_C_T	0.00417777777777778
OG5220_237_C_T	0.00417094017094017
OG1595_1845_T_G	0.00416666666666667
OG2543_1251_G_A	0.00416666666666667
OG6712_90_G_A	0.00416666666666667
OG9953_432_T_C	0.00416666666666667
OG4564_1353_T_C	0.00416666666666667
OG9487_243_C_T	0.00416666666666667
OG8039_30_G_A	0.00416666666666667
OG9338_198_G_A	0.00416371308016878
OG5991_459_C_T	0.00415714285714286
OG958_1143_G_A	0.00415384615384615
OG5253_447_C_T	0.00415384615384615
OG7045_864_G_A	0.00415384615384615
OG2549_492_G_A	0.00415
OG2036_427_G_A	0.00414848484848485
OG9508_165_T_C	0.00414677276746242
OG180_2296_G_A	0.00414545454545455
OG2220_1998_G_A	0.00414545454545455
OG4673_951_G_A	0.00414545454545455
OG3016_216_C_T	0.00414545454545455
OG1178_2925_T_C	0.00414545454545455
OG479_949_T_C	0.00414545454545455
OG5814_336_A_G	0.00414545454545455
OG8861_124_T_A	0.00414285714285714
OG7492_828_G_C	0.00413888888888889
OG5277_1146_T_C	0.00413636363636364
OG485_3903_G_A	0.00413461538461539
OG8054_747_T_C	0.00413461538461539
OG1636_2101_G_A	0.00413333333333333
OG8016_366_G_A	0.00413333333333333
OG10242_33_G_C	0.00413273720814704
OG1093_2877_G_A	0.00412698412698413
OG5448_357_T_C	0.00412031484257872
OG8782_111_G_C	0.00411483253588517
OG10289_179_T_C	0.00411111111111111
OG1643_1845_T_C	0.00410526315789474
OG10958_108_C_T	0.0041
OG6844_138_C_G	0.0040953560371517
OG4598_54_T_C	0.00409090909090909
OG727_1234_A_T	0.00409090909090909
OG1314_1326_T_C	0.00409090909090909
OG4998_1252_A_G	0.00409090909090909
OG8644_399_T_G	0.00409090909090909
OG7846_211_C_T	0.00409090909090909
OG3851_559_A_G	0.00409019607843137
OG1592_2714_A_T	0.00408333333333333
OG6177_816_A_T	0.00408333333333333
OG5454_369_G_A	0.00407619047619048
OG5783_405_T_C	0.00407226890756303
OG2027_663_G_A	0.00407142857142857
OG4609_564_A_G	0.00406459948320414
OG9231_93_A_T	0.00405882352941176
OG1141_2040_A_G	0.00405555555555556
OG5371_1142_C_T	0.00405449409347714
OG7457_401_A_C	0.00405263157894737
OG1121_1953_T_C	0.00405
OG4110_2310_T_C	0.00405
OG4905_139_G_A	0.00405
OG2869_174_A_C	0.00404047619047619
OG4590_918_G_A	0.00403846153846154
OG8649_786_G_A	0.00403333333333333
OG9726_467_A_G	0.00403333333333333
OG9854_42_A_G	0.00403185795162121
OG10826_470_T_G	0.00402666666666666
OG9781_460_C_A	0.0040246679316888
OG1541_2200_T_C	0.00402424242424242
OG7619_1158_G_A	0.00402424242424242
OG7167_117_G_A	0.004019439505612
OG9405_825_G_A	0.00401666666666667
OG963_528_T_G	0.00401298701298701
OG8082_1549_T_C	0.00401097906055461
OG4167_63_G_A	0.00401041666666666
OG9240_114_G_A	0.00401011904761905
OG2014_1620_G_A	0.00400384615384615
OG3707_552_A_G	0.004
OG181_751_A_G	0.004
OG1439_60_C_T	0.004
OG8105_1275_T_C	0.004
OG8022_66_T_C	0.004
OG1751_991_C_T	0.004
OG4009_1380_C_T	0.004
OG2341_609_A_G	0.004
OG334_123_A_G	0.004
OG2435_558_C_T	0.004
OG7408_240_T_C	0.004
OG6181_368_G_C	0.004
OG2874_582_G_T	0.004
OG5819_1383_T_A	0.004
OG2925_375_G_A	0.004
OG4446_1377_A_G	0.004
OG857_1084_A_G	0.004
OG136_2748_G_A	0.004
OG2278_567_C_A	0.004
OG9749_438_T_C	0.004
OG6934_87_C_A	0.004
OG4847_1218_C_A	0.004
OG4919_763_T_C	0.004
OG6354_169_G_A	0.004
OG1770_925_C_T	0.004
OG2811_1173_A_T	0.004
OG6645_663_G_C	0.004
OG8273_717_C_T	0.004
OG5247_1389_T_G	0.004
OG8321_300_G_A	0.004
OG10867_330_A_G	0.004
OG3418_930_T_A	0.004
OG1752_1311_C_T	0.004
OG9133_32_G_A	0.004
OG3465_1425_A_G	0.004
OG8686_336_G_A	0.004
OG7287_136_A_G	0.004
OG406_4902_C_T	0.004
OG6672_396_C_T	0.004
OG2758_1149_T_C	0.004
OG10587_42_A_G	0.004
OG8012_489_A_T	0.004
OG8356_54_G_A	0.004
OG9428_501_A_G	0.004
OG6536_972_A_G	0.004
OG2336_1455_T_C	0.004
OG255_1039_G_A	0.004
OG10760_289_A_G	0.004
OG1993_33_A_T	0.004
OG4918_888_C_T	0.00399597423510467
OG3751_370_A_T	0.0039857980255039
OG6436_264_T_C	0.00398235294117647
OG5739_708_A_G	0.00398039215686275
OG8687_33_A_T	0.00397967032967033
OG2377_251_G_C	0.00397272727272727
OG1132_1242_A_G	0.00396825396825397
OG10669_96_A_G	0.0039671052631579
OG5148_1185_G_A	0.00396666666666667
OG393_782_C_T	0.00396666666666667
OG7321_438_T_C	0.00396581196581197
OG7339_255_G_A	0.00396581196581197
OG7284_336_A_G	0.00396428571428571
OG5890_951_G_A	0.00396428571428571
OG6542_368_A_G	0.00395454545454545
OG1322_693_C_T	0.00394634410721324
OG8615_369_A_T	0.00394570135746607
OG2121_1754_T_G	0.00394295900178253
OG8097_651_A_G	0.00393333333333333
OG6673_789_T_C	0.00392878787878788
OG8453_77_C_T	0.00392857142857143
OG1572_2619_G_A	0.00392857142857143
OG3900_681_T_C	0.00392727272727273
OG4752_1317_G_A	0.00392727272727273
OG9417_69_A_T	0.0039204097714736
OG7479_237_G_A	0.00391996798719488
OG8957_273_T_C	0.00391666666666667
OG7765_125_C_G	0.00390909090909091
OG4162_1056_G_A	0.00390833333333333
OG2452_1491_A_T	0.00390476190476191
OG10250_194_T_A	0.00390476190476191
OG3023_1832_A_G	0.00390476190476191
OG8995_633_T_C	0.00390476190476191
OG3222_101_C_T	0.0039
OG623_2523_G_A	0.0039
OG10403_105_A_G	0.0039
OG3225_1180_G_A	0.0039
OG10766_30_T_G	0.0039
OG3156_890_C_T	0.0039
OG6992_841_C_G	0.0039
OG46_11880_C_T	0.00389760348583878
OG3960_984_A_G	0.00389285714285714
OG7627_93_C_A	0.00389121989121989
OG161_5103_T_C	0.00388926553672317
OG7990_835_A_T	0.00388888888888889
OG9544_72_A_C	0.00388888888888889
OG183_5146_G_A	0.00388816118256661
OG2728_149_A_G	0.003887093298858
OG9464_245_C_T	0.00388636363636364
OG9052_462_C_T	0.00388333333333333
OG4848_234_G_A	0.00388218029350104
OG4404_1254_C_T	0.00388181818181818
OG7480_663_C_T	0.00387692307692308
OG144_5439_A_G	0.00386904761904762
OG211_4920_G_A	0.00386666666666667
OG6479_825_A_G	0.0038641975308642
OG7155_477_A_C	0.00386206896551724
OG7095_426_G_A	0.00385790335790336
OG6249_600_C_T	0.00385714285714286
OG1450_1467_A_G	0.00385714285714286
OG5825_475_G_A	0.00385714285714286
OG6821_1935_C_A	0.00385714285714286
OG5883_902_G_A	0.00385714285714286
OG10079_151_T_C	0.00385714285714286
OG7023_933_C_T	0.00385454545454545
OG225_2919_C_T	0.00385
OG2671_2187_T_C	0.00385
OG8992_84_C_T	0.00384887518142235
OG10932_36_A_T	0.00384415584415584
OG1424_1956_T_C	0.00384415584415584
OG5125_1344_C_T	0.00384415584415584
OG4334_366_A_G	0.00384415584415584
OG11140_46_A_C	0.00384415584415584
OG8423_678_A_G	0.00383673469387755
OG9270_42_A_G	0.00383333333333333
OG878_3576_A_T	0.00383333333333333
OG3281_729_A_G	0.00383333333333333
OG2709_1215_A_G	0.00383333333333333
OG10379_233_C_A	0.00382857142857143
OG10712_18_T_C	0.00382738095238095
OG3319_810_T_C	0.00382327156949737
OG4928_495_G_A	0.00382272727272727
OG10353_243_G_A	0.00382222222222222
OG8568_597_A_G	0.00382222222222222
OG2442_2121_C_T	0.00381818181818182
OG1148_1971_T_A	0.00381818181818182
OG7935_465_G_T	0.00381818181818182
OG10482_7_G_C	0.00381666666666667
OG4960_44_A_G	0.00381538461538461
OG5932_402_G_A	0.00381473684210527
OG5738_432_T_C	0.00380921197446621
OG10150_273_G_A	0.00380833333333333
OG5579_738_G_A	0.00380681818181818
OG8404_141_T_C	0.0038047619047619
OG8789_174_T_C	0.00380053687447305
OG10498_254_A_T	0.0038
OG529_2706_T_C	0.0038
OG7439_480_G_A	0.0038
OG8339_285_A_G	0.0038
OG4036_639_C_T	0.0038
OG511_2241_G_A	0.0038
OG5019_130_A_G	0.0038
OG10761_624_C_T	0.0038
OG2337_1971_A_T	0.0038
OG7277_744_C_T	0.0038
OG9412_569_G_T	0.0038
OG3136_251_G_A	0.0038
OG6871_528_T_G	0.0038
OG7881_198_G_A	0.0038
OG1921_1363_A_G	0.00379333333333333
OG1228_2628_G_A	0.00379166666666667
OG5981_1077_G_A	0.00379166666666667
OG7838_58_G_A	0.00379166666666667
OG11286_458_G_A	0.00378947368421053
OG8877_125_T_G	0.00378804347826087
OG2989_1239_A_G	0.00378787878787879
OG3233_687_C_A	0.00378596192100029
OG1500_2622_C_T	0.00378571428571429
OG5894_1230_G_A	0.00378571428571429
OG9930_273_T_C	0.00378362573099415
OG3766_1315_C_T	0.00377922077922078
OG8348_64_T_C	0.00377777777777778
OG6030_802_T_G	0.00377777777777778
OG11213_470_A_T	0.00377418993755155
OG1838_1401_G_A	0.00376923076923077
OG10575_6_A_G	0.00376469344608879
OG3753_1364_G_A	0.00376140350877193
OG2005_2235_G_A	0.00375276844593754
OG6584_838_T_A	0.0037508865248227
OG3158_1062_T_C	0.00375
OG222_1521_T_C	0.00375
OG9340_486_A_G	0.00375
OG23_9978_A_G	0.00375
OG948_1578_T_C	0.00375
OG4361_1344_C_T	0.00375
OG4621_570_C_A	0.00375
OG2795_1156_G_C	0.00375
OG3586_1647_T_G	0.00375
OG9050_330_T_C	0.00375
OG242_5841_T_C	0.00375
OG1663_231_T_A	0.00375
OG1781_615_C_T	0.00375
OG6563_999_T_A	0.00375
OG5611_550_A_G	0.00375
OG8728_829_A_G	0.00375
OG5881_444_T_C	0.00375
OG10194_399_A_C	0.00375
OG7381_324_G_A	0.00375
OG223_819_C_G	0.00375
OG11327_418_G_A	0.00375
OG5750_906_T_C	0.00375
OG575_2121_A_G	0.00375
OG5088_942_C_A	0.00375
OG6752_1100_T_A	0.00375
OG9801_344_A_G	0.0037458152958153
OG9543_297_T_A	0.00374371747072949
OG10323_330_C_T	0.00374193548387097
OG9466_384_C_T	0.00373944353518821
OG1493_130_G_A	0.00373333333333333
OG3407_1643_T_C	0.00373333333333333
OG8371_342_C_G	0.00373333333333333
OG1058_1548_T_A	0.00373333333333333
OG3637_1068_C_T	0.00373333333333333
OG656_1918_G_A	0.00373333333333333
OG3513_1851_G_A	0.00373333333333333
OG4469_234_T_C	0.00373333333333333
OG1968_1122_A_G	0.00373333333333333
OG6738_567_C_G	0.00373333333333333
OG2682_1413_G_A	0.00373333333333333
OG6059_513_G_A	0.00373333333333333
OG3908_1431_T_A	0.00373333333333333
OG2800_1977_A_G	0.00373333333333333
OG4274_1100_T_C	0.00373333333333333
OG8565_344_G_A	0.00373333333333333
OG10609_84_C_T	0.00373333333333333
OG5081_950_A_G	0.00373333333333333
OG3853_2004_C_A	0.00373333333333333
OG314_1845_T_C	0.00373333333333333
OG2991_1407_T_C	0.00373333333333333
OG3328_1836_A_G	0.00373333333333333
OG8773_385_C_A	0.00373333333333333
OG3518_1884_C_T	0.00373333333333333
OG2622_811_T_C	0.00373333333333333
OG6522_171_C_T	0.00373333333333333
OG8349_606_A_G	0.00373333333333333
OG8203_24_A_G	0.00372875816993464
OG6396_78_G_A	0.00372570065593322
OG2520_2356_T_C	0.00372380952380952
OG697_1458_A_G	0.00372222222222222
OG7007_765_G_A	0.00372222222222222
OG5599_1122_T_G	0.00371739130434782
OG11335_312_T_A	0.00371671826625387
OG3685_870_G_A	0.00371589052287582
OG4063_963_C_T	0.00371428571428572
OG7704_537_C_T	0.00371428571428571
OG7644_453_C_G	0.00370909090909091
OG5644_978_G_A	0.00370844155844156
OG6031_1098_T_C	0.00370808416389812
OG8223_489_T_C	0.00370794172932331
OG10122_309_A_G	0.00370714285714286
OG10390_191_A_G	0.00370650053280464
OG10940_144_C_T	0.00370263157894737
OG10716_243_C_T	0.0037
OG9318_498_C_T	0.00369230769230769
OG2926_267_C_T	0.00369021739130435
OG3746_1395_T_C	0.00368813825608798
OG11324_147_C_T	0.00368571428571429
OG1452_1731_A_G	0.00368487394957983
OG465_750_A_T	0.00368484848484849
OG487_715_C_T	0.00368484848484849
OG10583_198_A_G	0.00368484848484849
OG5884_504_G_A	0.0036843137254902
OG954_3619_G_T	0.00368421052631579
OG7559_783_C_T	0.00368064516129032
OG10430_267_G_A	0.00368
OG10613_161_C_T	0.00367692307692308
OG4678_810_G_A	0.00367492535417064
OG7724_318_G_A	0.00367251461988304
OG7569_764_T_G	0.00367030303030303
OG6524_994_A_G	0.00366666666666667
OG7441_405_G_C	0.00366666666666667
OG2406_1230_A_G	0.00366666666666667
OG3545_1626_C_T	0.00366666666666667
OG7054_927_A_G	0.00366666666666667
OG5905_543_C_T	0.00366666666666667
OG9350_120_G_A	0.00366666666666667
OG131_774_G_A	0.00366666666666667
OG5670_939_A_G	0.00366666666666667
OG2294_2076_A_T	0.00366666666666667
OG6136_540_T_A	0.00366666666666667
OG6559_1002_T_C	0.00366666666666667
OG7948_333_C_T	0.00366489491691105
OG11097_781_A_G	0.0036536231884058
OG4337_811_C_T	0.00365217391304348
OG1446_637_T_C	0.00364912280701754
OG10524_267_G_A	0.00364912280701754
OG2569_447_T_G	0.00364848484848485
OG10485_234_T_A	0.0036468253968254
OG6575_697_A_G	0.00364615384615385
OG6562_696_A_G	0.00364558429973239
OG1420_2727_T_G	0.00364444444444445
OG8291_675_C_T	0.00364299242424242
OG7513_122_C_T	0.003639041823626
OG7917_650_C_T	0.00363636363636364
OG8865_138_T_A	0.00363636363636364
OG10889_192_T_G	0.00363636363636364
OG8202_228_C_T	0.00363492063492064
OG3488_810_G_A	0.00362393162393162
OG10340_192_G_A	0.00361996336996337
OG3649_53_T_A	0.00361990950226244
OG6258_450_T_C	0.00361904761904762
OG4436_458_C_T	0.00361842105263158
OG5272_1224_T_C	0.00361818181818182
OG6618_957_G_T	0.00361818181818182
OG6901_164_A_T	0.00361666666666667
OG9038_294_A_G	0.00361111111111111
OG128_2577_C_T	0.00361111111111111
OG1791_1851_A_G	0.00361111111111111
OG6628_275_T_C	0.00361111111111111
OG8669_189_A_G	0.00361111111111111
OG2252_330_C_T	0.00361111111111111
OG6797_459_T_C	0.00361111111111111
OG8383_583_G_A	0.00360433475715868
OG4692_306_C_G	0.0036031746031746
OG1965_1971_T_A	0.00360027472527472
OG11051_186_C_T	0.0036
OG8829_225_G_A	0.0036
OG2595_307_C_T	0.0036
OG1343_1140_A_T	0.0036
OG1380_1929_A_G	0.0036
OG9932_228_G_A	0.0036
OG9473_522_C_G	0.0036
OG4103_1011_C_T	0.0036
OG6489_519_C_T	0.0036
OG5310_1056_C_G	0.0036
OG783_1353_G_A	0.0036
OG150_5727_G_A	0.0036
OG4453_1024_C_T	0.0036
OG6015_196_T_C	0.0036
OG5827_912_T_C	0.0036
OG8998_431_C_T	0.0036
OG1546_1233_T_A	0.0036
OG5729_717_T_C	0.0036
OG10737_186_G_A	0.0036
OG16_13998_T_C	0.0036
OG9858_69_A_G	0.0036
OG9476_388_C_G	0.0036
OG11310_77_C_A	0.00359195402298851
OG1433_2452_G_T	0.00358974358974359
OG239_2667_A_C	0.00358974358974359
OG4472_823_G_A	0.00358974358974359
OG3769_1098_A_G	0.00358974358974359
OG4704_165_A_T	0.00358974358974359
OG10840_132_C_T	0.00358885112699715
OG10192_294_A_G	0.00358494208494208
OG2941_1476_T_C	0.00358333333333333
OG2287_2163_C_T	0.00358333333333333
OG4807_1125_C_G	0.00358333333333333
OG7818_600_A_C	0.00358095238095238
OG6248_549_T_C	0.00357992277992278
OG10649_753_C_T	0.00357894736842105
OG10481_156_A_G	0.00357894736842105
OG3931_808_A_G	0.00357894736842105
OG6423_399_G_A	0.00357575757575758
OG3027_1742_C_A	0.00356043956043956
OG6476_987_C_T	0.00355555555555556
OG423_3663_T_C	0.00355555555555556
OG7043_156_G_A	0.00355555555555556
OG9282_360_T_C	0.00355555555555556
OG4788_873_T_C	0.00355555555555556
OG2824_1908_C_T	0.00355384615384615
OG8980_210_T_A	0.00355384615384615
OG2932_573_G_A	0.00355263157894737
OG5400_471_C_A	0.00355263157894737
OG6474_1002_T_C	0.00355
OG1032_2200_A_G	0.00355
OG8803_486_C_T	0.00354761904761905
OG8827_622_A_C	0.00354561523319809
OG3902_375_C_T	0.0035453216374269
OG191_5409_A_C	0.00354230769230769
OG3367_889_C_T	0.00353968253968254
OG7256_69_G_A	0.00353496168582375
OG6651_220_A_C	0.00353333333333333
OG6495_447_A_G	0.00353246753246753
OG8927_23_T_C	0.00352941176470588
OG2730_804_A_T	0.00352941176470588
OG6827_288_T_A	0.00352941176470588
OG7501_211_A_C	0.00352697066101096
OG8660_45_C_T	0.00352380952380952
OG1896_1587_G_A	0.00351987683331983
OG3925_2031_T_C	0.00351818181818182
OG3093_520_A_G	0.00351282051282051
OG2453_1767_T_A	0.00351076923076923
OG2995_1062_T_A	0.00350757575757576
OG49_2157_A_G	0.0035
OG1427_2736_G_A	0.0035
OG4774_1494_G_A	0.0035
OG5673_1191_C_A	0.0035
OG789_135_G_T	0.0035
OG8178_144_C_T	0.0035
OG1358_3065_A_G	0.0035
OG6420_478_C_T	0.0035
OG9890_322_G_A	0.0035
OG7357_825_C_T	0.0035
OG9253_273_C_A	0.0035
OG1581_753_A_G	0.0035
OG8770_40_T_C	0.0035
OG10318_275_A_G	0.0035
OG1903_1824_T_C	0.00349090909090909
OG767_1912_G_A	0.00349090909090909
OG5397_873_T_A	0.00349090909090909
OG5759_231_T_C	0.00349090909090909
OG10507_364_G_C	0.00348654244306418
OG6783_93_T_C	0.00347877846790891
OG3896_750_G_A	0.0034775641025641
OG5301_573_A_G	0.00347479927479927
OG2640_918_C_A	0.00347361149488809
OG6504_896_C_G	0.00347095959595959
OG3309_1581_T_A	0.00346871008939975
OG5998_1107_A_G	0.0034683257918552
OG925_147_G_A	0.00346666666666667
OG5885_45_G_A	0.00346666666666667
OG1393_2478_G_T	0.00346666666666667
OG6709_84_C_T	0.00346666666666667
OG1762_2706_G_C	0.00346666666666667
OG8938_692_C_G	0.00346666666666667
OG5196_984_C_A	0.00346666666666667
OG6183_143_G_A	0.00346666666666667
OG8431_225_C_T	0.00346666666666667
OG6775_987_G_A	0.00346459948320414
OG8847_148_G_A	0.00346428571428571
OG6962_117_A_G	0.00346428571428571
OG10879_239_C_A	0.00346410256410256
OG1528_194_T_G	0.00346288515406162
OG4043_1131_G_C	0.00346153846153846
OG8887_546_C_G	0.00345714285714286
OG3370_105_C_T	0.00345714285714286
OG4214_301_T_C	0.00345546218487395
OG1163_1523_G_A	0.0034474821412823
OG10146_445_A_T	0.00344615384615385
OG7368_57_C_G	0.00344615384615385
OG5882_1032_C_T	0.00344551282051282
OG404_4698_G_C	0.00344444444444444
OG2509_711_G_A	0.00344117647058824
OG541_4416_G_A	0.00344117647058824
OG2875_2172_T_C	0.00344117647058824
OG10504_171_T_A	0.00344
OG8418_609_C_T	0.00343859649122807
OG7637_97_T_A	0.00343292472471804
OG3877_1510_T_A	0.00342929292929293
OG488_2647_A_G	0.00342857142857143
OG679_1287_C_T	0.00342857142857143
OG3527_1362_A_T	0.00342857142857143
OG8095_663_G_C	0.00342857142857143
OG8603_73_C_T	0.00342857142857143
OG10506_378_T_C	0.00342857142857143
OG1466_1492_G_A	0.00342857142857143
OG902_3039_A_G	0.00342857142857143
OG1112_1815_G_A	0.00342857142857143
OG4210_186_T_C	0.00342857142857143
OG2364_1188_C_T	0.00342857142857143
OG6131_354_G_A	0.00342857142857143
OG2765_1815_C_A	0.00342857142857143
OG9759_312_T_C	0.00342857142857143
OG14_8661_T_C	0.00342857142857143
OG9523_51_C_T	0.00342857142857143
OG148_6198_T_C	0.00342857142857143
OG994_288_A_G	0.00342857142857143
OG8342_660_C_T	0.00342857142857143
OG10795_276_T_C	0.00342857142857143
OG9762_189_C_T	0.00342857142857143
OG1792_1312_T_C	0.00342857142857143
OG6898_195_G_A	0.00342857142857143
OG10227_93_T_G	0.00342857142857143
OG4251_876_C_T	0.00342857142857143
OG1198_687_A_G	0.00342857142857143
OG4700_828_G_A	0.00342857142857143
OG6457_356_T_C	0.00342857142857143
OG9099_54_G_C	0.00342857142857143
OG9732_396_A_T	0.00342857142857143
OG11123_95_G_C	0.00342857142857143
OG6115_268_T_C	0.00342857142857143
OG9307_423_G_A	0.00342857142857143
OG4565_405_A_T	0.00342857142857143
OG2774_243_C_T	0.00342857142857143
OG1490_2700_C_T	0.00342115874992587
OG8403_633_G_A	0.00341333333333333
OG3803_573_T_A	0.00341111111111111
OG9110_432_G_A	0.00341111111111111
OG8196_952_A_G	0.00341111111111111
OG7165_680_A_C	0.00341111111111111
OG9925_238_T_C	0.00341025641025641
OG6653_510_G_A	0.0034
OG2037_1305_A_G	0.0034
OG449_4083_A_G	0.0034
OG4219_393_C_T	0.0034
OG3039_1128_T_A	0.0034
OG7070_198_G_A	0.0034
OG6572_165_A_T	0.0034
OG9719_543_A_G	0.0034
OG8537_336_G_A	0.0034
OG2997_678_G_A	0.00339473684210526
OG5026_1156_C_T	0.00339393939393939
OG3321_1837_A_G	0.00339393939393939
OG1971_866_T_C	0.00339393939393939
OG4695_1488_A_G	0.00339285714285714
OG8663_546_G_A	0.00339230769230769
OG761_4071_G_A	0.00338461538461539
OG4285_16_C_T	0.00338461538461539
OG2230_2203_C_T	0.00338461538461539
OG972_2382_C_A	0.00338461538461539
OG7603_747_G_A	0.00338461538461539
OG2115_264_T_C	0.00338461538461539
OG8722_453_G_A	0.00338461538461539
OG6146_714_A_G	0.00338461538461539
OG10706_120_C_T	0.00338461538461539
OG6098_186_A_G	0.00338186813186813
OG3082_2264_C_T	0.00338166666666667
OG5770_247_G_A	0.00338080495356037
OG540_2519_G_A	0.00337777777777778
OG1928_84_C_T	0.00337777777777778
OG3865_1649_A_G	0.00337777777777778
OG5471_196_G_A	0.00337777777777778
OG6215_363_T_A	0.00337777777777778
OG3071_1618_T_C	0.00337777777777778
OG9065_88_G_A	0.00337777777777778
OG10927_285_T_C	0.00337777777777778
OG6415_906_A_G	0.00337777777777778
OG5401_1160_A_C	0.0033762677484787
OG1748_1014_C_G	0.00337619047619048
OG7184_19_C_T	0.00337086359967716
OG2969_168_C_T	0.00337037037037037
OG4102_1086_T_A	0.00336818181818182
OG8529_537_C_A	0.00336781109662465
OG4448_1266_T_C	0.00336695652173913
OG6003_219_T_C	0.00336666666666667
OG8813_417_T_C	0.00336666666666667
OG3815_1239_G_A	0.0033547619047619
OG5177_39_A_G	0.00335
OG2719_78_T_C	0.00335
OG955_1053_T_C	0.00334722222222222
OG8748_300_C_T	0.00334615384615385
OG4020_2122_G_A	0.00334285714285714
OG2466_603_T_C	0.00334285714285714
OG5982_243_T_C	0.00334285714285714
OG3026_810_A_G	0.00334090909090909
OG8801_337_A_G	0.00334090909090909
OG1630_2679_T_C	0.00333333333333333
OG1599_1269_A_G	0.00333333333333333
OG8168_13_A_C	0.00333333333333333
OG8771_645_G_A	0.00333333333333333
OG4410_1324_G_C	0.00333333333333333
OG3867_1155_G_A	0.00333333333333333
OG4977_1206_T_C	0.00333333333333333
OG9794_294_T_C	0.00333333333333333
OG10584_129_A_T	0.00333333333333333
OG3584_1767_C_T	0.00333333333333333
OG2564_478_G_T	0.00333333333333333
OG8954_165_G_A	0.00333333333333333
OG6908_705_C_T	0.00333333333333333
OG6746_930_T_G	0.00333333333333333
OG3852_144_G_A	0.00333333333333333
OG5791_300_C_T	0.00333333333333333
OG2507_390_C_T	0.00333333333333333
OG8665_436_T_C	0.00333333333333333
OG1183_2649_G_A	0.00333333333333333
OG1769_1095_T_C	0.00333333333333333
OG108_8538_G_A	0.00333333333333333
OG6811_747_T_G	0.00333333333333333
OG5427_279_A_G	0.00333333333333333
OG3170_1326_T_A	0.00333333333333333
OG4637_1311_A_G	0.00333333333333333
OG10526_294_A_T	0.00333333333333333
OG10536_315_C_A	0.00333333333333333
OG5521_1062_A_G	0.00333333333333333
OG7304_847_C_T	0.00333333333333333
OG8087_585_G_A	0.00333333333333333
OG3047_1350_A_G	0.00331985082320124
OG8496_573_C_G	0.00331818181818182
OG2940_1047_A_G	0.00331775056063481
OG10298_90_T_C	0.00331428571428571
OG6922_645_C_T	0.00331213111248826
OG9198_492_T_G	0.00330980392156863
OG11264_730_C_G	0.00330022446689113
OG2182_2412_T_G	0.0033
OG5711_40_T_G	0.0033
OG7882_73_G_A	0.0033
OG8584_930_A_G	0.0033
OG10201_84_T_C	0.00329945887445887
OG10638_10_T_C	0.00329518477043673
OG7003_594_A_G	0.00328823529411765
OG9692_450_C_T	0.00328451380552221
OG3219_528_G_C	0.00328011204481793
OG3731_99_G_T	0.00327705627705628
OG8186_141_G_A	0.00327665317139001
OG38_2757_A_G	0.00327272727272727
OG275_3474_C_T	0.00327272727272727
OG4030_465_C_T	0.00327272727272727
OG6639_1009_T_C	0.00327272727272727
OG2289_744_A_G	0.00327272727272727
OG6533_591_T_A	0.00327272727272727
OG3856_873_A_G	0.00327272727272727
OG4455_527_C_A	0.00327272727272727
OG1881_2223_G_A	0.00327272727272727
OG10797_78_C_T	0.00327272727272727
OG2641_1541_A_C	0.00327272727272727
OG4160_195_A_C	0.00327272727272727
OG9432_228_T_C	0.00327272727272727
OG5637_981_A_G	0.00326785714285714
OG8749_222_A_G	0.00326734006734007
OG4783_963_C_T	0.00326666666666667
OG4070_1128_A_C	0.00326666666666667
OG11069_61_G_C	0.00326666666666667
OG7201_705_C_G	0.00326666666666667
OG4345_486_A_G	0.00326666666666667
OG7195_309_G_A	0.00326666666666667
OG9408_495_G_A	0.00326666666666667
OG10047_318_G_A	0.00326666666666667
OG5703_609_T_C	0.00326666666666667
OG4976_732_A_G	0.00326573426573427
OG11207_188_C_G	0.00326334827144687
OG7530_834_T_C	0.00325714285714286
OG4174_990_T_C	0.00325714285714286
OG1629_2005_T_C	0.00325505869860186
OG3067_2002_A_G	0.00325294117647059
OG3106_1644_C_T	0.00325074473549049
OG739_4389_G_A	0.00325
OG7697_126_C_T	0.00325
OG1540_3009_A_C	0.00325
OG10972_183_A_G	0.00325
OG10873_204_T_C	0.00325
OG5205_691_T_A	0.00325
OG8926_210_A_G	0.00325
OG4465_1203_A_G	0.00325
OG9477_84_T_C	0.00325
OG2660_2193_G_A	0.00325
OG576_4107_C_G	0.00325
OG1621_2427_A_G	0.00325
OG6375_945_T_C	0.00325
OG6403_863_C_T	0.00325
OG9181_180_T_C	0.00325
OG8809_12_C_T	0.00325
OG9265_121_C_T	0.00324649859943978
OG10461_420_G_T	0.00324545454545455
OG7347_892_A_G	0.00324505708716235
OG7623_164_G_C	0.00323809523809524
OG2596_141_A_T	0.00323809523809524
OG9286_581_C_T	0.00323406652540948
OG5873_84_T_A	0.00322298221614227
OG3220_1795_G_A	0.00322222222222222
OG6789_618_A_G	0.00322051282051282
OG9879_330_G_A	0.00322051282051282
OG8691_314_T_C	0.00321969696969697
OG8910_520_A_G	0.0032156862745098
OG5297_45_T_C	0.00321428571428571
OG3532_90_A_T	0.00321428571428571
OG4934_1464_T_C	0.00321428571428571
OG4574_100_G_A	0.00321428571428571
OG5999_1023_A_G	0.00321428571428571
OG6891_1296_C_T	0.00321428571428571
OG9990_156_T_G	0.00320940312477501
OG9790_245_G_C	0.00320869565217392
OG10_12147_G_A	0.00320833333333333
OG1_10377_T_C	0.00320833333333333
OG9305_161_T_C	0.00320430107526881
OG6846_1000_G_A	0.00320166975881261
OG289_4875_A_G	0.0032
OG2667_320_A_G	0.0032
OG1146_1293_C_G	0.0032
OG1195_624_T_C	0.0032
OG3373_1566_T_C	0.0032
OG10005_295_G_C	0.0032
OG4931_1188_C_T	0.0032
OG6883_649_T_A	0.0032
OG2662_120_A_T	0.0032
OG2093_2217_A_T	0.0032
OG415_2844_C_T	0.0032
OG4923_195_T_C	0.0032
OG2782_1638_A_C	0.0032
OG1548_2337_C_A	0.0032
OG7044_507_T_C	0.0032
OG6012_978_G_A	0.0032
OG10834_261_G_T	0.0032
OG3001_51_C_T	0.0032
OG2827_474_T_C	0.0032
OG7707_75_C_T	0.0032
OG6408_910_C_T	0.0032
OG3663_549_C_T	0.0032
OG8903_11_C_T	0.0032
OG4480_1324_T_C	0.0032
OG5327_165_G_T	0.0032
OG5856_135_C_T	0.0032
OG9557_177_G_A	0.0032
OG7812_537_C_T	0.0032
OG7222_59_A_G	0.0032
OG2601_930_A_T	0.0031948051948052
OG1503_2724_A_G	0.00319047619047619
OG2866_345_C_T	0.00319047619047619
OG447_2214_G_A	0.00319047619047619
OG2504_603_C_T	0.00319009941164536
OG4643_1330_C_G	0.00318487394957983
OG2725_2834_C_T	0.00318283166109253
OG839_2199_G_C	0.0031764705882353
OG7976_729_G_A	0.00317380952380952
OG10626_126_T_C	0.00317091648189209
OG2272_189_A_C	0.00316666666666667
OG2685_1116_G_C	0.00316666666666667
OG7875_400_C_T	0.00316666666666667
OG594_2352_C_T	0.00316666666666667
OG6148_219_G_A	0.00316666666666667
OG6717_780_C_A	0.00316666666666667
OG7695_93_C_T	0.00315656565656566
OG11206_297_C_T	0.00315216612960974
OG3430_587_C_T	0.00315151515151515
OG9653_486_G_A	0.00315151515151515
OG2502_1098_T_C	0.00315151515151515
OG7830_17_T_C	0.00315151515151515
OG7761_273_G_A	0.00315151515151515
OG1531_2805_A_G	0.00315151515151515
OG11164_258_C_A	0.00315
OG2322_2250_T_C	0.00315
OG7760_762_G_A	0.00314476513865309
OG7694_240_A_G	0.00314166666666667
OG769_2139_G_A	0.00313419913419913
OG80_9327_A_C	0.00313333333333333
OG2695_1860_T_C	0.00313333333333333
OG8376_202_C_T	0.00313333333333333
OG4721_588_C_T	0.003125
OG7452_645_A_T	0.00311818181818182
OG7703_241_C_T	0.00311111111111111
OG684_4263_C_T	0.00311111111111111
OG778_2547_A_G	0.00311111111111111
OG2078_2322_C_T	0.00311111111111111
OG1859_804_T_C	0.00311111111111111
OG561_1057_T_G	0.00311111111111111
OG1046_363_C_T	0.00311111111111111
OG2881_276_C_T	0.00311111111111111
OG7325_564_C_T	0.00311111111111111
OG6010_1487_G_T	0.00311111111111111
OG893_1023_A_G	0.00311111111111111
OG5051_198_T_C	0.00311111111111111
OG2232_1053_G_A	0.00311111111111111
OG3011_651_C_T	0.00311111111111111
OG10106_186_A_T	0.00311111111111111
OG3511_1596_G_A	0.00311111111111111
OG5610_1023_G_A	0.00311111111111111
OG4187_975_C_T	0.00311111111111111
OG4378_808_A_G	0.00311111111111111
OG7435_172_G_A	0.00311111111111111
OG3318_915_C_T	0.00311111111111111
OG7181_745_G_A	0.00311111111111111
OG2302_1515_C_T	0.00311111111111111
OG8737_238_A_T	0.00311111111111111
OG3770_397_G_A	0.00311111111111111
OG7567_270_A_G	0.00311111111111111
OG4062_1035_A_G	0.0031048951048951
OG2240_2091_G_T	0.0031
OG5432_990_T_A	0.0031
OG6930_774_C_T	0.0031
OG2630_921_A_G	0.0031
OG5227_83_A_T	0.0031
OG10101_472_T_C	0.0031
OG9832_503_C_T	0.00309921962095875
OG7654_282_A_T	0.0030952380952381
OG2234_3563_C_G	0.00309383753501401
OG10612_272_A_T	0.00309367054730363
OG6060_174_T_C	0.00308333333333333
OG5826_795_G_A	0.00308333333333333
OG5117_592_C_T	0.00308333333333333
OG7751_750_G_A	0.00308279689234184
OG4383_1506_G_T	0.00308160974827641
OG6211_1005_C_T	0.00307795575896263
OG2633_1773_A_G	0.00307450980392157
OG4990_93_T_C	0.00307450980392157
OG5893_954_T_C	0.00307450980392157
OG8462_537_C_T	0.00305882352941176
OG9127_15_T_C	0.00305555555555556
OG2994_1518_C_T	0.00305357142857143
OG1682_2475_C_T	0.00304761904761905
OG2923_1587_C_G	0.00304761904761905
OG6321_708_G_T	0.00304761904761905
OG1607_2643_A_G	0.0030445632798574
OG4935_424_C_A	0.00303333333333334
OG7141_316_C_A	0.00303333333333333
OG1014_3631_C_A	0.00303333333333333
OG6163_145_G_A	0.00302338282078473
OG4594_1344_C_T	0.00302051282051282
OG10476_207_A_G	0.00301785714285714
OG1904_1913_T_C	0.00301777777777778
OG9642_66_A_C	0.00301116427432217
OG5616_1140_T_C	0.00300681818181818
OG2065_1773_C_T	0.003
OG391_2982_C_T	0.003
OG6143_666_A_G	0.003
OG1097_2959_T_C	0.003
OG4218_1155_A_G	0.003
OG983_1582_C_T	0.003
OG1243_894_C_A	0.003
OG10900_96_G_T	0.003
OG1564_2199_A_G	0.003
OG1525_1348_T_C	0.003
OG1808_2198_G_A	0.003
OG254_3626_G_A	0.003
OG7307_643_A_T	0.003
OG825_1404_A_C	0.003
OG3755_1005_T_C	0.003
OG1736_636_T_A	0.003
OG3873_1495_T_A	0.003
OG2654_180_T_C	0.003
OG4282_750_G_A	0.003
OG689_3147_C_T	0.003
OG7172_1041_G_A	0.003
OG1010_3585_T_C	0.003
OG10311_75_C_T	0.003
OG8650_657_C_T	0.003
OG3536_564_T_C	0.003
OG4259_1416_C_T	0.003
OG327_1320_G_C	0.003
OG4939_423_T_C	0.003
OG1294_1197_C_T	0.003
OG1069_1053_A_G	0.003
OG5403_192_C_A	0.003
OG2095_1281_T_C	0.003
OG669_3021_A_T	0.003
OG624_3561_G_A	0.003
OG8961_276_G_A	0.003
OG7851_276_A_G	0.003
OG7075_783_T_G	0.003
OG4190_1206_C_T	0.003
OG724_96_C_T	0.003
OG370_5203_A_G	0.003
OG366_6168_T_C	0.003
OG1374_174_A_G	0.003
OG1215_3507_C_T	0.003
OG1277_1462_T_C	0.003
OG8628_90_A_G	0.003
OG6845_834_C_T	0.003
OG8775_660_A_C	0.003
OG7177_603_G_A	0.003
OG1175_1800_C_G	0.003
OG4473_751_C_T	0.003
OG8761_1148_A_G	0.003
OG4474_1071_T_G	0.003
OG2704_177_G_C	0.003
OG5886_681_T_C	0.003
OG9982_450_A_C	0.003
OG6836_984_G_A	0.003
OG2746_409_C_G	0.003
OG6386_525_A_C	0.003
OG1845_546_T_A	0.003
OG8467_225_T_C	0.003
OG10381_61_G_A	0.003
OG7263_1050_C_T	0.003
OG10621_51_T_C	0.003
OG2626_1318_A_G	0.003
OG2133_1358_G_C	0.003
OG9278_528_G_A	0.003
OG92_6345_T_C	0.003
OG9087_502_G_A	0.003
OG7989_465_G_C	0.003
OG5801_195_G_A	0.003
OG1611_1230_T_A	0.00299632936507937
OG2638_1029_G_A	0.00298642976252085
OG58_7755_A_T	0.00297619047619047
OG1381_1335_A_C	0.00297142857142857
OG5958_142_A_T	0.00294949494949495
OG10550_258_G_A	0.00294949494949495
OG2321_1755_C_T	0.00294912280701754
OG6665_258_T_G	0.00294610727015073
OG6097_777_T_C	0.00294444444444444
OG5494_750_G_A	0.00293341648847707
OG2436_1576_G_A	0.00293333333333333
OG1410_2253_C_T	0.00293333333333333
OG3690_1515_T_C	0.00293333333333333
OG4885_1275_T_G	0.00293333333333333
OG7682_750_A_G	0.00293333333333333
OG2069_1851_G_A	0.00293333333333333
OG10233_96_C_T	0.00293333333333333
OG2017_2124_C_T	0.00293333333333333
OG7689_192_A_G	0.00293333333333333
OG8330_618_C_A	0.00293333333333333
OG9397_48_G_A	0.00292363636363637
OG8869_141_C_T	0.00292
OG7288_55_A_G	0.00291666666666667
OG4650_1431_A_T	0.00291666666666667
OG4194_753_G_A	0.00291666666666667
OG5627_1437_C_T	0.00291666666666667
OG2786_495_A_G	0.00291666666666667
OG871_2343_T_C	0.00291666666666667
OG5455_870_T_C	0.00291666666666667
OG8446_431_C_A	0.00291666666666667
OG3429_1026_A_C	0.00291666666666667
OG9257_29_C_T	0.00291666666666667
OG7309_891_A_G	0.00291666666666667
OG10644_135_C_T	0.00291666666666667
OG11010_104_T_C	0.00290909090909091
OG10861_54_T_C	0.00290833333333333
OG3405_192_G_A	0.0029047619047619
OG10280_436_G_C	0.00290459770114943
OG4511_921_C_G	0.00290343137254902
OG6311_51_C_T	0.00289473684210526
OG3033_318_A_C	0.00289473684210526
OG5265_1003_G_A	0.00289190476190476
OG1703_1995_C_T	0.00289130434782609
OG506_2625_G_C	0.00288095238095238
OG5151_794_G_C	0.00287962962962963
OG6719_417_T_C	0.00287753587333003
OG11345_1311_A_G	0.00287619047619048
OG959_1074_G_A	0.002875
OG10663_301_A_C	0.00286893081761006
OG141_6177_A_C	0.00286666666666667
OG9614_114_G_A	0.00286666666666667
OG9108_570_C_T	0.00286363636363636
OG7811_651_G_A	0.00286363636363636
OG2619_1251_G_A	0.00285714285714286
OG3260_1011_G_A	0.00285714285714286
OG2237_1992_C_T	0.00285714285714286
OG8501_237_C_T	0.00285714285714286
OG10223_295_C_T	0.00285714285714286
OG7327_726_A_T	0.00285714285714286
OG744_830_A_C	0.00285714285714286
OG5433_624_C_T	0.00285714285714286
OG4311_1189_G_A	0.00285714285714286
OG2011_2259_G_A	0.00285714285714286
OG4201_262_G_A	0.00285714285714286
OG4831_1410_T_A	0.00285714285714286
OG2661_438_G_T	0.00285714285714286
OG814_1980_A_T	0.00285714285714286
OG3684_504_A_G	0.00285714285714286
OG6383_585_C_G	0.00285714285714286
OG3004_1951_C_A	0.00285714285714286
OG6678_987_C_A	0.00285714285714286
OG7365_694_C_A	0.00285714285714286
OG8419_765_T_C	0.00285714285714286
OG4880_1119_C_T	0.00285714285714286
OG6389_936_C_T	0.00285714285714286
OG5128_1227_T_G	0.00285714285714286
OG7087_26_T_G	0.00285714285714286
OG8651_341_C_T	0.00285714285714286
OG57_690_G_T	0.00285714285714286
OG3323_45_G_A	0.00285714285714286
OG10535_198_G_A	0.00285714285714286
OG5183_1197_G_C	0.00285714285714286
OG10866_283_T_C	0.00285714285714286
OG6368_279_G_A	0.00285714285714286
OG8883_538_T_G	0.00285714285714286
OG2124_513_C_A	0.00285714285714286
OG8221_525_C_T	0.00285714285714286
OG9169_435_T_C	0.00285714285714286
OG9164_552_A_G	0.00285714285714286
OG5992_501_T_C	0.00285
OG566_1233_G_A	0.00285
OG158_2514_G_A	0.00285
OG3468_1503_G_C	0.00285
OG9014_766_T_C	0.00285
OG2547_1021_G_A	0.00285
OG6278_94_G_A	0.00285
OG8227_54_T_A	0.00285
OG7726_1155_A_G	0.00285
OG7308_639_C_G	0.00285
OG8102_504_A_T	0.00285
OG9012_66_A_G	0.00285
OG2187_1941_C_G	0.00284615384615385
OG7209_960_T_C	0.00284531590413943
OG5903_1151_C_A	0.00284444444444445
OG3583_798_T_G	0.00283636363636364
OG3508_120_T_A	0.00283471650300918
OG6720_168_T_C	0.00283333333333333
OG9624_270_T_C	0.00283333333333333
OG350_4890_A_G	0.00283333333333333
OG794_378_A_G	0.00283333333333333
OG8060_156_A_G	0.00283333333333333
OG7967_639_A_G	0.00283333333333333
OG3063_521_A_G	0.00283333333333333
OG5492_1272_C_T	0.00283333333333333
OG3048_309_T_C	0.00283333333333333
OG10522_141_G_A	0.00283333333333333
OG4889_1138_T_A	0.00283333333333333
OG8657_603_G_A	0.00283333333333333
OG3118_1815_G_A	0.00283333333333333
OG7203_612_A_G	0.00283333333333333
OG6854_645_A_G	0.00283333333333333
OG10009_148_G_A	0.00283333333333333
OG9813_282_T_C	0.00283333333333333
OG8949_324_G_A	0.00283333333333333
OG7649_201_C_T	0.00283333333333333
OG6054_42_A_T	0.00282210857592447
OG3371_89_G_C	0.00282010582010582
OG6940_300_C_T	0.00281818181818182
OG6055_945_G_T	0.00281818181818182
OG1665_1953_T_C	0.00281666666666667
OG10704_153_G_A	0.00281187165426296
OG10087_318_G_A	0.0028
OG2687_464_G_A	0.0028
OG3761_756_T_C	0.0028
OG2168_2079_A_G	0.0028
OG6461_345_A_G	0.0028
OG3613_18_C_T	0.0028
OG6451_564_C_T	0.0028
OG567_2137_G_T	0.0028
OG8253_288_A_C	0.00279814271749756
OG3291_1665_T_C	0.00279766265480552
OG6781_111_C_T	0.00279682170542636
OG2031_1767_G_T	0.00279607843137255
OG2856_610_G_A	0.00278571428571429
OG1660_2517_G_A	0.00278571428571429
OG10544_306_T_C	0.00278571428571429
OG4676_225_T_C	0.00277922077922078
OG7999_129_C_T	0.00277866476597767
OG7451_1380_A_G	0.00277777777777778
OG2116_1497_A_T	0.00277777777777778
OG10594_253_C_T	0.00277777777777778
OG977_348_A_G	0.00277777777777778
OG8794_720_A_G	0.00275761520267515
OG8914_117_A_C	0.00275238095238095
OG1678_1146_G_A	0.00275
OG101_7065_C_T	0.00275
OG4352_1274_A_G	0.00275
OG6114_362_A_C	0.00275
OG1440_729_G_A	0.00273015873015873
OG2631_486_C_T	0.00272708333333333
OG927_1047_C_G	0.00272222222222222
OG5267_441_C_T	0.00271428571428571
OG8365_681_C_T	0.00271428571428571
OG8230_543_T_A	0.00271428571428571
OG4348_645_T_C	0.00271117058182179
OG5609_663_C_T	0.0027095747389865
OG6601_662_A_G	0.00270935075853109
OG1638_2830_A_C	0.0027
OG4315_333_G_A	0.0027
OG3549_615_A_T	0.0027
OG6682_513_C_T	0.0027
OG386_4758_A_G	0.0027
OG8785_363_T_C	0.00268787878787879
OG3562_835_G_A	0.00268666666666666
OG4140_282_G_A	0.00268421052631579
OG8971_303_T_C	0.00268421052631579
OG7951_1214_C_T	0.00268421052631579
OG8810_273_C_T	0.00267236467236467
OG1432_1119_A_T	0.00267058823529412
OG3824_1407_A_G	0.00266666666666667
OG3669_187_C_G	0.00266666666666667
OG10273_231_C_T	0.00266666666666667
OG3647_942_G_A	0.00266666666666667
OG354_180_G_A	0.00266666666666667
OG10137_10_A_G	0.00266666666666667
OG1586_1667_T_C	0.00266666666666667
OG9620_291_A_T	0.00266666666666667
OG5425_897_G_A	0.00266666666666667
OG574_49_C_T	0.00266666666666667
OG7591_909_C_A	0.00266666666666667
OG8654_558_G_A	0.00266666666666667
OG2582_258_C_A	0.00266666666666667
OG2215_1239_C_T	0.00266666666666667
OG5840_747_T_C	0.00266666666666667
OG5702_489_C_A	0.00266666666666667
OG9752_454_T_G	0.00266666666666667
OG8470_234_T_C	0.00266666666666667
OG9446_519_T_C	0.00266666666666667
OG236_1929_A_G	0.00266666666666667
OG44_10428_A_G	0.00266666666666667
OG6838_246_A_T	0.00266666666666667
OG3901_1008_T_C	0.00266666666666667
OG7642_603_T_C	0.00266666666666667
OG1337_430_A_C	0.00266666666666667
OG247_1308_A_T	0.00266666666666667
OG1884_84_T_C	0.00266666666666667
OG4344_1509_T_C	0.00266666666666667
OG5645_177_T_C	0.00266666666666667
OG4203_552_T_A	0.00266666666666667
OG8668_675_G_T	0.00266666666666667
OG6929_21_T_A	0.00266666666666667
OG2714_1854_T_C	0.00266666666666667
OG6079_851_C_A	0.00266666666666667
OG740_1956_T_C	0.00266666666666667
OG4703_1494_T_C	0.00266666666666667
OG8130_363_A_T	0.00266666666666667
OG8973_185_G_A	0.00266666666666667
OG7683_689_G_T	0.00266666666666667
OG3297_699_G_A	0.00266666666666667
OG10661_328_T_C	0.00266666666666667
OG4081_1359_G_A	0.00266666666666667
OG8882_681_C_T	0.00266666666666667
OG6000_22_A_G	0.00266666666666667
OG3332_1401_T_A	0.00266666666666667
OG11180_258_C_A	0.00266666666666667
OG9760_519_A_G	0.00266666666666667
OG9773_358_C_T	0.00266666666666667
OG2561_369_G_A	0.00266666666666667
OG7205_684_T_C	0.00266666666666667
OG6859_101_C_A	0.00266666666666667
OG7362_840_C_T	0.00266666666666667
OG6325_540_G_A	0.00266666666666667
OG9775_510_T_G	0.00266666666666667
OG1829_1393_T_C	0.00266666666666667
OG6125_1032_G_A	0.00266666666666667
OG3178_1306_T_C	0.00266666666666667
OG1045_459_A_C	0.00266666666666667
OG3681_1440_C_A	0.00266666666666667
OG6189_636_C_T	0.00266666666666667
OG4298_354_G_A	0.00266666666666667
OG6865_345_G_C	0.00266666666666667
OG6399_355_C_T	0.00266666666666667
OG10224_59_A_G	0.00266666666666667
OG9138_511_T_C	0.00266666666666667
OG3478_180_G_A	0.00266666666666667
OG8164_612_A_G	0.00266666666666666
OG10143_294_G_T	0.00264705882352941
OG1021_1125_C_A	0.00263589743589743
OG6260_393_A_T	0.0026
OG10363_480_C_T	0.0026
OG3124_855_A_C	0.0026
OG5570_1284_T_A	0.0026
OG6995_358_C_T	0.0026
OG3126_574_A_G	0.0026
OG6255_402_G_T	0.0026
OG4310_1383_T_G	0.0026
OG7969_120_T_A	0.0026
OG4866_693_C_T	0.0026
OG9081_253_T_A	0.0025925925925926
OG7798_460_C_T	0.00258395989974937
OG5116_704_C_T	0.00258333333333333
OG5232_1209_G_A	0.00258333333333333
OG1517_1569_C_T	0.00257142857142857
OG1894_1141_A_G	0.00257142857142857
OG8469_360_G_C	0.00257142857142857
OG1300_1273_A_G	0.00257142857142857
OG2216_2190_G_A	0.00257142857142857
OG3831_585_A_G	0.00257142857142857
OG3261_1578_T_C	0.00257142857142857
OG9139_411_A_G	0.00257142857142857
OG5234_681_T_G	0.00257142857142857
OG9596_387_A_G	0.00257142857142857
OG8163_664_C_T	0.00257142857142857
OG1877_2901_C_T	0.00256666666666667
OG8275_405_C_T	0.00255555555555556
OG817_3375_C_T	0.0025530303030303
OG4964_393_T_C	0.00255
OG9345_177_T_C	0.00252695652173913
OG7481_970_A_G	0.00252482269503546
OG7841_518_C_T	0.00251827485380117
OG226_2985_T_C	0.00251591199032424
OG8604_168_T_C	0.00251282051282051
OG3163_519_T_G	0.00251265412070084
OG7813_647_T_C	0.00251111111111111
OG9648_416_G_C	0.00250980392156863
OG10040_341_T_A	0.00250679935925838
OG7641_396_A_G	0.00250250156347718
OG551_546_T_C	0.0025
OG2_6189_A_G	0.0025
OG1342_2497_C_T	0.0025
OG8837_684_A_G	0.0025
OG8174_345_C_T	0.0025
OG2527_924_A_G	0.0025
OG2318_597_A_G	0.0025
OG4804_1200_T_A	0.0025
OG7428_588_C_T	0.0025
OG4794_809_A_G	0.0025
OG2258_625_T_C	0.0025
OG2814_2049_G_A	0.0025
OG7039_666_G_A	0.0025
OG974_594_A_G	0.0025
OG6796_942_T_C	0.0025
OG4766_321_T_C	0.0025
OG7394_255_G_A	0.0025
OG9071_537_G_T	0.0025
OG7657_252_G_A	0.0025
OG9705_24_A_G	0.0025
OG10579_339_T_C	0.0025
OG1960_2328_T_C	0.0025
OG2669_799_C_T	0.0025
OG1992_2349_T_G	0.0025
OG9980_321_A_G	0.0025
OG5502_1761_A_G	0.00249892850185077
OG2394_1116_T_A	0.00249779319041614
OG10799_51_C_A	0.0024972191323693
OG9502_583_G_A	0.00247619047619048
OG610_192_T_G	0.00246363636363636
OG2111_1083_T_C	0.00246363636363636
OG2016_162_G_A	0.00246153846153846
OG4080_1290_C_T	0.00245454545454545
OG7758_108_T_A	0.00245454545454545
OG193_2696_G_A	0.00245454545454545
OG9520_225_A_T	0.00245323163388197
OG3497_1746_C_T	0.00245
OG2039_1773_A_G	0.00245
OG8235_228_A_G	0.00244264815948833
OG4309_1257_A_T	0.00243809523809524
OG1569_663_C_T	0.00243636363636363
OG74_10619_A_G	0.00242857142857142
OG1980_1752_C_T	0.00242424242424243
OG7101_252_C_A	0.00242153846153846
OG60_2100_C_G	0.00241944444444444
OG3787_705_C_T	0.00241428571428571
OG2646_742_T_A	0.00241111111111111
OG4601_936_G_A	0.0024
OG2921_150_G_A	0.0024
OG4779_1170_A_T	0.0024
OG6763_933_T_C	0.0024
OG6381_309_A_C	0.0024
OG2711_1507_C_T	0.0024
OG4876_672_C_T	0.0024
OG8225_259_C_G	0.0024
OG2664_1227_C_T	0.0024
OG7483_899_G_T	0.0024
OG61_5353_C_T	0.0024
OG2745_1767_C_T	0.0024
OG7173_774_C_T	0.0024
OG320_5055_A_T	0.0024
OG4329_390_C_T	0.0024
OG302_4854_T_C	0.0024
OG558_525_G_A	0.0024
OG2317_1323_T_C	0.0024
OG985_2652_T_C	0.0024
OG377_5457_C_T	0.0024
OG1617_567_A_T	0.0024
OG2492_558_T_C	0.0024
OG3165_399_G_C	0.0024
OG7229_615_T_C	0.0024
OG5284_264_A_G	0.0024
OG785_1611_A_G	0.0024
OG3604_258_A_G	0.0024
OG1986_1218_T_C	0.0024
OG1909_2130_G_A	0.0024
OG6681_222_G_A	0.0024
OG1126_2484_A_G	0.0024
OG163_6684_T_C	0.0024
OG7870_411_G_T	0.0024
OG713_4442_T_A	0.0024
OG3385_1284_C_T	0.0024
OG4489_1062_T_C	0.0024
OG5228_63_G_A	0.0024
OG3303_321_T_C	0.0024
OG5460_1044_A_G	0.0024
OG10862_228_C_T	0.0024
OG1996_1317_T_G	0.0024
OG5620_1044_T_A	0.0024
OG4012_873_A_G	0.0024
OG9130_393_T_C	0.0024
OG3198_1137_C_T	0.0024
OG4820_175_G_C	0.0024
OG1449_1851_C_A	0.0024
OG6771_648_T_A	0.0024
OG2204_2064_C_T	0.0024
OG11242_171_C_T	0.0024
OG6902_1179_T_A	0.0024
OG6577_51_G_A	0.0024
OG10929_306_T_C	0.0024
OG6780_661_A_G	0.0024
OG3764_618_G_A	0.0024
OG4713_662_A_T	0.0024
OG6206_886_A_G	0.0024
OG7997_637_C_T	0.0024
OG7369_159_T_C	0.0024
OG8114_279_T_C	0.0024
OG8942_351_T_C	0.0024
OG3312_723_G_A	0.0024
OG10726_86_T_C	0.0024
OG2399_648_C_T	0.0024
OG7718_330_A_T	0.0024
OG6881_154_C_G	0.0024
OG3959_1563_C_T	0.0024
OG8379_303_C_T	0.0024
OG6379_300_C_A	0.0024
OG9302_83_C_T	0.0024
OG3672_438_G_A	0.0024
OG1184_2676_G_A	0.0024
OG10560_27_G_C	0.0024
OG10064_366_G_A	0.0024
OG6885_315_T_C	0.0024
OG9150_252_C_T	0.0024
OG3569_81_G_A	0.0024
OG4517_807_C_G	0.0024
OG5718_615_A_G	0.0024
OG9908_369_T_C	0.0024
OG10772_243_C_T	0.0024
OG5608_711_G_A	0.0024
OG645_786_A_T	0.0024
OG7147_279_A_C	0.0024
OG5897_439_A_G	0.0024
OG7012_471_G_A	0.0024
OG6541_450_C_T	0.0024
OG3013_1578_T_A	0.0024
OG4132_1191_T_C	0.0024
OG4596_636_C_T	0.0024
OG7848_426_G_T	0.0024
OG6716_778_C_T	0.0024
OG8127_372_G_A	0.0024
OG10382_649_C_G	0.0024
OG9028_30_T_G	0.0024
OG7401_651_A_G	0.00239134511359539
OG7276_675_C_T	0.00238709677419355
OG6761_193_G_A	0.00238080495356037
OG9573_264_T_C	0.002375
OG2585_525_C_T	0.00235964912280702
OG221_4908_A_G	0.00235714285714286
OG149_6010_A_T	0.00235714285714286
OG8262_378_G_A	0.00235714285714286
OG7047_884_A_T	0.00235714285714286
OG8042_147_A_G	0.00235636363636364
OG288_3324_G_A	0.00235539215686274
OG10299_39_T_A	0.00235439245186791
OG4958_900_G_A	0.00235384615384615
OG5167_1281_C_T	0.00235384615384615
OG4006_489_A_G	0.00235095785440612
OG10775_242_C_T	0.00234812185743863
OG9851_108_T_C	0.00234807256235828
OG7386_363_C_T	0.00234688687681645
OG6762_300_C_T	0.00234666666666667
OG5853_45_T_A	0.00233766233766234
OG706_2655_C_A	0.00233333333333333
OG731_1356_G_A	0.00233333333333333
OG1680_1956_G_A	0.00233333333333333
OG8984_108_C_T	0.00233333333333333
OG9451_241_A_T	0.00233333333333333
OG5132_675_C_T	0.00233333333333333
OG6195_543_A_C	0.00233333333333333
OG2675_2053_G_C	0.00233333333333333
OG726_550_A_G	0.00233333333333333
OG7862_336_G_A	0.00233333333333333
OG2836_1330_A_T	0.00233333333333333
OG337_5364_T_C	0.00233333333333333
OG2096_1256_C_G	0.00233333333333333
OG6410_637_G_A	0.00233333333333333
OG11048_30_G_C	0.00233333333333333
OG3521_867_A_G	0.00233333333333333
OG2040_372_T_C	0.00233333333333333
OG8695_117_G_C	0.00233333333333333
OG934_152_T_C	0.00233333333333333
OG10136_351_T_C	0.00233333333333333
OG7725_645_T_C	0.00233333333333333
OG8457_75_A_G	0.00233333333333333
OG10603_228_T_C	0.00233333333333333
OG3031_693_A_G	0.00233333333333333
OG10683_60_C_T	0.00233333333333333
OG11192_85_G_A	0.00233333333333333
OG2705_960_A_G	0.00233333333333333
OG331_174_G_A	0.00233333333333333
OG2806_1875_A_G	0.00233333333333333
OG4253_10_G_A	0.00233333333333333
OG3052_1035_A_G	0.00233333333333333
OG4756_1410_G_A	0.00233333333333333
OG1454_2568_G_A	0.00233333333333333
OG10257_204_A_G	0.00233333333333333
OG5746_249_C_T	0.00233333333333333
OG2229_777_C_T	0.00233333333333333
OG7606_231_T_C	0.00233333333333333
OG8963_426_G_A	0.00233333333333333
OG10059_297_A_G	0.00233333333333333
OG3403_859_T_C	0.00233333333333333
OG8500_747_G_A	0.00233333333333333
OG1167_1899_T_C	0.00233333333333333
OG10196_165_C_T	0.00233333333333333
OG2082_1203_T_C	0.00233278262833058
OG6219_696_C_G	0.00232638888888889
OG5249_123_T_A	0.00231818181818182
OG7241_423_T_C	0.00230911680911681
OG9292_519_C_T	0.00230909090909091
OG7939_271_A_G	0.0023030303030303
OG11307_84_T_C	0.00229897660818713
OG9935_44_G_A	0.0022985347985348
OG3823_1611_T_A	0.00229806201550387
OG10784_106_A_G	0.00228799384699262
OG6290_732_A_G	0.00228597072631869
OG4376_702_C_T	0.00228571428571429
OG5809_861_T_C	0.00228571428571429
OG3391_341_A_G	0.00228070175438596
OG9919_249_G_A	0.00226785714285715
OG9018_96_T_C	0.00226666666666667
OG7373_396_T_C	0.00226078431372549
OG5569_747_T_C	0.00225833333333333
OG6478_621_T_C	0.00225
OG241_6900_G_A	0.00225
OG967_2946_T_C	0.00225
OG6985_567_T_C	0.00225
OG11261_250_G_A	0.00225
OG3377_1662_C_T	0.00225
OG3064_1203_A_T	0.00225
OG9536_246_A_G	0.00225
OG7960_288_T_C	0.00225
OG7081_144_G_A	0.00225
OG4962_287_A_G	0.00225
OG9462_60_C_T	0.00225
OG7388_392_T_C	0.00225
OG4753_702_A_T	0.00225
OG6304_173_A_G	0.00225
OG3214_999_A_G	0.00224242424242424
OG8023_261_C_T	0.00223681592039802
OG5438_165_C_T	0.00222820512820512
OG8236_783_T_C	0.00222222222222222
OG5846_45_C_T	0.00222222222222222
OG5143_1281_C_G	0.00222222222222222
OG10210_147_G_A	0.00222059855521156
OG607_4995_A_G	0.00221516164994426
OG130_7140_A_T	0.00221142857142857
OG8662_669_G_A	0.00220979020979021
OG792_2529_C_T	0.00219853653808877
OG11103_1287_C_T	0.00217968796384866
OG8790_708_C_T	0.00214285714285714
OG486_1590_G_A	0.00214285714285714
OG2565_543_T_A	0.00214285714285714
OG9248_408_G_A	0.00214285714285714
OG4503_1272_T_C	0.00214285714285714
OG7955_81_C_T	0.00214285714285714
OG9059_547_T_A	0.00214285714285714
OG6594_873_C_T	0.00214285714285714
OG6567_311_C_T	0.00214285714285714
OG10341_282_A_T	0.00213333333333333
OG1020_3072_A_T	0.00213333333333333
OG1443_1512_C_T	0.00213095238095238
OG526_3828_G_A	0.00212857142857143
OG10749_264_T_C	0.00211666666666667
OG7871_468_G_A	0.00210489510489511
OG4321_387_T_G	0.0020952380952381
OG5201_733_C_T	0.00209341324266698
OG4238_498_C_T	0.0020922913343966
OG7105_891_G_A	0.00208978328173374
OG8301_636_G_A	0.00208779481660838
OG3169_675_C_T	0.0020734693877551
OG3553_579_G_C	0.00206066744315592
OG10119_405_T_G	0.00205128205128205
OG7144_534_C_T	0.00205128205128205
OG1421_267_T_A	0.00205128205128205
OG4264_1701_C_T	0.00205121951219512
OG5263_1074_G_A	0.00204594820384294
OG9846_39_C_A	0.00204357711254263
OG2105_2544_C_A	0.00203589370222061
OG8132_24_T_C	0.0020122641509434
OG71_4800_T_C	0.002
OG433_1429_T_C	0.002
OG434_3708_C_T	0.002
OG5309_363_G_C	0.002
OG4685_720_T_C	0.002
OG2939_1767_G_A	0.002
OG1481_954_C_T	0.002
OG8390_537_C_T	0.002
OG1305_73_G_A	0.002
OG6184_981_C_T	0.002
OG10140_238_A_G	0.002
OG1153_2931_G_A	0.002
OG8070_129_T_A	0.002
OG6447_543_C_T	0.002
OG3730_655_C_T	0.002
OG3289_882_G_A	0.002
OG3889_923_C_T	0.002
OG7915_192_T_C	0.002
OG2408_776_C_T	0.002
OG1554_1665_C_A	0.002
OG7897_632_C_A	0.002
OG10269_3135_G_A	0.002
OG466_4775_G_C	0.002
OG6835_483_G_A	0.002
OG2446_3132_C_T	0.002
OG4877_706_A_G	0.002
OG4750_1434_G_T	0.002
OG2314_1932_C_T	0.002
OG6863_1021_T_A	0.002
OG7679_567_T_C	0.002
OG1213_2193_T_G	0.002
OG82_144_T_C	0.002
OG1561_792_T_C	0.002
OG5533_1326_G_A	0.002
OG3275_170_G_A	0.002
OG1011_3394_T_C	0.002
OG10296_478_C_G	0.002
OG1685_1608_G_T	0.002
OG3653_1609_C_T	0.002
OG4720_1200_A_C	0.002
OG1640_2367_T_C	0.002
OG9972_84_A_C	0.002
OG1880_256_T_G	0.002
OG9806_135_A_G	0.002
OG8259_342_G_C	0.002
OG10436_147_G_A	0.002
OG4165_576_G_C	0.002
OG8713_580_G_A	0.002
OG10676_414_A_G	0.002
OG309_1017_T_C	0.002
OG8712_435_T_C	0.002
OG10693_220_T_G	0.002
OG9006_321_C_T	0.002
OG7949_825_C_T	0.002
OG5780_931_T_C	0.002
OG10216_420_C_T	0.002
OG2533_439_A_G	0.002
OG10880_102_G_A	0.002
OG7584_319_T_C	0.002
OG10521_363_T_C	0.002
OG2593_44_G_A	0.002
OG1970_2088_C_T	0.002
OG6084_700_T_C	0.002
OG3789_834_A_G	0.002
OG3267_1618_T_C	0.002
OG1491_765_C_T	0.002
OG3621_1386_G_A	0.002
OG5154_598_T_C	0.002
OG2493_248_C_T	0.002
OG7571_456_G_A	0.002
OG7159_333_C_T	0.002
OG6686_150_T_C	0.002
OG6256_791_A_G	0.002
OG3564_237_T_C	0.002
OG2211_1252_C_T	0.002
OG6208_430_C_T	0.002
OG2639_267_A_T	0.002
OG4592_1430_C_T	0.002
OG11313_166_C_G	0.002
OG8723_582_T_C	0.002
OG10171_381_A_G	0.002
OG8622_249_A_G	0.002
OG9496_345_T_A	0.002
OG10027_63_T_A	0.002
OG1950_543_T_A	0.002
OG3606_1245_A_T	0.002
OG2658_76_G_A	0.002
OG1353_1314_T_C	0.002
OG11208_279_G_T	0.002
OG7042_917_A_C	0.002
OG2010_792_A_T	0.002
OG8632_564_C_T	0.002
OG7372_565_T_C	0.002
OG9109_387_T_C	0.002
OG10588_285_T_A	0.002
OG9986_376_A_C	0.002
OG2139_158_A_G	0.002
OG2751_959_C_G	0.002
OG10306_357_A_G	0.002
OG6869_942_G_A	0.002
OG8119_147_T_C	0.002
OG7747_261_C_T	0.002
OG10602_48_T_G	0.002
OG3854_432_A_G	0.002
OG1122_2076_A_G	0.002
OG5923_861_T_C	0.002
OG3737_1101_C_T	0.00198095238095238
OG4793_975_C_A	0.00197711670480549
OG10732_303_A_G	0.0019672131147541
OG2949_93_T_C	0.00196078431372549
OG11341_220_A_G	0.00195555555555556
OG8085_216_C_T	0.00195555555555556
OG7034_141_C_T	0.00195121951219512
OG4894_417_G_A	0.00194736842105263
OG5778_1188_C_G	0.00194736842105263
OG1754_1887_G_A	0.00194666666666667
OG9459_43_G_A	0.00194594594594594
OG11295_270_C_T	0.00194594594594594
OG8675_145_C_A	0.00194285714285714
OG2799_136_C_A	0.00194117647058824
OG5630_288_A_G	0.00194117647058823
OG9418_392_G_A	0.00193939393939394
OG3816_1107_G_T	0.00193939393939394
OG5422_819_A_G	0.001927965435978
OG10845_213_G_A	0.00192592592592593
OG9016_303_C_T	0.00192592592592593
OG9443_138_A_T	0.0019238310708899
OG7211_447_T_C	0.00192307692307692
OG9619_148_C_T	0.00192235294117647
OG4728_1023_G_C	0.00192081632653061
OG7827_823_G_A	0.00192
OG3721_837_G_A	0.00191666666666667
OG8974_573_G_C	0.00191666666666667
OG5572_1269_G_A	0.00191666666666666
OG903_2099_T_G	0.0019147485080989
OG8702_27_C_A	0.00191304347826087
OG3003_1252_A_G	0.00191014799154334
OG773_2445_C_T	0.00190909090909091
OG4424_259_G_A	0.00190909090909091
OG412_6378_T_G	0.00190909090909091
OG8244_481_G_C	0.00190592334494773
OG2190_1261_T_C	0.00190476190476191
OG7153_246_T_C	0.00190476190476191
OG6925_537_A_G	0.00190476190476191
OG5236_415_T_C	0.0019
OG9540_300_A_C	0.0019
OG3782_852_T_C	0.0019
OG9764_102_T_G	0.0019
OG5691_763_T_C	0.0019
OG10756_282_C_T	0.0019
OG9339_312_A_T	0.0019
OG8333_665_A_G	0.00189473684210526
OG1372_708_A_C	0.00189473684210526
OG7615_315_G_A	0.00189473684210526
OG9436_366_T_C	0.00189473684210526
OG7633_672_T_C	0.00189473684210526
OG5447_582_C_T	0.00189473684210526
OG8772_296_A_G	0.00189473684210526
OG6724_1105_C_T	0.00189473684210526
OG9954_207_T_C	0.00188888888888889
OG4372_1083_C_T	0.00188888888888889
OG5537_233_C_G	0.00188888888888889
OG6145_291_C_T	0.00188888888888889
OG6066_480_C_A	0.00188888888888889
OG10100_200_G_C	0.00188888888888889
OG9362_540_T_C	0.00188888888888889
OG6503_1038_T_C	0.00188888888888889
OG8666_65_C_G	0.00188888888888889
OG9977_177_C_A	0.00188888888888889
OG9254_30_A_G	0.00188888888888889
OG2984_1275_C_T	0.00188888888888889
OG11302_362_C_T	0.00188888888888889
OG8530_240_C_T	0.00188888888888889
OG9592_18_C_T	0.00188751814223512
OG1219_420_C_A	0.00188235294117647
OG109_705_G_A	0.00188235294117647
OG2636_618_C_T	0.00188235294117647
OG1590_177_T_C	0.00188235294117647
OG5077_228_G_A	0.00188235294117647
OG6710_1021_G_A	0.00188235294117647
OG6358_1248_T_C	0.00188235294117647
OG6687_159_G_A	0.00188235294117647
OG10062_120_C_T	0.00188235294117647
OG10310_417_C_T	0.00188235294117647
OG9024_400_T_C	0.00188235294117647
OG5879_78_G_A	0.00187872937872938
OG8960_666_T_C	0.001877793904209
OG3123_2071_A_G	0.001875
OG6768_510_A_G	0.001875
OG4686_109_C_T	0.001875
OG4707_162_C_A	0.001875
OG2074_11_C_T	0.001875
OG4821_629_T_C	0.001875
OG3989_1371_A_G	0.001875
OG7425_132_T_A	0.001875
OG11348_912_A_G	0.001875
OG9917_69_G_A	0.001875
OG6159_1096_C_T	0.001875
OG9742_507_G_A	0.00187326549491212
OG24_8580_C_T	0.00186666666666667
OG625_4531_G_A	0.00186666666666667
OG1714_2595_G_A	0.00186666666666667
OG8863_306_G_T	0.00186666666666667
OG7149_621_A_G	0.00186666666666667
OG7849_507_G_A	0.00186666666666667
OG9646_963_T_C	0.00186666666666667
OG8031_540_T_A	0.00186666666666667
OG9613_387_G_A	0.00186666666666667
OG11188_382_A_C	0.00186666666666667
OG5264_741_T_C	0.00186666666666667
OG849_363_G_T	0.00186666666666667
OG5057_204_A_C	0.00186666666666667
OG5298_1119_A_T	0.00186666666666667
OG9637_480_A_G	0.00186666666666667
OG3679_616_G_A	0.00186666666666667
OG1400_2787_G_A	0.00186666666666667
OG10636_329_G_A	0.00186666666666667
OG5712_621_C_T	0.00186666666666667
OG7028_738_T_G	0.00186666666666667
OG2537_448_C_G	0.00186666666666667
OG746_4343_G_A	0.00186666666666667
OG2764_1611_T_A	0.00186666666666667
OG5924_197_G_A	0.00186666666666667
OG9129_126_T_C	0.00186666666666667
OG1999_414_C_T	0.00186666666666667
OG2034_1311_C_T	0.00186666666666667
OG9220_585_A_G	0.00186666666666667
OG1302_3042_G_A	0.00186666666666667
OG7927_389_T_C	0.00186666666666667
OG8937_519_C_T	0.00186666666666667
OG7104_558_T_C	0.00186666666666667
OG9424_268_G_A	0.00186666666666667
OG8828_442_T_C	0.00186666666666667
OG7470_456_A_G	0.00186666666666667
OG2550_2075_C_A	0.00186489479512736
OG8619_456_A_C	0.00186388384754991
OG1529_1329_T_C	0.00185805626598465
OG6443_612_T_C	0.00185714285714286
OG1959_669_G_A	0.00185714285714286
OG8862_354_C_T	0.00185714285714286
OG7115_307_G_C	0.00185714285714286
OG2890_1311_C_T	0.00185714285714286
OG5102_1059_A_G	0.00185714285714286
OG1397_3373_C_G	0.00185714285714286
OG3369_1387_C_G	0.00185714285714286
OG9810_195_T_G	0.00185714285714286
OG1095_251_G_A	0.00185714285714286
OG5171_897_C_A	0.00185714285714286
OG5967_127_A_G	0.00185714285714286
OG6896_189_T_C	0.00185714285714286
OG10533_48_T_C	0.00185714285714286
OG8538_129_C_G	0.00185714285714286
OG6480_34_A_C	0.00185714285714286
OG2840_1932_A_T	0.00185487804878048
OG522_3517_T_C	0.00185240384615385
OG7610_80_A_G	0.00185143288084465
OG7242_204_G_A	0.00185128205128205
OG979_2352_A_G	0.00184615384615385
OG7389_207_A_G	0.00184615384615385
OG784_2794_A_T	0.00184615384615385
OG8055_753_G_A	0.00184615384615385
OG1295_3219_G_A	0.00184615384615385
OG7968_480_C_T	0.00184615384615385
OG4571_460_A_G	0.00184615384615385
OG5735_144_G_A	0.00184615384615385
OG4008_39_C_A	0.00184615384615385
OG3469_1386_A_G	0.00184615384615385
OG10264_138_G_A	0.00184615384615385
OG8263_60_A_G	0.00184615384615385
OG7799_615_C_T	0.00184615384615385
OG7278_504_T_C	0.00184615384615385
OG10007_70_T_A	0.00184615384615385
OG4940_295_C_G	0.00184615384615385
OG10176_747_A_G	0.00184615384615385
OG10093_279_C_T	0.00184615384615385
OG10479_30_A_T	0.00184615384615385
OG5765_6_C_G	0.00183825136612022
OG3242_68_C_A	0.00183728813559322
OG2311_2192_A_C	0.00183673469387755
OG9639_489_C_T	0.00183673469387755
OG8320_918_T_C	0.00183333333333333
OG8_4518_A_G	0.00183333333333333
OG1527_273_A_G	0.00183333333333333
OG8329_308_G_C	0.00183333333333333
OG9629_160_G_A	0.00183333333333333
OG7152_798_T_C	0.00183333333333333
OG10015_377_T_C	0.00183333333333333
OG6643_630_A_T	0.00183333333333333
OG989_315_A_G	0.00183333333333333
OG4778_946_G_A	0.00183333333333333
OG9334_288_C_T	0.00183333333333333
OG2050_1647_C_T	0.00183333333333333
OG1998_599_A_G	0.00183333333333333
OG1202_1893_G_A	0.00183333333333333
OG3362_900_C_T	0.00183333333333333
OG7183_471_T_C	0.00183333333333333
OG8445_222_C_G	0.00183333333333333
OG9111_181_C_G	0.00183333333333333
OG3968_462_A_T	0.00183333333333333
OG3594_119_A_C	0.00183333333333333
OG4806_543_T_C	0.00183333333333333
OG10715_210_C_T	0.00183333333333333
OG7974_17_G_T	0.00183333333333333
OG4490_100_T_C	0.00183333333333333
OG10060_434_C_T	0.00183333333333333
OG10616_177_A_G	0.00183333333333333
OG7273_327_A_T	0.00183333333333333
OG3664_102_A_G	0.00183333333333333
OG7315_186_A_T	0.00183333333333333
OG5854_804_G_A	0.00183333333333333
OG2263_1254_G_A	0.00183333333333333
OG8520_108_C_T	0.00183333333333333
OG3620_462_T_C	0.00182807017543859
OG8599_741_T_A	0.00182757296466974
OG3002_99_A_G	0.00182402597402598
OG6999_318_T_C	0.0018219696969697
OG9385_384_C_T	0.00182142857142857
OG5559_174_G_C	0.00181875
OG1934_2568_T_C	0.00181818181818182
OG2357_690_T_C	0.00181818181818182
OG6593_954_C_A	0.00181818181818182
OG8870_543_C_T	0.00181818181818182
OG10354_312_T_C	0.00181818181818182
OG2064_1635_T_C	0.00181818181818182
OG8113_187_G_A	0.00181818181818182
OG7116_810_A_T	0.00181818181818182
OG3446_1662_G_A	0.00181818181818182
OG7344_388_A_G	0.00181818181818182
OG7444_606_G_A	0.00181818181818182
OG5734_102_A_G	0.00181818181818182
OG3382_1869_A_G	0.00181818181818182
OG951_1780_C_T	0.00181818181818182
OG1887_501_G_A	0.00181818181818182
OG5655_1243_G_A	0.00181818181818182
OG8560_189_C_T	0.00181818181818182
OG8597_278_T_C	0.00181818181818182
OG8907_324_A_G	0.00181818181818182
OG4157_90_A_C	0.00181818181818182
OG4304_121_C_G	0.00181818181818182
OG10739_42_T_G	0.00181818181818182
OG9600_468_A_C	0.00181818181818182
OG7410_387_T_C	0.00181818181818182
OG636_1054_C_G	0.00181818181818182
OG8816_600_T_C	0.00181585311240485
OG8744_393_C_T	0.00181078431372549
OG1906_576_C_A	0.0018
OG358_3447_A_G	0.0018
OG7396_744_A_G	0.0018
OG4180_1422_C_T	0.0018
OG7052_144_C_T	0.0018
OG8391_627_T_C	0.0018
OG277_2322_T_G	0.0018
OG7973_234_A_G	0.0018
OG1165_2373_T_C	0.0018
OG9529_555_G_A	0.0018
OG4981_1083_A_G	0.0018
OG8670_471_T_C	0.0018
OG804_1656_A_G	0.0018
OG9896_276_G_A	0.0018
OG4428_1449_A_G	0.0018
OG5306_633_G_T	0.0018
OG9994_456_G_T	0.0018
OG2847_1692_A_G	0.0018
OG7148_543_C_T	0.0018
OG5588_739_G_T	0.0018
OG6086_273_T_C	0.0018
OG10965_133_G_A	0.0018
OG2510_2032_C_T	0.0018
OG1870_1144_C_T	0.0018
OG448_828_G_A	0.0018
OG2062_1805_A_C	0.0018
OG4327_765_T_C	0.0018
OG10435_381_C_T	0.0018
OG9441_204_T_C	0.0018
OG8362_271_G_T	0.0018
OG9728_838_A_C	0.0018
OG2407_1411_A_G	0.0018
OG6655_40_C_T	0.0018
OG1211_2881_C_T	0.0018
OG251_6409_C_G	0.0018
OG6283_327_A_T	0.0018
OG6141_1287_T_A	0.0018
OG5353_147_G_A	0.0018
OG5919_1039_T_C	0.0018
OG7596_915_G_A	0.0018
OG7131_300_G_A	0.0018
OG5022_925_C_T	0.0018
OG10590_117_T_C	0.0018
OG8411_183_A_G	0.0018
OG2587_886_G_A	0.0018
OG2653_510_C_T	0.0018
OG10447_351_C_T	0.0018
OG9521_499_C_T	0.0018
OG11009_50_T_C	0.0018
OG6507_427_G_A	0.0018
OG5629_969_C_A	0.0018
OG8765_313_C_T	0.0018
OG6035_643_C_T	0.0018
OG6171_47_C_A	0.0018
OG4674_351_A_G	0.0018
OG2325_69_G_A	0.0017953216374269
OG10302_210_C_T	0.00177777777777778
OG5456_1092_C_T	0.00177777777777778
OG3809_954_C_T	0.00177777777777778
OG8189_360_A_C	0.00177777777777778
OG3224_348_T_C	0.00177777777777778
OG9196_567_G_T	0.00177777777777778
OG4792_375_A_G	0.00177777777777778
OG5543_1662_G_A	0.00177777777777778
OG1173_2883_C_T	0.00177777777777778
OG8428_387_T_C	0.00177777777777778
OG548_4515_T_C	0.00177777777777778
OG9367_134_T_C	0.00177777777777778
OG5661_87_T_C	0.00177777777777778
OG11194_2040_T_C	0.00177777777777778
OG6253_693_G_A	0.00177777777777778
OG9955_27_A_C	0.00177777777777778
OG4597_894_A_G	0.00177777777777778
OG5667_861_T_C	0.00177777777777778
OG3713_1464_C_G	0.00177777777777778
OG4822_363_T_C	0.00177777777777778
OG2026_869_T_A	0.00177777777777778
OG2602_840_C_G	0.00177777777777778
OG9371_9_T_C	0.00177777777777778
OG5649_940_C_T	0.00177777777777778
OG2344_102_A_G	0.00177777777777778
OG10557_201_G_A	0.00177777777777778
OG7019_259_C_A	0.00177777777777778
OG9068_574_A_T	0.00177777777777778
OG7832_63_A_C	0.00177777777777778
OG9022_186_T_G	0.00177777777777778
OG10660_219_G_C	0.00177777777777778
OG3206_1453_T_G	0.00177777777777778
OG7824_786_A_T	0.00177777777777778
OG7251_876_T_C	0.00177205882352941
OG8046_213_C_T	0.00177205882352941
OG5654_1071_T_G	0.00177205882352941
OG5070_838_C_A	0.00176881720430107
OG10406_351_G_A	0.00176333333333333
OG10608_237_C_T	0.00176190476190477
OG508_1023_T_C	0.00175833333333333
OG4098_1074_C_T	0.00175833333333333
OG4856_1791_G_T	0.00175833333333333
OG9918_447_C_T	0.00175833333333333
OG10682_168_T_A	0.00175378787878788
OG3591_984_A_G	0.00175
OG10569_144_A_G	0.00175
OG4307_737_A_G	0.00175
OG7843_1056_A_G	0.00175
OG3632_1152_A_G	0.00175
OG4005_1060_T_G	0.00175
OG9539_270_G_A	0.00175
OG380_4193_G_A	0.00175
OG6948_948_C_T	0.00175
OG5063_540_A_G	0.00175
OG1316_2061_C_A	0.00175
OG8572_93_T_C	0.00175
OG4173_1230_A_T	0.00175
OG1667_997_A_C	0.00175
OG4026_654_C_T	0.00175
OG4872_1467_C_T	0.00175
OG1816_1461_G_A	0.00175
OG5758_216_A_C	0.00175
OG6983_975_T_G	0.00175
OG3218_1326_G_A	0.00175
OG3422_444_G_A	0.00175
OG2063_1422_T_C	0.00175
OG3061_807_G_A	0.00175
OG3561_528_T_C	0.00175
OG3725_1575_A_G	0.00175
OG3419_130_T_A	0.00175
OG1162_825_A_C	0.00175
OG5632_267_T_C	0.00175
OG7701_258_T_C	0.00175
OG4396_936_T_G	0.00175
OG1258_1329_T_C	0.00175
OG9159_123_G_A	0.00175
OG7566_738_C_T	0.00175
OG5269_402_T_C	0.00175
OG10208_109_C_T	0.00175
OG5737_648_G_A	0.00175
OG8563_24_A_G	0.00175
OG9312_367_A_T	0.00175
OG3180_990_A_G	0.00175
OG7220_192_T_C	0.00175
OG2485_1638_C_T	0.00175
OG11321_345_A_G	0.00175
OG10350_364_G_C	0.00175
OG9750_330_A_T	0.00175
OG172_1692_A_G	0.00175
OG9753_165_A_T	0.00175
OG8272_240_T_C	0.00175
OG11228_328_C_T	0.00175
OG10700_8_C_T	0.00175
OG10108_213_G_A	0.00174308300395257
OG7943_762_G_A	0.00174308300395257
OG6968_11_A_G	0.00174238026124819
OG1978_1497_C_T	0.00173333333333333
OG9618_405_C_G	0.00173160173160173
OG4717_1236_T_C	0.00172527472527472
OG1560_2736_A_T	0.00172527472527472
OG3957_891_G_A	0.00172222222222222
OG8871_144_G_A	0.0017218045112782
OG579_1701_C_T	0.00171904761904762
OG4037_1488_A_T	0.00171904761904762
OG1336_1866_G_A	0.00171428571428571
OG395_1755_A_T	0.00171428571428571
OG363_1734_T_C	0.00171428571428571
OG1523_1326_T_G	0.00171428571428571
OG204_2201_T_C	0.00171428571428571
OG250_1053_T_C	0.00171428571428571
OG7503_525_A_G	0.00171428571428571
OG4175_876_G_A	0.00171428571428571
OG2443_855_A_G	0.00171428571428571
OG4104_27_T_C	0.00171428571428571
OG2575_1948_G_A	0.00171428571428571
OG5552_243_T_C	0.00171428571428571
OG7933_402_T_A	0.00171428571428571
OG1683_1705_C_T	0.00171428571428571
OG5692_1632_C_T	0.00171428571428571
OG8798_366_A_C	0.00171428571428571
OG7629_453_A_G	0.00171428571428571
OG9320_189_G_A	0.00171428571428571
OG8851_687_G_T	0.00171428571428571
OG10962_1995_A_G	0.00171428571428571
OG6637_55_A_G	0.00171428571428571
OG6884_236_G_C	0.00171428571428571
OG4226_39_G_A	0.00171428571428571
OG1480_627_C_A	0.00171428571428571
OG8524_1177_A_G	0.00171428571428571
OG3760_1581_A_G	0.00171428571428571
OG4862_1002_A_G	0.00171428571428571
OG6024_378_C_T	0.00171428571428571
OG6776_386_A_G	0.00171428571428571
OG6938_411_T_C	0.00171428571428571
OG7328_151_C_T	0.00171428571428571
OG6431_833_A_T	0.00171428571428571
OG11328_26_C_A	0.00171428571428571
OG9247_54_A_T	0.00171428571428571
OG2913_1467_G_A	0.00171428571428571
OG4731_1047_T_C	0.00171428571428571
OG9777_175_A_T	0.00171428571428571
OG5212_1302_A_G	0.00171428571428571
OG7609_171_A_G	0.00171428571428571
OG6980_587_A_T	0.00170526315789474
OG4578_168_C_T	0.0017051282051282
OG5624_57_A_G	0.0017051282051282
OG5137_265_T_C	0.0017051282051282
OG7655_940_C_T	0.0016966448282708
OG7193_774_G_A	0.00169487179487179
OG2651_186_C_A	0.00169005847953216
OG5902_480_T_G	0.00168181818181818
OG9872_126_G_A	0.00168181818181818
OG3339_456_A_T	0.00166666666666667
OG303_5563_G_A	0.00166666666666667
OG5254_1278_T_C	0.00166666666666667
OG2754_1047_A_C	0.00166666666666667
OG9358_174_G_T	0.00166666666666667
OG2081_1491_T_C	0.00166666666666667
OG9348_405_A_G	0.00166666666666667
OG10121_96_C_T	0.00166666666666667
OG1582_1407_T_C	0.00166666666666667
OG1474_1041_G_A	0.00166666666666667
OG439_4596_C_T	0.00166666666666667
OG668_927_C_T	0.00166666666666667
OG5551_8_G_C	0.00166666666666667
OG1674_2218_T_G	0.00166666666666667
OG633_1587_G_C	0.00166666666666667
OG615_345_G_A	0.00166666666666667
OG43_10125_C_T	0.00166666666666667
OG4508_522_T_G	0.00166666666666667
OG8252_591_G_A	0.00166666666666667
OG2243_327_C_T	0.00166666666666667
OG2284_340_A_G	0.00166666666666667
OG9168_244_G_A	0.00166666666666667
OG5369_585_T_A	0.00166666666666667
OG7711_420_C_A	0.00166666666666667
OG9455_722_G_C	0.00166666666666667
OG901_1827_G_T	0.00166666666666667
OG10374_9_C_T	0.00166666666666667
OG4413_324_G_A	0.00166666666666667
OG5457_261_T_A	0.00166666666666667
OG1408_819_T_A	0.00166666666666667
OG10218_252_T_C	0.00166666666666667
OG2127_2454_T_C	0.00166666666666667
OG5726_315_A_G	0.00166666666666667
OG8325_156_A_C	0.00166666666666667
OG3552_112_T_A	0.00166666666666667
OG10145_13_A_C	0.00166666666666667
OG3475_703_C_T	0.00166666666666667
OG4553_1408_A_G	0.00166666666666667
OG606_2157_A_G	0.00166666666666667
OG3058_480_C_G	0.00166666666666667
OG2327_240_T_C	0.00166666666666667
OG10297_126_G_A	0.00166666666666667
OG6561_133_G_A	0.00166666666666667
OG8684_579_T_G	0.00166666666666667
OG10607_225_C_T	0.00166666666666667
OG4649_1110_T_C	0.00166666666666667
OG9579_339_C_T	0.00166666666666667
OG2910_790_A_T	0.00166666666666667
OG7250_897_A_G	0.00166666666666667
OG10913_72_C_G	0.00166666666666667
OG8038_392_A_T	0.00166666666666667
OG10084_44_T_C	0.00166666666666667
OG10169_54_G_A	0.00166666666666667
OG8817_612_G_T	0.00166666666666667
OG9635_554_G_A	0.00166666666666667
OG3992_357_G_A	0.00166666666666667
OG9606_149_T_A	0.00166666666666667
OG1664_2727_C_T	0.00165217391304348
OG5053_66_G_A	0.00164705882352941
OG9817_251_T_C	0.00161904761904761
OG9260_441_G_A	0.00161779575328615
OG4849_1149_A_G	0.00161538461538462
OG2066_897_T_C	0.0016
OG375_2718_G_C	0.0016
OG171_486_A_G	0.0016
OG1279_313_G_A	0.0016
OG9913_324_A_T	0.0016
OG494_1188_A_T	0.0016
OG1002_3658_T_C	0.0016
OG1323_2208_A_T	0.0016
OG4780_993_C_A	0.0016
OG6185_714_T_C	0.0016
OG880_3177_T_C	0.0016
OG2883_1162_A_G	0.0016
OG9562_504_C_G	0.0016
OG5303_588_T_C	0.0016
OG5279_207_A_G	0.0016
OG10222_330_C_T	0.0016
OG2428_1706_G_A	0.0016
OG4391_1786_C_T	0.0016
OG3043_621_T_C	0.0016
OG4423_765_C_T	0.0016
OG4452_1470_C_T	0.0016
OG6361_747_T_G	0.0016
OG7658_288_C_T	0.0016
OG4761_672_C_T	0.0016
OG7468_402_G_A	0.0016
OG7025_580_T_C	0.0016
OG9375_315_G_C	0.0016
OG683_2964_A_G	0.0016
OG3904_204_G_A	0.0016
OG898_2223_T_A	0.0016
OG6888_843_C_T	0.0016
OG3196_1884_T_C	0.0016
OG8278_501_T_C	0.0016
OG4546_552_T_C	0.0016
OG2316_2331_A_G	0.0016
OG3567_210_G_A	0.0016
OG11263_95_C_T	0.0016
OG10821_204_A_G	0.0016
OG549_1771_T_C	0.0016
OG8442_138_A_G	0.0016
OG5699_1065_C_T	0.0016
OG5195_672_A_G	0.0016
OG7754_267_G_A	0.0016
OG1926_2232_C_T	0.0016
OG7234_526_G_A	0.0016
OG1340_2982_G_T	0.0016
OG2678_1338_A_G	0.0016
OG5159_126_T_G	0.0016
OG5005_184_T_C	0.0016
OG6540_211_G_A	0.0016
OG10934_594_C_T	0.0016
OG5045_1239_T_A	0.0016
OG9767_306_G_A	0.0016
OG9973_459_G_A	0.0016
OG859_6650_G_A	0.0016
OG10833_34_G_A	0.0016
OG4504_60_A_T	0.0016
OG7538_291_T_C	0.0016
OG8322_51_A_G	0.0016
OG9604_300_A_G	0.0016
OG4066_1042_T_C	0.0016
OG4711_1716_T_C	0.0016
OG2770_726_A_G	0.0016
OG9558_300_T_C	0.0016
OG8909_315_T_A	0.0016
OG5173_87_G_A	0.0016
OG2194_2532_G_A	0.0016
OG7857_189_C_A	0.0016
OG6305_852_G_A	0.0016
OG5402_195_T_A	0.0016
OG2333_2097_A_G	0.0016
OG10165_474_T_C	0.0016
OG8153_645_T_C	0.0016
OG8598_87_T_C	0.0016
OG861_1974_G_A	0.0016
OG9389_558_C_T	0.0016
OG4691_1029_C_T	0.0016
OG10055_168_G_T	0.0016
OG5437_582_A_T	0.0016
OG8466_486_C_T	0.0016
OG6144_801_A_G	0.0016
OG3801_1269_G_T	0.0016
OG9356_201_C_T	0.0016
OG8943_648_A_T	0.0016
OG5162_922_G_A	0.0016
OG6207_510_C_T	0.0016
OG5639_141_A_G	0.0016
OG356_2760_G_A	0.0016
OG10440_276_A_T	0.0016
OG5962_1044_C_G	0.0016
OG9324_110_C_G	0.0016
OG10628_117_T_A	0.0016
OG9199_192_A_G	0.0016
OG10939_290_T_C	0.0016
OG11227_267_C_A	0.0016
OG6484_936_G_A	0.0016
OG2142_1673_A_G	0.0016
OG6647_1080_G_A	0.00158333333333333
OG4500_1276_A_G	0.00157236842105263
OG3336_300_G_A	0.00153571428571429
OG1109_1446_A_T	0.001525
OG8340_609_A_G	0.00151944444444445
OG8107_392_T_C	0.0015
OG699_4995_T_G	0.0015
OG3830_1005_A_G	0.0015
OG7817_561_C_T	0.0015
OG107_7353_C_T	0.0015
OG5842_945_C_T	0.0015
OG5380_1260_T_C	0.0015
OG124_3891_A_C	0.0015
OG4801_1161_A_G	0.0015
OG3525_861_G_A	0.0015
OG1756_2514_C_T	0.0015
OG3844_471_T_C	0.0015
OG9206_369_C_T	0.0015
OG6201_106_G_A	0.0015
OG1864_2359_G_A	0.0015
OG653_4497_C_T	0.0015
OG6877_768_C_A	0.0015
OG129_4953_G_A	0.0015
OG5395_381_A_G	0.0015
OG7639_654_A_G	0.0015
OG782_3126_T_C	0.0015
OG5252_804_G_A	0.0015
OG3538_786_G_T	0.0015
OG3563_101_T_A	0.0015
OG9814_276_C_A	0.0015
OG3804_1008_T_G	0.0015
OG5010_393_G_A	0.0015
OG9233_720_G_A	0.0015
OG3135_1761_A_G	0.0015
OG10282_1497_C_T	0.0015
OG992_3925_G_A	0.0015
OG3346_1072_C_T	0.0015
OG7506_645_T_C	0.0015
OG1232_2794_A_G	0.0015
OG5317_408_G_A	0.0015
OG6605_219_T_C	0.0015
OG5959_195_C_T	0.0015
OG4069_507_C_T	0.0015
OG1059_3030_A_T	0.0015
OG9329_96_C_T	0.0015
OG4963_84_T_C	0.0015
OG224_5133_A_G	0.0015
OG1216_1959_G_T	0.0015
OG140_7668_A_G	0.0015
OG4854_864_T_C	0.0015
OG185_3636_C_T	0.0015
OG5689_1061_T_C	0.0015
OG8487_333_C_T	0.0015
OG5631_972_A_G	0.0015
OG1700_2277_A_C	0.0015
OG4715_1443_A_G	0.0015
OG10001_398_C_T	0.0015
OG3724_71_T_C	0.0015
OG5818_1167_A_C	0.0015
OG6400_343_T_C	0.0015
OG8745_759_T_C	0.0015
OG6668_949_T_C	0.0015
OG904_3660_G_A	0.0015
OG5357_1194_C_T	0.0015
OG8752_532_T_A	0.0015
OG9115_471_A_G	0.0015
OG2768_423_G_A	0.0015
OG6609_447_T_C	0.0015
OG7179_870_A_G	0.0015
OG6840_549_T_C	0.0015
OG7616_309_C_T	0.0015
OG10200_246_C_T	0.0015
OG10748_153_T_C	0.0015
OG105_14307_G_A	0.0015
OG7561_846_C_T	0.0015
OG7884_414_G_A	0.0015
OG655_1338_T_C	0.0015
OG10450_21_C_T	0.0015
OG2356_1149_G_A	0.0015
OG4669_591_C_T	0.0015
OG8922_104_C_T	0.0015
OG975_2412_T_G	0.0015
OG6455_62_A_G	0.0015
OG2523_993_C_T	0.0015
OG7509_762_C_T	0.0015
OG4527_528_A_G	0.0015
OG10168_189_G_T	0.0015
OG8137_759_T_G	0.0015
OG11143_111_C_T	0.0015
OG208_1149_T_A	0.0015
OG6101_1267_T_C	0.0015
OG4888_798_A_G	0.0015
OG7865_291_C_T	0.0015
OG6337_14_C_T	0.0015
OG2541_183_A_G	0.0015
OG3045_651_C_T	0.0015
OG9612_216_G_A	0.0015
OG10556_32_G_A	0.0015
OG5385_348_C_T	0.0015
OG3768_291_G_A	0.0015
OG7313_921_G_A	0.0015
OG492_891_T_C	0.0015
OG8425_99_T_C	0.0015
OG1605_2682_A_G	0.0015
OG1526_177_T_C	0.0015
OG7121_1119_C_T	0.0015
OG7572_428_G_C	0.0015
OG5748_1128_C_T	0.0015
OG9607_263_A_C	0.0015
OG8767_174_A_T	0.0015
OG5071_465_T_A	0.0015
OG2956_678_G_A	0.0015
OG3288_999_T_C	0.0015
OG6874_570_T_C	0.0015
OG318_3739_T_A	0.0015
OG9235_306_C_T	0.0015
OG2650_762_A_G	0.0015
OG6298_171_C_T	0.0015
OG7844_621_G_A	0.0015
OG6851_642_G_A	0.0015
OG10211_342_C_T	0.0015
OG6433_563_A_G	0.0015
OG1699_1497_T_A	0.0015
OG1224_3570_C_T	0.0015
OG10090_306_T_C	0.0015
OG7196_310_A_G	0.0015
OG10042_486_T_C	0.0015
OG8338_744_C_T	0.0015
OG4828_1476_G_A	0.0015
OG2902_2007_A_G	0.0015
OG8823_184_C_T	0.0015
OG6158_1062_T_C	0.0015
OG4419_1371_C_T	0.0015
OG7528_436_C_T	0.0015
OG10420_282_T_A	0.0015
OG3882_1209_G_A	0.0015
OG1098_2355_C_A	0.0015
OG6876_771_C_T	0.0015
OG6933_598_A_G	0.0015
OG2410_2147_T_C	0.0015
OG5431_1209_G_C	0.0015
OG1761_3285_G_A	0.0015
OG5763_12_T_C	0.0015
OG10243_261_C_T	0.0015
OG779_1521_C_T	0.0015
OG5000_531_G_A	0.0015
OG9698_465_T_C	0.0015
OG9453_450_A_G	0.0015
OG7674_652_C_T	0.0015
OG6705_366_C_T	0.0015
OG10664_58_T_C	0.0015
OG5715_1186_G_A	0.0015
OG5656_147_C_T	0.0015
OG5679_783_G_A	0.0015
OG10174_245_T_C	0.0015
OG10254_567_G_A	0.0015
OG10812_674_T_A	0.0015
OG9796_74_C_T	0.0015
OG10197_376_A_G	0.0015
OG8969_382_T_C	0.0015
OG3274_963_A_G	0.0015
OG6900_729_C_T	0.0015
OG9422_77_G_T	0.0015
OG9023_479_T_G	0.0015
OG6611_294_T_A	0.0015
OG3455_285_C_T	0.0015
OG10305_382_C_T	0.0015
OG6352_372_G_A	0.0015
OG6244_1038_G_A	0.0015
OG5871_96_G_C	0.0015
OG6464_1020_A_G	0.0015
OG6296_1068_A_G	0.0015
OG9069_19_C_T	0.0015
OG9735_320_T_C	0.0015
OG7687_564_G_A	0.0015
OG9258_483_T_C	0.0015
OG6508_872_A_G	0.0015
OG2812_189_A_G	0.0015
OG8510_698_T_A	0.0015
OG5745_1062_C_G	0.0015
OG10488_290_C_G	0.0015
OG9601_165_A_T	0.0015
OG9119_497_A_T	0.0015
OG2361_3010_G_A	0.0015
OG10050_264_C_G	0.0015
OG518_3166_T_C	0.00147619047619048
OG7570_355_A_C	0.00142608695652174
OG8764_417_G_C	0.00141395348837209
OG8246_145_A_C	0.00138545454545454
OG10313_69_C_G	0.00136444444444444
OG10995_438_C_G	0.00135365853658536
OG3299_310_G_A	0.00134604105571848
OG152_5431_C_T	0.00133333333333333
OG5333_1779_T_C	0.00133333333333333
OG1520_2154_G_A	0.00133333333333333
OG10623_102_G_A	0.00133333333333333
OG455_3102_G_A	0.00133333333333333
OG305_1617_G_A	0.00133333333333333
OG750_1421_T_A	0.00133333333333333
OG3600_115_C_T	0.00133333333333333
OG6887_1032_G_A	0.00133333333333333
OG91_8877_T_C	0.00133333333333333
OG10695_786_A_G	0.00133333333333333
OG252_7075_C_T	0.00133333333333333
OG501_3942_C_T	0.00133333333333333
OG4031_1266_C_T	0.00133333333333333
OG9693_468_G_C	0.00133333333333333
OG4993_1245_C_T	0.00133333333333333
OG538_2223_A_G	0.00133333333333333
OG343_4048_A_T	0.00133333333333333
OG47_11767_C_T	0.00133333333333333
OG1573_531_A_G	0.00133333333333333
OG3398_1113_T_A	0.00133333333333333
OG2860_1026_C_T	0.00133333333333333
OG444_2277_A_G	0.00133333333333333
OG7879_439_C_A	0.00133333333333333
OG2188_2293_A_G	0.00133333333333333
OG7515_732_G_T	0.00133333333333333
OG9215_204_A_G	0.00133333333333333
OG6333_831_A_G	0.00133333333333333
OG8115_47_C_G	0.00133333333333333
OG3177_1101_G_A	0.00133333333333333
OG4007_384_C_T	0.00133333333333333
OG9645_423_T_C	0.00133333333333333
OG4284_327_G_A	0.00133333333333333
OG6046_627_T_C	0.00133333333333333
OG376_3861_T_C	0.00133333333333333
OG2478_1203_T_C	0.00133333333333333
OG3472_249_G_A	0.00133333333333333
OG6458_885_T_A	0.00133333333333333
OG2488_1131_C_T	0.00133333333333333
OG8918_144_T_C	0.00133333333333333
OG1834_120_G_A	0.00133333333333333
OG5589_12_T_C	0.00133333333333333
OG2665_1986_C_T	0.00133333333333333
OG1406_1573_G_C	0.00133333333333333
OG714_1368_C_T	0.00133333333333333
OG1861_2211_A_G	0.00133333333333333
OG4986_1038_T_C	0.00133333333333333
OG10941_260_C_T	0.00133333333333333
OG6193_1119_G_T	0.00133333333333333
OG10294_616_A_T	0.00133333333333333
OG8172_72_C_A	0.00133333333333333
OG1312_494_A_C	0.00133333333333333
OG7585_244_A_T	0.00133333333333333
OG4010_1158_G_A	0.00133333333333333
OG2328_198_C_T	0.00133333333333333
OG9368_243_C_T	0.00133333333333333
OG9121_96_C_T	0.00133333333333333
OG4236_1233_C_T	0.00133333333333333
OG5248_1257_T_A	0.00133333333333333
OG2292_519_C_T	0.00133333333333333
OG6571_1011_A_T	0.00133333333333333
OG5593_762_C_T	0.00133333333333333
OG52_10362_A_C	0.00133333333333333
OG4270_521_C_T	0.00133333333333333
OG1172_1696_A_G	0.00133333333333333
OG194_7821_A_G	0.00133333333333333
OG3188_968_C_A	0.00133333333333333
OG5235_174_G_C	0.00133333333333333
OG8413_618_A_T	0.00133333333333333
OG6773_387_G_A	0.00133333333333333
OG1376_2406_C_A	0.00133333333333333
OG9325_525_T_A	0.00133333333333333
OG1348_2253_T_C	0.00133333333333333
OG7248_660_G_A	0.00133333333333333
OG7379_48_T_A	0.00133333333333333
OG4467_960_T_C	0.00133333333333333
OG8076_197_T_C	0.00133333333333333
OG6108_936_G_A	0.00133333333333333
OG5180_807_T_C	0.00133333333333333
OG8324_69_C_T	0.00133333333333333
OG1108_1779_T_C	0.00133333333333333
OG7768_540_G_A	0.00133333333333333
OG10367_162_G_A	0.00133333333333333
OG6271_756_A_G	0.00133333333333333
OG841_1938_G_A	0.00133333333333333
OG2855_864_T_C	0.00133333333333333
OG8354_173_C_G	0.00133333333333333
OG4781_105_T_C	0.00133333333333333
OG3756_309_T_C	0.00133333333333333
OG4575_882_C_T	0.00133333333333333
OG6416_976_A_G	0.00133333333333333
OG6669_652_G_A	0.00133333333333333
OG545_2209_A_G	0.00133333333333333
OG844_1068_C_T	0.00133333333333333
OG1430_1314_C_T	0.00133333333333333
OG8631_166_G_A	0.00133333333333333
OG8576_372_C_T	0.00133333333333333
OG542_3702_G_A	0.00133333333333333
OG8059_51_T_C	0.00133333333333333
OG1604_1518_T_A	0.00133333333333333
OG1883_1878_G_A	0.00133333333333333
OG2088_1142_A_G	0.00133333333333333
OG188_2265_A_G	0.00133333333333333
OG7522_318_A_G	0.00133333333333333
OG5292_1323_T_C	0.00133333333333333
OG2354_2295_A_G	0.00133333333333333
OG5064_646_G_A	0.00133333333333333
OG4147_264_T_G	0.00133333333333333
OG4306_504_A_G	0.00133333333333333
OG3375_66_G_T	0.00133333333333333
OG5251_1144_G_A	0.00133333333333333
OG296_4943_C_T	0.00133333333333333
OG1670_873_C_T	0.00133333333333333
OG997_3060_C_T	0.00133333333333333
OG7062_233_C_T	0.00133333333333333
OG18_7188_C_G	0.00133333333333333
OG9155_477_T_G	0.00133333333333333
OG1251_1089_C_T	0.00133333333333333
OG2734_900_A_G	0.00133333333333333
OG9351_222_T_C	0.00133333333333333
OG9063_295_C_A	0.00133333333333333
OG1774_1557_A_T	0.00133333333333333
OG4746_816_T_C	0.00133333333333333
OG2542_423_G_A	0.00133333333333333
OG7107_369_C_T	0.00133333333333333
OG10817_222_C_T	0.00133333333333333
OG8205_447_A_G	0.00133333333333333
OG2898_1770_A_G	0.00133333333333333
OG8294_468_T_C	0.00133333333333333
OG7730_843_G_A	0.00133333333333333
OG9560_516_C_T	0.00133333333333333
OG10024_48_A_C	0.00133333333333333
OG8271_378_T_G	0.00133333333333333
OG3450_1813_A_G	0.00133333333333333
OG1399_1650_A_T	0.00133333333333333
OG5916_162_T_C	0.00133333333333333
OG5757_1053_T_A	0.00133333333333333
OG3361_1551_C_T	0.00133333333333333
OG9965_376_A_G	0.00133333333333333
OG231_1716_G_A	0.00133333333333333
OG9213_385_T_A	0.00133333333333333
OG5672_1038_C_T	0.00133333333333333
OG1668_93_G_A	0.00133333333333333
OG4439_621_A_T	0.00133333333333333
OG4732_1299_C_A	0.00133333333333333
OG8134_47_T_C	0.00133333333333333
OG9582_459_C_A	0.00133333333333333
OG4767_1026_G_T	0.00133333333333333
OG8069_69_T_C	0.00133333333333333
OG9725_174_T_C	0.00133333333333333
OG4899_1066_C_G	0.00133333333333333
OG1341_2472_C_T	0.00133333333333333
OG4192_396_G_A	0.00133333333333333
OG3457_813_G_A	0.00133333333333333
OG1633_2550_C_G	0.00133333333333333
OG262_2466_C_T	0.00133333333333333
OG6870_96_A_C	0.00133333333333333
OG6971_477_T_C	0.00133333333333333
OG7294_642_T_C	0.00133333333333333
OG9179_594_G_C	0.00133333333333333
OG4914_777_C_T	0.00133333333333333
OG9191_339_G_A	0.00133333333333333
OG8360_81_T_C	0.00133333333333333
OG2716_1224_A_G	0.00133333333333333
OG4541_802_C_T	0.00133333333333333
OG5836_1182_T_C	0.00133333333333333
OG8217_330_T_C	0.00133333333333333
OG8430_87_A_G	0.00133333333333333
OG2060_1815_T_C	0.00133333333333333
OG1061_1800_A_G	0.00133333333333333
OG10554_387_T_G	0.00133333333333333
OG572_1671_T_C	0.00133333333333333
OG6226_738_C_T	0.00133333333333333
OG3642_1014_G_A	0.00133333333333333
OG3085_840_T_C	0.00133333333333333
OG1697_261_A_T	0.00133333333333333
OG8521_101_A_G	0.00133333333333333
OG7137_732_A_T	0.00133333333333333
OG7001_603_G_A	0.00133333333333333
OG3984_1104_C_T	0.00133333333333333
OG1422_1716_G_A	0.00133333333333333
OG9294_324_T_C	0.00133333333333333
OG4338_804_T_C	0.00133333333333333
OG3305_726_A_G	0.00133333333333333
OG7928_295_T_C	0.00133333333333333
OG9883_102_T_C	0.00133333333333333
OG1360_3370_G_A	0.00133333333333333
OG10229_297_G_A	0.00133333333333333
OG5952_1162_T_C	0.00133333333333333
OG196_2925_T_C	0.00133333333333333
OG2332_1324_G_A	0.00133333333333333
OG2776_1556_A_C	0.00133333333333333
OG5012_817_T_C	0.00133333333333333
OG8385_95_G_A	0.00133333333333333
OG4476_1431_G_A	0.00133333333333333
OG8331_637_G_A	0.00133333333333333
OG788_3564_G_A	0.00133333333333333
OG2832_1941_A_C	0.00133333333333333
OG3501_1663_G_A	0.00133333333333333
OG2352_36_G_C	0.00133333333333333
OG2144_1842_C_T	0.00133333333333333
OG2538_166_G_A	0.00133333333333333
OG3638_1452_A_G	0.00133333333333333
OG6448_462_G_A	0.00133333333333333
OG5652_741_C_T	0.00133333333333333
OG5084_781_A_G	0.00133333333333333
OG5937_765_C_T	0.00133333333333333
OG7466_445_C_T	0.00133333333333333
OG10402_201_G_A	0.00133333333333333
OG5957_1023_C_T	0.00133333333333333
OG7560_495_C_T	0.00133333333333333
OG1964_1764_C_T	0.00133333333333333
OG362_3957_G_A	0.00133333333333333
OG6127_1153_T_C	0.00133333333333333
OG9602_433_G_A	0.00133333333333333
OG10884_279_A_G	0.00133333333333333
OG6731_153_T_C	0.00133333333333333
OG4397_592_G_A	0.00133333333333333
OG4954_579_C_T	0.00133333333333333
OG2696_150_C_T	0.00133333333333333
OG1355_1071_G_T	0.00133333333333333
OG5978_594_T_C	0.00133333333333333
OG6212_264_T_C	0.00133333333333333
OG9886_363_G_A	0.00133333333333333
OG8543_327_T_C	0.00133333333333333
OG3390_1734_A_T	0.00133333333333333
OG7150_414_T_C	0.00133333333333333
OG3745_1478_G_A	0.00133333333333333
OG4512_924_G_A	0.00133333333333333
OG6630_237_T_G	0.00133333333333333
OG9741_69_C_T	0.00133333333333333
OG1193_711_G_A	0.00133333333333333
OG7191_578_G_A	0.00133333333333333
OG11339_17_T_C	0.00133333333333333
OG7333_53_C_G	0.00133333333333333
OG5970_699_A_C	0.00133333333333333
OG7604_567_T_G	0.00133333333333333
OG8585_326_G_A	0.00133333333333333
OG9895_198_G_A	0.00133333333333333
OG10263_48_G_A	0.00133333333333333
OG6112_933_T_C	0.00133333333333333
OG6531_984_T_A	0.00133333333333333
OG8265_93_T_C	0.00133333333333333
OG7880_402_A_G	0.00133333333333333
OG9224_304_C_T	0.00133333333333333
OG1588_2626_G_A	0.00133333333333333
OG1658_2234_A_C	0.00133333333333333
OG2684_798_C_T	0.00133333333333333
OG8140_435_C_T	0.00133333333333333
OG10161_282_G_C	0.00133333333333333
OG3237_1740_A_G	0.00133333333333333
OG10824_270_A_G	0.00133333333333333
OG6785_810_T_G	0.00133333333333333
OG10731_135_T_C	0.00133333333333333
OG10688_243_G_A	0.00133333333333333
OG10076_460_G_A	0.00133333333333333
OG4170_1740_A_G	0.00133333333333333
OG4519_1101_G_A	0.00133333333333333
OG5917_157_G_A	0.00132708333333333
OG914_3591_G_A	0.00131151515151515
OG3546_798_G_A	0.00130208333333333
OG10332_300_A_G	0.00129230769230769
OG8709_616_G_T	0.00127810760667904
OG8451_435_C_T	0.00126
OG8175_472_A_G	0.00124725274725274
OG1522_231_T_G	0.0012432712215321
OG8439_217_A_T	0.00123809523809523
OG2393_1179_C_T	0.00123443396226416
OG2559_156_T_C	0.00123180076628353
OG4421_84_A_G	0.00119932079414838
OG3974_1338_A_G	0.00119223602484472
OG4739_1296_T_A	0.00117627401837928
OG8122_869_T_C	0.00112640685564843
OG2156_1260_C_T	0.00112333333333333
OG3599_1290_T_C	0.00109413067552602
OG7083_465_C_T	0.00108888888888889
OG227_341_A_G	0.00108424148071268
OG3715_84_G_A	0.00108235294117647
OG9486_624_A_G	0.00106666666666667
OG8381_608_G_A	0.00102508960573476
OG10338_330_G_A	0.00100444444444445
OG9437_526_T_C	0.00100250626566417
OG552_426_T_G	0.001
OG3447_693_T_C	0.001
OG6039_45_T_C	0.001
OG774_1632_T_C	0.001
OG2432_1125_A_G	0.001
OG8711_441_T_G	0.001
OG4416_282_T_C	0.001
OG5855_397_T_C	0.001
OG6565_631_A_T	0.001
OG826_2940_T_C	0.001
OG10630_377_A_G	0.001
OG5398_805_G_C	0.001
OG8171_471_T_C	0.001
OG1997_2233_T_C	0.001
OG473_453_A_G	0.001
OG5041_1350_A_G	0.001
OG2007_1113_C_T	0.001
OG6850_684_G_A	0.001
OG5391_1366_A_C	0.001
OG3709_696_A_C	0.001
OG7040_315_A_G	0.001
OG3636_378_T_C	0.001
OG812_2811_A_T	0.001
OG2376_714_G_A	0.001
OG2403_2871_T_A	0.001
OG3091_1119_C_A	0.001
OG2757_1248_A_C	0.001
OG4450_927_G_C	0.001
OG5105_1114_A_C	0.001
OG2767_1518_T_C	0.001
OG322_5581_A_G	0.001
OG11197_887_A_G	0.001
OG5244_873_A_G	0.001
OG5567_540_C_G	0.001
OG8077_319_C_T	0.001
OG8989_273_T_C	0.001
OG1214_423_G_A	0.001
OG7653_500_C_A	0.001
OG1468_2223_G_A	0.001
OG5414_923_T_C	0.001
OG10262_253_C_T	0.001
OG6861_643_C_A	0.001
OG2609_24_A_G	0.001
OG3192_222_A_G	0.001
OG7438_188_T_C	0.001
OG416_3513_A_G	0.001
OG10012_273_A_G	0.001
OG1916_625_T_C	0.001
OG1158_762_G_C	0.001
OG2295_957_C_T	0.001
OG232_3216_A_G	0.001
OG2906_1755_T_C	0.001
OG7283_1215_T_C	0.001
OG8328_327_A_C	0.001
OG5519_1249_G_A	0.001
OG4538_489_G_C	0.001
OG8220_702_A_G	0.001
OG949_3480_A_G	0.001
OG1482_1983_A_G	0.001
OG10652_60_T_C	0.001
OG1006_1002_A_G	0.001
OG7351_769_G_T	0.001
OG7579_396_T_C	0.001
OG7577_351_C_T	0.001
OG864_4069_A_G	0.001
OG361_978_A_G	0.001
OG608_2262_C_T	0.001
OG3726_1038_G_A	0.001
OG8905_168_C_T	0.001
OG7265_312_T_G	0.001
OG1606_1953_T_C	0.001
OG553_1640_A_T	0.001
OG9410_81_T_C	0.001
OG5293_1098_C_T	0.001
OG1530_660_A_C	0.001
OG3912_138_A_G	0.001
OG1395_87_T_C	0.001
OG2003_651_A_G	0.001
OG1139_485_G_A	0.001
OG4079_704_T_A	0.001
OG2499_945_G_A	0.001
OG2996_1542_T_C	0.001
OG946_510_C_T	0.001
OG7835_558_T_C	0.001
OG10241_708_A_C	0.001
OG6342_375_C_T	0.001
OG4784_522_C_T	0.001
OG1519_1002_T_A	0.001
OG7715_90_C_T	0.001
OG5087_518_A_G	0.001
OG3041_693_C_T	0.001
OG483_5882_A_C	0.001
OG8755_195_C_T	0.001
OG9593_121_G_A	0.001
OG7909_102_T_C	0.001
OG6849_978_C_T	0.001
OG4144_418_T_C	0.001
OG546_1551_C_T	0.001
OG4245_1116_G_A	0.001
OG4740_1152_C_T	0.001
OG701_3042_T_C	0.001
OG4155_804_G_A	0.001
OG2261_414_G_A	0.001
OG4516_234_T_C	0.001
OG1826_1199_G_A	0.001
OG2235_2499_A_G	0.001
OG1223_2481_C_T	0.001
OG10261_375_T_C	0.001
OG7636_828_A_T	0.001
OG3601_1119_T_A	0.001
OG6741_216_A_G	0.001
OG9467_576_T_C	0.001
OG7200_363_A_G	0.001
OG5954_429_G_A	0.001
OG9999_153_G_A	0.001
OG6657_590_A_G	0.001
OG10326_186_G_A	0.001
OG3258_1482_T_G	0.001
OG771_468_G_T	0.001
OG9887_285_G_A	0.001
OG4946_747_A_T	0.001
OG10591_82_G_A	0.001
OG2834_1257_C_T	0.001
OG234_4407_C_T	0.001
OG5290_780_A_G	0.001
OG5194_543_G_T	0.001
OG10103_118_C_T	0.001
OG10743_101_C_A	0.001
OG4393_639_G_C	0.001
OG1499_948_G_A	0.001
OG7486_543_G_A	0.001
OG7831_564_G_A	0.001
OG6754_468_T_C	0.001
OG4537_1627_T_C	0.001
OG2227_2070_G_A	0.001
OG8004_852_A_G	0.001
OG9344_555_T_C	0.001
OG1009_2022_G_A	0.001
OG7066_19_C_T	0.001
OG2760_19_C_G	0.001
OG4163_678_T_C	0.001
OG1366_598_T_C	0.001
OG6879_118_A_G	0.001
OG3797_141_T_A	0.001
OG5246_990_G_A	0.001
OG2420_1849_C_T	0.001
OG34_11054_C_G	0.001
OG3966_1107_G_A	0.001
OG6907_705_G_A	0.001
OG10373_312_A_G	0.001
OG11297_28_T_C	0.001
OG3612_843_A_G	0.001
OG2959_106_A_G	0.001
OG9450_320_G_A	0.001
OG3017_846_G_A	0.001
OG858_3438_G_A	0.001
OG5004_1188_C_T	0.001
OG3089_1533_T_C	0.001
OG8250_564_C_T	0.001
OG1181_1489_C_T	0.001
OG10446_51_A_G	0.001
OG8717_706_G_A	0.001
OG8553_79_C_T	0.001
OG6254_624_G_C	0.001
OG9754_537_C_T	0.001
OG6002_88_T_C	0.001
OG3006_1404_C_T	0.001
OG634_4011_C_A	0.001
OG7833_276_G_A	0.001
OG2945_643_G_T	0.001
OG6119_591_T_C	0.001
OG6229_326_G_A	0.001
OG923_2574_G_A	0.001
OG7387_394_G_A	0.001
OG2837_2346_C_T	0.001
OG7124_360_T_C	0.001
OG3646_16_A_C	0.001
OG956_3592_C_T	0.001
OG9841_195_T_C	0.001
OG1811_1830_C_T	0.001
OG507_3774_A_C	0.001
OG1576_876_C_T	0.001
OG5940_1101_T_C	0.001
OG8528_427_C_T	0.001
OG6160_537_A_G	0.001
OG4138_760_G_A	0.001
OG2441_3276_G_A	0.001
OG730_1200_A_G	0.001
OG10954_52_T_A	0.001
OG9799_114_A_G	0.001
OG1653_1390_T_A	0.001
OG874_1140_G_A	0.001
OG1574_1125_A_G	0.001
OG8296_468_T_C	0.001
OG9376_204_T_A	0.001
OG5329_1501_C_G	0.001
OG8746_655_G_A	0.001
OG9815_465_A_C	0.001
OG5335_283_T_C	0.001
OG97_6238_C_G	0.001
OG8475_700_C_T	0.001
OG10843_440_G_A	0.001
OG4101_983_A_C	0.001
OG6401_1035_A_G	0.001
OG6407_948_G_A	0.001
OG7877_184_A_G	0.001
OG5238_310_A_T	0.001
OG7298_642_G_A	0.001
OG6721_279_T_C	0.001
OG8050_426_C_T	0.001
OG3201_1834_G_A	0.001
OG7993_723_G_A	0.001
OG9326_106_C_T	0.001
OG8797_444_A_G	0.001
OG9064_75_G_A	0.001
OG5694_969_A_G	0.001
OG8468_267_T_C	0.001
OG6359_997_G_A	0.001
OG5513_849_C_T	0.001
OG3534_709_G_T	0.001
OG7994_1046_T_C	0.001
OG10717_162_G_A	0.001
OG9610_186_C_T	0.001
OG5319_1263_C_A	0.001
OG6976_117_G_A	0.001
OG10335_318_C_T	0.001
OG10041_420_G_A	0.001
OG6684_912_C_T	0.001
OG4632_894_G_A	0.001
OG6774_861_T_G	0.001
OG2789_246_G_A	0.001
OG2645_933_T_C	0.001
OG4607_1198_C_T	0.001
OG10375_162_T_C	0.001
OG8506_678_G_A	0.001
OG8211_384_G_A	0.001
OG4835_120_A_T	0.001
OG10314_171_G_A	0.001
OG10708_77_C_A	0.001
OG988_687_C_T	0.001
OG9836_366_A_G	0.001
OG2943_1108_A_T	0.001
OG4762_1054_G_A	0.001
OG4810_1439_A_T	0.001
OG5963_1164_C_T	0.001
OG6218_1398_G_A	0.001
OG5495_1260_A_G	0.001
OG7806_477_C_T	0.001
OG8120_489_T_C	0.001
OG11064_700_G_A	0.001
OG5147_1245_T_C	0.001
OG1326_2664_A_C	0.001
OG3119_1299_A_G	0.001
OG7920_517_C_T	0.001
OG5744_896_C_A	0.001
OG10730_442_G_A	0.001
OG3038_332_A_C	0.001
OG9625_617_G_C	0.001
OG10391_201_G_A	0.001
OG10869_190_G_C	0.001
OG6546_915_T_C	0.001
OG6528_414_T_C	0.001
OG6133_233_G_A	0.001
OG9182_330_C_T	0.001
OG10685_120_C_T	0.001
OG1004_1986_G_A	0.001
OG10369_360_C_T	0.001
OG7161_69_A_G	0.001
OG5291_885_C_T	0.001
OG9079_216_T_C	0.001
OG7228_203_G_A	0.001
OG5823_175_T_C	0.001
OG11269_1335_A_T	0.001
OG3448_1218_T_G	0.001
OG6334_708_A_C	0.001
OG9044_136_G_A	0.001
OG6070_987_T_C	0.001
OG4277_849_G_A	0.001
OG7953_771_C_T	0.001
OG10529_93_C_T	0.001
OG10881_68_T_C	0.001
OG3239_6_G_C	0.001
OG7805_129_A_G	0.001
OG3269_337_C_A	0.001
OG9234_408_G_A	0.001
OG6967_75_G_A	0.001
OG6751_117_G_A	0.001
OG11156_75_T_C	0.001
OG6959_795_C_A	0.001
OG3602_816_C_T	0.001
OG11338_4_G_T	0.001
OG9474_876_A_T	0.001
OG10779_547_G_C	0.001
OG4358_1341_A_G	0.001
OG11304_156_C_T	0.001
OG10378_339_C_G	0.001
OG3945_606_C_A	0.000982857142857149
OG6157_378_T_C	0.000964912280701753
OG5614_624_G_A	0.000962962962962962
OG3595_1308_C_T	0.000962264150943398
OG8350_133_G_C	0.00096078431372549
OG10918_231_G_A	0.00096078431372549
OG5035_579_G_A	0.000952380952380949
OG514_911_G_T	0.000951219512195124
OG8108_756_A_T	0.000950000000000003
OG8100_276_A_G	0.000949746707193519
OG7504_336_T_C	0.000944444444444443
OG8476_666_C_T	0.000942857142857143
OG3421_473_G_A	0.000939393939393938
OG6161_360_A_T	0.000937243107769426
OG8505_9_G_A	0.000933333333333334
OG3699_1312_A_C	0.000932266009852214
OG3_1588_G_A	0.000929894179894184
OG6570_708_T_C	0.00092579185520362
OG8637_39_C_A	0.000920000000000002
OG3241_1896_T_C	0.000918478260869563
OG9911_348_A_T	0.000916784869976361
OG6892_261_T_A	0.000915329768270951
OG10728_252_G_A	0.000913488372093028
OG512_2155_G_A	0.000913043478260871
OG10207_147_T_C	0.000904761904761905
OG9336_176_C_A	0.000904761904761905
OG3308_1761_T_A	0.000888888888888889
OG8078_540_T_C	0.000884377610693406
OG1124_63_T_C	0.000875
OG10723_171_C_T	0.000875
OG4377_1580_T_C	0.000866666666666667
OG273_2097_G_A	0.000864406779661017
OG7796_11_C_T	0.000860533687159069
OG10701_43_G_A	0.000859523809523807
OG7361_381_G_A	0.000857142857142858
OG1764_2079_C_T	0.000855555555555554
OG4_5058_T_G	0.00084793917567027
OG9704_438_C_T	0.00080952380952381
OG8739_660_A_T	0.000800000000000001
OG8555_579_C_G	0.000728888888888889
OG8434_128_C_G	0.000720779220779221
OG1488_381_A_T	0.000717607973421927
OG869_2385_G_T	0.000702127659574465
OG1249_540_T_C	0.000659863945578231
OG4179_273_G_T	0.000654545454545449
OG7371_92_A_C	0.000638888888888886
OG9968_642_G_A	0.00063673469387755
OG8471_264_C_G	0.000633333333333333
OG1827_1128_G_A	0.000630000000000003
OG59_3992_G_T	0.000629629629629626
OG1344_2184_T_C	0.000623188405797102
OG1759_690_C_T	0.000623188405797102
OG9468_46_A_C	0.00062222222222222
OG872_2043_T_C	0.00062222222222222
OG9491_348_C_T	0.00062222222222222
OG10463_255_C_A	0.000620155038759691
OG5299_171_T_C	0.000619047619047613
OG10601_177_A_G	0.000617886178861788
OG10321_330_T_C	0.000614035087719294
OG3307_939_A_G	0.000612612612612608
OG10811_1301_A_G	0.000611111111111107
OG7476_863_A_G	0.000602150537634408
OG6102_36_T_A	0.000599582027168232
OG10921_37_C_T	0.00058769594794439
OG7489_211_C_A	0.000580952380952382
OG843_2541_C_G	0.000579710144927539
OG738_1278_C_T	0.000555555555555557
OG832_6758_A_T	0.00055555555555555
OG3779_273_C_T	0.000533333333333331
OG7246_818_G_C	0.000494736842105262
OG3962_499_A_C	0.000469230769230769
OG9494_34_A_T	0.000464285714285715
OG9366_516_T_A	0.000463636363636361
OG10038_300_C_T	0.000462264150943398
OG4318_1389_T_A	0.00046078431372549
OG621_4146_A_G	0.000460000000000001
OG8402_282_G_A	0.00045918367346939
OG1375_2772_A_G	0.000458333333333336
OG10182_470_C_T	0.000457446808510639
OG9891_108_G_A	0.000455555555555556
OG5393_415_C_G	0.000455555555555556
OG7098_120_T_C	0.000454545454545453
OG490_5469_G_A	0.000453488372093027
OG67_7555_C_G	0.000452380952380949
OG7549_726_G_C	0.000450000000000003
OG5640_329_G_A	0.000450000000000003
OG5420_738_T_A	0.000445945945945944
OG8884_232_A_G	0.000423478260869565
OG5592_1131_G_T	0.000423005565862709
OG1335_711_A_G	0.000416666666666668
OG3015_1515_A_G	0.000402380952380952
OG1785_945_T_C	0.000399999999999999
OG8955_306_C_A	0.000366666666666667
OG9669_231_G_A	0.000366101694915251
OG4819_598_A_G	0.00036363636363636
OG8344_243_C_T	0.000362264150943396
OG10810_308_C_T	0.000359999999999999
OG3732_93_G_A	0.000359999999999999
OG4197_280_T_A	0.000356521739130436
OG6936_750_A_C	0.000352447552447551
OG8111_78_C_T	0.000352380952380948
OG3818_1323_G_C	0.000350000000000001
OG8857_48_C_T	0.000301075268817208
OG3191_1482_T_C	0.000298245614035089
OG7918_1072_T_C	0.000297619047619051
OG1825_1779_C_T	0.000294117647058826
OG1457_1440_G_A	0.000293333333333337
OG2952_715_C_G	0.000291666666666671
OG169_3024_C_T	0.000288888888888891
OG10690_33_A_G	0.000276190476190479
OG6805_80_C_T	0.00025292740046838
OG9674_693_C_T	0.00025
OG8819_615_G_A	0.00025
OG2772_1125_A_G	0.000218253968253968
OG2505_2148_C_T	0.000212264150943398
OG8732_603_A_C	0.00021153846153846
OG2423_210_T_C	0.000205555555555556
OG4420_269_A_T	0
OG3476_1224_A_G	0
OG475_690_C_T	0
OG21_2811_A_T	0
OG1332_1842_A_G	0
OG4664_264_T_A	0
OG7221_576_A_G	0
OG2044_316_C_T	0
OG7331_321_A_G	0
OG29_4215_T_A	0
OG78_7950_T_C	0
OG3393_1227_C_T	0
OG7719_625_A_G	0
OG66_4971_G_A	0
OG4496_541_C_T	0
OG5817_612_C_T	0
OG2937_1461_C_T	0
OG1000_3647_C_T	0
OG4216_1125_T_G	0
OG5961_981_A_C	0
OG1288_1056_A_G	0
OG325_867_A_G	0
OG1798_1975_G_A	0
OG357_1344_T_C	0
OG9342_561_T_A	0
OG631_4446_T_C	0
OG10640_120_A_T	0
OG5261_431_C_G	0
OG10751_348_A_G	0
OG2244_2103_T_C	0
OG805_639_T_C	0
OG1720_2151_G_A	0
OG4968_907_G_A	0
OG4449_1479_A_T	0
OG8625_615_T_G	0
OG5347_21_G_A	0
OG6043_682_A_G	0
OG5491_249_A_G	0
OG175_3403_T_G	0
OG6356_39_A_G	0
OG6068_885_C_T	0
OG7450_468_A_T	0
OG3380_1722_C_T	0
OG3776_833_G_A	0
OG3247_1150_C_T	0
OG2942_99_A_T	0
OG1306_3040_T_G	0
OG613_5679_A_G	0
OG1521_926_T_G	0
OG1025_612_T_G	0
OG3693_1290_G_A	0
OG2792_1146_T_C	0
OG6150_144_C_T	0
OG888_3375_T_C	0
OG4291_319_G_A	0
OG5313_927_T_C	0
OG4602_1077_C_T	0
OG2119_1353_C_A	0
OG2733_1968_A_T	0
OG10647_605_T_A	0
OG2807_234_G_A	0
OG4116_1473_C_T	0
OG7527_391_A_G	0
OG5870_570_T_A	0
OG1071_2442_A_G	0
OG2385_1269_G_A	0
OG2914_189_T_A	0
OG3754_1254_G_A	0
OG1210_1977_G_A	0
OG134_5340_A_G	0
OG1862_2609_A_G	0
OG3778_1669_T_G	0
OG860_2009_T_G	0
OG1054_2649_C_T	0
OG10235_96_T_C	0
OG1325_1755_C_T	0
OG5755_264_T_C	0
OG733_2580_A_C	0
OG3099_540_T_C	0
OG854_2593_G_A	0
OG8596_486_G_A	0
OG8786_600_T_C	0
OG1280_1443_G_A	0
OG1392_2655_G_C	0
OG2680_231_T_C	0
OG3519_515_C_T	0
OG2738_1965_T_C	0
OG9865_205_A_G	0
OG1721_930_G_A	0
OG2723_765_A_C	0
OG8285_471_T_C	0
OG1387_1935_C_A	0
OG1562_1923_A_C	0
OG2545_1188_C_T	0
OG3530_1698_C_T	0
OG6236_672_A_G	0
OG709_2026_C_A	0
OG4897_225_A_G	0
OG4983_971_A_C	0
OG562_2544_C_T	0
OG7580_612_A_G	0
OG9905_288_C_A	0
OG1034_1809_T_C	0
OG1973_1083_T_A	0
OG498_1935_T_C	0
OG3588_915_A_G	0
OG3110_1691_G_A	0
OG4072_609_T_A	0
OG6794_1100_T_A	0
OG2829_1750_G_A	0
OG3459_1116_G_A	0
OG2785_1053_G_A	0
OG3153_294_C_T	0
OG4492_624_T_C	0
OG3024_279_G_A	0
OG5788_246_G_A	0
OG6802_1578_G_A	0
OG1019_3459_G_A	0
OG37_9777_A_T	0
OG5530_1068_T_C	0
OG8483_66_T_G	0
OG8952_231_T_A	0
OG9323_87_C_T	0
OG2350_903_C_T	0
OG3950_171_C_T	0
OG5497_171_T_C	0
OG5798_1059_A_G	0
OG838_1060_G_A	0
OG2740_1832_C_G	0
OG6920_555_T_C	0
OG114_5455_C_T	0
OG2429_869_T_C	0
OG7323_459_G_A	0
OG1987_426_T_C	0
OG2389_384_C_T	0
OG2963_397_A_T	0
OG5361_726_A_G	0
OG4724_1060_C_T	0
OG5038_882_C_T	0
OG5988_867_T_C	0
OG5921_588_G_A	0
OG17_3387_T_C	0
OG2058_123_G_A	0
OG3544_501_T_G	0
OG6087_705_G_A	0
OG7071_933_A_T	0
OG952_2283_G_T	0
OG3843_1020_T_C	0
OG311_762_T_C	0
OG3284_1017_C_T	0
OG4568_1326_T_A	0
OG5741_475_G_C	0
OG591_3340_A_G	0
OG5976_729_G_A	0
OG6610_591_A_G	0
OG9221_173_A_G	0
OG6468_867_A_T	0
OG6238_1416_G_A	0
OG7318_951_A_G	0
OG2500_1551_T_C	0
OG2707_726_A_G	0
OG4507_72_A_G	0
OG1744_675_C_T	0
OG4130_1512_G_A	0
OG424_4053_A_G	0
OG443_555_T_C	0
OG7320_76_T_C	0
OG5900_576_T_C	0
OG9983_363_T_C	0
OG3566_925_G_A	0
OG1299_2475_A_G	0
OG4250_1292_T_C	0
OG3629_622_C_T	0
OG856_1782_T_C	0
OG9051_600_T_G	0
OG1160_1638_G_T	0
OG1136_1428_T_C	0
OG10271_24_G_A	0
OG10113_314_T_A	0
OG3689_339_G_A	0
OG4817_1092_C_A	0
OG4363_801_C_T	0
OG2330_1234_G_A	0
OG3120_414_C_T	0
OG5740_261_T_C	0
OG4205_1059_T_C	0
OG6166_321_T_C	0
OG1465_2247_T_C	0
OG4441_501_C_T	0
OG6089_804_C_T	0
OG2735_951_A_G	0
OG3175_871_A_G	0
OG4050_1365_G_A	0
OG2146_987_C_T	0
OG7465_775_C_T	0
OG2422_2385_A_G	0
OG177_167_A_T	0
OG467_2886_C_T	0
OG5039_912_T_C	0
OG3833_654_G_A	0
OG3389_909_C_T	0
OG1818_2871_A_G	0
OG6997_888_T_G	0
OG2307_906_A_G	0
OG3234_30_T_C	0
OG2073_1335_C_T	0
OG5499_199_G_A	0
OG5027_72_T_C	0
OG1559_2506_T_C	0
OG476_3082_G_A	0
OG7829_249_T_C	0
OG2540_1789_A_G	0
OG1448_210_A_T	0
OG5606_763_T_C	0
OG4409_1465_C_T	0
OG1031_2790_G_A	0
OG7345_36_T_C	0
OG8036_756_T_C	0
OG1028_1872_T_A	0
OG69_11736_T_C	0
OG3109_1737_G_C	0
OG4900_639_G_A	0
OG6078_960_G_A	0
OG620_3610_A_G	0
OG627_3975_C_T	0
OG10618_314_A_G	0
OG213_5571_G_A	0
OG3384_339_C_T	0
OG1991_1416_C_T	0
OG10424_92_A_C	0
OG4747_12_A_G	0
OG1908_2076_A_T	0
OG8975_786_A_G	0
OG133_4614_A_G	0
OG2415_840_T_C	0
OG1114_1524_G_A	0
OG298_4318_G_A	0
OG9840_738_G_A	0
OG3253_1668_G_A	0
OG1354_2618_A_C	0
OG5995_81_G_T	0
OG2801_1965_A_G	0
OG6357_204_T_A	0
OG6033_23_C_T	0
OG2123_2107_A_G	0
OG2724_216_C_T	0
OG4768_1131_T_C	0
OG62_9600_C_T	0
OG1462_1530_G_A	0
OG121_7494_T_A	0
OG1359_726_G_A	0
OG2387_174_A_G	0
OG8198_679_A_G	0
OG6164_327_T_C	0
OG7696_24_A_T	0
OG378_3610_A_G	0
OG1349_2259_T_C	0
OG421_1759_C_T	0
OG4916_720_T_C	0
OG821_3600_T_C	0
OG445_5559_A_G	0
OG4651_1012_C_G	0
OG1547_44_A_G	0
OG9214_1241_G_T	0
OG4528_1413_T_C	0
OG4882_1464_T_A	0
OG6566_552_C_G	0
OG7458_786_C_T	0
OG9218_41_T_C	0
OG2699_1944_G_A	0
OG390_2946_T_C	0
OG601_3978_C_T	0
OG10095_238_A_G	0
OG2147_48_A_C	0
OG3250_267_A_G	0
OG312_1843_A_G	0
OG8389_461_C_A	0
OG687_2364_C_T	0
OG840_812_T_C	0
OG267_1290_C_T	0
OG117_3897_C_T	0
OG2439_1164_A_G	0
OG1722_2463_A_G	0
OG4764_960_A_G	0
OG1542_2799_C_T	0
OG4433_1728_C_T	0
OG9580_40_C_A	0
OG7647_189_C_T	0
OG6937_321_G_A	0
OG10980_250_G_A	0
OG3208_1282_A_C	0
OG3352_456_A_G	0
OG1170_203_G_A	0
OG2112_842_C_T	0
OG5342_1086_C_T	0
OG1164_3171_A_G	0
OG300_5343_T_C	0
OG460_4578_C_T	0
OG1628_3060_G_A	0
OG2904_2129_C_A	0
OG6405_270_T_C	0
OG557_2007_G_A	0
OG6134_101_T_C	0
OG8825_448_T_G	0
OG119_948_A_G	0
OG294_5166_C_G	0
OG3986_1089_C_T	0
OG9552_165_C_T	0
OG9608_513_A_C	0
OG4124_1104_T_C	0
OG720_1239_T_C	0
OG8588_681_T_C	0
OG5061_1491_T_C	0
OG8812_720_A_T	0
OG1545_2618_G_A	0
OG1647_678_C_T	0
OG3314_555_T_A	0
OG1951_1014_A_G	0
OG6538_1612_G_A	0
OG8946_609_A_T	0
OG4493_1005_G_A	0
OG8260_823_A_C	0
OG8307_166_A_C	0
OG10511_2131_G_T	0
OG1994_1230_A_G	0
OG5973_742_T_C	0
OG2986_1548_T_G	0
OG6515_408_T_C	0
OG3040_261_A_C	0
OG1963_567_C_T	0
OG212_2869_A_G	0
OG1731_1002_C_T	0
OG1145_3453_T_C	0
OG3834_882_C_T	0
OG1425_2453_C_G	0
OG710_4311_A_G	0
OG10670_75_G_A	0
OG1990_924_T_G	0
OG3193_201_T_C	0
OG3294_540_T_C	0
OG342_2520_C_T	0
OG4523_34_A_G	0
OG5426_828_A_G	0
OG6106_891_T_A	0
OG9798_504_C_T	0
OG9915_680_C_G	0
OG2326_1893_A_T	0
OG3598_1593_T_G	0
OG4366_1260_T_G	0
OG55_2451_T_C	0
OG100_6681_A_G	0
OG10074_114_C_T	0
OG10099_354_C_T	0
OG1042_3275_G_C	0
OG11040_114_C_T	0
OG3142_1566_T_G	0
OG4158_963_A_G	0
OG5908_151_C_G	0
OG7334_219_A_T	0
OG13_1907_A_C	0
OG2517_723_C_T	0
OG96_2784_T_C	0
OG1509_939_C_T	0
OG189_3789_T_C	0
OG31_7108_T_C	0
OG3129_411_G_A	0
OG341_4269_G_A	0
OG4002_331_C_A	0
OG464_6345_G_A	0
OG5182_1051_G_A	0
OG10754_48_T_C	0
OG11211_459_G_C	0
OG2392_1188_C_T	0
OG51_2022_C_G	0
OG5207_258_T_C	0
OG8778_684_C_A	0
OG1275_3173_C_T	0
OG1600_2181_C_T	0
OG2033_79_G_A	0
OG4861_1017_A_T	0
OG10416_218_A_G	0
OG2652_1281_T_A	0
OG3848_741_C_T	0
OG4501_853_C_T	0
OG5316_663_T_C	0
OG6676_135_C_T	0
OG1939_1203_C_T	0
OG2395_1299_T_C	0
OG427_2712_G_A	0
OG4677_636_C_T	0
OG6056_885_A_G	0
OG6390_798_T_G	0
OG8437_162_T_C	0
OG1429_2580_A_G	0
OG1622_1947_T_A	0
OG1929_1062_C_T	0
OG2293_36_G_A	0
OG2358_904_A_G	0
OG261_2061_T_C	0
OG4642_1032_A_G	0
OG5892_792_T_C	0
OG7060_510_G_A	0
OG1771_606_G_T	0
OG3203_1545_T_C	0
OG5136_612_G_A	0
OG757_2193_C_T	0
OG991_3933_A_C	0
OG2552_1830_A_T	0
OG364_1088_T_C	0
OG5130_972_A_G	0
OG5289_681_C_G	0
OG5810_978_T_C	0
OG622_2170_G_C	0
OG8726_129_T_C	0
OG1551_600_C_T	0
OG200_4797_G_A	0
OG2281_543_A_T	0
OG5025_583_C_T	0
OG6550_1068_G_A	0
OG1245_3165_G_A	0
OG3633_1182_A_G	0
OG374_1272_A_C	0
OG4851_849_G_A	0
OG5204_1308_C_T	0
OG5756_210_G_A	0
OG755_2121_G_A	0
OG99_4113_C_T	0
OG368_324_T_C	0
OG4610_579_G_C	0
OG5996_861_C_G	0
OG1048_3156_C_G	0
OG1684_654_G_A	0
OG2176_2503_C_T	0
OG2223_511_T_A	0
OG3495_567_T_C	0
OG5378_1089_T_C	0
OG10334_463_A_C	0
OG116_4443_T_C	0
OG2012_290_G_A	0
OG3930_1578_T_C	0
OG8806_336_C_T	0
OG9782_346_G_A	0
OG796_3561_T_A	0
OG3320_561_C_T	0
OG1331_2010_G_A	0
OG6631_984_G_A	0
OG2055_1413_G_A	0
OG2107_843_G_A	0
OG9288_662_A_C	0
OG2255_129_A_G	0
OG1362_786_G_A	0
OG418_3560_G_A	0
OG5436_642_T_C	0
OG219_877_G_A	0
OG4693_846_G_A	0
OG7354_403_G_A	0
OG7612_75_C_A	0
OG9922_148_G_A	0
OG1102_2700_T_C	0
OG2761_654_C_T	0
OG2893_138_C_T	0
OG5305_140_T_C	0
OG6475_270_T_C	0
OG673_3096_A_G	0
OG8503_252_G_A	0
OG960_3537_A_G	0
OG1287_1713_T_C	0
OG1552_2490_C_T	0
OG3084_2070_A_G	0
OG5462_579_G_A	0
OG5660_1191_T_C	0
OG6661_318_C_T	0
OG693_369_T_C	0
OG8269_585_A_G	0
OG8653_675_A_T	0
OG10577_10_G_C	0
OG2521_1770_G_A	0
OG2694_975_C_T	0
OG6539_279_A_C	0
OG6725_372_A_G	0
OG6950_612_C_T	0
OG8897_18_G_C	0
OG1768_2391_C_T	0
OG1819_794_C_G	0
OG306_4545_T_C	0
OG3576_27_T_G	0
OG5690_1122_C_T	0
OG7097_555_T_C	0
OG8240_627_T_C	0
OG8893_138_G_A	0
OG10516_6_C_T	0
OG429_3789_A_G	0
OG456_4614_A_G	0
OG4657_1605_T_A	0
OG519_1573_T_C	0
OG5419_165_T_C	0
OG5518_845_C_G	0
OG6124_354_G_A	0
OG7913_234_A_G	0
OG1013_2331_G_A	0
OG4680_1173_T_C	0
OG5429_582_T_A	0
OG639_698_T_G	0
OG680_4338_T_A	0
OG7982_531_C_T	0
OG10154_144_T_C	0
OG132_1815_A_T	0
OG1416_1277_A_G	0
OG4145_1404_A_G	0
OG5106_363_C_T	0
OG559_2190_T_C	0
OG3209_1125_A_G	0
OG1863_1959_C_A	0
OG228_747_T_C	0
OG3808_1104_T_C	0
OG747_3568_C_T	0
OG7555_314_A_C	0
OG8407_455_A_C	0
OG8962_318_G_C	0
OG9154_75_G_A	0
OG2673_2187_G_A	0
OG4016_1005_T_C	0
OG4178_840_C_T	0
OG5337_1035_C_G	0
OG2460_310_A_G	0
OG3144_1248_C_T	0
OG7018_225_G_A	0
OG8148_357_T_C	0
OG2448_402_T_C	0
OG2519_1080_T_G	0
OG4222_975_C_T	0
OG278_1404_T_A	0
OG5086_48_T_C	0
OG6017_1173_A_T	0
OG2729_246_C_T	0
OG1504_1446_A_G	0
OG2603_1422_C_T	0
OG3388_465_T_C	0
OG6460_1093_G_A	0
OG4539_1680_G_A	0
OG8659_808_C_G	0
OG4078_819_G_A	0
OG4540_351_A_G	0
OG6411_253_C_T	0
OG968_231_C_T	0
OG6640_1113_C_T	0
OG7757_861_A_C	0
OG5406_1395_T_G	0
OG3467_132_T_A	0
OG4353_1266_C_T	0
OG1719_2202_A_C	0
OG266_5775_C_T	0
OG3840_717_T_C	0
OG517_3504_C_T	0
OG603_4107_A_G	0
OG6625_901_C_T	0
OG10984_165_C_T	0
OG7293_124_G_A	0
OG1869_300_T_C	0
OG8193_444_G_A	0
OG1725_1311_G_A	0
OG1924_78_G_T	0
OG3452_1905_A_G	0
OG4787_637_T_C	0
OG4159_1203_A_T	0
OG6385_50_G_A	0
OG10987_213_C_T	0
OG6820_567_C_T	0
OG3078_1122_C_T	0
OG3493_324_C_A	0
OG4135_13_C_T	0
OG8266_144_G_T	0
OG6214_1146_C_T	0
OG5797_36_T_C	0
OG10509_45_A_G	0
OG3068_1302_C_T	0
OG4980_1107_A_G	0
OG5241_321_T_C	0
OG6698_781_T_C	0
OG5723_305_T_C	0
OG1138_2118_C_T	0
OG1556_669_G_T	0
OG174_3060_T_A	0
OG5777_918_A_G	0
OG10130_325_A_G	0
OG2868_58_C_T	0
OG3322_633_G_A	0
OG382_4947_A_G	0
OG5721_1044_C_T	0
OG7646_45_T_G	0
OG1083_3051_T_C	0
OG4672_327_T_C	0
OG9534_141_G_A	0
OG2513_372_T_C	0
OG112_4434_G_A	0
OG1477_1610_A_G	0
OG10304_261_T_C	0
OG8311_438_C_G	0
OG1627_345_A_G	0
OG5459_1206_G_A	0
OG3928_810_A_G	0
OG1092_2154_A_G	0
OG4904_1251_T_C	0
OG2375_1749_T_C	0
OG1266_1044_C_T	0
OG145_1680_C_T	0
OG8251_637_A_G	0
OG6757_70_C_T	0
OG201_894_A_G	0
OG353_3015_C_T	0
OG4985_252_C_A	0
OG9003_723_C_T	0
OG115_8205_G_C	0
OG1579_2469_C_T	0
OG9126_135_T_C	0
OG525_3459_T_A	0
OG1269_132_G_A	0
OG2023_1251_A_G	0
OG2175_1116_T_G	0
OG4200_804_G_A	0
OG4608_1213_T_C	0
OG1094_3744_T_C	0
OG1812_2427_A_G	0
OG3913_1311_A_T	0
OG4288_1252_T_C	0
OG5848_396_A_G	0
OG369_4272_A_G	0
OG4217_978_C_T	0
OG569_2979_A_G	0
OG3819_1422_T_A	0
OG48_7541_G_A	0
OG3157_1656_C_G	0
OG120_1980_T_C	0
OG3326_1420_G_A	0
OG138_1392_G_A	0
OG355_873_C_G	0
OG7847_873_T_C	0
OG3145_47_A_G	0
OG7853_579_A_T	0
OG5538_1170_C_T	0
OG64_8147_C_T	0
OG9522_354_G_A	0
OG310_816_A_T	0
OG4076_1614_A_G	0
OG491_2496_A_G	0
OG4813_1092_T_A	0
OG8731_56_A_G	0
OG3079_1015_A_T	0
OG6421_258_T_C	0
OG1217_3309_T_C	0
OG3987_593_T_C	0
OG5571_1330_G_A	0
OG284_9261_T_A	0
OG3817_2070_G_C	0
OG10887_164_A_T	0
OG125_4062_A_C	0
OG2135_858_T_A	0
OG469_3471_A_C	0
OG1952_2196_C_T	0
OG626_735_C_T	0
OG20_1356_A_G	0
OG10825_162_G_T	0
OG4763_1532_A_C	0
OG6282_64_A_G	0
OG5144_387_G_A	0
OG1831_810_T_G	0
OG6314_510_G_A	0
OG3412_1122_C_T	0
OG372_2868_G_A	0
OG3215_235_C_G	0
OG5382_1216_C_T	0
OG5682_1358_C_A	0
OG9515_482_T_C	0
OG4023_297_C_T	0
OG7024_111_T_C	0
OG1585_339_C_T	0
OG2405_1617_T_C	0
OG4682_1477_C_A	0
OG7118_885_A_G	0
OG722_2293_G_A	0
OG10230_165_C_T	0
OG5052_882_T_C	0
OG674_1179_C_A	0
OG155_528_A_T	0
OG712_1060_C_G	0
OG1760_2127_A_G	0
OG5213_150_A_T	0
OG628_813_G_A	0
OG6924_219_C_T	0
OG947_3150_T_C	0
OG1333_324_C_T	0
OG3137_1077_T_A	0
OG9251_402_G_A	0
OG6103_377_A_C	0
OG3988_49_C_T	0
OG8084_72_G_A	0
OG5658_13_T_G	0
OG7170_724_C_T	0
OG2158_1650_G_A	0
OG2494_1268_C_G	0
OG6582_585_G_A	0
OG1403_2244_T_C	0
OG3150_558_C_T	0
OG3424_425_C_T	0
OG3302_540_G_A	0
OG9279_237_A_G	0
OG10637_126_C_G	0
OG1077_3017_A_G	0
OG8970_177_C_T	0
OG5002_885_T_C	0
OG886_3012_G_A	0
OG1225_219_A_G	0
OG1394_31_T_C	0
OG10582_273_A_C	0
OG5786_1398_C_T	0
OG2642_489_A_G	0
OG9524_486_T_C	0
OG9640_173_A_G	0
OG1535_333_A_G	0
OG2032_324_A_G	0
OG8808_111_T_C	0
OG9236_264_C_T	0
OG3781_627_T_G	0
OG6518_261_C_A	0
OG1594_2202_A_G	0
OG235_888_A_T	0
OG3358_1494_C_T	0
OG4252_486_G_A	0
OG5446_888_T_C	0
OG5666_72_A_T	0
OG6735_486_T_C	0
OG4213_654_C_T	0
OG9124_373_T_C	0
OG2171_711_G_A	0
OG596_4020_C_A	0
OG470_2130_G_A	0
OG2185_807_C_T	0
OG4758_243_A_G	0
OG481_792_A_G	0
OG3850_1383_T_C	0
OG4698_927_A_G	0
OG4823_318_T_C	0
OG1085_3657_C_T	0
OG9809_222_T_A	0
OG3044_1455_C_T	0
OG7656_381_A_G	0
OG3742_994_A_G	0
OG1182_1293_A_C	0
OG385_862_G_A	0
OG3688_1761_A_C	0
OG7502_422_C_T	0
OG7952_465_A_G	0
OG798_114_C_T	0
OG5197_606_C_T	0
OG5859_946_A_G	0
OG6266_492_A_G	0
OG6994_378_G_A	0
OG8197_741_C_A	0
OG3740_1214_C_T	0
OG3914_27_G_C	0
OG5664_862_T_C	0
OG6579_351_A_G	0
OG9733_32_T_C	0
OG2508_1125_G_C	0
OG5868_196_C_T	0
OG7085_474_C_T	0
OG8582_432_C_T	0
OG1801_834_A_G	0
OG4716_1089_A_T	0
OG215_657_C_A	0
OG2600_1536_A_G	0
OG244_6249_C_T	0
OG4415_30_T_A	0
OG6028_1025_G_C	0
OG4603_534_C_T	0
OG5392_324_C_T	0
OG3611_508_T_C	0
OG1096_3093_C_T	0
OG4522_684_C_T	0
OG10790_112_C_T	0
OG4434_993_C_T	0
OG7589_237_C_T	0
OG1076_2709_G_A	0
OG1367_2976_C_T	0
OG1763_766_T_C	0
OG2967_438_G_C	0
OG5003_823_A_C	0
OG7100_240_T_G	0
OG10771_72_A_T	0
OG3184_645_G_T	0
OG4134_453_A_G	0
OG3378_1231_T_C	0
OG5936_186_T_C	0
OG6175_364_A_G	0
OG6445_144_T_C	0
OG6941_612_G_A	0
OG9652_656_T_G	0
OG3650_537_A_G	0
OG8891_192_G_A	0
OG5178_100_A_C	0
OG8683_468_G_C	0
OG9861_43_C_G	0
OG3841_903_C_T	0
OG5074_1815_C_T	0
OG2503_1629_C_T	0
OG3813_1350_A_T	0
OG3923_1542_T_C	0
OG5813_768_C_G	0
OG8182_54_A_G	0
OG6914_711_C_T	0
OG5320_1095_C_T	0
OG5399_156_T_C	0
OG897_1941_C_T	0
OG9504_111_G_A	0
OG8690_85_G_T	0
OG9786_246_G_C	0
OG3057_1164_A_G	0
OG987_4455_A_T	0
OG1207_2589_T_C	0
OG4743_680_A_C	0
OG2138_349_A_G	0
OG4407_372_C_T	0
OG6347_36_C_G	0
OG8489_358_C_T	0
OG2852_91_G_A	0
OG1930_267_C_A	0
OG1728_3420_C_A	0
OG2447_390_A_G	0
OG409_600_C_T	0
OG5060_288_T_A	0
OG1539_735_C_T	0
OG660_1617_A_G	0
OG2390_2177_C_T	0
OG7311_789_G_A	0
OG286_4653_C_T	0
OG9043_117_A_G	0
OG156_4035_T_C	0
OG2828_393_A_G	0
OG3400_1770_T_G	0
OG5653_708_A_G	0
OG4917_726_C_T	0
OG762_2508_C_T	0
OG7392_129_C_A	0
OG5336_838_C_T	0
OG6309_1035_A_G	0
OG274_432_G_A	0
OG2686_1476_C_T	0
OG2109_1410_A_C	0
OG513_285_C_T	0
OG820_885_C_T	0
OG2927_417_C_T	0
OG4510_564_C_T	0
OG6875_720_T_A	0
OG564_649_T_G	0
OG1434_420_T_C	0
OG10104_228_T_G	0
OG1931_651_G_A	0
OG1453_2062_T_C	0
OG3697_267_T_A	0
OG10068_210_A_G	0
OG1250_2574_T_A	0
OG2715_2008_C_G	0
OG9207_159_C_A	0
OG6737_381_T_C	0
OG291_4563_T_C	0
OG9223_282_C_T	0
OG1618_225_G_A	0
OG1799_2067_A_G	0
OG2862_6_A_G	0
OG323_3140_C_G	0
OG4328_672_C_T	0
OG632_558_A_G	0
OG950_828_G_A	0
OG1534_1321_G_A	0
OG4690_1200_A_G	0
OG4769_502_G_T	0
OG4950_741_T_C	0
OG5021_1200_C_T	0
OG5050_1116_C_A	0
OG2126_1710_A_C	0
OG276_3483_G_A	0
OG4989_342_A_G	0
OG643_3949_C_T	0
OG1753_2379_G_A	0
OG1784_516_C_T	0
OG2313_438_G_T	0
OG2666_1660_T_C	0
OG411_5595_G_A	0
OG7575_28_T_C	0
OG4863_279_A_G	0
OG1758_846_G_A	0
OG2759_805_G_A	0
OG495_2491_G_A	0
OG7429_777_A_C	0
OG8066_249_C_T	0
OG10458_333_G_C	0
OG2431_774_T_C	0
OG3034_1710_C_T	0
OG5363_249_A_G	0
OG8548_78_C_T	0
OG2903_1999_C_A	0
OG9149_210_C_T	0
OG2808_834_T_C	0
OG9137_241_C_T	0
OG3440_405_A_T	0
OG906_123_C_T	0
OG4300_696_T_C	0
OG7892_735_C_G	0
OG3183_825_C_A	0
OG8747_186_C_T	0
OG4827_51_T_C	0
OG9509_95_T_A	0
OG3708_18_A_T	0
OG2404_214_A_C	0
OG765_1833_G_C	0
OG9269_31_A_G	0
OG4975_341_C_T	0
OG7845_187_T_C	0
OG7069_672_G_A	0
OG3095_336_G_A	0
OG772_1863_A_G	0
OG8692_168_A_G	0
OG7299_1092_C_T	0
OG4374_444_C_T	0
OG704_3939_C_T	0
OG1409_2745_C_T	0
OG2741_1952_C_G	0
OG3665_927_A_G	0
OG3947_1065_T_C	0
OG2769_850_T_C	0
OG9517_114_C_T	0
OG2655_2512_A_T	0
OG4850_1293_C_A	0
OG2627_2052_C_T	0
OG1080_2691_A_T	0
OG1995_480_G_A	0
OG2528_1458_T_A	0
OG5544_936_C_T	0
OG5784_870_A_G	0
OG6223_573_A_G	0
OG7377_585_T_C	0
OG8026_651_T_C	0
OG9321_324_C_T	0
OG1203_84_C_T	0
OG1461_1800_C_T	0
OG1642_2172_C_T	0
OG7723_243_T_C	0
OG10004_456_C_G	0
OG178_597_A_G	0
OG6235_1133_G_A	0
OG4708_803_C_A	0
OG2532_1326_C_T	0
OG2821_2044_A_T	0
OG6328_687_C_T	0
OG3295_963_C_G	0
OG2677_1200_T_A	0
OG257_946_T_G	0
OG1919_2728_G_T	0
OG6137_693_T_C	0
OG1383_1561_A_G	0
OG7992_678_T_C	0
OG5558_36_T_A	0
OG3610_508_G_T	0
OG5008_759_C_T	0
OG7370_818_A_T	0
OG2084_951_T_C	0
OG8697_996_T_C	0
OG3365_1005_A_G	0
OG6021_951_A_G	0
OG702_3582_G_A	0
OG6209_648_G_T	0
OG9907_81_A_G	0
OG1650_4296_T_C	0
OG6009_584_G_A	0
OG6073_462_C_T	0
OG6417_276_C_T	0
OG118_78_T_C	0
OG7446_264_T_C	0
OG10838_72_T_C	0
OG7295_383_T_C	0
OG4039_555_T_C	0
OG6205_228_A_G	0
OG2397_2037_G_A	0
OG2672_390_C_T	0
OG1587_294_C_T	0
OG6857_54_G_A	0
OG10330_361_T_A	0
OG2483_123_T_C	0
OG6053_968_A_G	0
OG90_5460_T_G	0
OG5713_18_A_G	0
OG3956_95_G_A	0
OG2282_882_A_C	0
OG3065_297_C_T	0
OG11336_434_T_G	0
OG9216_606_A_G	0
OG1307_2337_A_G	0
OG8044_91_A_G	0
OG9985_148_A_C	0
OG2982_744_T_C	0
OG4319_996_G_A	0
OG6662_516_A_T	0
OG3630_1713_C_G	0
OG4705_1129_C_T	0
OG9406_345_C_T	0
OG9831_2681_A_C	0
OG6113_1035_T_C	0
OG3190_1952_C_A	0
OG2276_684_C_T	0
OG1308_2526_G_T	0
OG56_5070_T_G	0
OG7384_708_C_T	0
OG883_3216_T_C	0
OG1619_2724_G_A	0
OG6239_531_T_C	0
OG6660_314_G_C	0
OG184_3228_T_G	0
OG8701_312_A_G	0
OG4855_276_A_G	0
OG4738_549_G_A	0
OG8536_270_C_T	0
OG4974_519_T_C	0
OG1478_1614_T_C	0
OG896_1503_A_G	0
OG1073_2703_A_T	0
OG2637_1851_A_G	0
OG3626_597_T_C	0
OG4661_954_A_T	0
OG10783_213_G_A	0
OG8486_118_C_T	0
OG6187_456_C_T	0
OG565_910_T_C	0
OG9933_405_A_G	0
OG9974_360_G_A	0
OG2246_261_T_C	0
OG218_5726_C_A	0
OG3073_294_A_G	0
OG4181_912_G_A	0
OG781_154_A_G	0
OG1008_3573_G_A	0
OG1351_2558_A_G	0
OG2953_1656_T_C	0
OG3643_777_G_A	0
OG4055_1486_T_C	0
OG8751_309_T_C	0
OG4000_1185_G_C	0
OG420_7205_G_A	0
OG7840_783_G_A	0
OG2608_942_T_C	0
OG4271_888_T_C	0
OG6398_1046_G_A	0
OG911_2719_G_A	0
OG1550_2169_A_G	0
OG3349_678_T_C	0
OG4652_1171_C_T	0
OG5354_108_G_A	0
OG6233_661_A_T	0
OG373_4746_T_C	0
OG3976_729_G_A	0
OG5845_75_A_G	0
OG887_2997_A_G	0
OG1868_806_A_T	0
OG2401_303_G_T	0
OG4060_1047_T_C	0
OG4400_768_C_T	0
OG9715_627_T_C	0
OG10248_108_A_G	0
OG2048_2205_T_C	0
OG4825_1038_G_A	0
OG5281_804_C_T	0
OG5683_198_T_G	0
OG5724_189_C_T	0
OG6197_75_T_C	0
OG9426_774_G_A	0
OG10246_480_G_A	0
OG1238_2289_G_A	0
OG1338_480_C_T	0
OG3186_1539_C_T	0
OG410_1014_G_A	0
OG4499_1084_A_G	0
OG5206_820_C_T	0
OG5795_161_T_A	0
OG1610_1308_G_A	0
OG1873_1893_C_A	0
OG2228_2196_A_G	0
OG4169_414_C_T	0
OG4658_210_T_C	0
OG6459_588_T_C	0
OG8141_500_T_C	0
OG8518_615_A_G	0
OG3481_1746_C_T	0
OG7759_756_G_A	0
OG9507_324_A_G	0
OG9667_415_A_G	0
OG1086_2661_C_T	0
OG1459_2349_G_A	0
OG2762_448_G_A	0
OG4053_339_T_C	0
OG7112_684_A_C	0
OG7255_564_C_T	0
OG900_3525_C_T	0
OG3173_237_C_T	0
OG4082_162_C_G	0
OG6169_1074_C_T	0
OG6862_505_A_G	0
OG743_1721_C_G	0
OG9910_264_G_A	0
OG2916_665_C_A	0
OG3133_1860_T_C	0
OG5541_966_T_C	0
OG5623_303_T_C	0
OG93_9210_C_T	0
OG203_4794_G_A	0
OG2703_1959_C_T	0
OG5308_1353_C_T	0
OG5534_1538_G_A	0
OG7015_519_T_C	0
OG7599_340_C_G	0
OG6045_306_T_G	0
OG815_2016_G_A	0
OG1055_2530_A_T	0
OG4064_1848_C_T	0
OG4266_897_C_T	0
OG5717_195_A_T	0
OG7766_504_C_T	0
OG10920_285_C_T	0
OG10986_132_C_T	0
OG3344_1301_C_T	0
OG3406_798_T_C	0
OG4797_522_T_A	0
OG5625_243_A_T	0
OG7625_387_T_C	0
OG8237_54_C_T	0
OG8286_219_G_A	0
OG216_376_C_T	0
OG3204_819_A_G	0
OG5065_1161_G_T	0
OG5076_846_T_A	0
OG690_2337_C_T	0
OG8753_117_G_A	0
OG9668_311_G_A	0
OG2753_1943_A_G	0
OG3792_1291_C_T	0
OG3858_871_G_A	0
OG4730_171_G_A	0
OG7983_444_T_C	0
OG9135_624_T_C	0
OG10942_260_C_T	0
OG307_784_A_C	0
OG3927_1566_C_T	0
OG5330_690_C_T	0
OG905_706_G_A	0
OG1905_304_T_C	0
OG2656_1764_G_A	0
OG5943_246_G_A	0
OG6095_760_G_T	0
OG7084_307_C_A	0
OG8626_28_C_T	0
OG9171_297_T_C	0
OG8071_681_T_A	0
OG9141_160_T_A	0
OG1848_768_G_C	0
OG2793_891_G_A	0
OG2822_912_A_G	0
OG4109_777_T_C	0
OG7264_492_T_C	0
OG7356_444_T_C	0
OG7459_828_G_A	0
OG8920_144_T_C	0
OG8947_715_C_T	0
OG10908_177_C_T	0
OG1373_636_A_G	0
OG1741_84_G_A	0
OG3293_1077_C_A	0
OG3579_1350_G_A	0
OG875_3627_T_C	0
OG9047_528_A_T	0
OG9746_378_T_A	0
OG1732_2298_G_A	0
OG8297_88_G_A	0
OG3899_1119_C_T	0
OG4295_806_T_C	0
OG4837_435_C_T	0
OG5416_318_G_A	0
OG1064_870_T_A	0
OG7236_138_G_A	0
OG5619_546_G_T	0
OG5701_624_G_A	0
OG768_2413_A_G	0
OG9000_264_G_C	0
OG5698_135_C_T	0
OG7225_513_T_C	0
OG8355_483_G_A	0
OG1328_609_G_A	0
OG6795_882_T_C	0
OG1426_2034_A_G	0
OG2743_834_C_T	0
OG7175_828_A_T	0
OG7947_594_A_C	0
OG6172_978_A_G	0
OG6526_864_T_C	0
OG1475_2550_A_G	0
OG1890_545_C_T	0
OG4558_1231_T_C	0
OG4639_1470_G_A	0
OG6490_783_T_C	0
OG10151_279_T_C	0
OG1707_2113_T_C	0
OG3425_960_C_T	0
OG263_4890_G_T	0
OG1324_2337_T_C	0
OG3503_864_A_G	0
OG5307_951_T_A	0
OG8233_258_G_A	0
OG8643_139_C_A	0
OG2251_1479_C_T	0
OG3149_1347_T_G	0
OG6378_334_C_T	0
OG6513_237_A_G	0
OG7482_261_T_C	0
OG7856_744_A_G	0
OG1634_2166_A_G	0
OG324_1473_G_A	0
OG3705_757_T_A	0
OG5648_552_T_C	0
OG3273_462_C_G	0
OG4971_173_C_T	0
OG10411_153_T_G	0
OG2826_1455_G_A	0
OG516_2588_C_T	0
OG6449_699_T_C	0
OG79_6720_T_C	0
OG8444_112_G_A	0
OG7443_576_G_A	0
OG7979_795_A_G	0
OG332_502_A_G	0
OG5430_387_C_A	0
OG7498_228_A_G	0
OG7888_671_C_G	0
OG6602_195_A_G	0
OG3395_1497_C_T	0
OG698_403_C_T	0
OG999_1293_T_G	0
OG1047_2718_G_C	0
OG3821_916_A_C	0
OG4873_606_G_A	0
OG1654_2586_T_A	0
OG3456_1185_G_A	0
OG3526_1761_T_A	0
OG4809_195_C_T	0
OG7359_123_A_T	0
OG8941_645_G_T	0
OG4095_787_G_A	0
OG1297_3042_C_T	0
OG8552_669_T_C	0
OG3735_597_G_A	0
OG4999_1026_T_C	0
OG592_3154_T_C	0
OG605_1185_C_T	0
OG647_4080_G_T	0
OG7814_684_G_T	0
OG3847_1341_T_C	0
OG4065_942_A_G	0
OG8725_384_A_G	0
OG5697_156_G_A	0
OG9072_33_A_G	0
OG8621_45_A_T	0
OG2130_1191_T_A	0
OG651_4743_G_A	0
OG1458_2646_G_A	0
OG2035_1306_G_A	0
OG6105_756_G_T	0
OG7802_658_T_C	0
OG9361_436_G_T	0
OG1187_2031_C_T	0
OG1268_2799_C_T	0
OG10276_165_A_C	0
OG9172_107_G_C	0
OG3355_801_C_T	0
OG2936_1203_C_T	0
OG4773_174_T_C	0
OG2045_1077_A_C	0
OG7934_834_C_T	0
OG8014_558_G_A	0
OG6394_323_T_A	0
OG9319_78_T_A	0
OG2718_855_G_A	0
OG5112_799_G_A	0
OG5803_513_A_G	0
OG5928_733_G_T	0
OG8895_480_A_T	0
OG2474_1768_A_G	0
OG10570_87_T_C	0
OG675_1683_G_A	0
OG9513_240_T_C	0
OG8479_9_A_G	0
OG6599_453_G_A	0
OG10033_234_T_A	0
OG9250_789_A_C	0
OG3915_534_G_A	0
OG3505_667_C_T	0
OG598_4735_G_A	0
OG7341_336_G_A	0
OG7393_101_C_T	0
OG7252_711_T_C	0
OG8618_425_T_C	0
OG1726_831_G_A	0
OG4346_597_A_G	0
OG953_313_A_C	0
OG8317_86_C_G	0
OG3627_1362_T_A	0
OG6689_885_G_A	0
OG4959_876_A_G	0
OG10546_111_G_A	0
OG7863_114_C_T	0
OG243_583_T_G	0
OG4679_624_T_G	0
OG5270_1227_T_G	0
OG6336_783_T_C	0
OG3719_53_A_G	0
OG4013_933_T_C	0
OG8151_378_C_T	0
OG9869_393_T_C	0
OG3700_357_C_T	0
OG8121_631_T_C	0
OG7732_519_G_A	0
OG6005_354_T_C	0
OG3139_906_G_A	0
OG9987_473_G_A	0
OG3134_802_G_C	0
OG2525_1176_A_C	0
OG3087_1275_C_T	0
OG3354_278_A_C	0
OG7262_855_G_A	0
OG2894_1047_T_C	0
OG4151_468_A_C	0
OG932_1674_T_C	0
OG7133_501_T_C	0
OG10080_320_A_G	0
OG1315_3024_T_C	0
OG7055_270_A_T	0
OG7729_765_G_C	0
OG1727_270_G_A	0
OG4701_932_G_A	0
OG6391_931_T_G	0
OG4557_903_T_C	0
OG3762_1230_G_A	0
OG4142_198_C_T	0
OG4878_288_T_C	0
OG1687_1878_G_A	0
OG4487_1479_C_T	0
OG644_2658_C_T	0
OG9957_309_C_T	0
OG10028_261_T_A	0
OG2300_1857_A_C	0
OG9839_58_G_A	0
OG1356_873_C_T	0
OG1837_147_C_T	0
OG7923_831_G_A	0
OG646_3903_C_T	0
OG5514_711_T_C	0
OG4125_1383_G_A	0
OG10785_108_C_T	0
OG1113_2247_G_C	0
OG1750_1687_C_T	0
OG3624_1329_T_C	0
OG2193_1710_C_T	0
OG703_321_A_G	0
OG7128_611_A_C	0
OG10738_81_T_C	0
OG1197_3051_C_T	0
OG2518_816_C_T	0
OG500_1311_T_C	0
OG8833_385_G_A	0
OG1901_525_T_C	0
OG3007_960_C_T	0
OG4021_1695_T_A	0
OG1023_2613_C_T	0
OG2831_813_G_A	0
OG1263_286_C_T	0
OG1701_216_T_C	0
OG9929_268_C_T	0
OG338_2314_A_T	0
OG403_2937_G_A	0
OG912_2067_C_A	0
OG942_3291_C_T	0
OG3980_855_A_T	0
OG867_970_A_G	0
OG1947_801_G_A	0
OG8448_300_T_A	0
OG6200_750_C_T	0
OG7254_309_G_A	0
OG6371_159_A_C	0
OG349_424_G_A	0
OG10308_315_C_G	0
OG1898_867_A_G	0
OG9800_61_C_T	0
OG3185_466_C_T	0
OG10455_252_G_A	0
OG1537_72_G_A	0
OG4505_576_A_G	0
OG10711_63_T_A	0
OG6037_660_G_A	0
OG8195_414_T_C	0
OG4331_939_C_T	0
OG6151_768_T_C	0
OG2250_987_A_G	0
OG10288_156_A_G	0
OG1734_1059_T_C	0
OG7031_591_T_C	0
OG5761_540_A_T	0
OG4343_727_A_G	0
OG3056_93_G_A	0
OG618_1368_T_C	0
OG1149_374_G_A	0
OG4808_1271_A_T	0
OG640_4446_C_T	0
OG957_4787_A_C	0
OG10322_171_T_C	0
OG2688_462_T_C	0
OG2320_2742_A_T	0
OG10331_72_G_A	0
OG3200_1920_A_G	0
OG1985_25_T_C	0
OG1052_2191_G_A	0
OG10989_96_A_T	0
OG2482_1993_T_C	0
OG10347_297_A_G	0
OG10791_162_C_G	0
OG1662_936_G_A	0
OG2961_537_C_A	0
OG3140_178_A_T	0
OG6764_247_G_A	0
OG4412_556_C_T	0
OG3670_684_G_A	0
OG3897_1248_C_A	0
OG5678_1005_C_T	0
OG3482_1696_C_T	0
OG6118_315_G_A	0
OG1192_2871_C_T	0
OG167_1674_G_A	0
OG8638_1223_C_G	0
OG11162_6_T_C	0
OG1886_1119_C_T	0
OG3107_1719_C_T	0
OG3335_1782_A_G	0
OG848_3185_G_A	0
OG1379_1509_A_T	0
OG6856_276_C_T	0
OG2628_1623_G_C	0
OG2726_2049_C_T	0
OG2981_762_C_T	0
OG4879_1077_C_T	0
OG745_600_A_G	0
OG6366_708_G_T	0
OG6435_783_G_A	0
OG126_5841_C_T	0
OG3507_108_C_T	0
OG7746_232_C_T	0
OG5781_864_A_G	0
OG10244_156_A_G	0
OG5390_400_A_T	0
OG7854_444_G_A	0
OG461_5042_G_A	0
OG8098_243_T_G	0
OG10718_1585_T_C	0
OG5487_106_C_T	0
OG6904_303_A_T	0
OG1131_2967_A_G	0
OG3982_282_T_C	0
OG7837_479_T_C	0
OG2132_1500_C_A	0
OG3240_1176_T_A	0
OG5417_99_G_A	0
OG588_603_A_G	0
OG2922_1056_T_C	0
OG3861_1266_A_G	0
OG5033_925_A_G	0
OG5837_389_T_C	0
OG7004_201_G_C	0
OG7413_660_T_G	0
OG1949_131_C_A	0
OG271_1641_G_A	0
OG8481_549_G_A	0
OG9267_81_T_C	0
OG2203_1635_T_A	0
OG3471_675_C_T	0
OG4196_372_C_A	0
OG9945_327_A_G	0
OG4241_354_G_A	0
OG5752_222_A_T	0
OG8517_588_T_C	0
OG9122_351_T_C	0
OG4824_1563_C_T	0
OG521_2670_C_T	0
OG7971_525_G_A	0
OG8007_465_G_A	0
OG10232_72_G_A	0
OG4394_711_G_A	0
OG4771_1076_C_T	0
OG5394_1356_G_A	0
OG6076_917_G_A	0
OG6100_984_C_T	0
OG6818_159_A_C	0
OG6947_360_G_A	0
OG9290_141_G_A	0
OG9654_371_T_C	0
OG2412_652_T_A	0
OG3246_1323_T_C	0
OG5054_522_C_T	0
OG6943_226_T_A	0
OG7987_87_C_T	0
OG1839_1248_A_T	0
OG3918_837_A_T	0
OG5946_654_C_T	0
OG9740_92_C_T	0
OG2524_2451_T_C	0
OG8090_144_A_T	0
OG9489_205_C_T	0
OG2360_1368_T_C	0
OG3929_1278_C_T	0
OG1657_78_T_C	0
OG737_842_T_G	0
OG8617_58_A_T	0
OG10016_441_A_T	0
OG10945_108_T_C	0
OG2477_843_G_A	0
OG1783_1728_G_A	0
OG10393_66_A_G	0
OG4719_429_T_C	0
OG7127_297_A_G	0
OG7891_705_T_C	0
OG2480_1308_A_G	0
OG3329_1509_A_T	0
OG4293_375_A_T	0
OG9086_159_T_A	0
OG256_6432_A_G	0
OG4924_1161_G_A	0
OG6126_954_C_T	0
OG829_3642_C_T	0
OG10793_261_A_G	0
OG5488_192_T_C	0
OG7621_330_C_G	0
OG1317_312_C_T	0
OG4945_1344_G_A	0
OG9691_96_T_C	0
OG10277_356_C_T	0
OG1261_366_G_T	0
OG2159_492_A_G	0
OG3164_1686_C_T	0
OG10622_372_C_G	0
OG3035_921_T_C	0
OG4688_1245_G_A	0
OG8398_474_C_T	0
OG11029_1339_A_C	0
OG2557_1215_C_T	0
OG2624_444_A_G	0
OG2697_780_G_A	0
OG4978_1056_A_T	0
OG536_4299_C_T	0
OG5939_495_C_T	0
OG5942_1047_G_A	0
OG6867_462_T_A	0
OG7499_482_C_T	0
OG7546_339_T_C	0
OG7904_85_T_C	0
OG2247_1283_A_T	0
OG3276_379_T_C	0
OG5931_903_G_C	0
OG6440_316_G_A	0
OG6695_843_G_A	0
OG1240_4233_T_A	0
OG1441_699_G_A	0
OG1912_2316_C_T	0
OG4336_40_T_A	0
OG570_3921_C_T	0
OG2706_2121_C_T	0
OG2796_1864_C_G	0
OG489_4585_G_A	0
OG5208_369_G_C	0
OG7056_728_T_G	0
OG8677_237_A_G	0
OG137_6519_A_G	0
OG7553_318_A_G	0
OG7795_936_C_T	0
OG2802_2168_A_G	0
OG3021_300_T_C	0
OG9128_607_A_T	0
OG2778_1417_G_A	0
OG4148_1669_T_A	0
OG4268_1663_A_C	0
OG4903_816_A_C	0
OG5230_1231_C_T	0
OG7563_279_A_G	0
OG8011_462_C_A	0
OG964_2958_G_T	0
OG1017_987_C_T	0
OG1140_2127_T_C	0
OG5930_66_C_T	0
OG6782_666_A_G	0
OG9055_402_A_G	0
OG2151_693_C_T	0
OG2264_2150_C_T	0
OG2299_1953_G_A	0
OG2882_510_A_C	0
OG5104_1253_A_C	0
OG4842_324_A_G	0
OG7130_102_G_A	0
OG2978_1560_C_T	0
OG3132_1407_C_T	0
OG4051_945_A_G	0
OG4491_1440_T_G	0
OG5564_54_G_A	0
OG8800_759_C_T	0
OG9091_177_G_C	0
OG1867_1293_G_C	0
OG4052_271_G_A	0
OG4054_773_A_G	0
OG5730_583_C_T	0
OG7713_733_T_C	0
OG9252_391_C_T	0
OG2020_1152_T_A	0
OG8792_33_T_G	0
OG9283_621_C_G	0
OG301_2803_A_G	0
OG4090_820_G_A	0
OG6586_969_G_A	0
OG931_3786_G_A	0
OG8836_460_G_T	0
OG1079_669_T_A	0
OG4759_564_A_T	0
OG9921_129_C_T	0
OG6955_12_C_G	0
OG5858_777_C_T	0
OG209_348_C_T	0
OG3131_555_G_A	0
OG1821_1425_G_A	0
OG1844_675_T_G	0
OG5089_804_A_G	0
OG7046_963_G_A	0
OG2143_1693_T_C	0
OG4028_1431_C_T	0
OG5295_441_G_A	0
OG6353_753_A_T	0
OG2780_1908_T_C	0
OG5343_1136_A_C	0
OG2475_2037_G_A	0
OG2462_1971_T_A	0
OG3547_1626_G_A	0
OG3704_1662_T_A	0
OG9331_156_G_A	0
OG2486_1854_C_A	0
OG2155_493_G_A	0
OG2635_470_A_T	0
OG3283_1827_T_C	0
OG6343_460_G_A	0
OG2467_1442_A_G	0
OG2391_912_C_G	0
OG6633_579_C_T	0
OG6837_73_C_T	0
OG8143_597_A_T	0
OG9039_480_C_T	0
OG3802_1644_C_A	0
OG104_2991_G_A	0
OG6970_858_A_T	0
OG2790_384_A_T	0
OG3415_1622_T_G	0
OG5709_561_T_A	0
OG11233_729_A_G	0
OG1455_609_C_G	0
OG2424_2256_C_T	0
OG6596_178_A_G	0
OG10976_188_A_C	0
OG4207_468_G_A	0
OG4220_1494_A_G	0
OG8292_663_C_T	0
OG9670_300_C_T	0
OG4737_1284_C_T	0
OG7613_341_A_G	0
OG2701_319_C_T	0
OG4617_825_A_C	0
OG4816_963_G_A	0
OG9771_27_T_C	0
OG6791_1002_C_T	0
OG2025_2238_G_A	0
OG10400_216_C_A	0
OG5233_175_G_A	0
OG3009_1110_T_C	0
OG5355_978_C_T	0
OG127_5451_C_T	0
OG658_4651_G_A	0
OG3557_193_C_T	0
OG5069_357_G_A	0
OG671_549_C_G	0
OG7556_120_T_A	0
OG7134_595_A_G	0
OG10788_198_C_T	0
OG7440_492_A_C	0
OG4941_451_G_T	0
OG5383_1042_A_G	0
OG2419_1727_A_G	0
OG8092_108_A_G	0
OG6007_480_A_G	0
OG7706_213_G_C	0
OG2794_714_C_A	0
OG9392_108_A_C	0
OG6251_1029_C_T	0
OG8788_183_C_T	0
OG8586_608_C_T	0
OG10629_297_C_A	0
OG3489_70_G_A	0
OG10157_480_T_C	0
OG7436_324_A_T	0
OG1570_1012_A_G	0
OG3268_267_T_C	0
OG5816_1057_G_A	0
OG6049_974_A_T	0
OG1823_2388_C_A	0
OG9969_330_C_T	0
OG279_5706_T_C	0
OG10348_63_C_T	0
OG5013_711_T_A	0
OG9458_49_T_A	0
OG10763_386_T_A	0
OG2708_34_T_C	0
OG4262_1539_C_T	0
OG10606_25_G_A	0
OG10917_78_G_A	0
OG6718_993_A_G	0
OG4613_987_G_T	0
OG4312_114_T_C	0
OG5480_148_C_T	0
OG4687_1236_T_G	0
OG8144_633_T_C	0
OG734_1452_A_G	0
OG7363_150_C_T	0
OG11000_18_C_T	0
OG2960_1838_T_G	0
OG10092_84_T_G	0
OG8561_193_G_A	0
OG3236_483_T_C	0
OG6903_864_C_G	0
OG8502_168_G_A	0
OG9289_303_T_G	0
OG2929_426_T_C	0
OG6982_309_A_G	0
OG5553_52_A_C	0
OG6264_778_A_G	0
OG4017_66_G_A	0
OG1773_2088_T_C	0
OG4726_714_T_G	0
OG4859_438_T_A	0
OG2242_1997_G_C	0
OG2043_1323_T_C	0
OG2833_2203_A_C	0
OG3484_930_C_T	0
OG8438_60_G_A	0
OG8843_573_T_C	0
OG1914_2179_C_T	0
OG6453_141_T_C	0
OG1646_1053_T_C	0
OG7505_293_C_T	0
OG1260_2490_G_T	0
OG1676_1620_C_T	0
OG2548_1779_C_A	0
OG7548_564_A_G	0
OG3111_95_G_T	0
OG6706_351_C_G	0
OG2966_1305_C_A	0
OG3909_40_G_T	0
OG4184_480_T_A	0
OG3272_450_G_A	0
OG2887_1533_G_A	0
OG3723_936_G_A	0
OG4356_501_C_T	0
OG5684_951_C_T	0
OG8268_624_T_A	0
OG5466_768_G_T	0
OG4040_915_G_A	0
OG5983_1041_A_G	0
OG4317_559_C_T	0
OG8840_111_C_T	0
OG6758_135_G_A	0
OG9175_240_A_G	0
OG8738_733_A_T	0
OG8835_183_C_T	0
OG3159_1569_G_A	0
OG5486_501_C_T	0
OG7778_805_G_A	0
OG4933_1278_G_A	0
OG8527_478_G_A	0
OG6497_762_C_T	0
OG7448_84_T_A	0
OG176_6279_G_A	0
OG6823_472_C_G	0
OG11329_404_C_A	0
OG5807_921_G_A	0
OG7808_593_C_T	0
OG7804_783_C_T	0
OG8239_168_A_G	0
OG3872_684_C_T	0
OG6990_243_A_G	0
OG6889_1087_C_T	0
OG6502_507_G_A	0
OG10189_392_G_A	0
OG3879_1057_C_T	0
OG6377_576_C_G	0
OG8441_297_C_T	0
OG891_3465_A_G	0
OG10120_417_A_G	0
OG173_5229_A_G	0
OG8218_692_C_A	0
OG5525_792_G_A	0
OG7535_852_C_T	0
OG10681_88_A_G	0
OG10735_192_C_T	0
OG8740_583_C_T	0
OG6107_678_G_A	0
OG5751_348_T_C	0
OG6880_234_A_G	0
OG75_4617_T_C	0
OG7594_171_C_T	0
OG6083_189_T_C	0
OG4973_891_C_T	0
OG725_3876_G_A	0
OG8157_354_C_T	0
OG5445_348_A_G	0
OG3301_801_A_G	0
OG7235_729_C_T	0
OG7460_522_A_G	0
OG6918_501_G_A	0
OG3727_678_C_T	0
OG3066_1275_G_A	0
OG3558_198_A_G	0
OG4770_1413_A_G	0
OG9707_2705_T_C	0
OG5586_512_T_A	0
OG6591_475_C_T	0
OG2522_771_A_G	0
OG4605_1482_A_G	0
OG398_2550_T_C	0
OG550_2985_A_G	0
OG7037_207_C_T	0
OG4833_543_A_T	0
OG3906_1587_T_A	0
OG9123_231_G_A	0
OG5030_777_G_T	0
OG6848_78_C_T	0
OG8583_324_C_T	0
OG2531_339_G_A	0
OG5133_96_C_T	0
OG9538_210_C_T	0
OG9574_144_G_A	0
OG10410_205_C_T	0
OG1286_3195_A_G	0
OG6048_609_C_T	0
OG1276_2445_C_T	0
OG692_1485_C_A	0
OG3596_1551_C_T	0
OG3396_996_T_C	0
OG7693_666_A_G	0
OG7292_330_G_C	0
OG8856_708_C_T	0
OG5595_39_T_C	0
OG8152_621_C_T	0
OG1378_1383_G_A	0
OG2208_576_G_A	0
OG9643_693_T_C	0
OG9685_39_T_C	0
OG7210_330_A_T	0
OG7151_142_A_G	0
OG2308_459_C_T	0
OG5714_978_G_A	0
OG3311_1473_C_T	0
OG9680_294_G_A	0
OG7156_390_C_T	0
OG1081_1107_T_C	0
OG7894_690_G_T	0
OG5011_1027_A_G	0
OG9015_81_G_C	0
OG5821_513_G_A	0
OG3722_819_G_A	0
OG3100_840_G_A	0
OG8978_381_C_T	0
OG10540_75_C_T	0
OG4087_1357_C_T	0
OG1843_1855_C_T	0
OG7852_123_G_A	0
OG10727_2569_T_C	0
OG3130_1077_C_A	0
OG5259_1068_A_T	0
OG5007_1323_A_T	0
OG5546_1347_T_C	0
OG1778_2658_T_C	0
OG3565_1222_T_C	0
OG4533_318_T_C	0
OG4987_251_G_C	0
OG5512_492_A_G	0
OG6029_594_T_C	0
OG6273_540_A_G	0
OG7016_813_T_C	0
OG2892_114_G_T	0
OG3059_579_G_A	0
OG4569_1421_C_T	0
OG4786_1167_C_T	0
OG5663_1554_C_T	0
OG6462_53_G_C	0
OG7453_136_A_G	0
OG7996_594_T_C	0
OG969_2542_T_C	0
OG3148_69_T_C	0
OG3812_516_G_A	0
OG5515_196_G_C	0
OG6659_642_T_C	0
OG6808_1632_C_T	0
OG7123_534_A_T	0
OG10376_273_T_C	0
OG10852_45_T_A	0
OG1938_1437_G_A	0
OG7998_649_C_T	0
OG10366_210_C_T	0
OG6921_642_C_T	0
OG749_760_A_T	0
OG7782_546_C_T	0
OG8795_168_A_G	0
OG8925_189_G_T	0
OG2920_849_T_C	0
OG4235_1883_T_C	0
OG7400_537_G_C	0
OG7728_463_A_G	0
OG2061_1113_C_T	0
OG3324_12_A_G	0
OG9402_207_G_A	0
OG9997_288_G_A	0
OG2908_1194_G_A	0
OG5218_825_C_T	0
OG6038_1161_A_G	0
OG661_528_T_A	0
OG1301_879_T_G	0
OG1936_47_G_A	0
OG2461_984_G_A	0
OG3231_219_A_T	0
OG4122_282_C_T	0
OG7269_453_T_C	0
OG7305_1462_C_T	0
OG8096_531_T_G	0
OG8592_462_A_G	0
OG9789_291_C_T	0
OG396_2874_G_A	0
OG9485_546_A_G	0
OG10272_114_G_A	0
OG1717_2157_C_T	0
OG297_3166_A_G	0
OG3905_567_A_G	0
OG7412_168_G_A	0
OG5126_414_A_G	0
OG9030_210_G_A	0
OG2803_1281_C_T	0
OG5828_1211_C_T	0
OG9287_489_T_A	0
OG2479_1672_G_T	0
OG5187_1020_C_T	0
OG5505_579_T_C	0
OG3379_1515_A_G	0
OG1049_1815_T_A	0
OG4112_946_C_T	0
OG7322_564_C_T	0
OG9671_39_G_A	0
OG3784_64_T_C	0
OG6953_269_G_A	0
OG10451_72_G_A	0
OG9651_40_G_A	0
OG8264_447_C_T	0
OG4826_582_G_C	0
OG165_5733_C_G	0
OG3892_1575_G_A	0
OG662_2820_T_C	0
OG1942_1981_G_A	0
OG6506_177_T_C	0
OG842_2347_T_C	0
OG3451_1012_C_T	0
OG4364_660_C_T	0
OG4838_144_A_T	0
OG808_3934_G_C	0
OG7140_729_A_C	0
OG8868_34_C_A	0
OG9195_45_G_T	0
OG8079_822_T_A	0
OG5990_1251_G_A	0
OG7742_924_T_C	0
OG2067_2372_A_C	0
OG5815_318_A_G	0
OG9546_372_A_G	0
OG5119_561_C_T	0
OG9991_26_T_C	0
OG480_3828_A_G	0
OG6595_404_G_T	0
OG2823_1350_A_G	0
OG7473_423_A_G	0
OG7583_408_G_A	0
OG1543_1308_G_A	0
OG7011_615_G_A	0
OG1737_2280_G_T	0
OG2858_1650_A_G	0
OG5743_339_T_A	0
OG3366_927_C_T	0
OG8110_108_A_C	0
OG9007_426_C_T	0
OG10205_228_T_C	0
OG1745_2124_A_C	0
OG4938_621_A_T	0
OG5141_654_A_G	0
OG8512_357_T_C	0
OG9963_147_G_A	0
OG2297_2127_T_C	0
OG4355_339_A_T	0
OG3278_669_C_T	0
OG3765_416_C_T	0
OG5969_1131_G_A	0
OG9819_450_G_A	0
OG4136_210_T_C	0
OG5260_639_C_T	0
OG5675_651_A_T	0
OG7607_131_G_T	0
OG9337_466_C_A	0
OG1389_960_A_G	0
OG8716_90_G_A	0
OG9958_57_A_T	0
OG8804_117_G_A	0
OG1185_1527_G_A	0
OG2644_330_A_T	0
OG2849_1083_C_T	0
OG3086_543_G_A	0
OG4925_444_G_A	0
OG6597_999_G_A	0
OG6975_13_A_C	0
OG8698_689_A_T	0
OG4952_1017_C_T	0
OG7776_643_G_T	0
OG9078_472_A_G	0
OG8281_584_C_T	0
OG4802_798_A_G	0
OG6406_711_A_T	0
OG2154_172_A_G	0
OG4129_717_T_C	0
OG9237_159_T_C	0
OG94_6594_T_C	0
OG5271_738_T_C	0
OG8630_705_C_G	0
OG3162_336_A_G	0
OG6247_1161_C_T	0
OG7202_189_T_A	0
OG4283_1053_A_T	0
OG884_2413_A_C	0
OG9829_420_C_T	0
OG1507_1686_C_T	0
OG2079_2079_C_T	0
OG4278_783_T_C	0
OG5643_597_T_G	0
OG7540_843_C_T	0
OG2202_492_A_T	0
OG2581_174_T_G	0
OG9975_407_C_T	0
OG1041_1797_A_C	0
OG3432_96_T_C	0
OG4123_906_A_G	0
OG4765_1306_C_G	0
OG2851_1119_C_T	0
OG6182_1062_C_A	0
OG10389_173_C_T	0
OG2788_1642_T_A	0
OG7542_510_T_G	0
OG4280_1455_C_T	0
OG6578_207_G_A	0
OG2172_135_T_C	0
OG1291_3423_G_A	0
OG1688_1587_T_C	0
OG6369_489_G_A	0
OG4834_1044_A_G	0
OG8567_363_C_T	0
OG9352_177_C_T	0
OG1033_3150_G_A	0
OG9157_111_C_G	0
OG9180_585_A_G	0
OG5747_897_T_C	0
OG10786_168_A_G	0
OG10493_129_C_T	0
OG866_399_T_G	0
OG10091_255_C_T	0
OG4699_1062_C_T	0
OG8923_360_C_T	0
OG4584_200_C_G	0
OG2267_2148_G_A	0
OG6809_995_A_G	0
OG3673_1677_A_T	0
OG4435_849_A_G	0
OG2580_1452_G_C	0
OG9346_137_G_A	0
OG1910_996_G_A	0
OG3510_1101_T_C	0
OG728_81_A_G	0
OG8345_348_C_T	0
OG10320_291_G_C	0
OG4432_495_G_A	0
OG4544_498_C_T	0
OG6638_603_C_T	0
OG2398_1668_A_G	0
OG2988_390_G_A	0
OG5576_576_C_G	0
OG8112_205_G_A	0
OG3825_136_G_A	0
OG5067_1533_T_C	0
OG6111_429_C_T	0
OG8822_42_G_A	0
OG2181_378_G_A	0
OG3176_1588_C_T	0
OG7208_852_G_A	0
OG8358_621_T_A	0
OG1698_1332_C_A	0
OG1966_1155_C_G	0
OG3487_1482_T_C	0
OG10959_292_C_T	0
OG1298_2182_T_C	0
OG2072_87_G_A	0
OG6230_842_G_A	0
OG9475_51_A_C	0
OG10237_102_C_T	0
OG4211_624_T_C	0
OG5945_73_G_A	0
OG7488_456_G_A	0
OG9186_198_G_T	0
OG998_2862_G_A	0
OG1022_3187_G_A	0
OG1920_1104_T_C	0
OG3749_981_C_G	0
OG3920_1200_C_T	0
OG4239_1515_C_T	0
OG4654_1221_A_G	0
OG6199_1107_T_C	0
OG9156_78_C_T	0
OG10412_240_C_T	0
OG2514_25_A_T	0
OG6895_702_T_C	0
OG834_2278_G_A	0
OG1068_66_C_T	0
OG6519_943_C_T	0
OG6909_789_C_T	0
OG7467_819_T_A	0
OG1001_1163_A_G	0
OG4443_669_T_C	0
OG5345_672_G_A	0
OG5705_292_C_T	0
OG5760_843_G_A	0
OG6894_245_G_A	0
OG965_1980_A_G	0
OG10069_30_T_C	0
OG10082_192_C_T	0
OG1101_3084_A_G	0
OG1705_591_G_A	0
OG1757_61_A_C	0
OG3675_1296_G_A	0
OG4653_1329_G_A	0
OG5311_1032_T_C	0
OG6438_738_C_G	0
OG6866_741_A_G	0
OG10755_304_T_C	0
OG5100_243_A_G	0
OG6374_528_A_G	0
OG7026_1064_A_C	0
OG7770_156_G_A	0
OG7995_76_T_A	0
OG8866_531_G_A	0
OG9060_557_G_A	0
OG9085_234_C_G	0
OG1089_3273_C_T	0
OG3936_1384_G_A	0
OG5288_624_G_A	0
OG6174_638_G_T	0
OG1271_1146_A_G	0
OG5068_321_T_C	0
OG5240_1260_G_C	0
OG7807_883_A_G	0
OG8255_170_C_T	0
OG8672_645_C_G	0
OG2075_1501_C_T	0
OG2739_1005_C_T	0
OG3548_1926_T_G	0
OG4347_861_A_C	0
OG4901_435_G_A	0
OG505_28_T_A	0
OG9663_6_C_T	0
OG9664_89_G_A	0
OG981_2937_A_T	0
OG10032_219_G_A	0
OG2879_1455_T_A	0
OG3748_528_T_C	0
OG5524_730_A_T	0
OG7910_618_G_A	0
OG8081_564_G_A	0
OG9037_552_T_C	0
OG1696_369_A_G	0
OG5278_48_G_A	0
OG6122_681_C_T	0
OG8558_153_A_T	0
OG1815_702_C_G	0
OG3292_1401_G_A	0
OG3445_249_C_T	0
OG3975_597_C_T	0
OG4324_924_A_G	0
OG5578_537_C_A	0
OG6828_651_C_T	0
OG7789_87_C_T	0
OG7822_408_T_C	0
OG8104_778_T_C	0
OG9076_213_G_A	0
OG9173_580_A_G	0
OG9369_685_C_A	0
OG10021_9_C_T	0
OG5860_900_T_C	0
OG6534_173_C_T	0
OG7330_402_T_C	0
OG9617_592_G_A	0
OG10407_161_A_G	0
OG10815_779_G_A	0
OG2192_481_G_A	0
OG240_4845_T_C	0
OG5028_1418_A_C	0
OG5058_492_G_A	0
OG8131_56_G_A	0
OG8613_450_A_G	0
OG8908_438_A_G	0
OG2965_1096_T_C	0
OG5647_230_A_G	0
OG7490_76_G_A	0
OG10073_262_G_A	0
OG11252_496_C_A	0
OG10673_198_C_T	0
OG1817_3189_C_T	0
OG3644_960_C_T	0
OG9225_530_T_G	0
OG10651_408_G_A	0
OG7698_906_G_A	0
OG10000_72_T_C	0
OG7533_1289_G_A	0
OG7668_112_A_C	0
OG1222_2109_C_T	0
OG6063_630_C_T	0
OG7174_765_T_A	0
OG7972_244_C_G	0
OG5626_1433_C_T	0
OG9146_276_C_T	0
OG9493_482_A_G	0
OG2417_915_G_A	0
OG3827_6_A_C	0
OG3916_1371_T_C	0
OG1962_149_G_A	0
OG1749_1641_A_G	0
OG7901_366_A_G	0
OG9636_357_T_G	0
OG2820_792_T_C	0
OG5949_1101_A_G	0
OG6380_1067_C_T	0
OG7820_777_G_C	0
OG1428_408_G_A	0
OG7063_633_C_T	0
OG9897_45_T_A	0
OG1156_1737_C_A	0
OG5618_610_T_C	0
OG6330_761_C_T	0
OG4800_498_G_T	0
OG7821_675_G_A	0
OG600_4752_G_A	0
OG6287_133_T_C	0
OG7035_510_A_G	0
OG8267_297_C_T	0
OG8999_565_C_T	0
OG1128_3222_A_G	0
OG2454_1842_C_T	0
OG8366_385_G_T	0
OG2907_1929_T_G	0
OG8594_808_C_T	0
OG10278_402_G_A	0
OG2612_764_C_T	0
OG3859_608_G_T	0
OG6530_585_T_C	0
OG7662_20_C_T	0
OG813_1938_C_T	0
OG1476_2908_T_C	0
OG8249_398_C_T	0
OG8916_351_T_A	0
OG9632_564_C_T	0
OG1865_978_C_T	0
OG2750_1095_T_C	0
OG5556_705_G_T	0
OG894_129_A_G	0
OG10037_402_C_A	0
OG2103_2244_A_T	0
OG328_4669_G_A	0
OG6289_207_C_G	0
OG6397_1050_A_G	0
OG4212_1285_G_A	0
OG2164_2184_C_G	0
OG3372_1443_A_G	0
OG3485_1728_G_A	0
OG7576_123_G_A	0
OG3443_1161_T_C	0
OG6956_954_C_G	0
OG7021_648_C_T	0
OG7736_612_G_A	0
OG9756_282_T_C	0
OG2157_2170_G_A	0
OG2279_2223_G_A	0
OG4829_85_G_A	0
OG5685_1191_A_G	0
OG2239_2160_T_C	0
OG5732_834_T_A	0
OG6580_720_G_A	0
OG4261_1004_T_C	0
OG3996_1142_A_C	0
OG10404_192_A_G	0
OG3634_1155_G_A	0
OG10128_84_C_T	0
OG5944_516_C_T	0
OG9309_174_G_A	0
OG3885_2055_C_T	0
OG10429_451_G_A	0
OG9785_228_A_T	0
OG9970_144_T_C	0
OG6523_111_C_T	0
OG9025_264_G_C	0
OG5365_429_C_T	0
OG2309_147_T_A	0
OG4225_609_C_T	0
OG5851_546_C_T	0
OG6923_552_C_T	0
OG122_621_C_T	0
OG2122_1977_T_A	0
OG6831_819_G_A	0
OG5926_495_C_T	0
OG9431_575_G_A	0
OG28_4284_A_G	0
OG4712_1181_C_T	0
OG6243_174_C_T	0
OG6890_287_C_T	0
OG8124_639_C_T	0
OG8535_513_C_T	0
OG3935_433_G_A	0
OG2386_1797_T_C	0
OG3096_768_G_A	0
OG9710_456_T_C	0
OG8931_6_C_T	0
OG7233_348_C_T	0
OG3298_981_T_C	0
OG9876_385_A_G	0
OG11349_264_C_T	0
OG6382_553_G_A	0
OG5358_282_C_T	0
OG3869_183_C_T	0
OG1191_3642_T_C	0
OG8826_33_G_A	0
OG10722_270_G_C	0
OG6196_938_A_G	0
OG11026_69_A_G	0
OG4351_1000_A_G	0
OG1296_1059_G_C	0
OG10077_42_A_T	0
OG7978_774_G_A	0
OG9738_132_C_T	0
OG6329_994_G_A	0
OG7745_558_C_T	0
OG8983_96_A_G	0
OG5097_279_C_T	0
OG6085_417_C_T	0
OG10764_158_A_T	0
OG4097_162_A_G	0
OG787_1698_A_G	0
OG6186_735_T_C	0
OG6306_627_C_T	0
OG9993_330_G_A	0
OG5032_615_A_T	0
OG5935_552_G_A	0
OG5072_1430_A_G	0
OG5700_402_C_T	0
OG7562_270_T_C	0
OG9131_983_C_G	0
OG6094_717_C_T	0
OG6276_513_C_T	0
OG6525_543_G_C	0
OG7145_253_C_T	0
OG9042_63_G_A	0
OG1485_2547_G_A	0
OG3504_1029_A_T	0
OG5113_582_G_A	0
OG7721_727_A_T	0
OG2217_999_C_T	0
OG2629_1671_G_A	0
OG3235_339_G_A	0
OG5185_198_A_T	0
OG7162_979_A_G	0
OG9359_138_C_T	0
OG7916_327_C_T	0
OG8482_426_C_T	0
OG2451_975_G_A	0
OG2418_1479_G_A	0
OG7783_758_C_T	0
OG10999_324_T_A	0
OG2848_2115_G_A	0
OG3376_913_A_T	0
OG8410_298_T_A	0
OG142_6645_A_G	0
OG3997_320_A_T	0
OG7005_297_C_T	0
OG7146_495_G_A	0
OG10830_786_A_G	0
OG6852_699_A_G	0
OG1911_1677_C_T	0
OG7772_933_A_T	0
OG8571_569_A_C	0
OG1738_2472_T_A	0
OG5439_846_A_G	0
OG6091_138_C_T	0
OG2853_111_C_A	0
OG4018_1781_A_G	0
OG4234_23_T_C	0
OG9113_55_A_C	0
OG10678_162_C_T	0
OG732_154_A_G	0
OG9313_374_T_C	0
OG9070_930_C_T	0
OG9577_136_G_A	0
OG6297_363_A_G	0
OG3944_501_C_T	0
OG8314_540_T_A	0
OG938_3613_A_G	0
OG2825_1153_A_G	0
OG5101_1098_C_T	0
OG9875_222_G_A	0
OG10946_182_T_A	0
OG2968_1341_A_G	0
OG3125_903_T_G	0
OG2353_1866_T_C	0
OG8607_720_T_C	0
OG2444_246_G_A	0
OG4257_1368_C_T	0
OG7907_780_A_G	0
OG10990_39_T_C	0
OG4164_306_G_T	0
OG7414_132_G_A	0
OG2184_726_C_A	0
OG6346_516_C_T	0
OG4193_1140_A_G	0
OG5669_660_G_T	0
OG10226_99_T_C	0
OG11068_52_C_G	0
OG3597_1190_G_A	0
OG3926_504_C_T	0
OG7743_528_C_T	0
OG10249_381_T_C	0
OG6075_369_T_C	0
OG2273_100_C_G	0
OG4176_858_G_C	0
OG4604_1090_C_T	0
OG8123_231_T_C	0
OG3337_1506_A_G	0
OG5199_1077_G_C	0
OG5409_636_G_A	0
OG6351_768_A_G	0
OG2985_1889_C_G	0
OG4342_1209_A_G	0
OG663_532_T_C	0
OG7940_93_T_C	0
OG3716_622_G_T	0
OG4171_96_A_G	0
OG5833_354_A_C	0
OG4033_768_T_C	0
OG10513_64_G_A	0
OG2046_673_T_C	0
OG4647_972_G_A	0
OG5865_939_G_A	0
OG8335_204_T_A	0
OG1524_1008_A_G	0
OG9082_207_G_A	0
OG3161_1083_A_G	0
OG9132_194_G_C	0
OG9888_63_A_G	0
OG6154_697_A_T	0
OG394_1421_C_T	0
OG42_6256_A_T	0
OG9145_358_A_G	0
OG5872_1061_T_C	0
OG6471_181_A_T	0
OG534_360_T_G	0
OG6878_612_T_C	0
OG3075_84_T_C	0
OG2374_1292_G_C	0
OG6753_738_A_G	0
OG1330_2190_C_T	0
OG4666_2208_A_T	0
OG7898_327_T_A	0
OG6104_32_G_A	0
OG5408_1180_C_T	0
OG7930_887_T_C	0
OG3790_1050_T_C	0
OG9382_297_T_A	0
OG10668_391_C_T	0
OG4898_318_C_T	0
OG7285_144_C_T	0
OG7600_828_C_T	0
OG2917_322_T_G	0
OG3172_521_C_G	0
OG4297_996_C_T	0
OG5156_718_T_C	0
OG5557_1143_T_C	0
OG6749_436_C_T	0
OG7699_843_C_T	0
OG8492_354_A_G	0
OG9516_517_G_A	0
OG3263_1020_G_A	0
OG7925_469_G_A	0
OG8679_669_T_C	0
OG9901_255_G_A	0
OG1840_1983_G_A	0
OG6168_414_C_T	0
OG941_1236_G_A	0
OG7403_948_G_A	0
OG10781_171_A_C	0
OG535_597_T_C	0
OG9519_413_A_G	0
OG10964_283_C_A	0
OG6130_1080_G_A	0
OG10539_90_G_A	0
OG2938_1797_G_C	0
OG6927_807_C_T	0
OG3674_165_C_G	0
OG4785_11_A_G	0
OG4333_1359_A_G	0
OG6769_883_C_A	0
OG4629_988_A_C	0
OG10441_25_G_A	0
OG4382_516_C_T	0
OG2756_1332_T_C	0
OG3195_927_C_T	0
OG10948_162_A_G	0
OG6117_195_G_A	0
OG8703_603_G_A	0
OG1196_2614_C_A	0
OG6426_1512_T_C	0
OG10933_371_T_C	0
OG8620_252_C_T	0
OG8158_177_T_A	0
OG4623_976_A_G	0
OG10620_93_G_T	0
OG7554_765_T_C	0
OG1512_2703_A_G	0
OG3656_1443_G_A	0
OG3898_345_A_C	0
OG4668_207_T_C	0
OG8456_168_A_G	0
OG4869_1281_C_T	0
OG2092_714_A_G	0
OG6816_1198_G_A	0
OG7518_474_A_C	0
OG9585_298_G_A	0
OG10955_181_C_T	0
OG7261_189_G_A	0
OG1855_2843_A_G	0
OG7691_338_A_C	0
OG8347_606_C_T	0
OG9151_270_C_T	0
OG1221_1683_G_A	0
OG4094_669_A_G	0
OG5073_1180_C_T	0
OG718_554_C_G	0
OG8681_650_C_T	0
OG6170_486_A_G	0
OG7091_594_A_G	0
OG10543_201_C_T	0
OG1365_1986_A_G	0
OG3903_1083_A_G	0
OG6155_66_A_C	0
OG6149_342_C_T	0
OG7290_432_C_T	0
OG5092_1300_A_G	0
OG9046_291_C_T	0
OG5158_1323_G_A	0
OG3473_45_G_A	0
OG7525_279_G_A	0
OG5986_771_A_G	0
OG10183_294_C_T	0
OG2291_996_A_T	0
OG4576_1158_G_A	0
OG10627_264_G_A	0
OG2148_453_A_T	0
OG2700_2083_A_T	0
OG6972_513_C_T	0
OG9449_437_G_A	0
OG11284_379_C_T	0
OG1029_1071_C_T	0
OG3654_1710_T_C	0
OG428_3507_A_G	0
OG7259_810_T_A	0
OG10568_377_G_C	0
OG1872_92_T_C	0
OG4281_693_G_A	0
OG11121_105_C_T	0
OG10022_144_C_G	0
OG7959_183_A_G	0
OG5875_897_G_A	0
OG7793_666_C_T	0
OG6847_228_T_C	0
OG9041_579_A_G	0
OG9304_306_A_G	0
OG10312_141_C_A	0
OG6332_913_C_T	0
OG6708_396_T_A	0
OG8378_171_A_G	0
OG9067_452_A_G	0
OG1885_1479_C_T	0
OG9140_536_G_A	0
OG4444_1098_A_G	0
OG5516_383_C_T	0
OG6807_300_T_C	0
OG8616_459_C_T	0
OG9937_312_T_C	0
OG1311_4505_C_A	0
OG7427_788_T_C	0
OG1237_1833_G_A	0
OG2878_351_C_T	0
OG8581_183_G_C	0
OG10049_90_T_C	0
OG3623_1515_T_C	0
OG1975_237_A_G	0
OG7022_171_C_T	0
OG9638_195_A_G	0
OG2566_771_G_A	0
OG3514_129_A_G	0
OG4580_183_G_A	0
OG9797_165_A_T	0
OG8074_276_C_T	0
OG11265_198_T_C	0
OG3167_1213_C_T	0
OG4845_633_C_T	0
OG3113_1282_T_C	0
OG676_2325_T_C	0
OG9147_21_T_C	0
OG8929_707_T_A	0
OG3441_1251_T_C	0
OG3616_798_T_C	0
OG6912_468_G_A	0
OG10316_300_A_T	0
OG11351_451_C_T	0
OG7456_68_C_T	0
OG9501_651_A_G	0
OG10849_123_T_G	0
OG1407_1110_T_A	0
OG3277_912_G_A	0
OG4458_1362_T_C	0
OG6262_583_C_T	0
OG7565_1041_G_A	0
OG9484_62_C_T	0
OG4929_741_C_T	0
OG3694_759_T_C	0
OG5997_774_A_G	0
OG6050_1180_G_A	0
OG6556_936_G_A	0
OG7217_798_T_C	0
OG6120_624_C_T	0
OG10025_373_C_T	0
OG3146_1104_A_G	0
OG7788_357_C_T	0
OG9001_540_G_A	0
OG6501_211_G_A	0
OG6756_747_G_A	0
OG5341_255_C_T	0
OG8316_256_C_T	0
OG5318_135_C_T	0
OG8766_225_A_C	0
OG2189_2264_G_A	0
OG5482_687_T_C	0
OG5545_901_T_C	0
OG7519_382_C_T	0
OG10733_6_A_C	0
OG5090_1299_C_T	0
OG7692_339_T_A	0
OG11318_258_A_G	0
OG4381_543_C_T	0
OG1897_2340_A_G	0
OG6944_252_G_A	0
OG7000_486_C_T	0
OG8406_60_T_C	0
OG9857_317_C_A	0
OG4969_118_A_G	0
OG2563_63_A_G	0
OG10851_329_A_G	0
OG4937_915_G_A	0
OG10357_402_A_G	0
OG2469_1312_C_A	0
OG6777_948_C_G	0
OG8139_438_C_T	0
OG6454_33_A_C	0
OG1516_2019_G_A	0
OG7378_750_G_A	0
OG1735_2522_G_A	0
OG7842_36_T_A	0
OG5605_255_C_T	0
OG7376_951_A_G	0
OG2414_394_C_G	0
OG8759_7_C_T	0
OG11030_231_G_C	0
OG10173_553_A_G	0
OG10270_34_G_A	0
OG5622_822_A_G	0
OG1176_1410_A_G	0
OG2690_1746_A_T	0
OG6696_525_A_G	0
OG6715_1380_C_T	0
OG9364_96_G_A	0
OG6964_393_T_C	0
OG10228_144_A_G	0
OG5573_1119_A_G	0
OG5866_426_C_T	0
OG7738_69_T_A	0
OG5824_1272_A_T	0
OG6750_804_T_G	0
OG10551_171_C_T	0
OG2456_1641_C_T	0
OG2556_2067_G_A	0
OG9457_108_T_C	0
OG10753_138_G_C	0
OG9842_315_G_A	0
OG9900_183_C_T	0
OG1902_2184_T_A	0
OG2275_1059_G_A	0
OG2749_1320_T_C	0
OG3910_1674_C_T	0
OG4227_1167_T_C	0
OG7158_16_G_A	0
OG9530_177_C_T	0
OG9587_180_G_A	0
OG2198_1035_G_A	0
OG269_72_T_C	0
OG3392_580_G_A	0
OG5181_836_T_C	0
OG8093_222_A_T	0
OG9212_333_G_A	0
OG9306_74_G_A	0
OG9770_384_G_A	0
OG9936_366_C_T	0
OG10909_188_T_G	0
OG4209_1329_T_C	0
OG4230_741_G_A	0
OG4299_1404_C_A	0
OG5972_717_G_A	0
OG8839_439_C_T	0
OG10057_300_C_T	0
OG4573_783_G_A	0
OG6274_501_C_T	0
OG8422_147_T_A	0
OG8424_219_C_A	0
OG10300_285_G_A	0
OG10395_378_T_G	0
OG2000_1452_G_A	0
OG3210_1440_C_T	0
OG326_5745_A_G	0
OG10026_573_A_G	0
OG2783_492_C_T	0
OG4247_1566_G_A	0
OG4709_678_C_T	0
OG6025_487_C_T	0
OG10399_291_G_A	0
OG1603_1626_A_C	0
OG1765_906_C_G	0
OG3104_1401_G_A	0
OG5332_237_T_A	0
OG9293_615_G_A	0
OG10184_163_A_C	0
OG10454_264_C_T	0
OG10561_168_G_A	0
OG11055_61_A_T	0
OG1900_2259_G_A	0
OG1972_2016_C_T	0
OG2861_378_T_C	0
OG4057_1281_C_G	0
OG748_516_C_T	0
OG2179_873_T_C	0
OG4161_2294_A_G	0
OG8206_270_C_T	0
OG4047_273_C_A	0
OG686_552_T_C	0
OG10750_291_T_C	0
OG1388_153_A_G	0
OG4308_465_C_T	0
OG6893_240_C_T	0
OG7110_63_T_C	0
OG8454_249_C_A	0
OG9677_249_C_T	0
OG1695_1914_T_G	0
OG4401_765_G_A	0
OG6670_720_T_C	0
OG7663_83_A_G	0
OG4323_945_G_A	0
OG8549_114_A_T	0
OG10475_216_C_A	0
OG7136_1309_C_A	0
OG7382_582_G_A	0
OG2277_1830_T_C	0
OG7664_312_T_A	0
OG1244_1677_T_C	0
OG2683_300_G_A	0
OG6067_639_G_A	0
OG6444_468_A_C	0
OG4330_1455_C_T	0
OG4208_741_G_A	0
OG8188_102_A_T	0
OG8667_201_A_C	0
OG3019_1418_C_T	0
OG4853_411_G_A	0
OG7873_249_C_T	0
OG8850_30_T_C	0
OG4887_1416_A_G	0
OG6395_600_T_C	0
OG8312_483_G_A	0
OG7722_293_A_C	0
OG10141_159_T_C	0
OG1533_1344_T_A	0
OG3138_1149_C_T	0
OG4279_276_A_C	0
OG3528_1059_T_A	0
OG7049_147_G_A	0
OG1040_3312_A_G	0
OG8094_834_A_G	0
OG7911_774_C_T	0
OG8774_198_G_A	0
OG8930_489_C_A	0
OG5078_867_G_A	0
OG10029_576_C_T	0
OG7895_492_C_T	0
OG6787_1075_G_A	0
OG10008_489_T_C	0
OG5377_391_C_A	0
OG3105_1398_C_T	0
OG7317_207_C_T	0
OG8041_573_C_T	0
OG10537_25_A_G	0
OG7187_844_A_G	0
OG8243_19_C_T	0
OG10911_264_T_C	0
OG10418_215_A_G	0
OG3264_1692_C_T	0
OG2342_162_G_A	0
OG6486_174_C_T	0
OG10415_138_C_T	0
OG3350_769_C_T	0
OG3408_1618_G_A	0
OG9222_540_C_T	0
OG3667_1575_C_T	0
OG5283_765_T_C	0
OG2056_2200_T_G	0
OG5024_1438_A_G	0
OG9285_435_T_C	0
OG2648_1749_G_A	0
OG9390_549_G_A	0
OG10219_312_T_C	0
OG2343_472_T_G	0
OG1597_927_T_C	0
OG4111_1539_A_T	0
OG8718_312_T_C	0
OG7343_57_C_T	0
OG10144_70_A_G	0
OG2586_2004_C_T	0
OG1082_405_C_T	0
OG2425_954_C_T	0
OG9495_42_A_G	0
OG8707_324_T_A	0
OG10125_138_T_C	0
OG539_2667_C_T	0
OG8898_34_T_C	0
OG1982_2442_T_A	0
OG7716_657_G_C	0
OG9885_543_A_T	0
OG11323_302_C_A	0
OG8166_762_G_A	0
OG9845_255_C_T	0
OG2059_789_A_G	0
OG9942_402_C_T	0
OG10562_84_C_T	0
OG10974_180_T_C	0
OG3631_597_T_C	0
OG7988_282_C_T	0
OG9005_363_C_T	0
OG4588_1104_C_T	0
OG6135_1268_T_C	0
OG7624_546_C_T	0
OG8395_486_A_G	0
OG9884_327_T_A	0
OG5018_1260_T_C	0
OG5449_675_G_A	0
OG7764_390_G_A	0
OG8449_174_G_A	0
OG1471_759_G_A	0
OG3304_1330_T_C	0
OG9853_43_C_G	0
OG5043_729_A_G	0
OG6607_306_G_A	0
OG9788_285_T_C	0
OG5642_468_A_G	0
OG8450_405_T_G	0
OG9386_477_A_G	0
OG1842_1467_T_G	0
OG5628_1005_C_T	0
OG6755_930_G_A	0
OG9717_506_A_G	0
OG10361_384_C_T	0
OG10164_205_G_A	0
OG8606_36_A_T	0
OG9995_488_A_C	0
OG612_1155_G_A	0
OG8305_459_G_A	0
OG5542_430_A_G	0
OG10702_254_T_A	0
OG5458_815_G_A	0
OG10555_150_C_T	0
OG2691_1594_C_A	0
OG6825_276_T_A	0
OG1702_1881_A_G	0
OG6245_548_T_A	0
OG6322_770_G_A	0
OG6736_165_A_G	0
OG7595_663_G_A	0
OG4273_129_C_T	0
OG10387_608_C_T	0
OG7651_588_G_A	0
OG1386_258_C_T	0
OG2871_843_G_A	0
OG3533_906_T_C	0
OG8420_297_A_G	0
OG7861_13_T_C	0
OG8162_225_C_A	0
OG4497_1068_G_T	0
OG10337_351_A_T	0
OG3097_1818_A_T	0
OG6099_1026_C_T	0
OG7008_855_A_G	0
OG9563_213_T_C	0
OG9094_120_G_A	0
OG6441_858_T_C	0
OG10383_105_A_G	0
OG5164_135_C_T	0
OG3062_1673_G_A	0
OG5671_723_T_C	0
OG6123_1006_A_G	0
OG8194_237_G_A	0
OG2625_834_T_C	0
OG4049_1122_G_A	0
OG8904_165_C_T	0
OG10593_366_A_G	0
OG4041_558_C_T	0
OG4777_265_C_T	0
OG5600_1110_A_C	0
OG6722_576_C_T	0
OG7418_291_C_T	0
OG892_2586_G_A	0
OG9088_383_T_G	0
OG9201_225_A_T	0
OG1786_264_C_A	0
OG3581_1023_A_T	0
OG3718_150_T_C	0
OG4667_501_G_A	0
OG6543_537_A_T	0
OG7717_663_C_G	0
OG8873_450_G_A	0
OG1775_2387_C_G	0
OG5239_876_T_C	0
OG6065_41_T_A	0
OG6477_411_G_A	0
OG6979_549_T_C	0
OG10162_68_A_C	0
OG3266_855_T_C	0
OG5975_489_C_T	0
OG6996_576_G_A	0
OG7781_159_G_A	0
OG9291_54_G_A	0
OG9757_94_G_A	0
OG2702_396_G_A	0
OG4454_1155_C_T	0
OG5287_465_G_A	0
OG7282_250_G_A	0
OG8805_360_G_A	0
OG9793_468_T_G	0
OG10279_404_G_A	0
OG10610_234_T_C	0
OG1154_714_A_G	0
OG35_6741_T_C	0
OG3788_1572_A_G	0
OG3805_1776_G_A	0
OG6549_450_C_T	0
OG7297_401_T_C	0
OG7463_783_G_A	0
OG9034_225_A_T	0
OG9077_418_C_T	0
OG10217_132_C_T	0
OG4468_897_G_A	0
OG4646_236_G_A	0
OG5896_442_T_C	0
OG10220_367_A_T	0
OG10478_372_T_C	0
OG3796_1662_T_A	0
OG4659_222_C_A	0
OG5356_618_C_T	0
OG6220_337_A_G	0
OG6600_983_C_T	0
OG9002_225_T_A	0
OG9862_429_T_G	0
OG10460_360_G_A	0
OG10635_204_A_C	0
OG10818_168_T_C	0
OG6520_888_T_C	0
OG7253_51_T_C	0
OG7889_180_C_A	0
OG8465_82_C_G	0
OG8906_201_G_C	0
OG10045_165_C_T	0
OG10483_6_T_C	0
OG1944_288_T_C	0
OG2574_1863_G_A	0
OG4464_56_A_G	0
OG6860_414_C_T	0
OG7618_264_T_A	0
OG4058_101_C_T	0
OG5245_1170_C_T	0
OG7787_237_G_A	0
OG8160_633_T_C	0
OG10031_373_T_C	0
OG5285_984_G_A	0
OG5526_1401_A_G	0
OG7942_657_G_C	0
OG3814_627_A_G	0
OG3864_1274_T_C	0
OG4871_321_A_G	0
OG7714_877_A_T	0
OG10018_144_T_C	0
OG5577_1113_C_T	0
OG6679_183_A_G	0
OG791_3345_T_C	0
OG9821_387_T_G	0
OG1147_1227_G_A	0
OG1706_1725_G_T	0
OG10319_252_A_G	0
OG5901_399_T_C	0
OG9737_414_G_A	0
OG3559_327_C_T	0
OG7826_783_C_T	0
OG10448_156_A_T	0
OG9706_351_C_A	0
OG7635_825_G_T	0
OG2490_1803_T_A	0
OG4812_867_T_C	0
OG10044_555_G_A	0
OG10328_306_T_C	0
OG8254_116_A_C	0
OG9100_408_G_A	0
OG6152_609_G_T	0
OG10053_204_T_C	0
OG1063_1278_A_G	0
OG2426_2076_A_G	0
OG9143_369_A_G	0
OG2841_1194_T_A	0
OG3614_678_T_A	0
OG6723_303_A_G	0
OG9125_645_A_T	0
OG2303_42_A_C	0
OG5107_1370_T_C	0
OG6132_987_G_A	0
OG1255_2001_G_A	0
OG1334_2404_G_A	0
OG2233_252_G_A	0
OG5450_1104_G_T	0
OG3921_1670_C_T	0
OG7902_363_T_G	0
OG383_3745_C_G	0
OG5805_626_G_T	0
OG6634_348_G_A	0
OG6832_606_A_G	0
OG7984_516_A_T	0
OG8554_174_G_A	0
OG9510_216_C_T	0
OG1766_2328_G_T	0
OG3254_996_A_G	0
OG6951_795_G_A	0
OG9416_375_C_T	0
OG4614_1167_C_T	0
OG8416_48_G_T	0
OG9228_183_C_T	0
OG8556_19_A_G	0
OG4589_511_G_A	0
OG8934_69_C_G	0
OG5762_844_T_C	0
OG5636_300_A_C	0
OG9808_126_C_A	0
OG4515_132_G_A	0
OG5111_156_C_T	0
OG7405_144_C_T	0
OG8967_127_C_A	0
OG4014_1395_C_T	0
OG198_2880_T_G	0
OG9478_746_G_C	0
OG2857_915_C_A	0
OG795_234_G_A	0
OG4663_780_T_A	0
OG8426_360_A_T	0
OG9483_420_C_T	0
OG10149_341_A_T	0
OG7868_249_C_T	0
OG5331_1146_A_G	0
OG8885_426_T_C	0
OG10187_246_C_T	0
OG11075_183_G_A	0
OG7779_471_C_T	0
OG8180_534_C_T	0
OG9409_489_C_T	0
OG3076_1068_G_A	0
OG4004_873_A_G	0
OG4456_1395_T_C	0
OG9103_309_C_A	0
OG10774_114_C_T	0
OG4195_873_G_A	0
OG6700_195_C_T	0
OG9700_186_A_G	0
OG8652_108_C_T	0
OG9828_391_T_C	0
OG10345_394_C_T	0
OG3615_1713_T_C	0
OG8605_492_G_A	0
OG9354_90_A_G	0
OG2101_2680_A_G	0
OG8000_129_G_A	0
OG5374_609_C_T	0
OG1100_634_G_A	0
OG9276_201_G_A	0
OG8270_123_T_C	0
OG4128_618_C_T	0
OG8353_86_G_A	0
OG1813_1863_C_T	0
OG4922_1062_G_T	0
OG9623_405_C_T	0
OG11340_144_T_C	0
OG4815_1159_T_C	0
OG4911_657_C_T	0
OG8080_394_G_A	0
OG4627_1353_A_G	0
OG4997_948_T_C	0
OG6023_423_A_C	0
OG4630_237_G_A	0
OG10871_17_T_C	0
OG6452_34_A_T	0
OG8214_535_C_A	0
OG6826_483_T_C	0
OG8656_231_T_C	0
OG6072_1175_G_A	0
OG9634_39_C_A	0
OG5139_1200_T_C	0
OG6129_198_A_G	0
OG1044_2223_T_A	0
OG1712_2554_T_C	0
OG3798_1525_C_G	0
OG9989_555_T_A	0
OG9420_151_T_C	0
OG7475_450_C_T	0
OG10193_422_A_G	0
OG8591_62_T_C	0
OG6191_1155_A_T	0
OG10114_107_C_T	0
OG5085_669_A_T	0
OG9142_309_A_T	0
OG3491_354_T_A	0
OG3257_370_G_T	0
OG5280_498_C_T	0
OG10600_453_T_C	0
OG9166_124_A_C	0
OG10592_81_T_G	0
OG9714_420_T_C	0
OG10190_282_G_A	0
OG9073_519_T_C	0
OG6517_636_C_A	0
OG6082_948_A_G	0
OG11322_526_C_T	0
OG8199_890_A_G	0
OG9581_272_G_C	0
OG10239_363_C_T	0
OG9868_411_C_T	0
OG10696_6_T_C	0
OG1907_1845_T_C	0
OG3589_1543_T_C	0
OG5138_1256_T_C	0
OG6560_618_G_A	0
OG7437_825_C_T	0
OG7784_435_T_C	0
OG7038_169_C_A	0
OG9021_138_T_G	0
OG984_2247_G_A	0
OG10281_420_G_T	0
OG401_1626_C_T	0
OG8758_255_A_G	0
OG3800_1041_A_T	0
OG6666_356_G_A	0
OG7659_618_T_C	0
OG8950_216_C_T	0
OG9032_9_A_T	0
OG10394_193_G_A	0
OG4221_318_A_G	0
OG7944_32_A_G	0
OG3676_1089_G_C	0
OG6316_819_C_G	0
OG8936_505_A_G	0
OG9597_396_G_A	0
OG7675_252_C_T	0
OG5225_549_C_A	0
OG10131_328_C_T	0
OG6308_201_C_T	0
OG6829_129_T_C	0
OG11126_63_A_G	0
OG2197_1533_A_G	0
OG3710_648_A_G	0
OG986_2079_T_C	0
OG6404_926_A_C	0
OG1917_2355_G_C	0
OG3863_585_T_C	0
OG4089_1161_A_G	0
OG5188_342_T_C	0
OG8133_303_T_C	0
OG9102_189_T_C	0
OG5324_522_A_G	0
OG5895_859_C_T	0
OG7709_333_C_T	0
OG614_1056_A_T	0
OG10343_366_A_G	0
OG3807_414_C_G	0
OG5710_409_A_T	0
OG6621_181_A_G	0
OG10804_243_C_T	0
OG9295_459_T_C	0
OG6210_447_C_G	0
OG6511_234_T_C	0
OG6323_257_T_A	0
OG3658_1201_A_G	0
OG3480_1057_T_C	0
OG9498_222_G_C	0
OG4475_702_G_A	0
OG11246_176_T_C	0
OG11320_58_A_G	0
OG7129_627_C_T	0
OG9210_462_A_T	0
OG10487_376_A_G	0
OG7360_143_G_C	0
OG8655_78_C_T	0
OG4263_1185_T_C	0
OG5091_1026_C_T	0
OG1935_1593_G_A	0
OG7411_771_T_C	0
OG2286_627_T_C	0
OG3486_642_A_G	0
OG6110_780_G_T	0
OG9666_323_C_T	0
OG7587_297_G_A	0
OG2455_1191_T_A	0
OG5339_1277_C_T	0
OG7185_318_C_T	0
OG8636_105_C_A	0
OG9383_477_T_A	0
OG11190_442_C_A	0
OG5381_117_A_G	0
OG5314_1062_G_A	0
OG7825_237_T_G	0
OG10907_298_A_G	0
OG10255_216_C_T	0
OG3226_1131_T_C	0
OG8547_903_T_C	0
OG7114_637_A_G	0
OG6121_532_A_T	0
OG154_391_G_T	0
OG1056_543_A_T	0
OG5948_402_A_G	0
OG5523_117_G_A	0
OG9959_93_A_G	0
OG736_3021_A_G	0
OG5772_1069_A_C	0
OG7524_777_C_A	0
OG9461_469_C_A	0
OG5918_57_A_T	0
OG6939_549_A_G	0
OG10484_37_C_T	0
OG8577_213_C_T	0
OG7586_60_G_A	0
OG5384_453_T_G	0
OG10086_318_G_A	0
OG9163_38_T_A	0
OG3608_189_T_C	0
OG7977_696_G_A	0
OG3049_3049_G_A	0
OG2946_252_C_T	0
OG3970_1449_A_T	0
OG4294_255_C_T	0
OG7431_236_A_G	0
OG7866_462_A_T	0
OG8459_684_A_T	0
OG8815_163_C_T	0
OG1954_499_A_G	0
OG6303_51_A_C	0
OG9926_270_A_G	0
OG9107_534_A_G	0
OG9548_158_C_T	0
OG9616_188_T_A	0
OG2094_2736_A_C	0
OG4445_948_A_C	0
OG6216_561_C_T	0
OG7163_681_C_G	0
OG4892_429_C_G	0
OG5562_84_T_C	0
OG9570_558_A_T	0
OG1915_2178_C_T	0
OG6491_39_C_G	0
OG10245_390_C_T	0
OG4459_354_T_C	0
OG8226_237_C_G	0
OG8976_63_G_A	0
OG10159_339_T_C	0
OG2323_942_T_A	0
OG2042_558_C_T	0
OG7568_717_C_T	0
OG7512_492_G_A	0
OG3937_306_A_G	0
OG8853_710_G_A	0
OG9761_681_G_A	0
OG4644_770_G_C	0
OG8303_183_A_G	0
OG4536_408_A_T	0
OG4447_765_A_G	0
OG6331_456_G_T	0
OG9245_399_C_G	0
OG1204_1008_A_G	0
OG1833_1007_G_A	0
OG6373_705_T_C	0
OG1254_183_T_A	0
OG3773_915_A_G	0
OG9230_240_A_G	0
OG2516_57_T_C	0
OG5782_1116_T_C	0
OG6217_981_T_C	0
OG10745_57_C_T	0
OG2842_1335_G_A	0
OG7574_711_T_A	0
OG6853_819_T_C	0
OG7864_483_A_G	0
OG3582_1479_A_G	0
OG11218_2_T_C	0
OG9783_48_T_C	0
OG4296_1305_C_A	0
OG2070_1643_G_C	0
OG9013_232_T_G	0
OG7117_270_G_A	0
OG2915_1554_A_G	0
OG9745_483_C_T	0
OG8073_729_T_C	0
OG8043_348_T_A	0
OG3578_243_C_A	0
OG7552_304_G_A	0
OG6036_249_A_G	0
OG9605_445_C_T	0
OG5376_719_A_C	0
OG3042_1290_T_C	0
OG8710_360_T_C	0
OG9492_316_G_A	0
OG1194_1134_T_G	0
OG8858_348_A_T	0
OG10531_372_T_A	0
OG3374_70_T_C	0
OG8488_153_G_A	0
OG9743_27_C_T	0
OG8279_105_A_G	0
OG9427_408_A_T	0
OG7598_276_G_A	0
OG5127_699_G_T	0
OG2891_1639_A_C	0
OG7430_257_A_G	0
OG9718_244_A_G	0
OG9943_972_G_A	0
OG10563_135_T_C	0
OG5418_1308_T_G	0
OG7700_726_A_G	0
OG9452_42_A_G	0
OG3826_1065_T_C	0
OG5124_1062_G_C	0
OG4479_1170_G_A	0
OG8994_48_C_T	0
OG10072_306_T_C	0
OG5536_1046_A_C	0
OG3849_1240_G_A	0
OG10758_317_C_T	0
OG5800_192_G_A	0
OG7142_351_A_C	0
OG8018_303_T_C	0
OG9190_423_C_T	0
OG3213_600_C_T	0
OG6227_846_G_C	0
OG7775_573_A_T	0
OG9045_158_C_T	0
OG10517_291_G_A	0
OG5864_1122_C_T	0
OG6743_810_C_T	0
OG9328_186_T_C	0
OG9373_757_T_C	0
OG3981_213_G_C	0
OG6671_280_G_A	0
OG1958_237_A_G	0
OG7171_273_C_T	0
OG7067_687_C_T	0
OG5396_639_T_C	0
OG10846_85_T_C	0
OG1502_177_G_A	0
OG5904_274_C_T	0
OG10191_105_T_C	0
OG9264_160_T_C	0
OG5994_393_G_A	0
OG9859_228_A_G	0
OG9927_180_G_A	0
OG3985_1658_A_G	0
OG8719_662_C_T	0
OG8359_453_A_G	0
OG10687_312_G_A	0
OG9687_432_T_C	0
OG6180_234_C_T	0
OG10212_363_C_T	0
OG8932_177_C_T	0
OG1018_2611_A_G	0
OG8541_327_G_C	0
OG9238_117_T_C	0
OG9399_513_C_T	0
OG9194_184_T_C	0
OG9465_179_A_C	0
OG6864_624_G_A	0
OG9456_39_C_G	0
OG2338_377_G_C	0
OG9074_39_T_A	0
OG3763_483_G_A	0
OG7537_183_G_A	0
OG8103_621_G_A	0
OG2136_861_G_A	0
OG2570_723_G_A	0
OG10371_276_T_C	0
OG10512_264_T_C	0
OG10467_42_A_T	0
OG2954_561_T_G	0
OG5349_1033_T_G	0
OG3780_297_T_C	0
OG8009_414_C_T	0
OG8247_15_G_A	0
OG10214_213_T_G	0
OG4074_354_T_G	0
OG5243_270_G_T	0
OG5985_1188_G_A	0
OG6590_915_T_C	0
OG8037_295_T_C	0
OG9256_81_G_A	0
OG9802_207_C_T	0
OG3127_510_C_T	0
OG6288_81_G_A	0
OG9048_447_C_T	0
OG9511_381_C_T	0
OG10502_9_G_A	0
OG10580_19_C_T	0
OG11278_210_T_C	0
OG3605_441_C_T	0
OG4392_27_A_T	0
OG5832_978_C_A	0
OG6488_994_A_G	0
OG8511_668_A_T	0
OG9633_534_T_A	0
OG1070_3258_A_G	0
OG10831_514_A_G	0
OG3325_1323_C_T	0
OG5294_555_T_C	0
OG8229_120_G_A	0
OG8821_105_A_C	0
OG8848_293_C_T	0
OG9011_845_G_A	0
OG9576_171_C_T	0
OG10266_81_C_A	0
OG10619_140_A_T	0
OG10931_204_C_T	0
OG1602_1130_G_A	0
OG5174_717_C_A	0
OG7676_912_C_T	0
OG7932_369_T_C	0
OG9660_278_A_T	0
OG7755_156_A_T	0
OG8351_505_C_G	0
OG9531_207_G_C	0
OG9734_478_A_G	0
OG11342_969_A_G	0
OG2846_777_C_T	0
OG3317_1433_A_G	0
OG3939_1033_T_C	0
OG6367_593_A_T	0
OG8228_738_C_T	0
OG1060_957_A_G	0
OG5423_329_A_G	0
OG6843_435_G_A	0
OG8091_93_G_A	0
OG5276_1086_G_A	0
OG6138_435_T_C	0
OG3414_195_A_G	0
OG7677_436_T_C	0
OG6465_282_C_T	0
OG9411_424_C_G	0
OG3774_1590_T_C	0
OG5706_471_G_A	0
OG2526_399_C_T	0
OG6858_912_A_T	0
OG10721_39_C_T	0
OG6509_183_C_T	0
OG8455_78_G_C	0
OG6557_640_C_T	0
OG9774_15_C_T	0
OG9380_309_C_T	0
OG4844_804_A_T	0
OG6547_798_C_T	0
OG7634_736_T_A	0
OG10385_102_C_T	0
OG2721_1122_G_A	0
OG9096_357_G_C	0
OG10705_69_G_C	0
OG9040_32_T_C	0
OG4003_1071_G_C	0
OG281_3174_T_C	0
OG2553_1113_C_T	0
OG10615_9_C_T	0
OG10798_36_A_C	0
OG8523_144_T_C	0
OG4139_262_T_G	0
OG10252_6_G_A	0
OG10803_313_C_T	0
OG990_1122_A_G	0
OG1123_111_G_A	0
OG6370_567_C_T	0
OG8006_819_G_C	0
OG8824_81_A_G	0
OG8435_783_G_T	0
OG8641_291_G_A	0
OG10344_17_G_A	0
OG9239_106_C_T	0
OG5424_381_G_A	0
OG7652_405_A_G	0
OG1283_3123_A_G	0
OG8248_673_A_C	0
OG10902_498_C_A	0
OG1806_820_G_A	0
OG9488_285_T_C	0
OG3458_1239_A_G	0
OG3894_261_A_G	0
OG4702_1128_G_A	0
OG5668_999_T_C	0
OG5947_468_G_A	0
OG7258_862_T_C	0
OG10052_363_A_C	0
OG10534_203_G_A	0
OG10576_498_C_A	0
OG7671_813_A_G	0
OG7710_570_C_G	0
OG8027_496_T_C	0
OG8958_531_G_A	0
OG10925_110_C_A	0
OG10944_244_T_C	0
OG2125_260_A_G	0
OG2491_1110_T_C	0
OG6626_18_C_T	0
OG10453_90_C_T	0
OG2140_1773_C_T	0
OG6730_960_G_A	0
OG9722_198_C_T	0
OG8173_528_T_C	0
OG5550_99_C_T	0
OG6277_480_A_T	0
OG6614_60_C_T	0
OG4526_225_T_C	0
OG5453_591_T_G	0
OG2747_51_C_T	0
OG10671_108_A_C	0
OG11347_621_T_G	0
OG7643_189_C_T	0
OG10724_96_C_T	0
OG5145_9_C_T	0
OG10657_297_G_T	0
OG5055_97_T_C	0
OG10658_183_A_T	0
OG8284_417_C_T	0
OG2347_1971_C_T	0
OG8306_255_G_A	0
OG6505_753_C_G	0
OG6963_948_C_G	0
OG9274_476_G_C	0
OG8208_12_G_A	0
OG6250_1176_A_G	0
OG3677_572_C_T	0
OG5062_414_G_A	0
OG8447_399_T_C	0
OG9962_177_A_T	0
OG3645_987_G_A	0
OG10697_198_C_T	0
OG11039_237_C_T	0
OG7531_66_T_C	0
OG8566_124_A_G	0
OG8864_39_T_G	0
OG10285_87_T_A	0
OG10624_20_G_A	0
OG4113_1053_T_C	0
OG6004_631_G_A	0
OG6360_312_T_C	0
OG7558_153_A_G	0
OG7727_413_G_A	0
OG8533_417_T_C	0
OG1846_1044_A_C	0
OG9630_301_G_C	0
OG8504_237_T_C	0
OG3949_279_A_G	0
OG10822_822_G_T	0
OG5843_261_C_T	0
OG9571_462_T_C	0
OG9866_162_A_G	0
OG4886_927_C_A	0
OG3417_655_C_T	0
OG8890_345_G_C	0
OG3964_702_C_T	0
OG9203_370_G_A	0
OG6667_180_A_C	0
OG10368_405_C_T	0
OG9165_153_G_A	0
OG5372_111_A_G	0
OG7593_663_C_T	0
OG9490_179_A_C	0
OG9780_192_G_C	0
OG7237_1059_A_T	0
OG9029_163_C_G	0
OG7890_489_C_T	0
OG1274_4110_T_C	0
OG10827_469_A_G	0
OG9567_160_T_C	0
OG10675_181_A_C	0
OG11145_58_G_A	0
OG3444_804_T_C	0
OG5498_1246_A_G	0
OG8048_856_G_A	0
OG7611_216_C_T	0
OG6742_955_C_T	0
OG10349_297_A_T	0
OG9112_564_G_A	0
OG5641_453_T_G	0
OG8799_243_C_T	0
OG9217_282_C_A	0
OG10259_117_C_T	0
OG2145_570_C_T	0
OG6280_1250_G_A	0
OG10773_262_G_A	0
OG4957_367_G_A	0
OG8072_45_G_A	0
OG10645_234_C_T	0
OG6446_374_G_A	0
OG7417_132_A_T	0
OG7526_452_A_C	0
OG9736_447_G_A	0
OG3502_247_G_A	0
OG799_705_T_C	0
OG10746_297_C_T	0
OG7735_132_T_C	0
OG11070_291_C_T	0
OG1051_821_G_A	0
OG8310_241_C_A	0
OG3577_982_G_T	0
OG3228_1089_C_T	0
OG3943_1393_C_T	0
OG6899_24_T_C	0
OG5912_399_A_T	0
OG6873_333_C_T	0
OG7536_546_C_T	0
OG6697_576_G_A	0
OG7168_678_T_C	0
OG5811_900_G_A	0
OG9996_449_G_A	0
OG10801_96_C_T	0
OG2572_270_T_A	0
OG8779_315_G_C	0
OG7078_741_G_A	0
OG7581_279_C_T	0
OG2464_1893_A_C	0
OG2487_2151_A_G	0
OG7335_513_T_C	0
OG1832_252_T_C	0
OG10307_504_C_T	0
OG4477_534_T_C	0
OG6285_433_C_G	0
OG8289_695_C_T	0
OG10490_117_G_A	0
OG2668_582_T_C	0
OG2090_1383_T_C	0
OG4509_453_T_C	0
OG10782_255_A_T	0
OG1272_1727_C_A	0
OG1856_1920_C_T	0
OG4551_1293_C_T	0
OG6341_198_T_C	0
OG6729_282_A_T	0
OG7937_216_G_A	0
OG9209_464_T_G	0
OG9262_285_C_T	0
OG1532_2739_A_C	0
OG5075_1308_G_A	0
OG5082_9_C_A	0
OG5575_240_T_C	0
OG6772_523_T_C	0
OG8648_1378_T_G	0
OG907_2289_G_T	0
OG9551_543_T_C	0
OG103_9478_C_T	0
OG4119_837_A_G	0
OG4371_1260_A_G	0
OG9020_928_T_C	0
OG9696_156_C_T	0
OG1104_3871_C_T	0
OG1229_509_G_A	0
OG3315_1313_G_C	0
OG3832_543_C_T	0
OG5831_507_A_T	0
OG5899_852_A_G	0
OG7991_423_T_G	0
OG8191_700_C_T	0
OG3141_911_C_T	0
OG7544_810_A_G	0
OG8384_210_C_T	0
OG8678_225_A_G	0
OG9588_297_G_A	0
OG10646_134_A_G	0
OG1623_1536_A_C	0
OG4379_735_T_A	0
OG7332_582_A_G	0
OG7484_632_G_A	0
OG1981_1515_T_C	0
OG9822_303_T_A	0
OG3791_1431_G_A	0
OG4042_1456_C_T	0
OG6733_540_C_G	0
OG7420_375_G_A	0
OG8977_142_T_C	0
OG9658_459_T_C	0
OG5389_848_C_G	0
OG6279_268_C_T	0
OG8519_157_C_G	0
OG7638_183_T_C	0
OG7036_765_G_C	0
OG873_3791_C_T	0
OG7906_288_G_A	0
OG3837_1314_T_G	0
OG1201_63_C_T	0
OG335_6515_C_T	0
OG5098_702_T_G	0
OG1659_161_T_G	0
OG4572_717_A_T	0
OG5915_732_C_T	0
OG7900_363_T_C	0
OG2117_1384_G_A	0
OG8629_105_C_T	0
OG9152_54_A_T	0
OG10295_234_A_C	0
OG11056_157_C_T	0
OG4930_564_G_A	0
OG6040_475_A_G	0
OG10926_289_T_A	0
OG4367_228_C_T	0
OG5968_1095_G_A	0
OG8522_795_C_T	0
OG10002_553_C_T	0
OG389_3436_G_T	0
OG5470_489_G_A	0
OG6222_1080_C_T	0
OG8063_633_T_C	0
OG8867_486_T_C	0
OG9708_81_A_G	0
OG1396_1534_A_G	0
OG3886_533_T_C	0
OG8161_267_C_T	0
OG8283_486_A_T	0
OG9721_594_A_G	0
OG9803_513_C_T	0
OG8473_750_T_C	0
OG5415_891_G_A	0
OG604_1256_A_G	0
OG6592_919_G_C	0
OG1120_324_G_A	0
OG3529_1266_T_C	0
OG10251_25_A_T	0
OG8200_387_A_G	0
OG8706_351_T_C	0
OG10118_350_A_T	0
OG3357_581_A_T	0
OG5980_526_G_A	0
OG10215_78_C_A	0
OG8417_189_T_C	0
OG9776_411_T_C	0
OG9158_22_G_A	0
OG10470_267_T_C	0
OG8299_141_G_A	0
OG8017_588_A_T	0
OG2165_39_T_C	0
OG9219_204_G_T	0
OG6905_912_G_A	0
OG9960_348_A_T	0
OG9554_205_G_A	0
OG8064_315_C_G	0
OG4867_1029_G_T	0
OG8959_513_G_A	0
OG1464_1113_A_T	0
OG913_1286_C_T	0
OG10863_43_G_T	0
OG616_2318_G_A	0
OG8117_350_T_C	0
OG9470_153_G_A	0
OG10030_225_G_A	0
OG7249_84_G_A	0
OG9314_267_C_A	0
OG2815_555_G_A	0
OG8049_597_G_T	0
OG1583_1203_C_T	0
OG4875_1287_C_A	0
OG7815_276_A_G	0
OG9401_468_A_G	0
OG763_108_A_G	0
OG7828_254_A_C	0
OG9381_468_A_G	0
OG10380_534_G_A	0
OG6409_726_T_A	0
OG2160_924_A_G	0
OG7673_549_T_C	0
OG9898_186_T_A	0
OG10634_67_G_A	0
OG4896_1221_G_A	0
OG6748_36_T_A	0
OG9916_186_G_C	0
OG2621_35_G_T	0
OG8611_144_A_T	0
OG2970_126_T_C	0
OG10388_72_C_T	0
OG9176_598_G_A	0
OG5490_771_T_A	0
OG9208_456_A_C	0
OG11118_255_A_T	0
OG8099_175_T_G	0
OG8145_231_A_T	0
OG2363_1850_A_T	0
OG4240_920_C_T	0
OG9860_237_G_A	0
OG3028_273_G_A	0
OG10837_522_A_T	0
OG9031_551_C_T	0
OG4670_630_A_T	0
OG6019_1050_G_A	0
OG9661_9_T_C	0
OG2771_1209_G_T	0
OG9689_171_A_G	0
OG7785_82_G_A	0
OG9747_351_G_A	0
OG4803_318_G_A	0
OG10351_114_T_A	0
OG8337_13_G_A	0
OG6663_715_C_A	0
OG3330_614_G_T	0
OG10988_25_T_C	0
OG4316_1365_A_G	0
OG9820_656_A_G	0
OG11350_465_A_T	0
OG8024_768_G_A	0
OG8167_690_A_G	0
OG6252_105_G_A	0
OG9062_438_C_G	0
OG7514_534_G_A	0
OG7494_507_T_C	0
OG9435_141_G_A	0
OG10462_38_G_A	0
OG5914_774_A_C	0
OG6422_546_A_G	0
OG8277_600_G_A	0
OG5941_957_A_T	0
OG8374_651_A_C	0
OG5257_171_C_T	0
OG8494_258_C_A	0
OG10741_63_G_A	0
OG3571_1022_G_A	0
OG7478_878_G_A	0
OG9912_201_G_C	0
OG7257_354_T_C	0
OG8169_597_A_G	0
OG5216_1259_A_G	0
OG10419_201_C_A	0
OG5822_657_T_C	0
OG9297_423_T_C	0
OG5474_44_C_T	0
OG6801_963_G_C	0
OG10459_120_T_C	0
OG10642_198_A_G	0
OG3919_924_G_A	0
OG1236_2799_G_C	0
OG10494_111_G_A	0
OG10787_267_C_A	0
OG7178_642_G_A	0
OG11292_300_G_A	0
OG1679_1494_G_A	0
OG8924_324_G_A	0
OG9178_498_A_G	0
OG10172_260_C_G	0
OG10231_279_A_G	0
OG10260_324_G_C	0
OG6225_336_T_C	0
OG3262_701_A_G	0
OG3711_1566_C_T	0
OG7602_675_G_A	0
OG10703_210_T_C	0
OG6450_483_A_G	0
OG1310_2187_C_A	0
OG10085_72_C_T	0
OG9193_99_A_G	0
OG5686_828_A_G	0
OG1361_57_A_T	0
OG8029_495_A_G	0
OG2980_1808_A_G	0
OG10195_228_G_A	0
OG4735_469_C_T	0
OG10599_231_C_T	0
OG2689_85_G_A	0
OG4470_1005_C_T	0
OG8590_387_G_A	0
OG9105_288_T_C	0
OG9388_365_A_G	0
OG8295_729_C_T	0
OG10286_1248_T_C	0
OG741_2382_G_A	0
OG10126_219_T_C	0
OG5465_652_C_T	0
OG10327_414_A_T	0
OG8460_397_A_G	0
OG8562_309_A_G	0
OG6548_589_C_T	0
OG4723_228_C_T	0
OG3102_1816_A_G	0
OG4015_1764_A_G	0
OG2555_303_A_G	0
OG3053_51_A_G	0
OG8979_450_C_G	0
OG5535_357_T_C	0
OG10709_159_T_C	0
OG10421_21_T_G	0
OG2097_1748_A_T	0
OG9873_183_C_T	0
OG8700_129_A_G	0
OG6392_669_T_G	0
OG5687_336_A_T	0
OG8820_519_C_A	0
OG1645_973_C_G	0
OG10097_324_C_T	0
OG10832_250_A_G	0
OG9763_108_A_G	0
OG3874_1000_G_A	0
OG402_1890_C_T	0
OG6512_685_C_T	0
OG7964_321_A_G	0
OG8671_28_T_C	0
OG10530_1887_A_G	0
OG10714_597_A_G	0
OG10868_78_C_G	0
OG9499_360_G_A	0
OG11110_362_T_C	0
OG8727_495_T_A	0
OG9984_39_A_T	0
OG5169_552_A_T	0
OG7434_1197_C_T	0
OG5096_789_A_G	0
OG9843_502_C_G	0
OG809_863_A_G	0
OG6418_180_C_T	0
OG8352_460_T_A	0
OG9261_204_G_A	0
OG9655_483_G_A	0
OG2236_1869_T_C	0
OG7680_837_G_T	0
OG8474_630_G_A	0
OG8796_270_G_A	0
OG10362_357_A_T	0
OG8386_357_C_T	0
OG8550_746_C_T	0
OG10625_138_T_C	0
OG5676_1056_C_G	0
OG7279_881_T_C	0
OG8387_174_C_T	0
OG8028_111_C_A	0
OG10358_252_C_T	0
OG1882_1859_C_T	0
OG8484_777_A_C	0
OG2021_851_C_G	0
OG6299_489_C_T	0
OG9308_89_A_T	0
OG6481_670_C_A	0
OG10684_220_C_T	0
OG7896_54_A_G	0
OG5582_712_A_T	0
OG7326_663_C_A	0
OG8933_130_A_C	0
OG10679_340_C_A	0
OG2331_246_G_A	0
OG5351_1629_A_T	0
OG5938_304_A_C	0
OG9892_447_C_T	0
OG1129_246_T_C	0
OG6814_603_T_C	0
OG10253_24_A_G	0
OG9971_363_A_T	0
OG10386_246_A_G	0
OG10936_212_G_A	0
OG5920_149_G_A	0
OG8935_151_G_A	0
OG9988_360_T_A	0
OG5268_289_C_G	0
OG6603_856_G_T	0
OG10924_258_G_T	0
OG6915_315_A_G	0
OG9183_486_C_A	0
OG10662_12_T_C	0
OG520_1052_A_C	0
OG8005_96_T_C	0
OG6656_146_A_G	0
OG5793_471_T_C	0
OG1117_2164_G_A	0
OG2895_1557_C_T	0
OG9961_354_A_T	0
OG11306_258_T_C	0
OG10734_121_A_G	0
OG5680_627_A_T	0
OG4085_255_A_G	0
OG9275_504_G_A	0
OG3340_40_T_A	0
OG3436_1278_A_C	0
OG10147_48_G_A	0
OG1794_1938_T_C	0
OG6240_881_A_T	0
OG5522_797_C_G	0
OG7206_456_T_C	0
OG8034_618_A_C	0
OG6799_321_A_G	0
OG10274_118_G_A	0
OG7245_150_C_G	0
OG6646_144_T_A	0
OG10496_150_A_T	0
OG9729_111_C_T	0
OG8769_798_T_C	0
OG7455_57_G_T	0
OG10116_301_C_T	0
OG8478_618_C_T	0
OG3449_93_A_C	0
OG11300_25_T_A	0
OG1601_468_T_C	0
OG4555_927_C_T	0
OG2324_1614_T_C	0
OG5493_588_T_C	0
OG6173_348_G_A	0
OG9153_323_C_T	0
OG9622_70_G_A	0
OG7858_708_C_T	0
OG8075_153_A_T	0
OG4204_253_T_A	0
OG5869_243_A_T	0
OG10848_389_C_T	0
OG11315_556_G_A	0
OG7886_60_A_G	0
OG11331_8_C_T	0
OG4662_991_C_T	0
OG6886_1178_C_T	0
OG8089_366_G_A	0
OG10514_279_G_A	0
OG2859_366_C_T	0
OG8256_35_C_G	0
OG7138_909_T_A	0
OG6790_48_G_A	0
OG3050_1432_G_A	0
OG2873_787_T_C	0
OG5657_33_G_A	0
OG3437_30_C_T	0
OG7398_225_C_T	0
OG4044_1734_A_G	0
OG10339_204_T_G	0
OG9644_72_T_G	0
OG9657_306_G_A	0
OG10225_321_C_T	0
OG9299_123_A_G	0
OG1346_3755_A_G	0
OG10740_213_T_G	0
OG6338_497_C_G	0
OG8380_27_A_T	0
OG10094_306_A_T	0
OG8222_608_G_T	0
OG10247_38_G_A	0
OG4953_282_T_A	0
OG7497_696_G_A	0
OG451_1939_T_C	0
OG797_383_A_C	0
OG3999_1330_G_A	0
OG9934_297_C_T	0
OG4249_1155_G_A	0
OG5561_95_C_A	0
OG5674_1263_C_T	0
OG8150_603_T_C	0
OG8705_544_G_T	0
OG2221_1755_G_A	0
OG10890_55_G_A	0
OG7027_783_G_A	0
OG7074_384_G_C	0
OG11309_288_A_C	0
OG7426_547_G_A	0
OG9463_291_A_G	0
OG5464_858_C_T	0
OG4369_109_G_C	0
OG11319_622_G_A	0
OG10096_66_C_T	0
OG10303_66_C_G	0
OG2850_147_T_C	0
OG5049_615_G_A	0
OG6077_870_T_C	0
OG4618_1417_G_A	0
OG2577_1065_G_T	0
OG10778_281_C_T	0
OG10188_512_A_G	0
OG10674_75_T_A	0
OG1830_33_G_A	0
OG11293_88_T_G	0
OG7669_935_T_A	0
OG8125_263_C_T	0
OG9019_33_G_A	0
OG10585_38_A_G	0
OG10292_159_T_A	0
OG9211_228_T_A	0
OG4198_1469_G_T	0
OG9609_333_G_A	0
OG2369_2822_A_G	0
OG9448_84_A_T	0
OG8609_792_A_T	0
OG4791_891_A_G	0
OG10198_24_C_A	0
OG2568_1707_C_T	0
OG6977_354_C_T	0
OG9556_57_G_A	0
OG10291_394_A_T	0
OG10409_255_G_A	0
OG4498_1600_T_A	0
OG8587_126_C_T	0
OG8729_398_T_G	0
OG10802_176_C_T	0
OG11282_424_T_C	0
OG978_1038_C_T	0
OG6348_435_T_G	0
OG10452_41_C_T	0
OG10650_279_G_A	0
OG8682_257_G_A	0
OG9967_66_A_G	0
OG11144_738_T_G	0
OG7771_512_G_T	0
OG7340_588_A_T	0
OG6237_557_C_T	0
OG10377_41_C_G	0
OG10265_69_A_G	0
OG7160_420_G_A	0
OG584_628_C_T	0
OG573_3774_T_A	0
OG4910_1074_T_C	0
OG4143_1041_A_G	0
OG7786_717_C_T	0
OG10132_415_T_G	0
OG10206_530_G_A	0
OG1805_1003_G_T	0
OG10558_125_A_T	0
OG2057_1432_A_G	0
OG11071_191_T_G	0
OG10170_190_C_T	0
OG7212_15_C_T	0
OG7415_27_G_A	0
OG10428_309_C_T	0
OG9863_443_C_T	0
OG10525_72_G_T	0
OG6020_966_A_G	0
OG5565_929_A_G	0
OG11268_132_C_A	0
OG3870_1406_G_T	0
OG1508_2628_T_G	0
OG7274_67_C_G	0
OG9227_550_T_C	0
OG7383_256_T_G	0
OG8491_253_C_A	0
OG9372_554_T_A	0
OG10564_242_T_G	0
OG4729_505_T_A	0
OG8842_72_T_C	0
OG5540_1113_A_T	0
OG10356_421_C_T	0
OG2186_625_C_T	0
OG9555_196_A_T	0
OG8106_699_A_G	0
OG9400_375_A_G	0
OG10256_174_C_T	0
OG9205_709_A_G	0
OG8708_669_C_A	0
OG10836_181_T_G	0
OG10115_538_T_A	0
OG5334_425_T_A	0
OG8086_612_G_A	0
OG10023_268_A_G	0
OG10035_237_T_C	0
OG10155_152_A_G	0
OG11133_290_A_G	0
OG8965_311_A_T	0
OG3741_1344_A_G	0
OG9641_247_C_A	0
OG5911_899_C_G	0
OG8913_216_G_A	0
OG8170_372_G_C	0
OG9542_456_C_T	0
OG10565_42_T_G	0
OG9170_303_T_C	0
OG10571_304_T_G	0
OG7337_687_A_G	0
OG5489_921_G_A	0
OG5179_811_T_C	0
OG10158_246_G_A	0
OG9711_243_T_C	0
OG10857_252_T_A	0
OG9241_240_G_A	0
OG8190_420_C_T	0
OG6608_963_A_T	0
OG6492_390_C_T	0
